date,strategy,benchmark
2011-06-01,1000000.0,1000871.8811176602
2011-06-02,987000.8872,984724.2563523719
2011-06-03,996496.8872,994933.6277584027
2011-06-07,1001873.8872,1000901.5324051926
2011-06-08,1004880.8872,1002364.1071497583
2011-06-09,995621.3272,983452.915754362
2011-06-10,997709.6072,986798.8469980235
2011-06-13,989454.2472,982939.5153713606
2011-06-14,996923.9472,997335.7152090447
2011-06-15,989872.3072,987194.3085519642
2011-06-16,972693.3272,972021.8446698976
2011-06-17,969291.6072,963552.5707333128
2011-06-20,960772.2672,957801.8867547363
2011-06-21,966560.8272,969188.314327635
2011-06-22,964776.4172,969024.7325054067
2011-06-23,975341.3472,985365.2572199217
2011-06-24,994774.7972,1008633.5220798808
2011-06-27,993931.3972,1011638.9632577231
2011-06-28,990434.2572,1013385.7239378506
2011-06-29,984532.1672,999537.906339245
2011-06-30,992176.0772,1014170.3169955845
2011-07-01,994757.2672,1016054.6729762825
2011-07-04,1009413.0805,1040120.5241548046
2011-07-05,1008232.9005,1040293.7676325208
2011-07-06,1003834.1805,1037365.9528591166
2011-07-07,1001145.8505,1033357.3653131905
2011-07-08,1004742.9405,1035857.068800315
2011-07-11,1004180.4605,1037197.3736288773
2011-07-12,992702.3405,1018440.1024002212
2011-07-13,1003658.1005,1034878.9094722864
2011-07-14,1006963.0905,1038043.2682248801
2011-07-15,1012536.8805,1042422.3302846918
2011-07-18,1008271.8805,1040327.0836859276
2011-07-19,1000571.5105,1031173.4980123637
2011-07-20,997789.8405,1029988.112832144
2011-07-21,992855.7005,1019184.3830333329
2011-07-22,993030.9605,1022131.5211177131
2011-07-25,968218.2705,988916.748513104
2011-07-26,971899.0805,992074.1108944821
2011-07-27,972904.0805,999498.9265567586
2011-07-28,964681.3305,993152.2183827314
2011-07-29,968116.3005,990179.4269372278
2011-08-01,965445.7805,992059.1186704488
2011-08-02,953651.1639,984950.1391944702
2011-08-03,952023.9839,984446.0673064229
2011-08-04,950950.2239,986258.1274512277
2011-08-05,927609.1439,965304.9951425185
2011-08-08,892257.0639,930816.2166556272
2011-08-09,888083.0839,932246.4748283882
2011-08-10,895171.5639,940885.3274768145
2011-08-11,904151.2439,955145.9309771323
2011-08-12,911366.8839,957958.1390452142
2011-08-15,920240.9039,972123.4586327882
2011-08-16,914466.5839,965359.6334701059
2011-08-17,912547.6639,961505.632411988
2011-08-18,899467.4839,944261.5763290763
2011-08-19,889737.6839,935402.8377281642
2011-08-22,885753.5439,925449.0004517647
2011-08-23,898752.2039,939846.8660921194
2011-08-24,893297.4839,936186.4313042959
2011-08-25,918031.9239,967443.8857712457
2011-08-26,914410.9639,966570.6720114491
2011-08-29,901294.6839,950443.370038739
2011-08-30,900274.4639,946755.6160871218
2011-08-31,901538.6439,948433.4125366966
2011-09-01,898749.3839,944355.1944391499
2011-09-02,890326.0207,934133.4960933586
2011-09-05,876463.1007,914131.5371094183
2011-09-06,869121.3207,907297.0819135132
2011-09-07,879005.8607,925883.1086276575
2011-09-08,877437.8807,918225.4137520663
2011-09-09,879320.6607,916556.2794763772
2011-09-13,872616.6807,906290.9371006227
2011-09-14,873243.5007,910563.7209500661
2011-09-15,874416.6607,909212.0886633453
2011-09-16,873821.3007,910856.5690595133
2011-09-19,862029.8607,892627.0241168236
2011-09-20,863984.4207,896150.1967646102
2011-09-21,878992.8007,923191.5046729085
2011-09-22,859274.7807,894765.2484244828
2011-09-23,853109.5007,889364.7161672136
2011-09-26,842816.1407,869855.1684526282
2011-09-27,847586.0007,878837.1764511463
2011-09-28,842620.4007,869745.5586369194
2011-09-29,835645.6207,862281.0968710886
2011-09-30,832570.1807,860004.2777812566
2011-10-10,830194.7807,851918.8047799199
2011-10-11,835692.0558,850223.6839825736
2011-10-12,853764.6958,881128.9877650116
2011-10-13,859052.8158,887073.5711744168
2011-10-14,855880.3958,884135.4284244565
2011-10-17,856450.8558,888522.8194976196
2011-10-18,845275.5958,863621.734860185
2011-10-19,844863.8158,860580.6455051972
2011-10-20,830484.0958,839741.7872596739
2011-10-21,827757.4358,835525.6407010223
2011-10-24,842581.8358,858444.4201607424
2011-10-25,853792.2958,874687.9951598431
2011-10-26,859592.8158,883425.796486888
2011-10-27,864738.5758,885366.7897583779
2011-10-28,872047.5958,902537.5505237941
2011-10-31,868756.6358,897969.919601699
2011-11-01,869141.3958,898711.8681110723
2011-11-02,878701.3822,913656.1170273009
2011-11-03,879666.3822,914292.7868079081
2011-11-04,886354.1422,920771.0933928927
2011-11-07,883418.4622,911609.8450270452
2011-11-08,885691.1222,908765.3203871584
2011-11-09,888887.6822,916742.5162149224
2011-11-10,877815.4422,899396.1798480514
2011-11-11,878433.7222,897868.305638808
2011-11-14,889960.1022,916256.4349957148
2011-11-15,889899.1822,914419.0546503206
2011-11-16,870361.0822,889577.2725879502
2011-11-17,870576.5022,886879.00542252
2011-11-18,858351.3622,868381.2662499042
2011-11-21,858991.4822,869444.7146746545
2011-11-22,857660.9622,869374.0846414317
2011-11-23,855550.2822,860890.484801882
2011-11-24,856123.9422,862524.3040609595
2011-11-25,851794.4822,856213.5772246119
2011-11-28,855252.9822,857328.998692677
2011-11-29,861598.3222,869072.2411975644
2011-11-30,842381.8622,840070.9498673344
2011-12-01,855208.0022,860757.8869093219
2011-12-02,846814.483,851995.0985422218
2011-12-05,843362.703,840025.9731952352
2011-12-06,839704.203,838345.5114613877
2011-12-07,841647.843,842305.7907298738
2011-12-08,840453.503,841230.681686431
2011-12-09,834654.983,834054.4037825704
2011-12-12,829291.263,825469.1899801292
2011-12-13,819302.843,806890.8259582686
2011-12-14,813782.563,798745.7172213335
2011-12-15,800546.503,779858.1802238561
2011-12-16,811535.883,796296.6541353873
2011-12-19,807271.703,794390.6427199747
2011-12-20,806056.323,791946.9102025736
2011-12-21,801847.843,779298.470526619
2011-12-22,798795.283,780040.4190359921
2011-12-23,802563.543,785978.6723952497
2011-12-26,799143.063,778163.7257475777
2011-12-27,790731.783,767946.6916492634
2011-12-28,792717.803,768910.5250743268
2011-12-29,793999.683,770054.2651877878
2011-12-30,801330.063,781508.6575096371
2012-01-04,793317.643,765853.7771742376
2012-01-05,797147.057,758401.6423481675
2012-01-06,803679.217,763137.8525005017
2012-01-09,818527.897,789114.0461813791
2012-01-10,832155.917,815360.0998948531
2012-01-11,825850.657,811448.4620643412
2012-01-12,827710.177,811318.862616588
2012-01-13,823578.817,797697.5941811498
2012-01-16,820475.277,781477.6735799683
2012-01-17,843737.477,819775.1432923443
2012-01-18,835030.337,806977.7808576603
2012-01-19,845570.917,822356.8042708501
2012-01-20,853467.277,834262.6291163635
2012-01-30,836871.677,819814.7893958986
2012-01-31,839139.937,820994.1776865054
2012-02-01,829545.297,809244.9382920048
2012-02-02,843888.7698,828316.3799042884
2012-02-03,847578.8898,834930.2828266394
2012-02-06,846467.1098,834341.2550024042
2012-02-07,833706.9298,818893.2673586621
2012-02-08,849951.5698,842308.456014146
2012-02-09,848395.0298,842639.9507455453
2012-02-10,845499.3698,844103.5249717133
2012-02-13,842877.3898,843556.1422142369
2012-02-14,838935.6898,840266.515100833
2012-02-15,841971.4498,849428.4297877488
2012-02-16,838991.1898,844919.7682801841
2012-02-17,840746.1298,845256.9267406624
2012-02-20,841911.6698,846462.9678739946
2012-02-21,844303.2898,853708.2100084076
2012-02-22,845710.6898,865376.4913931295
2012-02-23,848232.5498,868301.640882261
2012-02-24,856065.0298,882214.7579455443
2012-02-27,857780.9698,885065.2794750443
2012-02-28,865539.9498,887027.5950207147
2012-02-29,860731.8698,877592.4886958618
2012-03-01,860610.6098,877326.6265896742
2012-03-02,866775.5998,892848.2427114459
2012-03-05,858033.9398,887105.8877462212
2012-03-06,848633.1798,873231.0841443561
2012-03-07,843979.9598,867218.5359860009
2012-03-08,847642.9398,878141.537256009
2012-03-09,850938.7598,887640.2772428691
2012-03-12,846666.9598,884341.9879555795
2012-03-13,852367.1598,893227.7125597515
2012-03-14,839253.8998,867918.5062680815
2012-03-15,832489.5198,861401.8862216788
2012-03-16,838032.6598,874053.3243424401
2012-03-19,836126.4398,876216.5356901544
2012-03-20,828534.2798,861035.0764736682
2012-03-21,827523.7398,862150.4979417333
2012-03-22,828179.9398,860802.5304208874
2012-03-23,824514.6398,850538.8538478033
2012-03-26,825980.2198,851372.4215040457
2012-03-27,826493.8798,848607.5222318015
2012-03-28,811164.3598,824539.0057690069
2012-03-29,803608.0198,813951.8303173411
2012-03-30,810424.5798,817875.4619270795
2012-04-05,813068.2198,837176.4511473372
2012-04-06,812858.2648,839507.9085647567
2012-04-09,804896.2448,831284.1739417813
2012-04-10,810760.4648,839493.9158223257
2012-04-11,809325.6848,839576.539634775
2012-04-12,821694.4448,856367.830551886
2012-04-13,821500.5848,859705.4327821959
2012-04-16,819399.7048,857569.8737588093
2012-04-17,817032.8848,846855.0978225949
2012-04-18,829293.0248,866186.7378119872
2012-04-19,828763.9648,864903.403434751
2012-04-20,838984.2248,875159.0841550172
2012-04-23,835150.6248,868229.0118858342
2012-04-24,840672.5648,867838.5477399045
2012-04-25,843243.7648,874876.2308615921
2012-04-26,838867.0048,876707.614317373
2012-04-27,838143.5248,874931.8686707817
2012-05-02,848962.8448,894031.9620889954
2012-05-03,847235.2262,896707.5743381089
2012-05-04,850380.9462,904823.6981085798
2012-05-07,850715.7062,905456.3699627782
2012-05-08,848675.7262,902570.5334166669
2012-05-09,838007.1662,885378.7835376043
2012-05-10,839809.2062,885278.8353773833
2012-05-11,835401.0262,878516.6760173714
2012-05-14,828819.7262,871392.70431736
2012-05-15,825250.7462,872005.719700048
2012-05-16,818377.3062,857770.7695608535
2012-05-17,828051.3262,870862.3127471209
2012-05-18,824089.3662,857547.2188424928
2012-05-21,823276.3062,861963.2617215861
2012-05-22,826815.1662,875387.632281389
2012-05-23,822476.1662,871837.4736303427
2012-05-24,819438.5462,864638.2076496314
2012-05-25,814527.2662,857256.3696962498
2012-05-28,822720.7462,871111.1836660709
2012-05-29,826455.1262,883159.9343807002
2012-05-30,822545.4862,880296.0864298375
2012-05-31,819031.2262,876892.5184137819
2012-06-01,820426.2062,877211.0198843527
2012-06-04,803809.1594,852566.4688581516
2012-06-05,808187.1594,852505.1673198829
2012-06-06,809117.7794,852025.0829902885
2012-06-07,806489.3594,846955.3791433505
2012-06-08,801170.6894,841006.7978075367
2012-06-11,806027.0794,852312.9336917247
2012-06-12,798967.1894,846287.0591120068
2012-06-13,806208.1994,859766.0679993972
2012-06-14,802678.2294,853031.2278031788
2012-06-15,811126.8794,855574.2421597326
2012-06-18,811449.3494,859957.9684670214
2012-06-19,809458.3494,852431.5388418536
2012-06-20,809582.1894,850429.2440320948
2012-06-21,802962.5294,836960.8962817948
2012-06-25,799465.9494,818414.8488317389
2012-06-26,798158.9594,817880.7924956252
2012-06-27,795920.4994,815308.7931726074
2012-06-28,790860.0394,808157.169148268
2012-06-29,793900.5994,820111.9685922898
2012-07-02,790319.2794,821320.0086888265
2012-07-03,789640.1591,822480.4068289911
2012-07-04,790922.8991,821213.7304784582
2012-07-05,783495.0791,809703.3671868856
2012-07-06,786303.7491,823777.4007881243
2012-07-09,769811.4191,804927.844091531
2012-07-10,768123.0491,801819.456308661
2012-07-11,770388.4891,808104.8629444193
2012-07-12,767943.2091,815970.4499932699
2012-07-13,770049.2991,816454.199088739
2012-07-16,761117.9091,799495.6615835251
2012-07-17,763422.7891,804316.4945115132
2012-07-18,765849.5091,804361.1380230787
2012-07-19,768576.5891,807688.4122768324
2012-07-20,765250.5991,799070.5487420523
2012-07-23,756431.6491,788068.2552649358
2012-07-24,756833.4791,791586.7636652455
2012-07-25,752178.3091,786286.5127287313
2012-07-26,754106.9391,782090.3558021238
2012-07-27,757791.5291,782630.0758673167
2012-07-30,759960.3591,778194.0433561791
2012-07-31,760198.5491,777237.5394628651
2012-08-01,762893.9691,785809.4268439434
2012-08-02,762952.3161,777890.5341096416
2012-08-03,765276.6261,784172.2759795251
2012-08-06,766143.2461,794791.4348424615
2012-08-07,767828.5761,795878.2045045969
2012-08-08,769402.6561,796185.3785170091
2012-08-09,770685.5561,803483.2600158049
2012-08-10,771431.0161,799502.3247942067
2012-08-13,768932.4661,783570.5880549954
2012-08-14,769175.2061,785264.7093707396
2012-08-15,761628.9661,776802.0986448361
2012-08-16,759827.9161,772822.496065374
2012-08-17,760867.7161,770758.8997173465
2012-08-20,757791.0861,766864.9193951404
2012-08-21,757997.1361,770834.5271585804
2012-08-22,755886.9461,764798.6577628403
2012-08-23,756302.2161,767001.848374643
2012-08-24,751451.1161,758165.7646900475
2012-08-27,747329.9961,742349.6346561584
2012-08-28,755032.1561,745750.2042274075
2012-08-29,750277.1361,737888.6151049655
2012-08-30,752425.0361,736741.2102256296
2012-08-31,748388.5661,734575.0004331088
2012-09-03,745681.5761,742404.6061442799
2012-09-04,738350.5092,734421.4134269027
2012-09-05,733534.6192,732911.5298864989
2012-09-06,738086.3992,738891.0951519811
2012-09-07,757790.6792,771992.5931750066
2012-09-10,756103.3892,775153.2871617255
2012-09-11,751001.6492,770230.507110312
2012-09-12,751722.1192,772956.0934395359
2012-09-13,748085.8292,765756.4942982905
2012-09-14,751101.0492,771447.2093807344
2012-09-17,741456.0492,752511.364105817
2012-09-18,736660.8292,744693.4190133384
2012-09-19,735965.6492,748357.1854065025
2012-09-20,723272.6192,731604.2079508095
2012-09-21,721361.7692,732641.0035328344
2012-09-24,719174.7592,738122.4937998825
2012-09-25,716921.0692,736336.0870162009
2012-09-26,711146.6292,727919.452443999
2012-09-27,726209.4892,750183.2382937383
2012-09-28,735538.0592,763972.4196383476
2012-10-08,731878.5992,756292.4030069738
2012-10-09,743502.2218,772984.745245466
2012-10-10,742735.7018,774304.0609603819
2012-10-11,742329.1818,767113.1239930223
2012-10-12,743834.4218,767778.7787400933
2012-10-15,743777.1918,764555.7837335035
2012-10-16,744143.3518,765656.8792986036
2012-10-17,745394.5018,766536.7562690817
2012-10-18,750415.6618,778288.6609478551
2012-10-19,748750.2318,777086.9509014656
2012-10-22,750231.3018,780126.0412932491
2012-10-23,745102.9718,770292.808130183
2012-10-24,745169.1118,768860.8841547515
2012-10-25,743645.2818,763350.4089212393
2012-10-26,734521.8018,748913.8966589327
2012-10-29,732068.1218,744898.312741791
2012-10-30,733433.3018,746240.2833730236
2012-10-31,738746.4418,751217.0354309563
2012-11-01,749599.8918,765564.2606701321
2012-11-02,755042.0368,768526.0578180115
2012-11-05,754799.7368,766895.5701642747
2012-11-06,752458.1768,763672.5751576849
2012-11-07,753293.4468,762106.3874870234
2012-11-08,744924.4968,748080.3290026906
2012-11-09,745746.6568,746587.4366495244
2012-11-12,752276.7068,750226.8823237015
2012-11-13,743810.9568,737097.6919970842
2012-11-14,744617.2668,740652.5148956076
2012-11-15,737707.1768,730828.6102274954
2012-11-16,734263.4268,725370.441197832
2012-11-19,736422.6068,724619.1641935051
2012-11-20,734093.6068,721252.9101572651
2012-11-21,740504.4868,731252.7235873662
2012-11-22,738019.1168,725472.3883212574
2012-11-23,741626.1068,730513.1072017314
2012-11-26,740702.3368,724823.7247614239
2012-11-27,738704.3968,716507.704670511
2012-11-28,737948.1568,709352.4158802968
2012-11-29,735824.6968,704859.7460783675
2012-11-30,738409.8768,712850.6014880283
2012-12-03,732428.7568,702585.5922728078
2012-12-04,734960.687,710122.6830350658
2012-12-05,752846.107,735577.8136406583
2012-12-06,749727.447,734153.2191969763
2012-12-07,759745.557,748530.7620447527
2012-12-10,766282.727,756622.8982567707
2012-12-11,764227.787,752443.0661963327
2012-12-12,767563.147,755530.4648655563
2012-12-13,762398.917,747157.4743233176
2012-12-14,794596.197,784881.2415960254
2012-12-17,795345.637,788491.0359826703
2012-12-18,798302.507,788964.1239410492
2012-12-19,797213.757,789959.9407773835
2012-12-20,797803.267,794526.5722178763
2012-12-21,791238.777,790257.4531343078
2012-12-24,796623.557,793327.5274557596
2012-12-25,816652.287,815708.5858134914
2012-12-26,816657.397,818781.6585797501
2012-12-27,812537.267,814442.2426234926
2012-12-28,819665.557,826254.4493589326
2012-12-31,832850.747,840548.0357521233
2013-01-04,837399.457,841033.4506502626
2013-01-07,837196.7702,844890.1169926531
2013-01-08,838459.9202,841340.2915021407
2013-01-09,840172.2402,841605.4872872604
2013-01-10,843125.5802,843085.7195401317
2013-01-11,831307.2302,827314.2330178081
2013-01-14,849716.7302,858796.2376847208
2013-01-15,854526.2102,864836.771327938
2013-01-16,850854.2502,858585.3470666548
2013-01-17,849110.4202,850478.2186306036
2013-01-18,862742.0602,864697.8433852309
2013-01-21,863327.4502,869848.1720814138
2013-01-22,855265.3802,865183.9246044385
2013-01-23,856702.3202,868701.4335231461
2013-01-24,849807.9102,860472.0351710913
2013-01-25,851478.8002,856780.2832930654
2013-01-28,862984.6702,883496.0933595774
2013-01-29,860252.4502,891492.9456588516
2013-01-30,866404.8402,895772.3927189764
2013-01-31,869862.6502,895163.0421021631
2013-02-01,872824.9002,913967.2889661229
2013-02-04,879983.6144,915534.4761183864
2013-02-05,885807.2344,923412.7232675318
2013-02-06,878899.7544,924801.6695340683
2013-02-07,880927.8944,919479.7631628395
2013-02-08,887249.8744,923429.3812942354
2013-02-18,883705.3944,912017.3003602133
2013-02-19,873739.7044,894737.9292606902
2013-02-20,877458.9744,900411.3199953624
2013-02-21,854977.1144,869731.8990550234
2013-02-22,852649.3644,865085.9754074219
2013-02-25,854534.3444,867869.8648301082
2013-02-26,841626.8844,855421.3214745952
2013-02-27,846424.0944,864443.9750582699
2013-02-28,857285.0344,890647.051062849
2013-03-01,856431.5744,889150.827104342
2013-03-04,835172.931,848131.7689891512
2013-03-05,845719.811,873815.7808816495
2013-03-06,859874.311,882942.7137124881
2013-03-07,857396.871,872707.0226242658
2013-03-08,857290.851,868525.1916006233
2013-03-11,856241.851,863676.0400272392
2013-03-12,844537.851,851430.0582764407
2013-03-13,835918.661,842058.5856135951
2013-03-14,839606.371,844319.7461583259
2013-03-15,846763.311,846185.445149116
2013-03-18,837534.161,833731.904385592
2013-03-19,843785.411,841262.6650977026
2013-03-20,854299.291,869606.9638547472
2013-03-21,859663.791,871210.7986657586
2013-03-22,857478.791,872316.8916388699
2013-03-25,858337.021,870580.7920958329
2013-03-26,852027.521,857905.0332560843
2013-03-27,852076.041,860730.2345849951
2013-03-28,836956.451,832668.7891213755
2013-03-29,837463.411,831263.1848281355
2013-04-01,837850.181,830631.5124555394
2013-04-02,840074.2176,828367.3534660022
2013-04-03,839351.1976,827419.844907108
2013-04-08,834753.7576,823672.4552198924
2013-04-09,837397.7576,829379.8283290397
2013-04-10,842257.7576,828006.8737681388
2013-04-11,835930.2576,825530.4915183991
2013-04-12,834241.4876,820278.5488593248
2013-04-15,822060.5076,811851.5863105669
2013-04-16,824213.2976,819438.9843134693
2013-04-17,821528.8176,819066.1776758452
2013-04-18,820885.8176,821191.0755621416
2013-04-19,832301.7376,844171.1565601305
2013-04-22,834058.9708,843119.3687540726
2013-04-23,817375.5508,816067.06654815
2013-04-24,825882.2408,831428.4324530341
2013-04-25,822520.4908,822198.5530171682
2013-04-26,819052.8008,815345.7739918892
2013-05-02,809224.5576,816123.0375178737
2013-05-03,811744.3308,830539.8933086701
2013-05-06,815372.6108,841557.8453308882
2013-05-07,815826.3608,842875.4952431335
2013-05-08,819350.7408,847159.9397112692
2013-05-09,813849.4108,842161.199058088
2013-05-10,817252.7408,846506.2787434246
2013-05-13,815896.1108,843152.0184864113
2013-05-14,810128.5508,830681.8196961839
2013-05-15,812048.6808,835208.4718725885
2013-05-16,817708.1408,850461.8937644338
2013-05-17,827433.0508,863568.0960142004
2013-05-20,830208.6908,869418.0618319296
2013-05-21,830599.9408,871165.8219936591
2013-05-22,829669.1908,872225.6056525348
2013-05-23,821066.1008,860503.3522612936
2013-05-24,822134.4308,865293.8675806812
2013-05-27,820797.0108,866079.7932805517
2013-05-28,830068.3508,880996.0567119184
2013-05-29,829804.4708,880397.0340716614
2013-05-30,825341.8908,877652.4575919954
2013-05-31,824083.2608,868358.2781730541
2013-06-03,825370.6408,867091.2686619873
2013-06-04,816744.3737,854778.6548043749
2013-06-05,816386.6237,853070.5407461997
2013-06-06,808846.9337,842178.190245326
2013-06-07,801891.9337,827624.0723144929
2013-06-13,783084.3237,799564.2926535436
2013-06-14,784525.0537,805172.7170840724
2013-06-17,780347.5737,800864.2850574835
2013-06-18,779162.8437,805830.375978326
2013-06-19,774102.3437,799840.1495757534
2013-06-20,753089.7037,773420.8523845632
2013-06-21,746934.6437,772064.2226898314
2013-06-24,713250.6837,723361.483177392
2013-06-25,706650.3037,721432.8168456627
2013-06-26,700551.1737,722390.986541647
2013-06-27,704364.7337,719871.6265830123
2013-06-28,713660.0137,733166.0645345281
2013-07-01,713756.8037,737389.873785463
2013-07-02,711918.3093,740277.3761342447
2013-07-03,712967.0193,734228.513477676
2013-07-04,717126.4793,740275.7103315743
2013-07-05,717575.0193,741898.2021324937
2013-07-08,702271.1893,720832.4615632689
2013-07-09,707004.1993,720515.9590559027
2013-07-10,717716.2193,740970.6832056439
2013-07-11,738463.3593,775160.6166934749
2013-07-12,727504.2293,758064.4838876901
2013-07-15,730485.3393,768700.3007773301
2013-07-16,732366.5193,772215.4775722991
2013-07-17,726029.8293,760550.860953452
2013-07-18,718241.3793,748054.675641567
2013-07-19,708672.8493,729780.8203478461
2013-07-22,713212.0093,733682.4633623359
2013-07-23,726891.1693,754890.1303190744
2013-07-24,723270.1893,749328.3483633156
2013-07-25,725021.0493,745507.6633586047
2013-07-26,725348.7993,740951.6930552019
2013-07-29,717247.2493,724947.3273195635
2013-07-30,720992.6093,729417.6753657103
2013-07-31,719513.2693,730628.0475859853
2013-08-01,728737.1293,748066.6694207935
2013-08-02,728050.0597,748699.3412749919
2013-08-05,733832.7897,759049.3064264
2013-08-06,735069.6797,764150.6605240746
2013-08-07,729386.3697,759813.5766915557
2013-08-08,728445.7497,758533.9070801942
2013-08-09,730428.0497,761608.312488589
2013-08-12,744475.9697,783858.1055958972
2013-08-13,745829.7797,785948.3547866504
2013-08-14,742263.5897,782620.7473723625
2013-08-15,737154.4297,773457.5000433106
2013-08-16,734656.6397,767649.8456134083
2013-08-19,736640.1897,776740.4639460332
2013-08-20,730059.0797,770422.074417402
2013-08-21,730118.9097,769130.7441873479
2013-08-22,727062.6897,767579.2155801855
2013-08-23,724522.0497,761914.4870193991
2013-08-26,739135.3097,778135.0739416488
2013-08-27,743362.5897,779889.1641535255
2013-08-28,755550.1097,775616.3803040821
2013-08-29,752826.1397,772369.7308995733
2013-08-30,769106.1397,770903.4913891326
2013-09-02,759122.4797,773047.0462653368
2013-09-03,763309.6337,784427.1437880883
2013-09-04,764894.9537,783160.1342770215
2013-09-05,760082.8137,780173.683249621
2013-09-06,763725.0937,785519.910339837
2013-09-09,798892.6437,813114.5978952248
2013-09-10,803570.3837,824537.006805803
2013-09-11,812039.8637,827200.6252756901
2013-09-12,821549.2937,835385.0469556454
2013-09-13,811555.0937,829203.919567051
2013-09-16,807140.8937,825701.7360329105
2013-09-17,790499.0737,808687.8938790411
2013-09-18,793689.9137,810416.3307297945
2013-09-23,798290.8137,823668.7904540175
2013-09-24,786377.6237,814206.0318048368
2013-09-25,781309.0237,809256.932071232
2013-09-26,769656.0437,794402.303338668
2013-09-27,772739.2137,797909.8174413532
2013-09-30,775516.8137,802596.053513577
2013-10-08,784737.5837,813515.0568571762
2013-10-09,785289.5066,817437.0226642443
2013-10-10,782144.6066,809352.54914451
2013-10-11,792688.0766,822409.4436352339
2013-10-14,801631.7366,823753.413229671
2013-10-15,806650.7266,822079.2815459708
2013-10-16,795547.6766,806705.2555407924
2013-10-17,795709.6766,804026.311686338
2013-10-18,794173.0066,808265.4463218405
2013-10-21,805502.7466,823346.957378106
2013-10-22,804343.4366,814874.3518361803
2013-10-23,794475.2366,805745.7532026715
2013-10-24,789896.5466,799755.5268000988
2013-10-25,782985.0066,789110.3814155051
2013-10-28,789247.3166,788242.4982242536
2013-10-29,788383.7966,790274.4443215444
2013-10-30,806172.3166,802074.3241172238
2013-10-31,797969.1166,790829.1566107705
2013-11-01,799363.2766,794574.5473347817
2013-11-04,798073.4562,793073.3259682639
2013-11-05,797793.3362,794177.7531387048
2013-11-06,794696.1362,784115.971849267
2013-11-07,800308.5462,779779.5543378163
2013-11-08,794590.5062,768916.1888034069
2013-11-11,793259.1062,771562.8160860562
2013-11-12,796621.0762,779595.6497230097
2013-11-13,783171.7962,762309.9485733394
2013-11-14,782670.2062,767768.7839240708
2013-11-15,791632.7062,783171.7948957133
2013-11-18,811090.5062,809214.6206834047
2013-11-19,807166.9062,803637.5133430787
2013-11-20,811201.2962,807864.3210388203
2013-11-21,811753.1562,802913.2223420112
2013-11-22,810900.5362,798906.3005987554
2013-11-25,804653.2162,795796.9133342832
2013-11-26,802517.0462,795392.7896064568
2013-11-27,807941.3162,804409.7794610522
2013-11-28,816210.2262,812755.1176789631
2013-11-29,814848.1562,812559.8856059982
2013-12-02,822294.3262,805844.7018812901
2013-12-03,825225.5426,813839.2220568256
2013-12-04,832433.5426,824617.2984945133
2013-12-05,830818.5426,822305.8307091378
2013-12-06,828862.5426,817005.2466120895
2013-12-09,825174.5426,816533.8244563809
2013-12-10,825844.5426,817350.0677648516
2013-12-11,813265.5426,803837.4096635202
2013-12-12,810391.5426,802921.8845158967
2013-12-13,803018.5426,801797.1345528775
2013-12-16,791670.5426,788898.4913158363
2013-12-17,790873.5426,785051.486628934
2013-12-18,789882.5426,785334.6730828931
2013-12-19,784805.5426,777066.9612694205
2013-12-20,764581.5426,758985.0064433237
2013-12-23,766272.5426,761139.222456618
2013-12-24,767846.5426,762353.925763836
2013-12-25,771763.5426,767971.6786893186
2013-12-26,763799.5426,754719.8852861637
2013-12-27,770623.5426,767427.9606977168
2013-12-30,767243.5426,766088.6553507567
2013-12-31,772848.5426,776272.7065561982
2014-01-02,769835.5426,773591.4305780056
2014-01-03,760679.8822,763197.1550755661
2014-01-06,741479.8822,745825.4985081059
2014-01-07,739012.8822,745613.6084084376
2014-01-08,733076.8822,746916.2660966499
2014-01-09,724427.8822,740356.3351808183
2014-01-10,722205.8822,734569.3367040283
2014-01-13,730086.8822,730847.2672174021
2014-01-14,733659.8822,737232.9551739153
2014-01-15,728503.8822,735931.9632883732
2014-01-16,729096.8822,736899.1283187775
2014-01-17,721073.8822,725786.2255443499
2014-01-20,718956.8822,721623.3846711495
2014-01-21,724288.8822,728758.6838293194
2014-01-22,736496.8822,747544.2737033714
2014-01-23,731097.8822,743577.331224204
2014-01-24,734784.8822,748171.2818284906
2014-01-27,726315.8822,738256.7574951114
2014-01-28,730754.8822,739568.0773572096
2014-01-29,732909.8822,742208.7077502457
2014-01-30,725999.8822,733769.4182617271
2014-02-07,727187.8822,737112.017900048
2014-02-10,734827.026,755452.838461117
2014-02-11,743949.026,761459.0565693249
2014-02-12,742050.026,763352.7410449769
2014-02-13,743889.026,759457.4280806344
2014-02-14,745262.026,764794.9929969644
2014-02-17,745310.026,770149.549100532
2014-02-18,735671.026,760419.5957030276
2014-02-19,753774.026,769153.0659431296
2014-02-20,751848.026,762083.3994101714
2014-02-21,741689.026,754373.3983307312
2014-02-24,725987.026,737787.0011420732
2014-02-25,719098.026,718930.1149137304
2014-02-26,720804.026,720761.1652089774
2014-02-27,723825.026,717663.7717237318
2014-02-28,723635.026,725947.1420823057
2014-03-03,725940.026,729744.8390101659
2014-03-04,723117.3334,727713.5592339432
2014-03-05,718099.3334,720951.3998739312
2014-03-06,719888.3334,724169.0643119761
2014-03-07,719199.3334,722411.3093342244
2014-03-10,698784.3334,698899.8372843942
2014-03-11,700618.3334,702522.6249318678
2014-03-12,702821.3334,704346.0125348311
2014-03-13,708819.3334,713074.4853669222
2014-03-14,705603.3334,707245.1755023053
2014-03-17,711248.3334,713975.6846115807
2014-03-18,709695.3334,712341.532191969
2014-03-19,710680.3334,706590.1818923244
2014-03-20,705827.3334,695295.0403057607
2014-03-21,723713.3334,719226.2946285185
2014-03-24,737070.3334,725141.8930714595
2014-03-25,735894.3334,724437.5917024362
2014-03-26,732345.3334,723307.178010338
2014-03-27,730552.3334,718196.4954177093
2014-03-28,733347.3334,716949.8086992208
2014-03-31,732151.3334,715064.1200763864
2014-04-01,735588.3334,720664.5486540975
2014-04-02,738581.6276,726532.1719801325
2014-04-03,731867.6276,721295.2215450914
2014-04-04,736494.6276,728113.0187142931
2014-04-08,747005.6276,745385.3934426006
2014-04-09,748139.6276,745819.8347790275
2014-04-10,759586.6276,757527.4291067694
2014-04-11,758059.9476,756496.2972538238
2014-04-14,756883.0276,755812.3186773786
2014-04-15,747477.5976,742769.0837685515
2014-04-16,748071.5976,743789.5544844067
2014-04-17,748002.0576,741216.5556797867
2014-04-18,746164.3276,741108.6116667482
2014-04-21,735723.4676,728704.7118228006
2014-04-22,736654.6576,731885.3954415636
2014-04-23,734102.5776,731176.7629855974
2014-04-24,731637.5776,729779.4877057092
2014-04-25,728498.1476,722234.0679300994
2014-04-28,718644.6376,711287.4122621727
2014-04-29,720809.5276,719117.0179733436
2014-04-30,723542.5276,719179.9853142828
2014-05-05,724480.0676,718450.6969052042
2014-05-06,724835.9411,718736.548643436
2014-05-07,720580.9411,712069.3400356339
2014-05-08,722380.9411,711462.9878636273
2014-05-09,724022.9411,710934.9284171269
2014-05-12,737471.9411,726307.9549407035
2014-05-13,734356.9411,724574.8538424729
2014-05-14,734748.9411,723748.6157179801
2014-05-15,729018.9411,714324.1705302176
2014-05-16,730773.9411,714946.5144078598
2014-05-19,727135.9411,704682.1715137074
2014-05-20,727985.9411,704891.3963291033
2014-05-21,732446.9411,711599.2505220618
2014-05-22,731310.9411,709921.1209119529
2014-05-23,734739.5911,715766.7556427392
2014-05-26,733328.9411,718286.1156013741
2014-05-27,731905.6411,715388.9515971043
2014-05-28,735878.5911,722742.4709050898
2014-05-29,733663.9411,718015.5892477095
2014-05-30,732073.8911,718448.697942
2014-06-03,733267.8911,716267.82908598
2014-06-04,727686.3191,709056.9024865761
2014-06-05,733557.8191,716495.7108912835
2014-06-06,729439.7891,711203.1226470529
2014-06-09,730733.7991,711058.1978147326
2014-06-10,736853.8291,720049.2011476706
2014-06-11,736066.8291,719881.9545595676
2014-06-12,735008.8191,717431.2256709511
2014-06-13,741656.5091,725037.9469848297
2014-06-16,747554.0591,730239.5824032594
2014-06-17,741970.2591,722849.7485970602
2014-06-18,737172.2891,719706.3789581129
2014-06-19,730345.5191,708601.472036503
2014-06-20,733811.2791,711873.7748021351
2014-06-23,731015.6491,711001.2273634068
2014-06-24,733870.7891,714569.7098438268
2014-06-25,732190.9991,710755.0217287292
2014-06-26,735044.5491,715987.3079162934
2014-06-27,734478.6891,716381.1036675636
2014-06-30,737951.3091,721331.8692038389
2014-07-01,738315.1691,721145.6324652941
2014-07-02,739173.1535,723247.2091142054
2014-07-03,745655.6535,726353.931094405
2014-07-04,745600.3035,725855.1897749028
2014-07-07,745713.4135,725053.6055299313
2014-07-08,747206.1235,726447.5492044786
2014-07-09,738796.0035,715865.371160824
2014-07-10,740097.0135,713912.0509495735
2014-07-11,743828.3935,715631.8256264412
2014-07-14,748458.2935,723544.0551500615
2014-07-15,752603.9335,724616.1657486978
2014-07-16,762686.5535,723247.5422747395
2014-07-17,756618.6635,718649.9269045783
2014-07-18,758784.1135,721007.3708436552
2014-07-21,756301.1435,721723.9991524391
2014-07-22,760864.0935,730520.4367334803
2014-07-23,762022.9235,732231.2160759281
2014-07-24,776334.1735,745285.1121218455
2014-07-25,782692.3635,753094.0618799042
2014-07-28,806178.2935,774230.7656428857
2014-07-29,811795.5635,776720.1411534543
2014-07-30,810327.8035,773602.4248756303
2014-07-31,821367.5435,783010.8783577577
2014-08-01,812999.8935,776064.8143829393
2014-08-04,822603.7859,791462.8279465708
2014-08-05,823763.5859,789374.9108795563
2014-08-06,827216.4959,787331.9704846411
2014-08-07,818075.2359,775416.8171441737
2014-08-08,819298.0259,776641.848427948
2014-08-11,828935.2559,788040.9361011416
2014-08-12,828177.1459,785276.7031499656
2014-08-13,825382.6359,785892.7169774602
2014-08-14,820398.0659,778244.6837573571
2014-08-15,825030.1959,786470.4173435371
2014-08-18,828821.4259,791110.3441015251
2014-08-19,830715.0959,791178.9751715435
2014-08-20,832013.7659,788304.4660835904
2014-08-21,825535.9959,784341.1883702979
2014-08-22,830562.4159,788045.9335091524
2014-08-25,829969.9859,780549.4883320509
2014-08-26,818458.3959,774295.7319470292
2014-08-27,818078.1559,775462.7932978752
2014-08-28,816137.0459,770026.6128634606
2014-08-29,820740.6259,779024.9457281481
2014-09-01,828394.4459,784698.6696233546
2014-09-02,838053.5906,795074.2881358861
2014-09-03,845824.2906,802529.7545672972
2014-09-04,852514.1306,808322.0836126322
2014-09-05,862604.8606,815996.4365149268
2014-09-09,860974.9306,814652.1337599558
2014-09-10,856224.2706,810390.6773686707
2014-09-11,853836.2606,807399.2289332593
2014-09-12,859786.1006,812364.6535330334
2014-09-15,860369.2106,811975.1888687059
2014-09-16,857682.2706,795842.2231669165
2014-09-17,861953.2906,800027.0526353656
2014-09-18,863173.2706,802471.784634369
2014-09-19,868416.0606,807984.5919916196
2014-09-22,854683.8406,792562.257709001
2014-09-23,857104.9606,799406.0413998599
2014-09-24,868609.3206,813532.7143654817
2014-09-25,869774.1806,811900.5609090746
2014-09-26,869158.7206,811979.186795115
2014-09-29,870568.1406,815510.0221351854
2014-09-30,874758.1206,816572.4710783334
2014-10-08,880015.1606,825699.4039091717
2014-10-09,879686.51,826889.4533368687
2014-10-10,873927.11,821836.7406771682
2014-10-13,867143.93,817891.1204721811
2014-10-14,863609.61,815097.902554541
2014-10-15,869674.73,820865.577720355
2014-10-16,869802.29,814375.9436772121
2014-10-17,867247.81,813488.7371749846
2014-10-20,870710.83,817812.8277466747
2014-10-21,867797.89,810709.8451603096
2014-10-22,866141.77,805795.7272827821
2014-10-23,861701.69,798231.3173567303
2014-10-24,859939.79,796488.8877635461
2014-10-27,852021.15,789201.3342413062
2014-10-28,866725.61,805133.4041410516
2014-10-29,880449.91,816704.4026498251
2014-10-30,896289.19,822548.3715779411
2014-10-31,913322.61,835674.8966202857
2014-11-03,911922.77,837081.8335556618
2014-11-04,911147.8158,837289.7257289214
2014-11-05,904602.9958,834050.0726956279
2014-11-06,905648.2358,834922.6201343563
2014-11-07,902698.6558,833618.6298040076
2014-11-10,923242.3758,854799.9770785546
2014-11-11,934936.6958,852428.5403970467
2014-11-12,934754.6358,864324.370426538
2014-11-13,932081.0958,859470.8877662112
2014-11-14,935465.3158,859918.3223634666
2014-11-17,928996.2358,855256.740170764
2014-11-18,920890.9358,846699.5118531848
2014-11-19,919263.6758,845302.5697338306
2014-11-20,915891.8758,845261.257827606
2014-11-21,923386.8558,860705.2475449392
2014-11-24,928343.4958,882628.210168325
2014-11-25,938885.4558,894722.9370366561
2014-11-26,948876.3158,907202.1311613034
2014-11-27,954692.0358,917687.3594895436
2014-11-28,986227.0958,935787.6381450143
2014-12-01,990988.1958,939450.071896042
2014-12-02,1000868.5053,974141.4119876479
2014-12-03,1017743.5053,988670.2097178918
2014-12-04,1043243.5853,1034247.2370996898
2014-12-05,1029612.5053,1041088.3555062762
2014-12-08,1044661.9053,1083731.5712250567
2014-12-09,1026260.0653,1035100.7943879762
2014-12-10,1058145.0653,1073291.9858899836
2014-12-11,1053103.5453,1060453.9778701435
2014-12-12,1058498.2653,1063857.212725665
2014-12-15,1061837.8253,1071853.3987038708
2014-12-16,1055999.7853,1100563.1745667898
2014-12-17,1046267.4253,1119618.6244734384
2014-12-18,1047085.5453,1114730.8262781024
2014-12-19,1047353.0253,1127137.7245668566
2014-12-22,1037883.3853,1130907.1028493207
2014-12-23,1028103.4253,1107733.455581037
2014-12-24,1030701.8253,1076236.7918506255
2014-12-25,1042978.1453,1111229.975386098
2014-12-26,1048970.5053,1148017.5615580704
2014-12-29,1046956.0253,1151221.2332536841
2014-12-30,1040919.4653,1151920.5372146964
2014-12-31,1053754.7853,1177291.0450446352
2015-01-05,1098817.7453,1213217.7443965715
2015-01-06,1128174.0209,1213057.16101915
2015-01-07,1121558.0209,1213967.022437694
2015-01-08,1123686.0209,1185804.6293322514
2015-01-09,1119071.0209,1181628.1288771539
2015-01-12,1127865.0209,1170584.856654347
2015-01-13,1136116.0209,1170739.4431421552
2015-01-14,1131453.0209,1166869.117217868
2015-01-15,1130855.0209,1200750.8772116846
2015-01-16,1138638.0209,1211087.182781196
2015-01-19,1115200.0209,1117805.2316864973
2015-01-20,1139323.0209,1131487.135339136
2015-01-21,1155646.0209,1182348.421951813
2015-01-22,1159264.0209,1188587.8524338696
2015-01-23,1149786.0209,1189960.1406737026
2015-01-26,1171828.0209,1202038.20951533
2015-01-27,1178973.0209,1191025.9212221913
2015-01-28,1169468.0209,1174498.4934480635
2015-01-29,1152995.0209,1159997.6812026815
2015-01-30,1147974.0209,1144203.206603507
2015-02-02,1145018.0209,1117407.1048482843
2015-02-03,1152610.8055,1145221.0120350902
2015-02-04,1139904.8055,1133334.843661087
2015-02-05,1130427.8055,1121733.5275437133
2015-02-06,1114542.8055,1103567.6162630308
2015-02-09,1122695.8055,1114728.8273148984
2015-02-10,1131240.8055,1135058.9494248973
2015-02-11,1142711.8055,1144114.5859014448
2015-02-12,1156895.8055,1147029.7405745543
2015-02-13,1174265.8055,1156009.7496098678
2015-02-16,1199462.8055,1165889.6252477039
2015-02-17,1208483.8055,1173498.6786853208
2015-02-25,1216399.8055,1158975.2115236218
2015-02-26,1216753.8055,1188148.7468499658
2015-02-27,1222086.8055,1190330.282027054
2015-03-02,1243826.8055,1199799.3707263821
2015-03-03,1235871.1199,1168693.8374629682
2015-03-04,1264508.1199,1176330.543224913
2015-03-05,1267032.1199,1164843.8343312594
2015-03-06,1255328.1199,1158905.5809720014
2015-03-09,1271675.1199,1178638.6794049477
2015-03-10,1279948.1199,1172928.6410115277
2015-03-11,1274226.1199,1174275.2758902374
2015-03-12,1281190.1199,1196993.825868982
2015-03-13,1289167.1199,1205260.5382008522
2015-03-16,1314206.1199,1234583.3294464594
2015-03-17,1318005.1199,1251724.7720848774
2015-03-18,1332218.1199,1281353.737861295
2015-03-19,1327830.1199,1279249.4959281108
2015-03-20,1331511.1199,1296852.0327456817
2015-03-23,1355107.1199,1323333.9641172767
2015-03-24,1357274.1199,1323662.1272433354
2015-03-25,1367640.1199,1312789.766374506
2015-03-26,1376593.1199,1315983.7764146319
2015-03-27,1378859.1199,1323212.6936828755
2015-03-30,1405501.1199,1362019.5658518435
2015-03-31,1390372.1199,1349701.288265152
2015-04-01,1416219.1199,1373919.0606472099
2015-04-02,1420732.0187,1374212.5750777249
2015-04-03,1432148.0187,1389458.667437821
2015-04-07,1467897.0187,1419278.5342002602
2015-04-08,1462677.0187,1431192.0217380573
2015-04-09,1455929.0187,1419976.1723586023
2015-04-10,1492693.0187,1447387.954780786
2015-04-13,1508871.0187,1472927.041840964
2015-04-14,1510976.0187,1478627.75173943
2015-04-15,1469790.0187,1459414.0505790985
2015-04-16,1519331.0187,1503735.395907988
2015-04-17,1526470.0187,1531251.1244168014
2015-04-20,1503010.0187,1506524.949059753
2015-04-21,1549740.0187,1538923.145195357
2015-04-22,1576109.0187,1579118.963630862
2015-04-23,1577894.0187,1579478.110686589
2015-04-24,1578939.0187,1566734.3870978903
2015-04-27,1606456.0187,1601699.9183090355
2015-04-28,1557231.0187,1579800.9432441024
2015-04-29,1573679.0187,1590616.9999826741
2015-04-30,1574790.0187,1582474.5565300116
2015-05-04,1608116.0187,1595086.3485472184
2015-05-05,1558029.0257,1531484.669951184
2015-05-06,1547232.0257,1516988.855113813
2015-05-07,1534340.0257,1489257.238578922
2015-05-08,1549776.0257,1518680.3111452847
2015-05-11,1576353.0257,1562700.146190841
2015-05-12,1577547.0257,1581653.31581353
2015-05-13,1575435.0257,1571996.6577335207
2015-05-14,1567042.0257,1566113.709022919
2015-05-15,1542237.0257,1538358.7712506435
2015-05-18,1528488.0257,1524256.0858434748
2015-05-19,1560699.0257,1576256.4483221357
2015-05-20,1564659.0257,1584151.3534979846
2015-05-21,1580036.0257,1612822.1495784172
2015-05-22,1613000.5757,1649589.412957811
2015-05-25,1645014.5657,1698950.477685572
2015-05-26,1672733.6673,1732074.29746438
2015-05-27,1689697.5073,1726249.3186867065
2015-05-28,1613350.1273,1610500.3538164857
2015-05-29,1626785.4673,1612773.1749799093
2015-06-01,1690963.8273,1691182.5066732045
2015-06-02,1695533.8597,1719731.3659981678
2015-06-03,1691348.7397,1713641.1914353743
2015-06-04,1716730.8897,1726243.3217970934
2015-06-05,1714524.7497,1742613.4977991402
2015-06-08,1769872.2197,1783658.675700202
2015-06-09,1759788.4181,1771568.1466546005
2015-06-10,1768835.0281,1768786.589355653
2015-06-11,1767661.5681,1767946.3584887295
2015-06-12,1787657.7781,1777449.79603912
2015-06-15,1770118.9681,1739486.6196066297
2015-06-16,1735601.1881,1687398.535959348
2015-06-17,1749483.8881,1712055.580505577
2015-06-18,1697126.6881,1642664.371412693
2015-06-19,1633844.4681,1544882.6208806357
2015-06-23,1690290.7681,1594536.500401791
2015-06-24,1716532.5781,1625865.4178032984
2015-06-25,1676515.7081,1568025.3508513577
2015-06-26,1599905.0681,1444648.9420820393
2015-06-29,1615561.3081,1396458.5701549456
2015-06-30,1702573.9181,1490226.2693083182
2015-07-01,1649937.0181,1416938.7477694897
2015-07-02,1668091.8114,1368622.1746320906
2015-07-03,1637007.2414,1294634.1497543273
2015-07-06,1710125.9714,1332154.722417306
2015-07-07,1755611.7414,1308655.4107269694
2015-07-08,1680244.2914,1220379.5298172014
2015-07-09,1747955.0814,1298535.2597119627
2015-07-10,1774076.8714,1368142.4234630305
2015-07-13,1743930.1414,1403209.4020567997
2015-07-14,1709657.8314,1370005.6903819218
2015-07-15,1732391.3014,1321567.3803853733
2015-07-16,1726385.3414,1331761.0932463028
2015-07-17,1737369.4514,1383114.491283854
2015-07-20,1733768.6014,1386151.7159766466
2015-07-21,1728778.1914,1387948.6839492582
2015-07-22,1715520.4614,1385001.7790772517
2015-07-23,1729269.2414,1416200.464025992
2015-07-24,1715651.4014,1391371.242115756
2015-07-27,1626319.6314,1272250.5926925903
2015-07-28,1636878.8314,1269705.6460049388
2015-07-29,1641669.4614,1309447.2000522397
2015-07-30,1625246.8814,1271144.6329836925
2015-07-31,1624396.5214,1271573.5771713073
2015-08-03,1641343.9514,1275750.1109424578
2015-08-04,1645741.0818,1315369.5616540222
2015-08-05,1628877.8218,1288298.4025618713
2015-08-06,1626069.7818,1276621.725531691
2015-08-07,1632118.2618,1301639.816148691
2015-08-10,1651436.8918,1360749.0914712236
2015-08-11,1639354.6118,1354853.6825566473
2015-08-12,1626904.9418,1338014.7496831645
2015-08-13,1627535.9118,1357783.4296611492
2015-08-14,1624344.3418,1357142.761954133
2015-08-17,1613317.1318,1358586.0467037763
2015-08-18,1586387.0918,1274476.3715886027
2015-08-19,1588560.7418,1294707.0452791818
2015-08-20,1576102.0618,1253168.0568345217
2015-08-21,1559767.1818,1195891.6641901736
2015-08-24,1486696.6318,1091278.723435445
2015-08-25,1444887.9018,1013783.0511907826
2015-08-26,1479285.6918,1008041.1626503057
2015-08-27,1530591.2118,1067991.901533738
2015-08-28,1531937.9218,1113517.8887217168
2015-08-31,1553978.3518,1121596.8984086923
2015-09-01,1584703.9818,1120113.2679183735
2015-09-02,1620365.8246,1121362.320076654
2015-09-07,1567512.1246,1082933.3185854275
2015-09-08,1586113.6346,1110764.9832286993
2015-09-09,1593521.8946,1132514.4025298886
2015-09-10,1592007.0246,1118606.8159314708
2015-09-11,1580886.5146,1115150.8750794595
2015-09-14,1576352.2446,1093143.5895249003
2015-09-15,1551000.8246,1050199.2633154276
2015-09-16,1579585.4046,1102510.9643131767
2015-09-17,1553685.7146,1078440.1823587504
2015-09-18,1548429.0346,1083195.9157183813
2015-09-21,1552977.7246,1102177.237406199
2015-09-22,1561037.0446,1112433.0180746259
2015-09-23,1540845.9946,1087111.9845839962
2015-09-24,1547729.1646,1094432.0545743613
2015-09-25,1543807.2646,1076758.654511194
2015-09-28,1543440.0646,1080357.1214396802
2015-09-29,1526711.9146,1059068.8296336972
2015-09-30,1537477.9546,1067095.6996970908
2015-10-08,1559343.6846,1098257.7036710295
2015-10-09,1571460.1414,1112794.7970985717
2015-10-12,1602021.6014,1148635.374452451
2015-10-13,1595660.1214,1147752.399089006
2015-10-14,1582132.0514,1134781.9597568728
2015-10-15,1605296.2614,1161669.1476021106
2015-10-16,1617433.0114,1177411.0827850625
2015-10-19,1617932.0214,1177449.995935442
2015-10-20,1620523.4114,1191949.342274474
2015-10-21,1618224.2014,1157151.2908638055
2015-10-22,1621257.6414,1174235.5964706307
2015-10-23,1636241.8714,1189796.5921675295
2015-10-26,1640904.5014,1195800.144991465
2015-10-27,1635620.2014,1197005.619751889
2015-10-28,1619694.8214,1174364.196436782
2015-10-29,1623230.5214,1177158.2805718107
2015-10-30,1627397.0314,1177415.5804522727
2015-11-02,1617347.7014,1158053.4562740133
2015-11-03,1612237.5302,1154565.3987465175
2015-11-04,1667650.1302,1208885.5580239058
2015-11-05,1697387.8002,1234682.844497988
2015-11-06,1715503.4802,1263802.4744499198
2015-11-09,1762293.1902,1279454.6228689393
2015-11-10,1752391.2302,1277083.5859800724
2015-11-11,1736368.6502,1277219.4488458661
2015-11-12,1722614.6902,1264452.204123462
2015-11-13,1702086.8302,1248100.0521063083
2015-11-16,1706149.1302,1254058.2950976102
2015-11-17,1713312.8402,1252146.186844424
2015-11-18,1726618.6702,1237884.4839143439
2015-11-19,1728238.9602,1257670.7547685276
2015-11-20,1721157.5302,1257475.5560116163
2015-11-23,1712344.0702,1250463.126458411
2015-11-24,1701051.5602,1250647.5641300722
2015-11-25,1708178.3302,1259882.1744455223
2015-11-26,1702919.2602,1252493.240172765
2015-11-27,1644386.8702,1185049.487665732
2015-11-30,1660824.9702,1188187.7932645616
2015-12-01,1669397.7602,1196611.357575872
2015-12-02,1717215.4032,1240008.3490029853
2015-12-03,1723194.4232,1249118.290646586
2015-12-04,1696442.5032,1225228.5814424267
2015-12-07,1701358.2932,1228565.217507188
2015-12-08,1672427.9532,1207047.3447771773
2015-12-09,1680248.9732,1211351.1125562892
2015-12-10,1670715.6132,1207068.6670513577
2015-12-11,1660227.8132,1202062.763446694
2015-12-14,1684084.0032,1236466.0196244898
2015-12-15,1677404.8832,1230824.4457208214
2015-12-16,1668441.2832,1227843.0920495922
2015-12-17,1689780.8932,1251313.685301892
2015-12-18,1708130.0832,1255319.8407759194
2015-12-21,1788325.8932,1287986.8308304113
2015-12-22,1778459.8932,1291574.2701452202
2015-12-23,1774986.3432,1288125.6921410118
2015-12-24,1758978.4832,1275805.6821195427
2015-12-25,1760273.9332,1278737.0950267147
2015-12-28,1717997.9632,1241899.7346709527
2015-12-29,1725936.4032,1253308.1175230467
2015-12-30,1728666.0132,1254407.7804978506
2015-12-31,1727310.8932,1243023.5184684233
2016-01-04,1628836.6032,1155755.947915017
2016-01-05,1630844.7234,1158992.1027627024
2016-01-06,1656766.6234,1179324.3904161728
2016-01-07,1585347.1334,1097558.6995544995
2016-01-08,1616617.8834,1119940.1910209258
2016-01-11,1555104.8734,1063598.3136746425
2016-01-12,1559092.2334,1071347.6276971027
2016-01-13,1542249.4034,1051414.233151074
2016-01-14,1554847.8434,1073300.448167552
2016-01-15,1516950.9734,1039037.7857351338
2016-01-18,1513935.4534,1043035.3123513289
2016-01-19,1548372.4934,1073818.0796893365
2016-01-20,1527018.3734,1057577.5031350425
2016-01-21,1505370.2734,1026582.6791170997
2016-01-22,1516095.4934,1037282.8626219219
2016-01-25,1522878.1034,1042421.3308030921
2016-01-26,1463812.6934,979661.382296384
2016-01-27,1468165.8134,976277.6040160521
2016-01-28,1450602.4934,950758.9396966124
2016-01-29,1474079.6134,981520.9844494007
2016-02-01,1454405.3034,966514.6010935679
2016-02-02,1465219.2861,986599.5170504916
2016-02-03,1456967.3661,982370.010754424
2016-02-04,1469108.7161,994404.169037661
2016-02-05,1470273.9261,987417.6593740066
2016-02-15,1460379.9561,981726.3446026014
2016-02-16,1484485.6661,1011820.3025364196
2016-02-17,1487642.7561,1020577.2939102271
2016-02-18,1485042.5161,1017371.8231477294
2016-02-19,1478975.9761,1016667.6883589731
2016-02-22,1501640.1661,1039083.5619925152
2016-02-23,1491717.1861,1029253.8936471635
2016-02-24,1503683.0661,1035977.8061778644
2016-02-25,1461026.3661,972412.3421318829
2016-02-26,1475709.4261,982167.4491497097
2016-02-29,1463953.1561,958658.309223618
2016-03-01,1477164.1161,976391.4782865973
2016-03-02,1511826.5113,1016583.6319562274
2016-03-03,1519316.9613,1018945.4736143539
2016-03-04,1559129.6213,1030761.8781725235
2016-03-07,1555084.4413,1034410.0526526929
2016-03-08,1557663.3613,1035353.8964457123
2016-03-09,1556512.5513,1023438.1767323369
2016-03-10,1532610.7513,1003861.2306417092
2016-03-11,1534925.1713,1005573.242678133
2016-03-14,1537907.5913,1021367.0509562393
2016-03-15,1547829.9913,1024395.2136825054
2016-03-16,1570369.5513,1029476.9779407769
2016-03-17,1566829.0713,1040861.4398665248
2016-03-18,1567057.4813,1056772.8871292116
2016-03-21,1577083.1913,1082584.2329778313
2016-03-22,1569339.4413,1074706.0191447393
2016-03-23,1567402.6213,1078138.2722827783
2016-03-24,1554619.6213,1060067.078541932
2016-03-25,1562780.1413,1065386.386260995
2016-03-28,1554930.0713,1056028.373283726
2016-03-29,1547082.8513,1044594.8034952561
2016-03-30,1576213.0013,1071535.9966630663
2016-03-31,1575221.1813,1072139.8834471211
2016-04-01,1583410.4813,1073408.192284271
2016-04-05,1583712.4821,1087597.832590832
2016-04-06,1578855.0721,1085279.6349626686
2016-04-07,1562596.1321,1069208.8370165366
2016-04-08,1554048.1321,1061358.1089275056
2016-04-11,1568782.6021,1076140.408508123
2016-04-12,1560651.1321,1072260.4209283476
2016-04-13,1577269.5421,1086564.1354017742
2016-04-14,1580123.5421,1091377.9719585467
2016-04-15,1580289.0721,1090169.6653335826
2016-04-18,1562637.1321,1075593.15901486
2016-04-19,1563192.1321,1078874.7236433395
2016-04-20,1547526.1921,1059792.4543136982
2016-04-21,1534981.7821,1052988.28341034
2016-04-22,1539594.7221,1057751.7794104146
2016-04-25,1536475.7221,1053464.636341953
2016-04-26,1542176.7221,1059170.8100731776
2016-04-27,1542722.2521,1054758.1321154782
2016-04-28,1546153.7221,1052980.8206143768
2016-04-29,1547586.2521,1051702.8834377923
2016-05-03,1572419.1921,1070624.6027060654
2016-05-04,1573933.1084,1069265.874099969
2016-05-05,1571736.1084,1070751.2703411186
2016-05-06,1546867.6984,1042910.5437313204
2016-05-09,1527582.2884,1021342.0639161846
2016-05-10,1526894.2884,1022507.1263038261
2016-05-11,1539614.2884,1027070.1596105512
2016-05-12,1542068.3484,1029511.7599005341
2016-05-13,1538734.3484,1024447.0201455537
2016-05-16,1540376.8184,1031234.6329703685
2016-05-17,1532128.8184,1028141.7038362792
2016-05-18,1536733.8184,1022148.4456728466
2016-05-19,1531066.2884,1020304.2022204505
2016-05-20,1534715.7584,1025540.8528110108
2016-05-23,1534997.2284,1028540.6968918808
2016-05-24,1527641.2284,1020655.8198481078
2016-05-25,1532510.6984,1019213.3346837462
2016-05-26,1533300.6984,1020874.2065781902
2016-05-27,1535355.6984,1020303.9023759697
2016-05-30,1545183.1084,1021706.5748565097
2016-05-31,1578417.9284,1055972.235733735
2016-06-01,1569654.5184,1052969.526472272
2016-06-02,1566879.6774,1055152.62750387
2016-06-03,1576337.0874,1062557.3869019956
2016-06-06,1572847.1074,1059046.8077223967
2016-06-07,1572851.7474,1058468.874143946
2016-06-08,1573941.4174,1054115.3988131508
2016-06-13,1552485.3674,1021583.9051478652
2016-06-14,1556584.1774,1024796.2723334183
2016-06-15,1559275.0874,1038250.8938697146
2016-06-16,1554329.8674,1031023.5091399278
2016-06-17,1558059.8774,1036248.2658994219
2016-06-20,1560857.8474,1037020.2654889682
2016-06-21,1560736.7174,1034902.397289941
2016-06-22,1567509.2874,1044112.153829549
2016-06-23,1563805.4674,1038566.9299523332
2016-06-24,1548954.0674,1025186.7364793479
2016-06-27,1557087.4074,1039642.205576043
2016-06-28,1560128.7074,1044925.1321647856
2016-06-29,1566883.0574,1049918.7088296888
2016-06-30,1570091.2174,1050762.004773526
2016-07-01,1577872.5774,1050855.0565106915
2016-07-04,1597983.6737,1067678.2975230196
2016-07-05,1601269.6637,1068573.3332977977
2016-07-06,1600163.6437,1071711.9720571614
2016-07-07,1602755.0737,1069430.055611158
2016-07-08,1592878.2537,1063541.8429641176
2016-07-11,1595037.7937,1067223.066969267
2016-07-12,1629448.1637,1090495.163175368
2016-07-13,1642206.9137,1093722.0894762601
2016-07-14,1634178.8537,1091688.344312085
2016-07-15,1640163.1037,1091526.3616604204
2016-07-18,1647483.2937,1086777.0582990972
2016-07-19,1638784.3637,1082183.4075392913
2016-07-20,1632993.4237,1078642.244222665
2016-07-21,1638606.8337,1083612.1998057023
2016-07-22,1627287.5737,1074496.7276972358
2016-07-25,1629694.2137,1076403.3721176628
2016-07-26,1647424.3437,1089297.7508998679
2016-07-27,1650980.6337,1072191.556645954
2016-07-28,1658991.9837,1073155.5566512847
2016-07-29,1652260.1737,1067423.1631860286
2016-08-01,1656015.8137,1058387.416393365
2016-08-02,1652126.8266,1062466.5673404073
2016-08-03,1646539.7066,1063950.597623367
2016-08-04,1644101.4366,1066543.0863192303
2016-08-05,1648395.7566,1067816.1926680708
2016-08-08,1654929.9166,1077502.2355071849
2016-08-09,1663278.1766,1085097.629362905
2016-08-10,1662949.1366,1080553.1864139813
2016-08-11,1673491.1466,1077228.0777036988
2016-08-12,1705491.4166,1097508.6588422814
2016-08-15,1742488.8966,1130554.918848758
2016-08-16,1723413.6866,1125497.9417342215
2016-08-17,1721898.0966,1123766.3398583943
2016-08-18,1717231.2866,1120913.652785423
2016-08-19,1718084.8266,1121091.7604069363
2016-08-22,1715381.4766,1111688.370964927
2016-08-23,1723769.7466,1113365.8009379143
2016-08-24,1720698.4066,1109378.968774863
2016-08-25,1714778.0066,1102418.9120576135
2016-08-26,1714089.3466,1101791.9372485478
2016-08-29,1711929.1766,1102022.1511775898
2016-08-30,1722621.9566,1103423.4243838869
2016-08-31,1727523.0066,1108689.5596817126
2016-09-01,1721888.2266,1099955.056643955
2016-09-02,1723005.8281,1104132.056839853
2016-09-05,1722712.0781,1105986.4616885383
2016-09-06,1743378.3781,1113631.030039087
2016-09-07,1743524.2081,1113028.4425811153
2016-09-08,1746972.9081,1112610.9257998192
2016-09-09,1736224.5981,1105441.3111066401
2016-09-12,1717231.9881,1086970.9910459784
2016-09-13,1719641.8681,1086214.283524946
2016-09-14,1710564.7481,1079016.9831913856
2016-09-19,1723004.5181,1087144.2012076413
2016-09-20,1718559.4681,1085238.2564243358
2016-09-21,1718305.0781,1088314.2943193472
2016-09-22,1724288.1081,1096471.663363936
2016-09-23,1721587.7781,1091322.800574103
2016-09-26,1698509.6781,1072871.470663883
2016-09-27,1706211.1281,1079691.5333247164
2016-09-28,1700226.1781,1076405.1711845463
2016-09-29,1703209.6481,1080901.8389128847
2016-09-30,1706108.2681,1083866.1014487161
2016-10-10,1724745.4581,1097387.1218794528
2016-10-11,1727213.4462,1101614.3959999422
2016-10-12,1722322.3862,1099433.0607191746
2016-10-13,1722454.9462,1100311.1386227687
2016-10-14,1728825.2862,1101378.11854918
2016-10-17,1715421.7762,1092059.818307572
2016-10-18,1735634.4662,1106536.8762068748
2016-10-19,1733783.7062,1104840.5227155522
2016-10-20,1731406.5262,1105628.0142699329
2016-10-21,1743384.6862,1108671.6356449795
2016-10-24,1761772.5462,1121944.01836914
2016-10-25,1755156.6362,1121903.006307396
2016-10-26,1745667.6262,1117687.0596450649
2016-10-27,1742615.7562,1114653.5330342005
2016-10-28,1738762.5062,1112798.2286520733
2016-10-31,1731651.4762,1111516.0936527594
2016-11-01,1738443.4962,1119103.3917075018
2016-11-02,1724830.4099,1110541.4658263922
2016-11-03,1732443.1199,1121113.5157898108
2016-11-04,1728426.6099,1117478.7010470575
2016-11-07,1728088.3399,1118283.850109744
2016-11-08,1736152.9999,1123123.3733436929
2016-11-09,1722452.6999,1117105.4946167925
2016-11-10,1738020.5299,1129618.0714269537
2016-11-11,1743850.9599,1138483.2067101202
2016-11-14,1747564.3999,1142823.3223034989
2016-11-15,1746754.3799,1142697.2210413537
2016-11-16,1750165.7699,1142604.7356770958
2016-11-17,1749708.4899,1144917.8359490882
2016-11-18,1743741.6199,1138561.2662232525
2016-11-21,1758833.3099,1146442.2452887772
2016-11-22,1770173.0399,1155521.9026398312
2016-11-23,1779565.4499,1157642.5360712914
2016-11-24,1778582.2999,1162310.5482623016
2016-11-25,1804148.5499,1173157.6555626483
2016-11-28,1809126.4799,1177749.3739913567
2016-11-29,1822687.1699,1187397.6031098538
2016-11-30,1807000.4099,1178722.3026990003
2016-12-01,1815496.3099,1187729.2977375737
2016-12-02,1801263.1822,1175708.432559646
2016-12-05,1802479.2222,1155869.588973186
2016-12-06,1797473.2422,1152453.3608568357
2016-12-07,1798636.2222,1157981.8267591877
2016-12-08,1793119.2222,1156114.5619138875
2016-12-09,1804248.2822,1163963.091143394
2016-12-12,1767511.2622,1135804.0296432918
2016-12-13,1758608.1622,1134423.4457061605
2016-12-14,1751461.1622,1125731.2207401763
2016-12-15,1732637.0822,1112900.7088323524
2016-12-16,1735601.0422,1114765.3083933801
2016-12-19,1731628.0222,1109085.6542406676
2016-12-20,1718857.9822,1102449.5628267478
2016-12-21,1730894.0022,1112268.4367707954
2016-12-22,1726692.0022,1111314.2650012197
2016-12-23,1715544.9822,1101961.4826443356
2016-12-26,1718728.0022,1106892.7582893677
2016-12-27,1712953.9622,1104888.6644127253
2016-12-28,1708647.9422,1100059.002730584
2016-12-29,1706909.9222,1098685.0820041343
2016-12-30,1713580.9422,1102788.2871417364
2017-01-03,1722211.9822,1113498.1989341532
2017-01-04,1726073.2058,1122188.5248850936
2017-01-05,1724386.2258,1122014.4485060421
2017-01-06,1715460.2258,1115310.3590271182
2017-01-09,1721901.2258,1120719.186981686
2017-01-10,1721653.2258,1118843.5598069804
2017-01-11,1709089.2058,1110922.268316833
2017-01-12,1703213.2058,1105301.4169983836
2017-01-13,1710373.2058,1106063.7216163888
2017-01-16,1726790.2858,1105908.2355951383
2017-01-17,1722423.2658,1108210.6414139867
2017-01-18,1723424.2658,1112544.726801699
2017-01-19,1719972.2858,1109187.7346283062
2017-01-20,1729582.2858,1117716.6443004895
2017-01-23,1733156.3058,1120778.955981498
2017-01-24,1733839.3258,1120902.258695157
2017-01-25,1739584.3458,1124718.046240017
2017-01-26,1744268.3858,1128734.7629029746
2017-02-03,1737763.3258,1120916.0515412677
2017-02-06,1737161.4709,1123818.81264251
2017-02-07,1732499.4509,1121313.3787941993
2017-02-08,1740940.4709,1127177.970359374
2017-02-09,1744186.4709,1131510.5898407362
2017-02-10,1750096.5109,1137239.0853277436
2017-02-13,1759187.5509,1144831.21421023
2017-02-14,1757065.5509,1144674.3622307898
2017-02-15,1764946.6909,1139979.7638291607
2017-02-16,1772151.6909,1146383.1092939796
2017-02-17,1758700.6309,1139889.4106923207
2017-02-20,1779253.6309,1156531.0125814746
2017-02-21,1783590.6509,1160339.1707501044
2017-02-22,1783215.6509,1162649.205945183
2017-02-23,1778021.6709,1157174.3455727631
2017-02-24,1777047.6509,1157350.2876508052
2017-02-27,1767130.6109,1148145.428571048
2017-02-28,1769213.6109,1150340.123589232
2017-03-01,1771925.6309,1152214.9178626025
2017-03-02,1762103.9236,1144438.5178887222
2017-03-03,1756839.9236,1142028.601165529
2017-03-06,1761873.9236,1148232.4501025474
2017-03-07,1763000.9236,1150721.992193383
2017-03-08,1763041.9236,1148981.1617707622
2017-03-09,1749635.9236,1141722.4266347194
2017-03-10,1745097.9236,1142038.1961889106
2017-03-13,1754080.9236,1152101.7765452324
2017-03-14,1752941.9236,1151633.819259078
2017-03-15,1756984.9236,1153949.3516029688
2017-03-16,1763479.9236,1159900.5982230555
2017-03-17,1747655.9236,1148006.2674159675
2017-03-20,1743906.9236,1149274.7761494378
2017-03-21,1742388.9236,1154849.9511586663
2017-03-22,1728382.9236,1149420.5671991466
2017-03-23,1733227.9236,1153394.5060495294
2017-03-24,1740614.9236,1162596.8997413348
2017-03-27,1738386.9236,1158745.1641748485
2017-03-28,1729949.9236,1156003.5195078824
2017-03-29,1722434.9236,1154465.6504826166
2017-03-30,1718268.9236,1144992.1307481856
2017-03-31,1724621.9236,1151417.9645490544
2017-04-05,1750473.9236,1167358.929835059
2017-04-06,1755286.3078,1170741.7419498423
2017-04-07,1757020.3078,1171879.9849144914
2017-04-10,1746222.3078,1167774.0478605102
2017-04-11,1743202.3078,1171834.8749781784
2017-04-12,1745353.3078,1169206.4715767428
2017-04-13,1749805.3078,1170914.752215185
2017-04-14,1739536.3078,1161565.7012562824
2017-04-17,1734342.3078,1159379.23530329
2017-04-18,1716063.3078,1153649.2739099327
2017-04-19,1701763.3078,1148029.9218138864
2017-04-20,1697628.3078,1153251.2137038263
2017-04-21,1710304.3078,1154996.441845497
2017-04-24,1705019.3078,1143159.9810231766
2017-04-25,1704312.3078,1146396.8355079836
2017-04-26,1696186.3078,1147799.0748798298
2017-04-27,1696378.3078,1148311.1426206948
2017-04-28,1700087.3078,1145989.9465477248
2017-05-02,1692469.3078,1141600.0900866091
2017-05-03,1682935.7767,1137119.6139602268
2017-05-04,1678772.7767,1134207.1912034967
2017-05-05,1674080.7767,1126932.2311494448
2017-05-08,1679379.7767,1119023.7663398592
2017-05-09,1674132.7767,1116931.4848698485
2017-05-10,1667577.7767,1111990.1477766873
2017-05-11,1668827.7767,1118301.940726744
2017-05-12,1679714.7767,1127874.5757200608
2017-05-15,1684138.7767,1132477.188498233
2017-05-16,1684133.7767,1142290.5652934685
2017-05-17,1678710.7767,1136065.960455178
2017-05-18,1670205.7767,1132117.0419609037
2017-05-19,1668791.7767,1134028.2173645943
2017-05-22,1661510.7767,1136490.1071311021
2017-05-23,1670165.7767,1140806.3017981348
2017-05-24,1671540.7767,1140797.2731476617
2017-05-25,1698009.7767,1161283.714180246
2017-05-26,1702958.7767,1159543.4168144793
2017-05-31,1715310.7767,1163691.2654636467
2017-06-01,1719371.7767,1165308.3267478605
2017-06-02,1704091.7249,1161566.667421831
2017-06-05,1695748.7849,1155651.868564172
2017-06-06,1695863.8849,1163690.2992980978
2017-06-07,1707608.4949,1177346.61622172
2017-06-08,1710549.4549,1186377.5321866393
2017-06-09,1704572.6849,1191438.8070720653
2017-06-12,1700309.6449,1190845.4814769407
2017-06-13,1703109.6849,1193470.1201643413
2017-06-14,1696439.7749,1177822.0029877834
2017-06-15,1697239.9049,1175654.427237073
2017-06-16,1693744.1849,1172312.3273395533
2017-06-19,1708193.7549,1183941.0292528276
2017-06-20,1705639.2449,1181551.8351148537
2017-06-21,1709800.2349,1195365.0040179158
2017-06-22,1714300.9549,1196160.424793007
2017-06-23,1715582.7949,1207001.6684679543
2017-06-26,1726802.3349,1222063.4564206027
2017-06-27,1721835.1949,1224270.0785859064
2017-06-28,1715410.8049,1214758.8117629653
2017-06-29,1715503.7049,1222308.6625736782
2017-06-30,1722662.1549,1221632.2800574098
2017-07-03,1722164.3249,1216317.903114251
2017-07-04,1712206.5694,1206035.8360796864
2017-07-05,1716921.9194,1219260.776743795
2017-07-06,1718182.8594,1219399.771318609
2017-07-07,1725693.2994,1218011.3581089268
2017-07-10,1724402.6194,1217264.2456112758
2017-07-11,1740439.6594,1222968.5536435097
2017-07-12,1743998.7594,1218975.624642685
2017-07-13,1768797.8494,1228336.4028523872
2017-07-14,1779288.6294,1233724.7747501628
2017-07-17,1790639.0494,1220552.7732949175
2017-07-18,1784295.2894,1221759.8805419586
2017-07-19,1813421.1394,1242604.3692005079
2017-07-20,1814639.0194,1248647.135019303
2017-07-21,1810004.1994,1242221.5677468618
2017-07-24,1818105.1394,1247175.9980490117
2017-07-25,1816894.2594,1239210.2629436196
2017-07-26,1818495.2894,1234489.178279532
2017-07-27,1814356.8294,1236756.7688225703
2017-07-28,1810526.3094,1239987.3265732836
2017-07-31,1809387.9494,1245311.8315966784
2017-08-01,1826054.6094,1256142.7472950695
2017-08-02,1816042.0984,1252967.6274572252
2017-08-03,1807981.4884,1241964.634342987
2017-08-04,1805154.5084,1235219.1996417856
2017-08-07,1807319.9184,1241620.9459360412
2017-08-08,1810576.3484,1243426.0430256838
2017-08-09,1799589.6984,1243036.6116774096
2017-08-10,1796843.5484,1237998.1582885673
2017-08-11,1784234.1784,1215153.1738871436
2017-08-14,1792329.1084,1230922.5948141562
2017-08-15,1793904.4184,1234711.7961483973
2017-08-16,1791720.2084,1233167.2972285037
2017-08-17,1800054.2084,1239782.632741151
2017-08-18,1796506.0584,1240914.6456038128
2017-08-21,1802839.8484,1246351.5923074558
2017-08-22,1800652.7084,1250117.605668526
2017-08-23,1804386.4984,1251380.4173568634
2017-08-24,1797439.1984,1244236.5892890212
2017-08-25,1823223.4384,1264595.5631012707
2017-08-28,1836327.1284,1280239.9488798468
2017-08-29,1837577.2484,1277516.5947262014
2017-08-30,1834214.8684,1277437.6023635732
2017-08-31,1824920.9884,1273370.478511811
2017-09-01,1820131.5684,1276184.1858022965
2017-09-04,1815350.7563,1281207.5803349987
2017-09-05,1813561.8163,1285015.6385554685
2017-09-06,1824205.0263,1282484.7845584082
2017-09-07,1818436.1063,1275961.9677260718
2017-09-08,1815823.5163,1274668.7051649203
2017-09-11,1817658.1463,1274554.0313090936
2017-09-12,1812475.1363,1278648.1744801688
2017-09-13,1814556.3763,1280204.700495342
2017-09-14,1823584.0563,1275989.986526987
2017-09-15,1823953.7063,1276436.7881192279
2017-09-18,1825200.6063,1280383.5077539773
2017-09-19,1822652.4063,1276709.8464929513
2017-09-20,1824163.1863,1280147.7966761228
2017-09-21,1812721.7063,1278609.3612779493
2017-09-22,1815526.5863,1278580.3096793785
2017-09-25,1807659.2463,1271937.455106617
2017-09-26,1805594.2763,1272933.6384195387
2017-09-27,1803742.8263,1273073.0327869933
2017-09-28,1794663.6163,1273519.001477899
2017-09-29,1794668.9663,1278170.8220669536
2017-10-09,1804512.8963,1293398.3573853017
2017-10-10,1811104.4162,1295949.0677501922
2017-10-11,1817374.9862,1300221.218594621
2017-10-12,1813627.3162,1303641.7111658074
2017-10-13,1815199.4662,1306323.0204600536
2017-10-16,1810097.8762,1303805.8260448903
2017-10-17,1808866.4762,1303680.0912593324
2017-10-18,1812952.9862,1314039.3182735876
2017-10-19,1804416.0662,1309737.1829810927
2017-10-20,1811307.5962,1308272.1095325213
2017-10-23,1803749.2962,1309586.7943160138
2017-10-24,1816282.7962,1319114.2527409107
2017-10-25,1817019.2062,1324962.4528078092
2017-10-26,1822156.8062,1330501.6464793584
2017-10-27,1818881.8062,1339960.8736268778
2017-10-30,1817430.2962,1335881.0563587674
2017-10-31,1816952.1262,1334880.2754304758
2017-11-01,1819127.1762,1331516.7533106154
2017-11-02,1813519.5782,1331687.398136166
2017-11-03,1812242.5882,1330209.3647428192
2017-11-06,1811393.8082,1339601.726571151
2017-11-07,1827046.6582,1350714.9291900594
2017-11-08,1830493.0582,1348635.7409290376
2017-11-09,1826887.1282,1357928.9541824302
2017-11-10,1819099.4282,1369926.5314390264
2017-11-13,1826648.5882,1375311.1053067138
2017-11-14,1812457.4082,1365741.9684990044
2017-11-15,1809725.5682,1357185.939559348
2017-11-16,1785934.5582,1367628.0569144797
2017-11-17,1806322.7582,1372904.8533493953
2017-11-20,1803938.2382,1380561.748639705
2017-11-21,1821615.8682,1405171.6842864158
2017-11-22,1841345.2282,1408458.3462710665
2017-11-23,1818153.2382,1366756.642221567
2017-11-24,1821459.6882,1367358.596674524
2017-11-27,1814967.0182,1349282.6720540938
2017-11-28,1806622.9882,1351240.323352287
2017-11-29,1798963.1182,1350550.4811504425
2017-11-30,1800585.2782,1334674.1823241003
2017-12-01,1804185.2082,1332021.2916234105
2017-12-04,1789556.9904,1338924.5777856542
2017-12-05,1786795.0404,1346025.328196441
2017-12-06,1783509.0404,1337913.1024042186
2017-12-07,1781555.5904,1322999.4376250175
2017-12-08,1785476.3404,1333767.9523553774
2017-12-11,1787311.3404,1355796.6934483305
2017-12-12,1775381.0904,1337978.1353404692
2017-12-13,1779291.7904,1349331.0469636407
2017-12-14,1779642.9404,1341354.8173014256
2017-12-15,1773990.5404,1326264.0443823128
2017-12-18,1769956.5404,1327741.8112472324
2017-12-19,1774318.6904,1344412.49805101
2017-12-20,1764997.5404,1342800.1343303265
2017-12-21,1763621.9904,1355246.5787744748
2017-12-22,1759725.5404,1350832.1683819983
2017-12-25,1752715.5404,1346481.6581799565
2017-12-26,1761295.1404,1350507.0037007465
2017-12-27,1757460.1404,1329712.822282842
2017-12-28,1755047.2904,1338938.0041551774
2017-12-29,1759872.4404,1342921.7712413152
2018-01-02,1776701.8404,1361760.7667489785
2018-01-03,1786074.1005,1369753.7210700042
2018-01-04,1785754.4005,1375557.1776771774
2018-01-05,1793198.9505,1378868.3269610822
2018-01-08,1800379.2005,1386000.9608349795
2018-01-09,1797524.2005,1395708.6591088083
2018-01-10,1795724.3505,1401877.292977375
2018-01-11,1798076.0505,1401135.3777840554
2018-01-12,1796400.0005,1407603.5896048578
2018-01-15,1784171.0505,1407682.9817601265
2018-01-16,1802201.4005,1418755.1390012377
2018-01-17,1809946.6505,1415304.7286140919
2018-01-18,1818829.8005,1423067.5023221287
2018-01-19,1824703.8505,1427724.4868994614
2018-01-22,1835174.3005,1444783.1058291097
2018-01-23,1853138.6005,1460113.6543845923
2018-01-24,1858002.7505,1462536.5310525603
2018-01-25,1855532.0005,1454272.1841604817
2018-01-26,1865299.4005,1459676.1146551988
2018-01-29,1849909.7505,1433262.647773355
2018-01-30,1837428.4505,1417965.2486910124
2018-01-31,1828875.9505,1424560.6612037225
2018-02-01,1819291.4505,1414565.5786532052
2018-02-02,1813103.6245,1423006.1341517535
2018-02-05,1804490.6245,1423976.8973159255
2018-02-06,1784315.6245,1382244.9422899324
2018-02-07,1780105.6245,1349465.810399673
2018-02-08,1770498.6245,1336655.7878646944
2018-02-09,1736701.6245,1279553.9047080914
2018-02-12,1741911.6245,1296029.326122851
2018-02-13,1747478.6245,1311197.3922858678
2018-02-14,1752118.6245,1321634.9786577362
2018-02-22,1762449.6245,1350210.7573538525
2018-02-23,1766083.6245,1356326.1521690749
2018-02-26,1789410.6245,1372094.5402984316
2018-02-27,1786655.6245,1352292.1444743993
2018-02-28,1783885.6245,1340518.551044858
2018-03-01,1786474.6245,1348995.7542021538
2018-03-02,1782474.4453,1338126.291829971
2018-03-05,1786933.4453,1338671.342463709
2018-03-06,1793940.4453,1354818.867280837
2018-03-07,1790282.4453,1344853.669230226
2018-03-08,1802032.4453,1358495.4270385092
2018-03-09,1807508.4453,1368911.7244522506
2018-03-12,1811336.4453,1375175.4756532942
2018-03-13,1803869.4453,1363044.1344422693
2018-03-14,1795772.4453,1357077.6957018294
2018-03-15,1792504.4453,1364679.7527682309
2018-03-16,1789911.4453,1351439.919828249
2018-03-19,1790602.4453,1357378.606296201
2018-03-20,1792598.4453,1358530.0757340528
2018-03-21,1789266.4453,1352981.6535157103
2018-03-22,1782738.4453,1339421.619986434
2018-03-23,1754310.4453,1300970.396687585
2018-03-26,1756269.4453,1292627.2240131453
2018-03-27,1765753.4453,1303746.756682201
2018-03-28,1758900.4453,1280241.1482577706
2018-03-29,1762477.4453,1297343.7110618625
2018-03-30,1771928.4453,1298825.575801351
2018-04-02,1769971.4453,1294967.9766094654
2018-04-03,1755856.1905,1286825.7663691766
2018-04-04,1744392.1905,1284288.0492651148
2018-04-09,1735504.1905,1283643.9500045977
2018-04-10,1745213.1905,1308379.0207479056
2018-04-11,1748152.1905,1312100.5904937307
2018-04-12,1734318.1905,1298871.4520068928
2018-04-13,1729396.1905,1289712.5024487302
2018-04-16,1709232.1905,1268962.8312781772
2018-04-17,1700870.1905,1248899.3042275407
2018-04-18,1705051.1905,1254776.5225769568
2018-04-19,1710293.1905,1269955.6496697047
2018-04-20,1698230.1905,1252968.2271461869
2018-04-23,1698727.1905,1254791.0816922954
2018-04-24,1716931.1905,1280498.7146666595
2018-04-25,1706088.1905,1275572.236533318
2018-04-26,1699868.1905,1251182.4200514664
2018-04-27,1709238.1905,1251642.9811737644
2018-05-02,1708103.1905,1253898.3447252025
2018-05-03,1712645.1019,1263677.9390422837
2018-05-04,1710452.1019,1257547.1188943337
2018-05-07,1717798.1019,1277400.0218553313
2018-05-08,1723337.1019,1292222.0008555565
2018-05-09,1722619.1019,1289869.3877442237
2018-05-10,1725195.1019,1297012.7827033717
2018-05-11,1720172.1019,1290276.8763934444
2018-05-14,1723017.1019,1302422.2436629543
2018-05-15,1731958.1019,1307354.4188414284
2018-05-16,1725973.1019,1296942.052721989
2018-05-17,1728702.1019,1287349.1948842541
2018-05-18,1738720.1019,1300346.786799914
2018-05-21,1746650.1019,1306403.1122524457
2018-05-22,1743885.1019,1301394.3767832422
2018-05-23,1735472.1019,1284194.7643155756
2018-05-24,1728366.1019,1275077.6597204923
2018-05-25,1729661.1019,1271506.5119557995
2018-05-28,1719572.1019,1277090.9155118216
2018-05-29,1720902.1019,1267345.7699939637
2018-05-30,1688152.1019,1240480.7373242418
2018-05-31,1700915.6362,1266801.5855776141
2018-06-01,1695769.6362,1256211.4783132488
2018-06-04,1694521.7325,1268534.7533079516
2018-06-05,1694640.7325,1281107.6654908326
2018-06-06,1692851.7325,1278453.9418888073
2018-06-07,1692858.4825,1276342.2704757138
2018-06-08,1673759.9825,1259218.8518221888
2018-06-11,1674810.7325,1259340.7552616047
2018-06-12,1675621.7325,1274656.6780696418
2018-06-13,1667415.0925,1262125.0777929854
2018-06-14,1668044.5925,1257136.4652200397
2018-06-15,1666432.4225,1250496.0094031233
2018-06-19,1629930.1125,1206413.1403845209
2018-06-20,1625694.5425,1211186.331356137
2018-06-21,1610538.4425,1197034.1382936055
2018-06-22,1605143.6625,1202344.5839424622
2018-06-25,1588212.2725,1186210.6520751242
2018-06-26,1574151.1725,1176426.8932513674
2018-06-27,1560784.3325,1152489.6087229429
2018-06-28,1553688.9493,1140583.583981109
2018-06-29,1569421.6293,1169721.4711303078
2018-07-02,1542112.5593,1135399.0396980771
2018-07-03,1546019.0543,1135837.5789090728
2018-07-04,1542123.1043,1120667.8469433857
2018-07-05,1538416.9643,1113568.3958586815
2018-07-06,1537730.0743,1121126.0759419447
2018-07-09,1561777.2743,1152463.4889370713
2018-07-10,1559545.8143,1155239.315874833
2018-07-11,1549116.3143,1135254.414710237
2018-07-12,1565052.9743,1159750.4427703498
2018-07-13,1560177.1543,1163626.3657916093
2018-07-16,1550460.1943,1156761.9927797448
2018-07-17,1544722.0843,1149196.3834757705
2018-07-18,1544305.8983,1143181.3032973562
2018-07-19,1540824.6483,1142188.584853989
2018-07-20,1553038.694,1163694.3638566132
2018-07-23,1554444.914,1174640.852944273
2018-07-24,1564987.394,1193282.9838923546
2018-07-25,1556918.584,1191965.8337209104
2018-07-26,1548731.294,1178137.4726974946
2018-07-27,1542461.214,1173133.8345844625
2018-07-30,1549590.134,1171085.7302012693
2018-07-31,1555502.574,1171944.4181617803
2018-08-01,1540998.504,1148533.6938574528
2018-08-02,1510779.6775,1123070.1342903483
2018-08-03,1502734.4675,1104521.7547165537
2018-08-06,1480415.0075,1090525.3142036998
2018-08-07,1507708.2475,1122374.3618309968
2018-08-08,1498423.5475,1104263.0888779021
2018-08-09,1510552.7675,1131922.8426855938
2018-08-10,1509592.8175,1134417.981873402
2018-08-13,1509404.3375,1129528.8510359295
2018-08-14,1511846.1775,1123721.729662882
2018-08-15,1493874.9575,1096756.4823045118
2018-08-16,1486819.9236,1091676.317216804
2018-08-17,1473569.3736,1075981.857409957
2018-08-20,1479750.543,1088518.6883069987
2018-08-21,1496129.463,1108308.1241862557
2018-08-22,1490561.303,1102079.8878981436
2018-08-23,1491218.973,1106101.5353370055
2018-08-24,1493176.173,1107870.2846123814
2018-08-27,1511543.563,1134935.84660756
2018-08-28,1514388.4735,1132802.6197079122
2018-08-29,1509435.7435,1128272.6692422202
2018-08-30,1498410.5735,1116452.3333897488
2018-08-31,1500704.5035,1110925.0002332127
2018-09-03,1496672.7135,1106700.9244538501
2018-09-04,1506443.5159,1120718.1875000836
2018-09-05,1491799.5059,1098810.483629158
2018-09-06,1488579.0259,1087063.1099336478
2018-09-07,1489134.5959,1091981.5588981183
2018-09-10,1479500.8859,1076131.2132773804
2018-09-11,1475362.7359,1074180.0586096013
2018-09-12,1477784.1159,1066788.2924723048
2018-09-13,1486805.7059,1078296.1237438184
2018-09-14,1484515.7159,1080136.5025340193
2018-09-17,1476028.5359,1067753.6584358248
2018-09-18,1491078.5059,1089245.6779083915
2018-09-19,1498766.3559,1103588.3721643041
2018-09-20,1499679.0759,1102803.2793657687
2018-09-21,1525518.4859,1136239.2039328935
2018-09-25,1516722.1759,1126017.4056389418
2018-09-26,1524058.6459,1138489.936552908
2018-09-27,1523042.4759,1133941.9287862696
2018-09-28,1536720.9059,1145694.0666774167
2018-10-08,1502574.9159,1096397.6017772118
2018-10-09,1500299.6275,1095661.916685879
2018-10-10,1506649.2475,1093298.8756498296
2018-10-11,1434310.8275,1040831.4554184561
2018-10-12,1426178.6475,1056360.8341806717
2018-10-15,1411951.9875,1041610.2847989508
2018-10-16,1396749.7275,1033122.087344031
2018-10-17,1397842.7675,1038876.602668749
2018-10-18,1352837.1875,1014271.1980053012
2018-10-19,1369051.7675,1044440.1170592852
2018-10-22,1419094.9675,1089525.9658657045
2018-10-23,1400777.4275,1060591.8063830892
2018-10-24,1405135.0075,1062183.0144098592
2018-10-25,1411638.6475,1064217.4925272092
2018-10-26,1419544.4675,1057329.9315421735
2018-10-29,1408001.4075,1025097.9491970164
2018-10-30,1422195.7475,1036216.0492757757
2018-10-31,1429855.7075,1050729.488305399
2018-11-01,1432610.5475,1058462.2775653694
2018-11-02,1449267.5991,1096179.9480003037
2018-11-05,1441506.5991,1087047.8844972404
2018-11-06,1440562.5991,1080489.7193322394
2018-11-07,1434890.5991,1073413.2896404397
2018-11-08,1435896.5991,1070369.4017369656
2018-11-09,1414342.5991,1055267.4013078546
2018-11-12,1423859.5991,1067826.3873804116
2018-11-13,1432916.5991,1078568.0160556724
2018-11-14,1428446.5991,1067760.421594666
2018-11-15,1441629.5991,1080230.2205922527
2018-11-16,1444721.5991,1085328.2430845865
2018-11-19,1453775.5991,1097631.7283435655
2018-11-20,1433808.5991,1072246.3948698607
2018-11-21,1435701.5991,1074939.7312593865
2018-11-22,1433902.5991,1070920.3159961032
2018-11-23,1413240.5991,1047281.8764667391
2018-11-26,1415303.5991,1046538.3287868024
2018-11-27,1410478.5991,1045204.9870134024
2018-11-28,1421918.5991,1059094.882787461
2018-11-29,1414765.5991,1045342.5489979198
2018-11-30,1421881.5991,1057015.094837478
2018-12-03,1443464.5991,1086419.9102065733
2018-12-04,1445883.6013,1088671.8422045102
2018-12-05,1440981.6013,1083439.4227527326
2018-12-06,1426060.6013,1060007.8759150258
2018-12-07,1422268.9245,1059971.7613131327
2018-12-10,1410384.8845,1047710.9539185681
2018-12-11,1402494.5645,1052725.9194897583
2018-12-12,1400556.8845,1056321.8543981859
2018-12-13,1408575.7645,1072674.439524034
2018-12-14,1389230.1645,1054756.5662609665
2018-12-17,1388937.0045,1053185.9475552018
2018-12-18,1374387.2845,1042268.2435376856
2018-12-19,1368971.9245,1029841.022456353
2018-12-20,1352527.8845,1021942.2526183091
2018-12-21,1350913.7245,1009274.8894240191
2018-12-24,1351670.4845,1012207.7016054345
2018-12-25,1346923.0845,1005239.115978513
2018-12-26,1348147.9245,1000158.8176265917
2018-12-27,1351263.0445,996318.4761503707
2018-12-28,1362608.6845,1003030.9612747525
2019-01-02,1347994.4045,989331.966486716
2019-01-03,1349545.3714,987768.3774682202
2019-01-04,1373056.3714,1011433.4365242566
2019-01-07,1376781.3714,1017573.2186905728
2019-01-08,1370268.3714,1015374.5257459801
2019-01-09,1374148.3714,1025626.6749645852
2019-01-10,1367744.3714,1023697.842052589
2019-01-11,1373755.3714,1031057.9579391492
2019-01-14,1360514.3714,1022064.7224306329
2019-01-15,1370175.3714,1042122.9522287776
2019-01-16,1369274.3714,1042343.2712899578
2019-01-17,1367060.3714,1036601.2828013207
2019-01-18,1385315.3714,1055510.5085495657
2019-01-21,1389012.3714,1061328.3243757575
2019-01-22,1377853.3714,1047229.2037863034
2019-01-23,1378152.3714,1046474.9616532229
2019-01-24,1385241.3714,1052381.398181477
2019-01-25,1393960.3714,1060939.5926646052
2019-01-28,1393681.3714,1060709.0788910824
2019-01-29,1399123.3714,1064104.6843703736
2019-01-30,1396478.3714,1055613.4551545938
2019-01-31,1402333.3714,1066657.79349111
2019-02-01,1410819.3714,1081904.552172274
2019-02-11,1421189.7672,1101586.1439866528
2019-02-12,1428266.7672,1109536.2871790505
2019-02-13,1446201.7672,1131755.5294653845
2019-02-14,1444717.7672,1133458.8793279224
2019-02-15,1433175.7672,1112324.6409528928
2019-02-18,1457409.7672,1147986.177835763
2019-02-19,1451840.7672,1145941.5716381776
2019-02-20,1452340.7672,1150045.9428376486
2019-02-21,1441072.7672,1146973.6363406184
2019-02-22,1462765.7672,1172764.4595003396
2019-02-25,1548391.7672,1242516.5813997812
2019-02-26,1540908.7672,1227594.4543430146
2019-02-27,1557360.7672,1225495.076553628
2019-02-28,1548967.7672,1222489.3688473583
2019-03-01,1570145.7672,1249256.8187966512
2019-03-04,1584013.9637,1264045.7149558433
2019-03-05,1591989.9637,1271344.9957288825
2019-03-06,1617674.9637,1282031.8194962884
2019-03-07,1624241.9637,1268958.4002430746
2019-03-08,1556786.9637,1218560.9730419829
2019-03-11,1588465.9637,1242673.6665915952
2019-03-12,1599347.9637,1251135.0446235228
2019-03-13,1576091.9637,1240754.4953350872
2019-03-14,1566414.9637,1232189.5043770638
2019-03-15,1581472.9637,1247687.8658935574
2019-03-18,1620653.9637,1283250.387465702
2019-03-19,1619675.9637,1277325.0274191129
2019-03-20,1613742.9637,1277817.138843987
2019-03-21,1615495.9637,1278300.7546752426
2019-03-22,1629650.9637,1277271.2886249672
2019-03-25,1612099.9637,1246961.6425613924
2019-03-26,1593810.9637,1232840.1669001018
2019-03-27,1605719.9637,1247149.07867786
2019-03-28,1596100.9637,1242154.1693708207
2019-03-29,1633405.9637,1290111.2622919588
2019-04-01,1682547.9637,1323955.9748343867
2019-04-02,1688289.5724,1323075.4981749475
2019-04-03,1703457.5724,1340023.8409678189
2019-04-04,1716929.5724,1353375.016158287
2019-04-08,1722005.5724,1351708.44721871
2019-04-09,1713487.5724,1357772.4686795792
2019-04-10,1715015.5724,1361242.9686469296
2019-04-11,1700440.5724,1331835.1548330276
2019-04-12,1710261.5724,1328849.7032872292
2019-04-15,1708351.5724,1324487.8323109758
2019-04-16,1749036.5724,1361223.678652007
2019-04-17,1747745.5724,1361706.9946387818
2019-04-18,1730716.5724,1356654.7817198825
2019-04-19,1736767.5724,1372823.8953396182
2019-04-22,1710780.5724,1341174.6774006558
2019-04-23,1705752.5724,1338973.9521768051
2019-04-24,1703052.5724,1342666.503640113
2019-04-25,1682453.5724,1313257.5237643418
2019-04-26,1659880.5724,1295752.869511681
2019-04-29,1671239.5724,1299437.3251740108
2019-04-30,1681221.5724,1303727.466687279
2019-05-06,1633772.5724,1227568.9009300517
2019-05-07,1641922.8432,1239579.8712401176
2019-05-08,1626328.8432,1221852.0660617368
2019-05-09,1613412.8432,1199278.0078066182
2019-05-10,1637186.8432,1242839.1474288676
2019-05-13,1617106.8432,1222274.5469349902
2019-05-14,1610629.8432,1214420.220712191
2019-05-15,1625329.0732,1241720.0611949272
2019-05-16,1633484.2632,1247340.8791973232
2019-05-17,1609090.9332,1215623.1301365031
2019-05-20,1610804.4232,1205305.6481371664
2019-05-21,1620339.2832,1221625.117105928
2019-05-22,1618445.5832,1215829.256558932
2019-05-23,1608504.9032,1194035.5602227647
2019-05-24,1609129.9232,1197350.274324384
2019-05-27,1620483.6232,1211770.528352628
2019-05-28,1633289.7232,1223452.2694229265
2019-05-29,1625691.4432,1220669.8792226436
2019-05-30,1633077.5832,1213098.5728735367
2019-05-31,1627911.9432,1209302.5417483468
2019-06-03,1634603.4932,1210043.2908797974
2019-06-04,1631221.9344,1198867.054287843
2019-06-05,1637030.9344,1198413.4229046537
2019-06-06,1631400.9344,1187609.95963427
2019-06-10,1645826.9344,1202957.2328485628
2019-06-11,1663661.0344,1239115.945196425
2019-06-12,1657451.5544,1229727.414714235
2019-06-13,1651392.1844,1227827.6000847563
2019-06-14,1644174.7044,1217661.7394444752
2019-06-17,1649600.4444,1217643.382299048
2019-06-18,1653311.5544,1221905.7382237748
2019-06-19,1661888.9144,1238003.9219658072
2019-06-20,1681745.0044,1275511.2015234767
2019-06-21,1680084.1044,1277316.9316181343
2019-06-24,1683439.2344,1279758.1987475832
2019-06-25,1668925.3644,1266446.4031322424
2019-06-26,1670928.7244,1264121.3423970772
2019-06-27,1672298.3644,1277609.7464115284
2019-06-28,1668912.6144,1274534.7079981188
2019-07-01,1683060.0344,1311257.0946535736
2019-07-02,1686205.6423,1311709.3600785732
2019-07-03,1687837.2723,1297171.9001744434
2019-07-04,1688565.7923,1290364.6975102252
2019-07-05,1685196.9423,1297061.4241413458
2019-07-08,1659122.1723,1266939.4474066123
2019-07-09,1654140.3423,1263721.1166474994
2019-07-10,1645642.2623,1261591.9876224203
2019-07-11,1645186.5923,1261086.2499317026
2019-07-12,1654624.9923,1268918.8874037338
2019-07-15,1655465.5123,1274068.4498306885
2019-07-16,1660453.8923,1268290.4800043716
2019-07-17,1653739.1823,1267555.361285947
2019-07-18,1648528.7123,1255482.7895931315
2019-07-19,1657406.2323,1268660.3548292958
2019-07-22,1651275.4823,1259907.5945942712
2019-07-23,1660768.0123,1262649.6057378247
2019-07-24,1667386.9423,1272617.435756655
2019-07-25,1677256.0823,1283023.3718777867
2019-07-26,1681027.5923,1285522.8421525375
2019-07-29,1685034.1423,1284090.7849128924
2019-07-30,1692576.2723,1289437.078635215
2019-07-31,1686652.5123,1277790.2194728341
2019-08-01,1677895.4723,1267165.8966216196
2019-08-02,1651676.067,1248498.4121568953
2019-08-05,1624510.507,1224594.310417664
2019-08-06,1592402.807,1211481.278376949
2019-08-07,1587897.787,1206517.8860564327
2019-08-08,1595942.537,1222463.8154343953
2019-08-09,1593117.627,1210548.662093928
2019-08-12,1603496.027,1232395.6974315995
2019-08-13,1596432.067,1221283.7275066671
2019-08-14,1598437.707,1226830.8503989272
2019-08-15,1593052.827,1230695.2127496547
2019-08-16,1589196.377,1236205.0216620986
2019-08-19,1610546.877,1263043.1016446145
2019-08-20,1606297.867,1261922.9492969653
2019-08-21,1604187.007,1259932.481686166
2019-08-22,1601849.757,1263846.518272523
2019-08-23,1600142.937,1272961.0242154407
2019-08-26,1585323.357,1254652.7534385503
2019-08-27,1602449.307,1271655.734559009
2019-08-28,1604900.067,1266871.0495489677
2019-08-29,1604263.967,1262740.6251957323
2019-08-30,1600067.157,1265872.2009517734
2019-09-02,1620061.567,1282108.2798388575
2019-09-03,1618545.683,1283870.965592513
2019-09-04,1638780.133,1294662.23518735
2019-09-05,1652959.353,1307762.7070759304
2019-09-06,1659712.773,1315486.8674780685
2019-09-09,1663818.013,1323629.6107752116
2019-09-10,1665666.533,1319070.8419233228
2019-09-11,1673919.583,1309354.1816311278
2019-09-12,1676478.023,1323440.2090115931
2019-09-16,1676750.753,1318554.5763597286
2019-09-17,1653229.803,1296401.1999109802
2019-09-18,1650723.513,1302685.5737490829
2019-09-19,1655142.813,1307449.302961531
2019-09-20,1658242.903,1311203.6223878553
2019-09-23,1643649.203,1296214.8965403282
2019-09-24,1642081.583,1299684.4969742368
2019-09-25,1639690.633,1289658.996866959
2019-09-26,1649223.253,1279715.8540437033
2019-09-27,1645574.823,1283552.0643293017
2019-09-30,1636471.513,1270850.252335789
2019-10-08,1647197.463,1278563.2185439821
2019-10-09,1654055.683,1280415.6244294632
2019-10-10,1656439.143,1290876.8318831972
2019-10-11,1669987.213,1303232.4900818116
2019-10-14,1692462.283,1317063.9161821406
2019-10-15,1691800.833,1311403.085599603
2019-10-16,1685522.583,1306883.9628512682
2019-10-17,1681367.763,1307728.9245977758
2019-10-18,1660647.883,1289123.9410492433
2019-10-21,1669320.683,1292942.660406803
2019-10-22,1668959.523,1297953.7613157984
2019-10-23,1674162.723,1289692.6793969534
2019-10-24,1677319.463,1289553.7514542462
2019-10-25,1677460.533,1298257.4038265494
2019-10-28,1676010.873,1308183.1556699267
2019-10-29,1663610.043,1302732.9824930811
2019-10-30,1660189.243,1296402.7657654905
2019-10-31,1653216.293,1294912.3388002764
2019-11-01,1666575.533,1316779.430402099
2019-11-04,1663887.7834,1325353.116850061
2019-11-05,1672269.8134,1333579.2502288818
2019-11-06,1670481.0134,1327605.2820603722
2019-11-07,1669824.5834,1329935.1736232813
2019-11-08,1658240.6934,1323650.3666764845
2019-11-11,1630038.6134,1300318.3348903044
2019-11-12,1626933.3134,1300555.0454497607
2019-11-13,1616597.4634,1299319.9194018045
2019-11-14,1615713.1234,1301277.4041197307
2019-11-15,1601984.1334,1291693.1085077215
2019-11-18,1613257.3634,1301967.7460623765
2019-11-19,1624100.5434,1314997.6878658948
2019-11-20,1618031.8534,1301946.0906276621
2019-11-21,1622532.0934,1295860.5469962922
2019-11-22,1630611.8834,1282666.3237334245
2019-11-25,1668174.2434,1292065.215508224
2019-11-26,1660590.0234,1296545.2918419656
2019-11-27,1659035.2934,1291203.1626263186
2019-11-28,1652322.3934,1286766.8969028075
2019-11-29,1649458.3434,1275561.941872816
2019-12-02,1644126.2834,1278023.431846683
2019-12-03,1642053.0005,1283030.3016168955
2019-12-04,1637274.5005,1282607.7541115351
2019-12-05,1643990.7505,1292450.9154585165
2019-12-06,1647985.5005,1300120.770693601
2019-12-09,1648605.5005,1297809.136327959
2019-12-10,1643049.5005,1299454.1164649278
2019-12-11,1646523.5005,1300242.0078119491
2019-12-12,1644150.5005,1296335.7005499823
2019-12-13,1665324.7505,1322054.6609825045
2019-12-16,1668811.2505,1328493.0882515612
2019-12-17,1687454.7505,1346568.1133385492
2019-12-18,1685002.2505,1343564.004802843
2019-12-19,1688293.5005,1341687.2781983751
2019-12-20,1685735.0005,1338390.0550247945
2019-12-23,1664927.5005,1321679.8886977294
2019-12-24,1672746.2505,1330296.0531137858
2019-12-25,1666429.0005,1329599.414437046
2019-12-26,1678208.0005,1341300.278922
2019-12-27,1683620.5005,1339980.9298910305
2019-12-30,1697950.2505,1359839.1634205733
2019-12-31,1696708.5005,1364819.4802962204
2020-01-02,1712855.8305,1383362.7625138436
2020-01-03,1715658.921,1380938.7197840062
2020-01-06,1711016.261,1375718.2607954014
2020-01-07,1716484.791,1386023.5824352442
2020-01-08,1706908.231,1370061.7946158599
2020-01-09,1713191.151,1387403.633315521
2020-01-10,1709600.991,1387008.9047147552
2020-01-13,1709440.011,1400602.987250613
2020-01-14,1708851.221,1395904.7240831093
2020-01-15,1695082.681,1388191.4580304355
2020-01-16,1687541.801,1382297.515022209
2020-01-17,1685165.021,1384233.0444609404
2020-01-20,1686333.061,1394553.4915890298
2020-01-21,1664188.201,1370725.217187353
2020-01-22,1660873.821,1376596.372015049
2020-01-23,1630895.121,1333941.8954702169
2020-02-03,1513191.021,1228815.2544880062
2020-02-04,1529866.2889,1261225.0446101963
2020-02-05,1543650.5089,1275514.1666522305
2020-02-06,1557900.4989,1299251.1550675726
2020-02-07,1553200.8889,1299282.5387898819
2020-02-10,1545683.6689,1304658.3838515766
2020-02-11,1550654.3989,1316805.1170792761
2020-02-12,1551799.4689,1327455.6596645217
2020-02-13,1536315.0489,1319288.6622804983
2020-02-14,1540933.5389,1328555.6557998594
2020-02-17,1571081.1989,1358436.790784514
2020-02-18,1564409.8789,1351802.4651214248
2020-02-19,1560583.5989,1349736.8364941394
2020-02-20,1573651.9689,1380835.8398110855
2020-02-21,1568956.6689,1382446.404464885
2020-02-24,1556738.0189,1376898.7818318242
2020-02-25,1555865.5389,1373905.501013475
2020-02-26,1556234.0689,1356967.9193058542
2020-02-27,1558700.2189,1360919.4364522942
2020-02-28,1522202.3289,1312668.7624685338
2020-03-02,1550173.2689,1355852.164677255
2020-03-03,1556217.7932,1363080.1824120565
2020-03-04,1559274.0932,1370973.0553086472
2020-03-05,1582500.4632,1401514.7810002554
2020-03-06,1565532.1032,1378787.2690031447
2020-03-09,1540585.5932,1331686.7984472064
2020-03-10,1552443.3132,1360205.0070030352
2020-03-11,1541534.8932,1342113.5237856638
2020-03-12,1531869.3432,1316287.6521377584
2020-03-13,1514618.8832,1297764.4928163933
2020-03-16,1496454.6332,1241969.0986941447
2020-03-17,1496447.3332,1235919.7029807214
2020-03-18,1476017.5432,1211457.1575542826
2020-03-19,1448361.9532,1195744.0074414744
2020-03-20,1463102.7232,1217110.0256000562
2020-03-23,1441816.4232,1176158.565757228
2020-03-24,1470388.8032,1207745.1161997318
2020-03-25,1484300.1932,1240196.118279986
2020-03-26,1483068.0132,1232043.380166821
2020-03-27,1490839.6832,1236045.7376107601
2020-03-30,1488577.4232,1224068.716359116
2020-03-31,1481153.4732,1228081.4017796111
2020-04-01,1474561.8232,1224390.2162744931
2020-04-02,1487332.1781,1244198.209195498
2020-04-03,1479264.0481,1237097.7919452451
2020-04-07,1494703.6181,1265350.838032008
2020-04-08,1491733.1781,1259461.592587312
2020-04-09,1491563.1381,1263614.7718050245
2020-04-10,1485814.3781,1255741.42211573
2020-04-13,1481053.1081,1250436.9733564865
2020-04-14,1491812.6081,1274571.9553458279
2020-04-15,1484527.6281,1265131.2519240028
2020-04-16,1489325.8781,1266803.1514321247
2020-04-17,1489800.1981,1279165.5727895808
2020-04-20,1484044.6681,1283819.159129466
2020-04-21,1472808.4581,1268691.1055465909
2020-04-22,1475167.6181,1279131.0240421977
2020-04-23,1472433.0181,1275922.3882546262
2020-04-24,1466178.9181,1265001.252683609
2020-04-27,1469601.0881,1273595.7616649508
2020-04-28,1459971.9081,1282383.7036523733
2020-04-29,1474850.2681,1288342.4463844763
2020-04-30,1485734.8181,1303516.309540786
2020-05-06,1481037.7281,1311404.4515577932
2020-05-07,1475770.4734,1307619.9811031355
2020-05-08,1482848.7434,1320522.3224221047
2020-05-11,1482822.7434,1319375.7837601574
2020-05-12,1475488.4634,1319394.9404908665
2020-05-13,1476049.5834,1322065.2554874881
2020-05-14,1464707.1234,1307727.6252716933
2020-05-15,1464052.1134,1303595.834960268
2020-05-18,1464669.1334,1306959.3570801285
2020-05-19,1469678.3834,1318066.196332836
2020-05-20,1468501.6434,1311060.6632026865
2020-05-21,1462141.3334,1303921.999123122
2020-05-22,1443937.5434,1274027.2045565706
2020-05-25,1446418.0534,1275779.7955460441
2020-05-26,1448257.8034,1290254.1548450212
2020-05-27,1456613.2534,1281206.6474855049
2020-05-28,1464424.9334,1284877.710094365
2020-05-29,1456020.2234,1288339.5145717761
2020-06-01,1470756.7534,1323093.8220043213
2020-06-02,1475995.5169,1327167.5424346584
2020-06-03,1478251.4369,1327194.195277384
2020-06-04,1470223.2269,1326706.9146802537
2020-06-05,1471901.4269,1333058.8867907189
2020-06-08,1472111.2569,1339956.6424880973
2020-06-09,1477388.4369,1348310.4429835738
2020-06-10,1469813.9569,1345870.3085999405
2020-06-11,1462083.3769,1331271.0474167408
2020-06-12,1460600.3469,1333669.2368891344
2020-06-15,1451906.9969,1317646.0142672674
2020-06-16,1460497.6369,1337496.3518921526
2020-06-17,1461363.8169,1338503.7960311256
2020-06-18,1462949.6569,1347429.2000549054
2020-06-19,1466686.5669,1365528.2460164
2020-06-22,1464289.7369,1366639.80282227
2020-06-23,1458486.4569,1373219.2236293445
2020-06-24,1464931.5869,1378947.9523287257
2020-06-29,1462588.9569,1369195.3106988515
2020-06-30,1466564.7269,1387268.3701386887
2020-07-01,1485015.6269,1415193.8194723008
2020-07-02,1518542.7569,1444532.2692630093
2020-07-03,1551483.2469,1472434.7971518775
2020-07-06,1672554.0869,1555891.3110400075
2020-07-07,1663520.6669,1565230.300550781
2020-07-08,1694799.1269,1590509.788922812
2020-07-09,1689598.2069,1612753.918301041
2020-07-10,1636547.0069,1583556.4287322976
2020-07-13,1643160.7869,1616815.1452113504
2020-07-14,1624281.5269,1601399.474139413
2020-07-15,1595047.1569,1580669.7259687977
2020-07-16,1574711.8269,1504637.3281058224
2020-07-17,1573913.9569,1514114.9123987693
2020-07-20,1625370.7569,1559292.7801446982
2020-07-21,1614381.6869,1562870.2246434847
2020-07-22,1614484.5769,1570667.1473062637
2020-07-23,1605275.7369,1569997.5945809442
2020-07-24,1572248.8169,1501084.9705952515
2020-07-27,1556567.1269,1508700.8205077634
2020-07-28,1564249.2269,1521963.1417837949
2020-07-29,1581241.8169,1558860.8041962238
2020-07-30,1567132.4169,1551245.6206047798
2020-07-31,1565964.9569,1564204.0994737395
2020-08-03,1585173.0569,1589612.454340349
2020-08-04,1600025.589,1591108.878195176
2020-08-05,1585136.669,1591544.1524329383
2020-08-06,1586130.059,1586765.0645198692
2020-08-07,1573867.769,1568495.207152557
2020-08-10,1585837.139,1574140.1126615664
2020-08-11,1583222.199,1559785.5578906408
2020-08-12,1586263.199,1548411.757101983
2020-08-13,1588368.969,1544436.485609464
2020-08-14,1598165.449,1567396.643607516
2020-08-17,1623310.019,1604243.2991421786
2020-08-18,1610888.579,1603420.492571187
2020-08-19,1609506.449,1579406.947596514
2020-08-20,1594543.249,1558909.578898412
2020-08-21,1596208.159,1572132.2873869424
2020-08-24,1591753.279,1584461.2261107243
2020-08-25,1588370.749,1586494.0384254036
2020-08-26,1580305.779,1567896.8508333678
2020-08-27,1586068.229,1576297.4603838809
2020-08-28,1592283.449,1613917.9812070804
2020-08-31,1589128.499,1604572.8615424798
2020-09-01,1588980.099,1613204.0514986226
2020-09-02,1579682.6789,1613791.979893095
2020-09-03,1574572.2589,1604866.0094964076
2020-09-04,1566818.1889,1589248.7096692515
2020-09-07,1559038.0989,1555649.0366996317
2020-09-08,1573642.4789,1563985.2796349626
2020-09-09,1571814.9089,1527404.0197817397
2020-09-10,1554935.1089,1526534.0709951771
2020-09-11,1553490.0489,1541627.9423072566
2020-09-14,1554729.6689,1549546.5351970776
2020-09-15,1553636.2489,1562017.3669923202
2020-09-16,1557631.0189,1551648.0118978291
2020-09-17,1557477.0689,1543437.5370641095
2020-09-18,1578918.5789,1578211.0012273632
2020-09-21,1572568.2889,1562998.691345422
2020-09-22,1552111.6089,1544452.5439472059
2020-09-23,1545523.1389,1549971.847934871
2020-09-24,1532987.7089,1520233.4056069583
2020-09-25,1527103.7589,1522550.8369658934
2020-09-28,1528526.2389,1526511.082918326
2020-09-29,1525296.8889,1529806.3071287023
2020-09-30,1524092.9689,1528339.0681366595
2020-10-09,1532558.9389,1559571.5022475007
2020-10-12,1551031.5873,1606885.8285502582
2020-10-13,1543960.5973,1612230.7896304447
2020-10-14,1539422.7673,1601536.702963396
2020-10-15,1543422.8273,1598749.4819353693
2020-10-16,1554092.2573,1596397.3352487844
2020-10-19,1554461.5573,1584340.8885258178
2020-10-20,1541831.1773,1596994.0923974097
2020-10-21,1553849.5873,1596781.269448246
2020-10-22,1549983.4173,1591835.8677965694
2020-10-23,1556193.0873,1572014.015397347
2020-10-26,1545033.2573,1562934.6578907738
2020-10-27,1534209.4073,1565614.3680144565
2020-10-28,1522136.2073,1578272.0029211517
2020-10-29,1513427.9273,1590148.5096396669
2020-10-30,1504006.4973,1564299.9164433382
2020-11-02,1498686.1673,1572794.6771607792
2020-11-03,1512759.2018,1591694.707678284
2020-11-04,1512318.2018,1603720.3370518489
2020-11-05,1524224.3018,1627526.4562780103
2020-11-06,1537386.9418,1627728.3515616567
2020-11-09,1552324.8918,1659589.126439753
2020-11-10,1547194.8918,1650435.84061067
2020-11-11,1562426.8818,1634118.4705532729
2020-11-12,1547755.8918,1635306.1545411777
2020-11-13,1532975.7018,1618111.1730049346
2020-11-16,1550516.8918,1633876.429425271
2020-11-17,1557435.2618,1630749.517916707
2020-11-18,1558236.2618,1629711.9227494004
2020-11-19,1553728.8818,1641811.4804454753
2020-11-20,1554542.0618,1646908.5367722607
2020-11-23,1574198.4318,1667477.5683012411
2020-11-24,1571383.6918,1657235.6137949785
2020-11-25,1563498.4518,1636051.434655892
2020-11-26,1570535.7118,1639013.6315964118
2020-11-27,1591844.5618,1659394.3274754826
2020-11-30,1586858.9218,1652560.172124058
2020-12-01,1601619.2318,1688157.1758114786
2020-12-02,1597150.8693,1688172.6344602595
2020-12-03,1599846.3993,1684812.9103704875
2020-12-04,1589246.0793,1687763.3800602083
2020-12-07,1572719.6593,1673210.5281394045
2020-12-08,1566734.8793,1669093.830000173
2020-12-09,1555478.1593,1646712.1053213729
2020-12-10,1553243.3693,1645987.914268466
2020-12-11,1543532.0493,1629031.4756746166
2020-12-14,1537058.2693,1644092.33077777
2020-12-15,1531053.1793,1647512.1570278883
2020-12-16,1527517.7693,1650432.975430077
2020-12-17,1538204.9393,1671625.783426996
2020-12-18,1540727.1293,1665791.9425791162
2020-12-21,1537903.3593,1681407.7764999224
2020-12-22,1519035.5593,1654066.324266481
2020-12-23,1523710.3693,1668175.9394127582
2020-12-24,1513977.2593,1665807.801020538
2020-12-25,1531022.6993,1679799.977078556
2020-12-28,1523872.9793,1687263.1062022506
2020-12-29,1523145.5993,1680107.284355182
2020-12-30,1523579.9293,1703686.521257642
2020-12-31,1530659.3993,1736195.6598510912
2021-01-04,1525518.1993,1754995.7755244286
2021-01-05,1527146.0617,1788573.9596396007
2021-01-06,1546044.9717,1804953.0643439607
2021-01-07,1540424.9517,1836932.844164827
2021-01-08,1541583.3417,1830860.5936387663
2021-01-11,1534880.4517,1812779.2051855773
2021-01-12,1544567.9317,1864483.7877420913
2021-01-13,1569387.3617,1858359.8307011432
2021-01-14,1594814.1317,1822540.1425127503
2021-01-15,1586786.4917,1818417.247587585
2021-01-18,1586732.0317,1838553.237054381
2021-01-19,1586205.4417,1811568.1999602872
2021-01-20,1576521.0617,1824531.5429730446
2021-01-21,1574361.3317,1854028.1440692758
2021-01-22,1549186.8617,1855629.5468083883
2021-01-25,1542178.7917,1874335.5779469043
2021-01-26,1540602.3817,1836703.296556852
2021-01-27,1546234.2217,1841712.5650829098
2021-01-28,1531455.7817,1791451.733700787
2021-01-29,1527280.4617,1783063.3844579277
2021-02-01,1542299.1717,1804946.6343456523
2021-02-02,1533208.2781,1832746.5821060806
2021-02-03,1526206.9381,1827452.4280073396
2021-02-04,1523610.4181,1823703.2725692936
2021-02-05,1541871.0481,1826857.136765064
2021-02-08,1536202.7581,1853892.3811516422
2021-02-09,1541603.3681,1894434.1534857247
2021-02-10,1549519.8381,1934902.7970825792
2021-02-18,1565951.7381,1921797.027941507
2021-02-19,1584716.7081,1925282.087024196
2021-02-22,1593623.0381,1864810.3516975855
2021-02-23,1590560.9481,1858925.2041274584
2021-02-24,1577669.4181,1811583.1588682663
2021-02-25,1599625.5681,1822240.997669208
2021-02-26,1575888.7681,1777998.111646092
2021-03-01,1577451.1681,1805324.871499981
2021-03-02,1566855.5349,1782285.6211911412
2021-03-03,1590595.5949,1816462.0283612888
2021-03-04,1590806.0749,1759322.7645927633
2021-03-05,1602033.9749,1753355.8594275757
2021-03-08,1597590.1549,1692463.7088230227
2021-03-09,1585919.1449,1656140.814963971
2021-03-10,1578171.4849,1667006.0795134248
2021-03-11,1594987.2449,1708519.048120374
2021-03-12,1606391.9649,1714570.242900681
2021-03-15,1610090.0149,1677644.561687337
2021-03-16,1615831.6649,1692243.0899173617
2021-03-17,1600791.8749,1699404.608809563
2021-03-18,1597947.9449,1713034.2062583533
2021-03-19,1586176.6449,1668165.0117472396
2021-03-22,1610619.3649,1684843.4611914612
2021-03-23,1602788.4849,1668883.0393302664
2021-03-24,1600232.0549,1642043.4268092944
2021-03-25,1580706.3249,1641264.3642164257
2021-03-26,1589741.1349,1678459.405721565
2021-03-29,1600811.2849,1681420.3366520556
2021-03-30,1601012.0849,1697362.66789625
2021-03-31,1602959.8849,1681914.5469882945
2021-04-01,1599469.3649,1702709.1281988397
2021-04-02,1595480.868,1719627.0534349505
2021-04-06,1597107.628,1712559.0193886093
2021-04-07,1601161.868,1700365.6770021939
2021-04-08,1595476.748,1703186.1474515207
2021-04-09,1596288.408,1677575.697404945
2021-04-12,1588347.048,1648393.666484982
2021-04-13,1573213.868,1645694.366521896
2021-04-14,1578972.608,1659348.6511662607
2021-04-15,1571909.368,1648802.8542529265
2021-04-16,1582770.668,1654535.5475626627
2021-04-19,1590450.628,1694793.1339611842
2021-04-20,1582347.928,1693576.7315352424
2021-04-21,1574775.808,1698700.5739689667
2021-04-22,1572070.848,1695535.082470557
2021-04-23,1568452.428,1710930.3974338633
2021-04-26,1559365.008,1691535.0571503567
2021-04-27,1555489.488,1695960.1953120304
2021-04-28,1557269.948,1705529.4320678997
2021-04-29,1580350.388,1720497.3686981006
2021-04-30,1562089.148,1706944.33154004
2021-05-06,1567571.288,1686166.9080969992
2021-05-07,1577002.2123,1664487.5857721786
2021-05-10,1577042.6323,1663277.9798211316
2021-05-11,1582505.3523,1673485.1856836914
2021-05-12,1587116.4123,1680644.3391361008
2021-05-13,1583564.3923,1663461.8178038315
2021-05-14,1603798.1123,1702646.9271271294
2021-05-17,1594970.3723,1727432.471691349
2021-05-18,1592959.3923,1728304.0196484753
2021-05-19,1584735.1123,1723196.901873561
2021-05-20,1588637.6323,1727907.7918253064
2021-05-21,1580304.2323,1710495.5896208496
2021-05-24,1582548.7323,1717638.2849428758
2021-05-25,1603550.5923,1771906.9709177506
2021-05-26,1602710.0923,1772611.505499148
2021-05-27,1602647.2323,1778488.5239522438
2021-05-28,1601641.8723,1772776.7198079936
2021-05-31,1594203.1323,1776268.5753655776
2021-06-01,1589059.9723,1779636.8949971285
2021-06-02,1588943.3712,1762410.429790416
2021-06-03,1584392.6712,1750853.723868554
2021-06-04,1585695.1312,1759846.2930560021
2021-06-07,1583476.5712,1758297.0632565245
2021-06-08,1585625.4512,1743134.727454694
2021-06-09,1584298.3912,1744578.2454167109
2021-06-10,1580122.1512,1756244.4612061214
2021-06-11,1580573.0312,1740664.8418353687
2021-06-15,1566055.2112,1721293.7889547958
2021-06-16,1572507.3112,1692619.061580061
2021-06-17,1567618.0112,1699749.1967499529
2021-06-18,1563932.5612,1699940.197684135
2021-06-21,1563408.0212,1695915.5184844134
2021-06-22,1570607.6112,1706500.9948173552
2021-06-23,1573570.6712,1714908.46747487
2021-06-24,1578648.2712,1717766.9848571876
2021-06-25,1587311.4612,1745750.6706521555
2021-06-28,1587412.0512,1749679.2996699053
2021-06-29,1583225.2112,1729284.5777323502
2021-06-30,1577422.8212,1740444.2895618146
2021-07-01,1580577.9912,1742317.717876995
2021-07-02,1574586.5707,1692827.7200225487
2021-07-05,1571878.4207,1694385.3121514313
2021-07-06,1578714.9307,1693489.7433197987
2021-07-07,1574343.1007,1712608.3604637065
2021-07-08,1565969.9907,1695206.2863394856
2021-07-09,1563419.9907,1688936.0385080276
2021-07-12,1561329.5207,1710016.0050320574
2021-07-13,1565795.0807,1713144.4823951316
2021-07-14,1552827.7707,1693483.2800054376
2021-07-15,1560075.1207,1716264.0310558928
2021-07-16,1557429.9307,1697377.193695537
2021-07-19,1551548.3207,1703614.5585822824
2021-07-20,1549059.5607,1702115.2029147556
2021-07-21,1544439.4607,1713792.0465252027
2021-07-22,1553118.1407,1716360.347766292
2021-07-23,1559546.7607,1695529.9851143875
2021-07-26,1542234.3907,1640915.2452927749
2021-07-27,1527660.0607,1582949.9766121306
2021-07-28,1526733.0607,1586004.9254453362
2021-07-29,1517447.6007,1615920.0761205193
2021-07-30,1518692.3607,1602891.800119672
2021-08-02,1548136.5307,1643726.120718721
2021-08-03,1545427.9921,1643966.7625724794
2021-08-04,1538144.2821,1658755.6254156178
2021-08-05,1537562.9021,1648701.6400826774
2021-08-06,1533523.3921,1639671.1239103987
2021-08-09,1547691.2921,1660992.7317697892
2021-08-10,1551400.5221,1680177.8810723508
2021-08-11,1560435.8521,1670913.5528372622
2021-08-12,1553260.2621,1656924.241959837
2021-08-13,1548266.5521,1647806.3044634187
2021-08-16,1556685.8521,1646168.720490306
2021-08-17,1550086.0821,1611631.9002544018
2021-08-18,1571290.6621,1630567.079208251
2021-08-19,1556097.1721,1619872.959225149
2021-08-20,1554984.2321,1588931.8073692448
2021-08-23,1556110.4421,1611123.7638078385
2021-08-24,1556427.9321,1628618.6897729049
2021-08-25,1558937.2621,1631872.6687091633
2021-08-26,1555168.7221,1599706.7520979126
2021-08-27,1561331.6721,1608180.323805387
2021-08-30,1551360.6921,1603591.7037696454
2021-08-31,1575470.8721,1601039.5608144584
2021-09-01,1606650.3521,1622311.4611221652
2021-09-02,1610058.117,1622295.66931285
2021-09-03,1622088.947,1613517.255716702
2021-09-06,1627578.247,1643722.8557454871
2021-09-07,1638167.747,1663413.7094227131
2021-09-08,1652489.997,1656518.2858490737
2021-09-09,1655439.587,1655812.2853613263
2021-09-10,1656185.357,1670307.6337739497
2021-09-13,1657980.597,1663024.0448620657
2021-09-14,1626033.267,1638204.2180788903
2021-09-15,1620818.377,1621598.497579256
2021-09-16,1609529.957,1601735.1666935422
2021-09-17,1610777.997,1617807.6304423448
2021-09-22,1606467.297,1606422.6354597425
2021-09-23,1621283.297,1616893.2713565906
2021-09-24,1609936.667,1615637.9224642161
2021-09-27,1599307.147,1624947.127423244
2021-09-28,1614504.687,1627098.744784373
2021-09-29,1603358.087,1610474.0674503502
2021-09-30,1603179.107,1621286.6260033138
2021-10-08,1623552.447,1642461.7431758735
2021-10-11,1635225.9563,1644544.2963582892
2021-10-12,1628873.9663,1627101.7099131257
2021-10-13,1623824.3663,1645849.319486294
2021-10-14,1616931.9763,1637021.6980792636
2021-10-15,1616117.3663,1643183.8686334693
2021-10-18,1612794.4063,1624082.7424176
2021-10-19,1615442.2863,1640057.0903891188
2021-10-20,1611946.7663,1635879.7237166327
2021-10-21,1622752.8363,1641820.309199629
2021-10-22,1619706.5463,1652384.7631028711
2021-10-25,1616684.0363,1658980.7086724357
2021-10-26,1611982.2563,1653508.513584288
2021-10-27,1598797.0963,1631875.0674650085
2021-10-28,1592484.9963,1620538.8138685406
2021-10-29,1595533.4363,1635408.4681411912
2021-11-01,1602287.6363,1629383.2598825414
2021-11-02,1579746.135,1612445.5782267603
2021-11-03,1577505.365,1606204.2154136058
2021-11-04,1576984.705,1622072.6516513438
2021-11-05,1574251.705,1613278.5128779875
2021-11-08,1574370.625,1615222.0714855897
2021-11-09,1576098.665,1614743.952803146
2021-11-10,1573646.845,1606231.0681526517
2021-11-11,1590686.125,1632037.8163859013
2021-11-12,1585743.775,1628613.5924167333
2021-11-15,1592260.105,1626615.5620618109
2021-11-16,1587149.805,1626929.6991293852
2021-11-17,1584974.995,1627740.5452372036
2021-11-18,1579231.065,1611703.5630852797
2021-11-19,1589644.115,1629174.1683313588
2021-11-22,1583532.875,1636617.4744032763
2021-11-23,1587407.175,1636932.8774808801
2021-11-24,1587531.005,1638036.3718018257
2021-11-25,1583963.915,1631301.0984969132
2021-11-26,1578705.565,1619202.34038612
2021-11-29,1571656.655,1616302.6776778444
2021-11-30,1571938.735,1609840.3627984952
2021-12-01,1581563.515,1613779.9861138691
2021-12-02,1582233.1805,1617881.8586093346
2021-12-03,1588331.4305,1632825.6077847623
2021-12-06,1586451.3905,1630028.192044393
2021-12-07,1593535.2905,1639849.964485087
2021-12-08,1590790.4705,1664446.6403425422
2021-12-09,1600097.5405,1692019.1060903077
2021-12-10,1594020.4205,1684165.5461367369
2021-12-13,1591550.6905,1693721.756315724
2021-12-14,1582900.7405,1682359.1830370647
2021-12-15,1582916.5805,1667768.0176548427
2021-12-16,1587413.0905,1677374.0353336735
2021-12-17,1585931.5005,1650730.4544709476
2021-12-20,1585325.1705,1625962.6007310874
2021-12-21,1596961.7005,1636979.3866914362
2021-12-22,1591687.1605,1637302.2525650028
2021-12-23,1592828.4105,1648724.494895314
2021-12-24,1590565.1205,1639597.8952250096
2021-12-27,1595485.6405,1638924.5444696015
2021-12-28,1596533.0805,1651131.7463342343
2021-12-29,1594658.3205,1626982.938182729
2021-12-30,1596545.3805,1639653.199873665
2021-12-31,1597871.2705,1645937.407131501
2022-01-04,1610572.3105,1638405.313777254
2022-01-05,1618639.4556,1621865.5257473122
2022-01-06,1612004.5256,1605244.6797594312
2022-01-07,1629977.6156,1606622.998204931
2022-01-10,1633695.7856,1613844.652573532
2022-01-11,1636927.5756,1598428.7816052742
2022-01-12,1632098.3356,1614355.5875685813
2022-01-13,1635689.6856,1587816.1526888055
2022-01-14,1609638.2856,1574760.4575760039
2022-01-17,1606539.5956,1588268.2848495913
2022-01-18,1621346.9956,1603617.3238147148
2022-01-19,1622434.3856,1592633.4207990787
2022-01-20,1637423.8156,1607002.8678458775
2022-01-21,1626070.2656,1592278.871358722
2022-01-24,1617402.3656,1594752.088583388
2022-01-25,1588756.1156,1558675.2670948002
2022-01-26,1597162.7156,1569956.0161462924
2022-01-27,1580594.0356,1539160.5220758836
2022-01-28,1573582.0856,1520468.7168921721
2022-02-07,1600665.3956,1543895.866010829
2022-02-08,1628881.6868,1535461.2407697875
2022-02-09,1628215.6268,1549883.0939685951
2022-02-10,1638302.5868,1545819.0685098
2022-02-11,1637352.0668,1533003.3156136354
2022-02-14,1617245.2468,1516442.7383663675
2022-02-15,1609441.3968,1532572.60567519
2022-02-16,1615153.2068,1538531.7815159874
2022-02-17,1610950.8968,1542255.0503805361
2022-02-18,1622850.4568,1549608.2032119345
2022-02-21,1617539.0968,1543970.5606025679
2022-02-22,1606187.7768,1523927.1564481892
2022-02-23,1602141.4068,1540216.6409688846
2022-02-24,1578062.6368,1508990.303695817
2022-02-25,1577293.0268,1523684.6155793865
2022-02-28,1573613.2168,1526423.5949620802
2022-03-01,1578103.4568,1539097.1216262502
2022-03-02,1578723.4343,1525409.0545037312
2022-03-03,1586269.8143,1516422.9153145906
2022-03-04,1581226.2843,1498033.0535229063
2022-03-07,1559613.0143,1450173.6765864107
2022-03-08,1529805.1743,1421059.9435759322
2022-03-09,1498492.2243,1408051.7904713426
2022-03-10,1510564.2143,1430204.0008582221
2022-03-11,1521299.7543,1434763.0695545918
2022-03-14,1505008.8643,1390864.504943437
2022-03-15,1448572.1343,1327248.9335531313
2022-03-16,1472787.9443,1384642.1655967783
2022-03-17,1486396.8443,1411832.92932066
2022-03-18,1511436.8343,1421230.0886606823
2022-03-21,1514148.1443,1418846.0585109866
2022-03-22,1530363.0943,1417696.3548239656
2022-03-23,1525993.1643,1424766.8209422056
2022-03-24,1533201.0943,1416367.410769615
2022-03-25,1530388.3343,1390803.3699854352
2022-03-28,1540366.0243,1382105.248077998
2022-03-29,1538696.7743,1377333.6562769455
2022-03-30,1554598.6143,1417297.8615091653
2022-03-31,1561602.1643,1406802.6050488492
2022-04-01,1572238.6843,1424647.0830462615
2022-04-06,1592222.0147,1420543.5780641786
2022-04-07,1574537.1347,1402305.937320511
2022-04-08,1581798.9047,1409524.559928252
2022-04-11,1558147.1547,1365981.6108711632
2022-04-12,1572981.0047,1392601.937128611
2022-04-13,1564613.7347,1379196.9898279442
2022-04-14,1568475.0047,1396465.1667335227
2022-04-15,1569105.6947,1395525.254234805
2022-04-18,1552436.9747,1388074.851843512
2022-04-19,1556698.2447,1377586.0586975573
2022-04-20,1548938.2347,1356226.2040088556
2022-04-21,1538548.3647,1331252.8568515808
2022-04-22,1552521.7747,1337056.4467229678
2022-04-25,1508244.0447,1270978.3525611395
2022-04-26,1489639.9447,1260719.3735515857
2022-04-27,1496213.9547,1297838.8875636517
2022-04-28,1503638.6147,1306358.202212454
2022-04-29,1521755.1147,1338052.996512477
2022-05-05,1524031.3947,1336043.7719636096
2022-05-06,1496249.9559,1302262.8929795092
2022-05-09,1498459.5659,1291808.781845151
2022-05-10,1506582.5259,1305945.4496267948
2022-05-11,1501406.8759,1324787.2436829444
2022-05-12,1497835.4059,1318895.932642937
2022-05-13,1511843.7859,1328844.1728223641
2022-05-16,1505287.4659,1318162.246514809
2022-05-17,1505494.7259,1334605.5845701378
2022-05-18,1500555.2059,1329945.8347603723
2022-05-19,1500767.1859,1332508.339008169
2022-05-20,1510814.1559,1358495.3270903507
2022-05-23,1507262.9759,1350626.9081769604
2022-05-24,1497749.4159,1319033.8944200957
2022-05-25,1504636.8359,1327037.8430387452
2022-05-26,1514489.2259,1330324.8714999834
2022-05-27,1518144.2759,1333074.8451803012
2022-05-30,1510298.6059,1342309.7553402313
2022-05-31,1517484.1459,1363132.1887714253
2022-06-01,1514265.8059,1360353.4966530707
2022-06-02,1514854.6208,1362482.7256263096
2022-06-06,1516172.2308,1387975.1035796113
2022-06-07,1518848.5108,1392320.6830057488
2022-06-08,1525262.8508,1405874.886225679
2022-06-09,1529948.8708,1391170.013153179
2022-06-10,1541494.2908,1412265.3716938826
2022-06-13,1525616.3608,1395726.9829381842
2022-06-14,1552038.9808,1406707.5210324258
2022-06-15,1577131.6808,1425333.3271143383
2022-06-16,1554057.0408,1415952.7258528587
2022-06-17,1557203.0308,1435603.5336338899
2022-06-20,1550211.1808,1442729.3044007854
2022-06-21,1560490.6108,1441107.778765415
2022-06-22,1547822.0308,1422802.9395420256
2022-06-23,1565383.6308,1447208.7477295124
2022-06-24,1562690.4408,1464164.6865825607
2022-06-27,1561439.8808,1480653.3344705228
2022-06-28,1563538.6108,1496062.908704687
2022-06-29,1564510.9708,1473021.6594326426
2022-06-30,1566959.6408,1494228.5934362062
