date,have,eligible,coverage
2010-01-04,1632,1696,0.9622641509433962
2010-01-05,1630,1696,0.9610849056603774
2010-01-06,1631,1699,0.9599764567392584
2010-01-07,1629,1700,0.9582352941176471
2010-01-08,1625,1706,0.9525205158264948
2010-01-11,1629,1706,0.9548651817116061
2010-01-12,1640,1708,0.9601873536299765
2010-01-13,1645,1711,0.9614260666277031
2010-01-14,1645,1711,0.9614260666277031
2010-01-15,1616,1713,0.9433741973146527
2010-01-18,1648,1714,0.9614935822637106
2010-01-19,1641,1714,0.9574095682613769
2010-01-20,1649,1722,0.9576074332171893
2010-01-21,1660,1723,0.963435867672664
2010-01-22,1656,1726,0.9594438006952491
2010-01-25,1648,1726,0.9548088064889919
2010-01-26,1667,1728,0.9646990740740741
2010-01-27,1669,1728,0.9658564814814815
2010-01-28,1661,1732,0.9590069284064665
2010-01-29,1664,1732,0.9607390300230947
2010-02-01,1661,1732,0.9590069284064665
2010-02-02,1673,1733,0.9653779572994806
2010-02-03,1670,1736,0.9619815668202765
2010-02-04,1683,1736,0.9694700460829493
2010-02-05,1671,1739,0.960897067280046
2010-02-08,1665,1739,0.9574468085106383
2010-02-09,1676,1743,0.9615605278255881
2010-02-10,1687,1746,0.9662084765177549
2010-02-11,1689,1750,0.9651428571428572
2010-02-12,1704,1750,0.9737142857142858
2010-02-22,1694,1748,0.9691075514874142
2010-02-23,1686,1749,0.9639794168096055
2010-02-24,1696,1749,0.9696969696969697
2010-02-25,1678,1749,0.9594053744997141
2010-02-26,1662,1754,0.9475484606613455
2010-03-01,1685,1753,0.9612093553907587
2010-03-02,1673,1753,0.9543639475185397
2010-03-03,1686,1756,0.9601366742596811
2010-03-04,1697,1756,0.9664009111617312
2010-03-05,1692,1759,0.961910176236498
2010-03-08,1698,1759,0.9653212052302445
2010-03-09,1708,1759,0.9710062535531552
2010-03-10,1700,1759,0.9664582148948266
2010-03-11,1709,1759,0.9715747583854463
2010-03-12,1700,1762,0.9648127128263337
2010-03-15,1698,1762,0.963677639046538
2010-03-16,1712,1765,0.969971671388102
2010-03-17,1705,1765,0.9660056657223796
2010-03-18,1697,1768,0.959841628959276
2010-03-19,1701,1773,0.9593908629441624
2010-03-22,1695,1773,0.9560067681895094
2010-03-23,1712,1776,0.963963963963964
2010-03-24,1711,1776,0.9634009009009009
2010-03-25,1701,1776,0.9577702702702703
2010-03-26,1698,1780,0.9539325842696629
2010-03-29,1700,1781,0.9545199326221224
2010-03-30,1696,1781,0.9522740033688939
2010-03-31,1693,1785,0.9484593837535014
2010-04-01,1725,1785,0.9663865546218487
2010-04-02,1709,1788,0.9558165548098434
2010-04-06,1714,1788,0.9586129753914989
2010-04-07,1718,1788,0.9608501118568232
2010-04-08,1705,1788,0.953579418344519
2010-04-09,1698,1791,0.948073701842546
2010-04-12,1695,1791,0.9463986599664992
2010-04-13,1720,1794,0.9587513935340022
2010-04-14,1733,1794,0.9659977703455964
2010-04-15,1698,1794,0.9464882943143813
2010-04-16,1665,1796,0.9270601336302895
2010-04-19,1704,1796,0.9487750556792873
2010-04-20,1680,1796,0.9354120267260579
2010-04-21,1718,1801,0.9539144919489173
2010-04-22,1685,1801,0.9355913381454747
2010-04-23,1687,1804,0.9351441241685144
2010-04-26,1698,1804,0.9412416851441242
2010-04-27,1711,1808,0.9463495575221239
2010-04-28,1698,1809,0.9386401326699834
2010-04-29,1720,1811,0.9497515184980674
2010-04-30,1726,1815,0.9509641873278237
2010-05-04,1749,1815,0.9636363636363636
2010-05-05,1739,1815,0.9581267217630854
2010-05-06,1733,1819,0.9527212754260582
2010-05-07,1722,1819,0.9466739967014843
2010-05-10,1716,1819,0.9433754810335349
2010-05-11,1727,1822,0.9478594950603733
2010-05-12,1724,1822,0.9462129527991219
2010-05-13,1729,1822,0.9489571899012075
2010-05-14,1723,1822,0.9456641053787047
2010-05-17,1724,1822,0.9462129527991219
2010-05-18,1679,1826,0.9194961664841182
2010-05-19,1724,1826,0.9441401971522454
2010-05-20,1712,1830,0.9355191256830601
2010-05-21,1694,1830,0.9256830601092896
2010-05-24,1740,1830,0.9508196721311475
2010-05-25,1747,1834,0.9525627044711014
2010-05-26,1739,1838,0.9461371055495104
2010-05-27,1754,1838,0.9542981501632208
2010-05-28,1726,1841,0.937533948940793
2010-05-31,1741,1841,0.9456816947311244
2010-06-01,1773,1845,0.9609756097560975
2010-06-02,1773,1845,0.9609756097560975
2010-06-03,1761,1849,0.9524067063277447
2010-06-04,1763,1849,0.9534883720930233
2010-06-07,1772,1849,0.9583558680367766
2010-06-08,1772,1853,0.956287101996762
2010-06-09,1779,1853,0.9600647598488937
2010-06-10,1768,1857,0.9520732364028002
2010-06-11,1771,1857,0.9536887452880991
2010-06-17,1735,1857,0.9343026386645127
2010-06-18,1743,1861,0.9365932294465341
2010-06-21,1772,1861,0.9521762493283181
2010-06-22,1769,1861,0.9505642127888232
2010-06-23,1772,1865,0.9501340482573727
2010-06-24,1795,1865,0.9624664879356568
2010-06-25,1768,1869,0.9459604066345639
2010-06-28,1747,1869,0.9347244515783841
2010-06-29,1754,1869,0.9384697699304441
2010-06-30,1769,1869,0.9464954521134297
2010-07-01,1807,1869,0.9668271803103263
2010-07-02,1807,1869,0.9668271803103263
2010-07-05,1790,1870,0.9572192513368984
2010-07-06,1799,1874,0.9599786552828175
2010-07-07,1801,1874,0.9610458911419424
2010-07-08,1805,1877,0.961640916355887
2010-07-09,1796,1877,0.9568460309003729
2010-07-12,1798,1877,0.9579115610015982
2010-07-13,1817,1881,0.9659755449229134
2010-07-14,1816,1881,0.9654439128123339
2010-07-15,1801,1882,0.9569606801275239
2010-07-16,1801,1886,0.954931071049841
2010-07-19,1805,1886,0.957051961823966
2010-07-20,1814,1890,0.9597883597883597
2010-07-21,1813,1890,0.9592592592592593
2010-07-22,1811,1890,0.9582010582010582
2010-07-23,1806,1890,0.9555555555555556
2010-07-26,1800,1890,0.9523809523809523
2010-07-27,1811,1890,0.9582010582010582
2010-07-28,1797,1894,0.9487856388595565
2010-07-29,1797,1894,0.9487856388595565
2010-07-30,1811,1894,0.9561774023231256
2010-08-02,1812,1894,0.9567053854276664
2010-08-03,1823,1898,0.9604847207586934
2010-08-04,1821,1898,0.9594309799789252
2010-08-05,1813,1898,0.9552160168598525
2010-08-06,1820,1901,0.9573908469226723
2010-08-09,1814,1901,0.9542346133613887
2010-08-10,1814,1904,0.9527310924369747
2010-08-11,1816,1904,0.9537815126050421
2010-08-12,1817,1907,0.9528054535920294
2010-08-13,1807,1907,0.9475616151022549
2010-08-16,1788,1908,0.9371069182389937
2010-08-17,1824,1908,0.9559748427672956
2010-08-18,1815,1912,0.9492677824267782
2010-08-19,1820,1912,0.9518828451882845
2010-08-20,1824,1915,0.9524804177545692
2010-08-23,1812,1915,0.9462140992167102
2010-08-24,1824,1915,0.9524804177545692
2010-08-25,1820,1918,0.948905109489051
2010-08-26,1828,1918,0.9530761209593326
2010-08-27,1808,1922,0.9406867845993756
2010-08-30,1820,1922,0.9469302809573361
2010-08-31,1842,1925,0.9568831168831169
2010-09-01,1841,1925,0.9563636363636364
2010-09-02,1845,1929,0.9564541213063764
2010-09-03,1835,1929,0.9512700881285641
2010-09-06,1839,1929,0.9533437013996889
2010-09-07,1838,1929,0.9528252980819077
2010-09-08,1839,1933,0.9513709260217279
2010-09-09,1847,1933,0.9555095706156234
2010-09-10,1833,1936,0.9467975206611571
2010-09-13,1826,1936,0.9431818181818182
2010-09-14,1849,1936,0.9550619834710744
2010-09-15,1825,1940,0.9407216494845361
2010-09-16,1838,1940,0.9474226804123711
2010-09-17,1834,1943,0.94390118373649
2010-09-20,1837,1943,0.9454451878538342
2010-09-21,1861,1947,0.9558294812532101
2010-09-27,1830,1947,0.9399075500770416
2010-09-28,1866,1951,0.9564325986673501
2010-09-29,1870,1954,0.9570112589559877
2010-09-30,1881,1954,0.9626407369498464
2010-10-08,1877,1954,0.9605936540429887
2010-10-11,1878,1955,0.960613810741688
2010-10-12,1872,1955,0.957544757033248
2010-10-13,1878,1960,0.9581632653061225
2010-10-14,1880,1960,0.9591836734693877
2010-10-15,1871,1963,0.9531329597554763
2010-10-18,1876,1963,0.9556800815078961
2010-10-19,1884,1966,0.9582909460834181
2010-10-20,1886,1966,0.9593082400813835
2010-10-21,1898,1970,0.9634517766497462
2010-10-22,1889,1970,0.9588832487309644
2010-10-25,1887,1970,0.9578680203045685
2010-10-26,1889,1974,0.9569402228976697
2010-10-27,1884,1974,0.9544072948328267
2010-10-28,1890,1975,0.9569620253164557
2010-10-29,1896,1975,0.96
2010-11-01,1893,1975,0.9584810126582278
2010-11-02,1901,1980,0.9601010101010101
2010-11-03,1900,1980,0.9595959595959596
2010-11-04,1904,1980,0.9616161616161616
2010-11-05,1898,1983,0.957135653050933
2010-11-08,1885,1983,0.9505799293998991
2010-11-09,1900,1987,0.9562154001006542
2010-11-10,1895,1987,0.9536990437845999
2010-11-11,1894,1987,0.953195772521389
2010-11-12,1882,1991,0.945253641386238
2010-11-15,1898,1992,0.9528112449799196
2010-11-16,1896,1992,0.9518072289156626
2010-11-17,1908,1995,0.956390977443609
2010-11-18,1911,1998,0.9564564564564565
2010-11-19,1916,1998,0.958958958958959
2010-11-22,1908,1998,0.954954954954955
2010-11-23,1913,2001,0.9560219890054973
2010-11-24,1921,2001,0.9600199900049975
2010-11-25,1917,2004,0.9565868263473054
2010-11-26,1909,2004,0.9525948103792415
2010-11-29,1909,2004,0.9525948103792415
2010-11-30,1917,2004,0.9565868263473054
2010-12-01,1927,2004,0.9615768463073853
2010-12-02,1920,2004,0.9580838323353293
2010-12-03,1909,2008,0.9506972111553785
2010-12-06,1903,2009,0.947237431557989
2010-12-07,1934,2013,0.9607550919026329
2010-12-08,1926,2013,0.9567809239940388
2010-12-09,1930,2016,0.9573412698412699
2010-12-10,1928,2020,0.9544554455445544
2010-12-13,1923,2020,0.9519801980198019
2010-12-14,1945,2020,0.9628712871287128
2010-12-15,1914,2024,0.9456521739130435
2010-12-16,1923,2024,0.950098814229249
2010-12-17,1925,2026,0.9501480750246791
2010-12-20,1930,2026,0.9526159921026653
2010-12-21,1936,2026,0.9555774925962488
2010-12-22,1930,2029,0.9512074913750616
2010-12-23,1935,2029,0.9536717594874322
2010-12-24,1938,2032,0.9537401574803149
2010-12-27,1920,2032,0.9448818897637795
2010-12-28,1939,2033,0.9537629119527792
2010-12-29,1934,2036,0.949901768172888
2010-12-30,1930,2036,0.9479371316306483
2010-12-31,1956,2041,0.9583537481626654
2011-01-04,1970,2041,0.9652131308182264
2011-01-05,1958,2041,0.9593336599706026
2011-01-06,1960,2041,0.9603135717785399
2011-01-07,1964,2047,0.9594528578407425
2011-01-10,1965,2049,0.95900439238653
2011-01-11,1975,2051,0.9629449049244271
2011-01-12,1968,2051,0.9595319356411507
2011-01-13,1975,2057,0.960136120563928
2011-01-14,1974,2057,0.9596499756927565
2011-01-17,1972,2057,0.9586776859504132
2011-01-18,1975,2062,0.957807953443259
2011-01-19,1981,2062,0.960717749757517
2011-01-20,1971,2062,0.9558680892337537
2011-01-21,1975,2062,0.957807953443259
2011-01-24,1967,2062,0.9539282250242483
2011-01-25,1986,2067,0.9608127721335269
2011-01-26,1977,2067,0.9564586357039188
2011-01-27,1979,2068,0.956963249516441
2011-01-28,1984,2072,0.9575289575289575
2011-01-31,1982,2072,0.9565637065637066
2011-02-01,2016,2079,0.9696969696969697
2011-02-09,2012,2079,0.9677729677729677
2011-02-10,2007,2079,0.9653679653679653
2011-02-11,1992,2081,0.9572320999519461
2011-02-14,1991,2081,0.9567515617491591
2011-02-15,1994,2086,0.9558964525407478
2011-02-16,1991,2086,0.9544582933844679
2011-02-17,2007,2086,0.9621284755512943
2011-02-18,1988,2090,0.9511961722488038
2011-02-21,1994,2089,0.9545236955481091
2011-02-22,1999,2095,0.9541766109785202
2011-02-23,2002,2095,0.9556085918854416
2011-02-24,2013,2095,0.9608591885441528
2011-02-25,1996,2099,0.950929013816103
2011-02-28,1991,2099,0.9485469271081467
2011-03-01,2013,2100,0.9585714285714285
2011-03-02,2019,2105,0.959144893111639
2011-03-03,2023,2108,0.9596774193548387
2011-03-04,2021,2108,0.9587286527514232
2011-03-07,2009,2108,0.9530360531309298
2011-03-08,2020,2111,0.9568924680246329
2011-03-09,2023,2112,0.9578598484848485
2011-03-10,2021,2114,0.9560075685903501
2011-03-11,2016,2115,0.9531914893617022
2011-03-14,2010,2115,0.950354609929078
2011-03-15,2017,2115,0.9536643026004729
2011-03-16,2018,2119,0.9523360075507314
2011-03-17,2023,2120,0.9542452830188679
2011-03-18,1996,2122,0.94062205466541
2011-03-21,2002,2122,0.943449575871819
2011-03-22,2016,2125,0.9487058823529412
2011-03-23,2024,2124,0.9529190207156308
2011-03-24,2035,2124,0.9580979284369114
2011-03-25,2015,2126,0.9477892756349953
2011-03-28,2002,2126,0.9416745061147695
2011-03-29,2026,2129,0.9516204790981682
2011-03-30,2025,2129,0.9511507750117426
2011-03-31,2021,2129,0.9492719586660404
2011-04-01,2024,2129,0.9506810709253171
2011-04-06,2008,2129,0.9431658055425082
2011-04-07,2020,2133,0.947022972339428
2011-04-08,1977,2133,0.9268635724331927
2011-04-11,2028,2133,0.9507735583684951
2011-04-12,2012,2137,0.9415067852129153
2011-04-13,2033,2137,0.9513336452971455
2011-04-14,2042,2137,0.9555451567618156
2011-04-15,1975,2140,0.9228971962616822
2011-04-18,1992,2140,0.930841121495327
2011-04-19,2005,2140,0.9369158878504673
2011-04-20,1991,2140,0.930373831775701
2011-04-21,2011,2143,0.9384041063929072
2011-04-22,1976,2146,0.9207828518173345
2011-04-25,2020,2146,0.9412861136999068
2011-04-26,2028,2149,0.9436947417403444
2011-04-27,2030,2149,0.9446254071661238
2011-04-28,2017,2153,0.9368323269856015
2011-04-29,2024,2153,0.9400836042731073
2011-05-03,2057,2153,0.9554110543427775
2011-05-04,2049,2153,0.9516953088713423
2011-05-05,2036,2156,0.9443413729128015
2011-05-06,2012,2159,0.9319129226493748
2011-05-09,2024,2160,0.937037037037037
2011-05-10,1995,2160,0.9236111111111112
2011-05-11,2047,2163,0.9463707813222376
2011-05-12,2034,2163,0.9403606102635229
2011-05-13,2013,2163,0.9306518723994452
2011-05-16,2026,2163,0.93666204345816
2011-05-17,2041,2163,0.9435968562182154
2011-05-18,1986,2167,0.9164743885556068
2011-05-19,2047,2167,0.9446239040147669
2011-05-20,1982,2170,0.9133640552995391
2011-05-23,2054,2170,0.9465437788018434
2011-05-24,2079,2170,0.9580645161290322
2011-05-25,2061,2173,0.9484583525080534
2011-05-26,2058,2173,0.9470777726645191
2011-05-27,2050,2175,0.9425287356321839
2011-05-30,2061,2176,0.9471507352941176
2011-05-31,2078,2179,0.9536484625975218
2011-06-01,2086,2179,0.9573198715006884
2011-06-02,2088,2183,0.956481905634448
2011-06-03,2084,2184,0.9542124542124543
2011-06-07,2085,2184,0.9546703296703297
2011-06-08,2069,2187,0.9460448102423411
2011-06-09,2082,2187,0.9519890260631001
2011-06-10,2069,2191,0.9443176631675034
2011-06-13,2090,2191,0.9539023277042447
2011-06-14,2103,2191,0.9598356914650844
2011-06-15,2091,2195,0.952619589977221
2011-06-16,2088,2195,0.95125284738041
2011-06-17,2095,2195,0.9544419134396356
2011-06-20,2078,2195,0.9466970387243736
2011-06-21,2090,2196,0.9517304189435337
2011-06-22,2113,2200,0.9604545454545454
2011-06-23,2101,2200,0.955
2011-06-24,2082,2200,0.9463636363636364
2011-06-27,2094,2200,0.9518181818181818
2011-06-28,2091,2202,0.9495912806539509
2011-06-29,2068,2205,0.9378684807256236
2011-06-30,2071,2207,0.9383778885364749
2011-07-01,2109,2207,0.955595831445401
2011-07-04,2102,2207,0.9524241051200725
2011-07-05,2109,2207,0.955595831445401
2011-07-06,2121,2210,0.9597285067873303
2011-07-07,2120,2213,0.9579755987347492
2011-07-08,2125,2213,0.9602349751468595
2011-07-11,2114,2213,0.9552643470402169
2011-07-12,2130,2216,0.9611913357400722
2011-07-13,2128,2216,0.9602888086642599
2011-07-14,2133,2216,0.9625451263537906
2011-07-15,2123,2219,0.9567372690401081
2011-07-18,2115,2219,0.9531320414601172
2011-07-19,2138,2222,0.9621962196219622
2011-07-20,2124,2222,0.9558955895589559
2011-07-21,2124,2222,0.9558955895589559
2011-07-22,2129,2222,0.9581458145814582
2011-07-25,2129,2222,0.9581458145814582
2011-07-26,2142,2222,0.963996399639964
2011-07-27,2126,2222,0.9567956795679567
2011-07-28,2136,2225,0.96
2011-07-29,2125,2227,0.9541984732824428
2011-08-01,2127,2227,0.9550965424337674
2011-08-02,2139,2227,0.9604849573417154
2011-08-03,2137,2230,0.9582959641255605
2011-08-04,2147,2230,0.962780269058296
2011-08-05,2128,2232,0.953405017921147
2011-08-08,2128,2233,0.9529780564263323
2011-08-09,2154,2233,0.9646215853112405
2011-08-10,2152,2236,0.962432915921288
2011-08-11,2155,2236,0.9637745974955277
2011-08-12,2139,2237,0.9561913276709879
2011-08-15,2148,2239,0.9593568557391693
2011-08-16,2151,2240,0.9602678571428571
2011-08-17,2146,2240,0.9580357142857143
2011-08-18,2144,2243,0.9558626839054837
2011-08-19,2146,2247,0.9550511793502447
2011-08-22,2151,2247,0.9572763684913218
2011-08-23,2160,2247,0.9612817089452603
2011-08-24,2158,2246,0.9608192341941229
2011-08-25,2158,2246,0.9608192341941229
2011-08-26,2159,2247,0.960836671117045
2011-08-29,2164,2247,0.9630618602581219
2011-08-30,2168,2250,0.9635555555555556
2011-08-31,2156,2251,0.9577965348733896
2011-09-01,2169,2251,0.9635717458907153
2011-09-02,2153,2251,0.9564637938693914
2011-09-05,2150,2251,0.9551310528653931
2011-09-06,2145,2253,0.952063914780293
2011-09-07,2168,2253,0.9622725255215269
2011-09-08,2147,2254,0.9525288376220054
2011-09-09,2150,2256,0.9530141843971631
2011-09-13,2158,2256,0.9565602836879432
2011-09-14,2165,2256,0.9596631205673759
2011-09-15,2147,2256,0.9516843971631206
2011-09-16,2141,2260,0.9473451327433628
2011-09-19,2169,2261,0.9593100398053959
2011-09-20,2177,2264,0.9615724381625441
2011-09-21,2191,2264,0.967756183745583
2011-09-22,2181,2264,0.963339222614841
2011-09-23,2183,2264,0.9642226148409894
2011-09-26,2172,2264,0.9593639575971732
2011-09-27,2183,2267,0.9629466254962505
2011-09-28,2188,2268,0.9647266313932981
2011-09-29,2175,2272,0.957306338028169
2011-09-30,2176,2272,0.9577464788732394
2011-10-10,2164,2272,0.9524647887323944
2011-10-11,2186,2272,0.9621478873239436
2011-10-12,2189,2274,0.9626209322779243
2011-10-13,2189,2275,0.9621978021978022
2011-10-14,2171,2275,0.9542857142857143
2011-10-17,2166,2275,0.9520879120879121
2011-10-18,2174,2277,0.9547650417215635
2011-10-19,2192,2277,0.9626701800614844
2011-10-20,2198,2277,0.9653052261747914
2011-10-21,2197,2277,0.9648660518225736
2011-10-24,2208,2277,0.9696969696969697
2011-10-25,2199,2277,0.9657444005270093
2011-10-26,2193,2279,0.9622641509433962
2011-10-27,2191,2279,0.961386573058359
2011-10-28,2197,2282,0.962751971954426
2011-10-31,2195,2282,0.9618755477651183
2011-11-01,2209,2282,0.9680105170902716
2011-11-02,2205,2285,0.9649890590809628
2011-11-03,2207,2289,0.9641764962865881
2011-11-04,2204,2289,0.962865880297073
2011-11-07,2190,2290,0.9563318777292577
2011-11-08,2192,2290,0.9572052401746725
2011-11-09,2190,2290,0.9563318777292577
2011-11-10,2183,2290,0.9532751091703057
2011-11-11,2174,2293,0.948102921936328
2011-11-14,2176,2293,0.9489751417357174
2011-11-15,2170,2294,0.9459459459459459
2011-11-16,2202,2294,0.959895379250218
2011-11-17,2202,2294,0.959895379250218
2011-11-18,2188,2294,0.953792502179599
2011-11-21,2195,2294,0.9568439407149084
2011-11-22,2203,2296,0.9594947735191638
2011-11-23,2211,2297,0.9625598606878537
2011-11-24,2208,2297,0.9612538093164997
2011-11-25,2212,2301,0.9613211647109953
2011-11-28,2194,2301,0.9534984789222077
2011-11-29,2208,2301,0.9595827900912647
2011-11-30,2200,2302,0.9556907037358818
2011-12-01,2207,2302,0.9587315377932233
2011-12-02,2213,2302,0.9613379669852302
2011-12-05,2209,2304,0.9587673611111112
2011-12-06,2217,2304,0.9622395833333334
2011-12-07,2218,2304,0.9626736111111112
2011-12-08,2218,2306,0.9618386816999133
2011-12-09,2214,2306,0.9601040763226366
2011-12-12,2219,2307,0.9618552232336367
2011-12-13,2227,2307,0.965322930212397
2011-12-14,2227,2307,0.965322930212397
2011-12-15,2210,2307,0.9579540528825314
2011-12-16,2204,2309,0.9545257687310524
2011-12-19,2209,2309,0.956691208315288
2011-12-20,2213,2312,0.9571799307958477
2011-12-21,2210,2312,0.9558823529411765
2011-12-22,2213,2314,0.956352636127917
2011-12-23,2214,2314,0.9567847882454624
2011-12-26,2198,2314,0.9498703543647364
2011-12-27,2222,2314,0.9602420051858254
2011-12-28,2200,2316,0.9499136442141624
2011-12-29,2199,2320,0.9478448275862069
2011-12-30,2212,2320,0.9534482758620689
2012-01-04,2228,2320,0.9603448275862069
2012-01-05,2220,2320,0.9568965517241379
2012-01-06,2237,2323,0.9629789065863108
2012-01-09,2230,2323,0.9599655617735686
2012-01-10,2240,2325,0.9634408602150538
2012-01-11,2239,2325,0.963010752688172
2012-01-12,2225,2325,0.956989247311828
2012-01-13,2219,2327,0.9535883111302106
2012-01-16,2181,2328,0.9368556701030928
2012-01-17,2232,2329,0.9583512237011593
2012-01-18,2244,2329,0.9635036496350365
2012-01-19,2250,2330,0.9656652360515021
2012-01-20,2241,2330,0.9618025751072962
2012-01-30,2246,2330,0.9639484978540772
2012-01-31,2242,2330,0.9622317596566523
2012-02-01,2247,2331,0.963963963963964
2012-02-02,2240,2331,0.960960960960961
2012-02-03,2228,2331,0.9558129558129558
2012-02-06,2235,2331,0.9588159588159588
2012-02-07,2232,2331,0.9575289575289575
2012-02-08,2224,2331,0.954096954096954
2012-02-09,2232,2332,0.9571183533447685
2012-02-10,2233,2332,0.9575471698113207
2012-02-13,2247,2332,0.9635506003430532
2012-02-14,2246,2332,0.9631217838765008
2012-02-15,2240,2332,0.9605488850771869
2012-02-16,2245,2336,0.9610445205479452
2012-02-17,2242,2338,0.9589392643284859
2012-02-20,2237,2339,0.9563916203505771
2012-02-21,2250,2339,0.9619495510902095
2012-02-22,2249,2339,0.9615220179563916
2012-02-23,2245,2340,0.9594017094017094
2012-02-24,2243,2340,0.9585470085470086
2012-02-27,2236,2340,0.9555555555555556
2012-02-28,2240,2342,0.9564474807856533
2012-02-29,2247,2342,0.9594363791631084
2012-03-01,2256,2342,0.9632792485055508
2012-03-02,2249,2341,0.9607005553182401
2012-03-05,2247,2341,0.9598462195642887
2012-03-06,2246,2341,0.9594190516873131
2012-03-07,2249,2341,0.9607005553182401
2012-03-08,2255,2343,0.9624413145539906
2012-03-09,2233,2347,0.9514273540690242
2012-03-12,2246,2347,0.9569663400085215
2012-03-13,2257,2347,0.9616531742650192
2012-03-14,2264,2347,0.9646357051555177
2012-03-15,2247,2350,0.9561702127659575
2012-03-16,2241,2354,0.9519966015293118
2012-03-19,2258,2358,0.9575911789652247
2012-03-20,2244,2358,0.9516539440203562
2012-03-21,2248,2360,0.9525423728813559
2012-03-22,2261,2360,0.9580508474576271
2012-03-23,2250,2360,0.9533898305084746
2012-03-26,2252,2360,0.9542372881355933
2012-03-27,2266,2362,0.9593564775613886
2012-03-28,2260,2362,0.9568162574089755
2012-03-29,2263,2367,0.9560625264047318
2012-03-30,2242,2367,0.9471905365441488
2012-04-05,2252,2367,0.9514152936206168
2012-04-06,2243,2367,0.9476130122517955
2012-04-09,2255,2367,0.9526827207435572
2012-04-10,2244,2369,0.9472351203039258
2012-04-11,2268,2370,0.9569620253164557
2012-04-12,2249,2370,0.9489451476793249
2012-04-13,2256,2370,0.9518987341772152
2012-04-16,2249,2373,0.9477454698693637
2012-04-17,2246,2373,0.9464812473662031
2012-04-18,2225,2373,0.9376316898440792
2012-04-19,2229,2373,0.9393173198482933
2012-04-20,2171,2373,0.9148756847871892
2012-04-23,2223,2374,0.9363942712721146
2012-04-24,2268,2374,0.9553496208930076
2012-04-25,2249,2377,0.9461506100126209
2012-04-26,2237,2380,0.9399159663865546
2012-04-27,2216,2381,0.9307013859722806
2012-05-02,2269,2381,0.9529609407811844
2012-05-03,2269,2383,0.9521611414183802
2012-05-04,2278,2383,0.955937893411666
2012-05-07,2272,2385,0.9526205450733752
2012-05-08,2241,2387,0.9388353581901969
2012-05-09,2269,2387,0.9505655634687893
2012-05-10,2234,2387,0.9359028068705488
2012-05-11,2232,2390,0.9338912133891213
2012-05-14,2278,2390,0.9531380753138076
2012-05-15,2250,2390,0.9414225941422594
2012-05-16,2234,2390,0.9347280334728033
2012-05-17,2264,2390,0.9472803347280335
2012-05-18,2205,2391,0.9222082810539524
2012-05-21,2273,2392,0.9502508361204013
2012-05-22,2276,2392,0.9515050167224081
2012-05-23,2288,2395,0.9553235908141963
2012-05-24,2302,2395,0.9611691022964509
2012-05-25,2254,2398,0.9399499582985822
2012-05-28,2297,2398,0.9578815679733111
2012-05-29,2290,2399,0.9545644018340975
2012-05-30,2299,2400,0.9579166666666666
2012-05-31,2305,2400,0.9604166666666667
2012-06-01,2314,2403,0.9629629629629629
2012-06-04,2312,2403,0.9621306699958385
2012-06-05,2315,2406,0.9621778886118039
2012-06-06,2301,2406,0.956359102244389
2012-06-07,2319,2406,0.9638403990024937
2012-06-08,2294,2408,0.9526578073089701
2012-06-11,2316,2409,0.9613947696139477
2012-06-12,2329,2414,0.9647887323943662
2012-06-13,2348,2416,0.9718543046357616
2012-06-14,2343,2416,0.9697847682119205
2012-06-15,2311,2416,0.9565397350993378
2012-06-18,2312,2416,0.956953642384106
2012-06-19,2340,2419,0.9673418768085986
2012-06-20,2324,2419,0.9607275733774286
2012-06-21,2321,2419,0.9594873914840844
2012-06-25,2301,2419,0.9512195121951219
2012-06-26,2321,2419,0.9594873914840844
2012-06-27,2330,2419,0.9632079371641175
2012-06-28,2296,2422,0.9479768786127167
2012-06-29,2302,2422,0.9504541701073493
2012-07-02,2352,2422,0.9710982658959537
2012-07-03,2361,2423,0.974411886091622
2012-07-04,2353,2423,0.9711101939744119
2012-07-05,2349,2424,0.969059405940594
2012-07-06,2349,2425,0.968659793814433
2012-07-09,2364,2425,0.9748453608247423
2012-07-10,2366,2427,0.9748660898228265
2012-07-11,2371,2427,0.976926246394726
2012-07-12,2370,2427,0.9765142150803461
2012-07-13,2372,2429,0.9765335529024289
2012-07-16,2368,2429,0.9748867846850556
2012-07-17,2372,2431,0.9757301522007404
2012-07-18,2369,2433,0.9736950267159885
2012-07-19,2368,2433,0.9732840115084258
2012-07-20,2369,2433,0.9736950267159885
2012-07-23,2368,2433,0.9732840115084258
2012-07-24,2368,2433,0.9732840115084258
2012-07-25,2375,2433,0.9761611179613646
2012-07-26,2381,2437,0.9770209273697169
2012-07-27,2379,2437,0.9762002462043496
2012-07-30,2380,2437,0.9766105867870333
2012-07-31,2384,2440,0.9770491803278688
2012-08-01,2387,2443,0.9770773638968482
2012-08-02,2382,2443,0.9750306999590668
2012-08-03,2390,2443,0.978305362259517
2012-08-06,2384,2443,0.9758493655341793
2012-08-07,2385,2444,0.9758592471358429
2012-08-08,2388,2447,0.9758888434818145
2012-08-09,2389,2447,0.9762975071516142
2012-08-10,2391,2448,0.9767156862745098
2012-08-13,2389,2448,0.9758986928104575
2012-08-14,2388,2448,0.9754901960784313
2012-08-15,2392,2448,0.9771241830065359
2012-08-16,2392,2449,0.976725193956717
2012-08-17,2395,2453,0.9763554830819405
2012-08-20,2392,2453,0.975132490827558
2012-08-21,2390,2454,0.973920130399348
2012-08-22,2388,2454,0.9731051344743277
2012-08-23,2384,2454,0.9714751426242869
2012-08-24,2389,2455,0.9731160896130346
2012-08-27,2380,2455,0.9694501018329938
2012-08-28,2378,2455,0.9686354378818737
2012-08-29,2385,2455,0.9714867617107943
2012-08-30,2386,2455,0.9718940936863544
2012-08-31,2385,2455,0.9714867617107943
2012-09-03,2388,2455,0.9727087576374746
2012-09-04,2397,2455,0.9763747454175152
2012-09-05,2402,2458,0.9772172497965825
2012-09-06,2401,2459,0.9764131760878406
2012-09-07,2399,2459,0.9755998373322489
2012-09-10,2400,2459,0.9760065067100447
2012-09-11,2399,2461,0.9748069890288501
2012-09-12,2405,2462,0.9768480909829407
2012-09-13,2407,2462,0.9776604386677498
2012-09-14,2398,2462,0.9740048740861088
2012-09-17,2399,2462,0.9744110479285134
2012-09-18,2402,2462,0.9756295694557271
2012-09-19,2401,2462,0.9752233956133225
2012-09-20,2403,2464,0.9752435064935064
2012-09-21,2408,2465,0.9768762677484787
2012-09-24,2401,2465,0.9740365111561866
2012-09-25,2400,2465,0.973630831643002
2012-09-26,2398,2465,0.9728194726166328
2012-09-27,2405,2467,0.9748682610458046
2012-09-28,2404,2467,0.9744629104175111
2012-10-08,2400,2467,0.9728415079043372
2012-10-09,2404,2469,0.9736735520453625
2012-10-10,2407,2469,0.9748886188740381
2012-10-11,2408,2471,0.9745042492917847
2012-10-12,2408,2471,0.9745042492917847
2012-10-15,2403,2471,0.9724807770133549
2012-10-16,2407,2471,0.9740995548360988
2012-10-17,2409,2471,0.9749089437474706
2012-10-18,2411,2471,0.9757183326588426
2012-10-19,2416,2471,0.9777418049372724
2012-10-22,2415,2471,0.9773371104815864
2012-10-23,2419,2471,0.9789558883043302
2012-10-24,2416,2471,0.9777418049372724
2012-10-25,2415,2471,0.9773371104815864
2012-10-26,2419,2471,0.9789558883043302
2012-10-29,2419,2471,0.9789558883043302
2012-10-30,2418,2471,0.9785511938486443
2012-10-31,2417,2471,0.9781464993929583
2012-11-01,2418,2471,0.9785511938486443
2012-11-02,2421,2472,0.9793689320388349
2012-11-05,2417,2472,0.9777508090614887
2012-11-06,2417,2472,0.9777508090614887
2012-11-07,2417,2472,0.9777508090614887
2012-11-08,2421,2472,0.9793689320388349
2012-11-09,2421,2472,0.9793689320388349
2012-11-12,2418,2472,0.9781553398058253
2012-11-13,2421,2472,0.9793689320388349
2012-11-14,2420,2472,0.9789644012944984
2012-11-15,2422,2472,0.9797734627831716
2012-11-16,2420,2472,0.9789644012944984
2012-11-19,2419,2472,0.9785598705501618
2012-11-20,2417,2472,0.9777508090614887
2012-11-21,2419,2472,0.9785598705501618
2012-11-22,2416,2472,0.9773462783171522
2012-11-23,2412,2472,0.9757281553398058
2012-11-26,2412,2472,0.9757281553398058
2012-11-27,2411,2472,0.9753236245954693
2012-11-28,2413,2472,0.9761326860841424
2012-11-29,2413,2472,0.9761326860841424
2012-11-30,2406,2472,0.9733009708737864
2012-12-03,2403,2472,0.9720873786407767
2012-12-04,2404,2472,0.9724919093851133
2012-12-05,2402,2472,0.9716828478964401
2012-12-06,2408,2472,0.9741100323624595
2012-12-07,2402,2472,0.9716828478964401
2012-12-10,2397,2472,0.9696601941747572
2012-12-11,2404,2472,0.9724919093851133
2012-12-12,2402,2472,0.9716828478964401
2012-12-13,2399,2472,0.9704692556634305
2012-12-14,2403,2472,0.9720873786407767
2012-12-17,2401,2472,0.9712783171521036
2012-12-18,2400,2472,0.970873786407767
2012-12-19,2403,2472,0.9720873786407767
2012-12-20,2407,2472,0.973705501618123
2012-12-21,2408,2472,0.9741100323624595
2012-12-24,2402,2472,0.9716828478964401
2012-12-25,2400,2472,0.970873786407767
2012-12-26,2399,2472,0.9704692556634305
2012-12-27,2400,2472,0.970873786407767
2012-12-28,2398,2472,0.9700647249190939
2012-12-31,2403,2472,0.9720873786407767
2013-01-04,2406,2472,0.9733009708737864
2013-01-07,2397,2472,0.9696601941747572
2013-01-08,2392,2472,0.9676375404530745
2013-01-09,2396,2472,0.9692556634304207
2013-01-10,2387,2472,0.9656148867313916
2013-01-11,2388,2472,0.9660194174757282
2013-01-14,2394,2472,0.9684466019417476
2013-01-15,2391,2472,0.9672330097087378
2013-01-16,2391,2472,0.9672330097087378
2013-01-17,2391,2472,0.9672330097087378
2013-01-18,2397,2472,0.9696601941747572
2013-01-21,2397,2472,0.9696601941747572
2013-01-22,2403,2472,0.9720873786407767
2013-01-23,2401,2472,0.9712783171521036
2013-01-24,2401,2472,0.9712783171521036
2013-01-25,2396,2472,0.9692556634304207
2013-01-28,2391,2472,0.9672330097087378
2013-01-29,2391,2472,0.9672330097087378
2013-01-30,2397,2472,0.9696601941747572
2013-01-31,2403,2472,0.9720873786407767
2013-02-01,2403,2472,0.9720873786407767
2013-02-04,2404,2472,0.9724919093851133
2013-02-05,2408,2472,0.9741100323624595
2013-02-06,2407,2472,0.973705501618123
2013-02-07,2407,2472,0.973705501618123
2013-02-08,2421,2472,0.9793689320388349
2013-02-18,2419,2471,0.9789558883043302
2013-02-19,2414,2471,0.9769324160259004
2013-02-20,2415,2471,0.9773371104815864
2013-02-21,2416,2471,0.9777418049372724
2013-02-22,2413,2471,0.9765277215702145
2013-02-25,2410,2471,0.9753136382031566
2013-02-26,2412,2471,0.9761230271145286
2013-02-27,2411,2471,0.9757183326588426
2013-02-28,2409,2471,0.9749089437474706
2013-03-01,2405,2471,0.9732901659247268
2013-03-04,2396,2471,0.9696479158235533
2013-03-05,2399,2471,0.9708619991906111
2013-03-06,2399,2471,0.9708619991906111
2013-03-07,2398,2471,0.9704573047349251
2013-03-08,2401,2471,0.9716713881019831
2013-03-11,2403,2471,0.9724807770133549
2013-03-12,2403,2471,0.9724807770133549
2013-03-13,2402,2471,0.972076082557669
2013-03-14,2404,2471,0.9728854714690409
2013-03-15,2403,2471,0.9724807770133549
2013-03-18,2400,2471,0.971266693646297
2013-03-19,2407,2471,0.9740995548360988
2013-03-20,2406,2471,0.9736948603804128
2013-03-21,2407,2471,0.9740995548360988
2013-03-22,2407,2471,0.9740995548360988
2013-03-25,2394,2471,0.9688385269121813
2013-03-26,2396,2471,0.9696479158235533
2013-03-27,2398,2471,0.9704573047349251
2013-03-28,2394,2470,0.9692307692307692
2013-03-29,2391,2470,0.9680161943319838
2013-04-01,2399,2470,0.9712550607287449
2013-04-02,2394,2470,0.9692307692307692
2013-04-03,2394,2470,0.9692307692307692
2013-04-08,2389,2470,0.9672064777327936
2013-04-09,2393,2470,0.9688259109311741
2013-04-10,2392,2470,0.968421052631579
2013-04-11,2393,2470,0.9688259109311741
2013-04-12,2393,2470,0.9688259109311741
2013-04-15,2393,2470,0.9688259109311741
2013-04-16,2396,2470,0.9700404858299595
2013-04-17,2391,2470,0.9680161943319838
2013-04-18,2387,2470,0.9663967611336033
2013-04-19,2388,2470,0.9668016194331984
2013-04-22,2388,2470,0.9668016194331984
2013-04-23,2387,2470,0.9663967611336033
2013-04-24,2386,2470,0.965991902834008
2013-04-25,2388,2470,0.9668016194331984
2013-04-26,2382,2470,0.9643724696356275
2013-05-02,2381,2469,0.964358039692183
2013-05-03,2396,2469,0.9704333738355609
2013-05-06,2394,2469,0.9696233292831106
2013-05-07,2397,2469,0.9708383961117861
2013-05-08,2393,2469,0.9692183070068854
2013-05-09,2397,2469,0.9708383961117861
2013-05-10,2397,2469,0.9708383961117861
2013-05-13,2388,2469,0.9671931956257594
2013-05-14,2391,2469,0.968408262454435
2013-05-15,2391,2469,0.968408262454435
2013-05-16,2389,2469,0.9675982179019846
2013-05-17,2385,2469,0.9659781287970839
2013-05-20,2378,2469,0.9631429728635075
2013-05-21,2384,2469,0.9655731065208586
2013-05-22,2386,2469,0.9663831510733091
2013-05-23,2387,2469,0.9667881733495343
2013-05-24,2384,2469,0.9655731065208586
2013-05-27,2377,2469,0.9627379505872823
2013-05-28,2377,2469,0.9627379505872823
2013-05-29,2381,2469,0.964358039692183
2013-05-30,2381,2469,0.964358039692183
2013-05-31,2380,2469,0.9639530174159578
2013-06-03,2378,2469,0.9631429728635075
2013-06-04,2382,2469,0.9647630619684082
2013-06-05,2381,2469,0.964358039692183
2013-06-06,2383,2469,0.9651680842446334
2013-06-07,2376,2469,0.9623329283110571
2013-06-13,2367,2469,0.9586877278250304
2013-06-14,2372,2469,0.9607128392061564
2013-06-17,2363,2469,0.9570676387201296
2013-06-18,2365,2469,0.9578776832725799
2013-06-19,2367,2469,0.9586877278250304
2013-06-20,2361,2469,0.9562575941676792
2013-06-21,2365,2469,0.9578776832725799
2013-06-24,2364,2469,0.9574726609963548
2013-06-25,2364,2469,0.9574726609963548
2013-06-26,2364,2469,0.9574726609963548
2013-06-27,2367,2469,0.9586877278250304
2013-06-28,2371,2469,0.9603078169299312
2013-07-01,2374,2469,0.9615228837586067
2013-07-02,2374,2469,0.9615228837586067
2013-07-03,2377,2469,0.9627379505872823
2013-07-04,2370,2469,0.959902794653706
2013-07-05,2370,2469,0.959902794653706
2013-07-08,2365,2469,0.9578776832725799
2013-07-09,2365,2469,0.9578776832725799
2013-07-10,2366,2469,0.9582827055488052
2013-07-11,2371,2469,0.9603078169299312
2013-07-12,2369,2469,0.9594977723774808
2013-07-15,2365,2469,0.9578776832725799
2013-07-16,2363,2468,0.9574554294975689
2013-07-17,2364,2468,0.9578606158833063
2013-07-18,2361,2468,0.956645056726094
2013-07-19,2366,2468,0.9586709886547812
2013-07-22,2357,2468,0.9550243111831442
2013-07-23,2357,2468,0.9550243111831442
2013-07-24,2357,2468,0.9550243111831442
2013-07-25,2360,2468,0.9562398703403565
2013-07-26,2358,2468,0.9554294975688817
2013-07-29,2357,2468,0.9550243111831442
2013-07-30,2359,2468,0.9558346839546191
2013-07-31,2362,2468,0.9570502431118314
2013-08-01,2361,2468,0.956645056726094
2013-08-02,2367,2468,0.9590761750405187
2013-08-05,2361,2468,0.956645056726094
2013-08-06,2359,2468,0.9558346839546191
2013-08-07,2352,2468,0.9529983792544571
2013-08-08,2351,2468,0.9525931928687196
2013-08-09,2355,2468,0.9542139384116693
2013-08-12,2351,2468,0.9525931928687196
2013-08-13,2349,2468,0.9517828200972447
2013-08-14,2353,2468,0.9534035656401945
2013-08-15,2350,2467,0.9525739764896636
2013-08-16,2351,2467,0.9529793271179571
2013-08-19,2348,2467,0.9517632752330766
2013-08-20,2356,2467,0.9550060802594244
2013-08-21,2359,2467,0.9562221321443048
2013-08-22,2356,2467,0.9550060802594244
2013-08-23,2359,2467,0.9562221321443048
2013-08-26,2361,2467,0.9570328334008917
2013-08-27,2358,2467,0.9558167815160113
2013-08-28,2356,2467,0.9550060802594244
2013-08-29,2358,2467,0.9558167815160113
2013-08-30,2362,2467,0.9574381840291852
2013-09-02,2358,2467,0.9558167815160113
2013-09-03,2363,2467,0.9578435346574787
2013-09-04,2364,2467,0.9582488852857722
2013-09-05,2367,2467,0.9594649371706526
2013-09-06,2366,2467,0.9590595865423591
2013-09-09,2361,2467,0.9570328334008917
2013-09-10,2362,2467,0.9574381840291852
2013-09-11,2362,2467,0.9574381840291852
2013-09-12,2358,2467,0.9558167815160113
2013-09-13,2356,2467,0.9550060802594244
2013-09-16,2356,2467,0.9550060802594244
2013-09-17,2358,2467,0.9558167815160113
2013-09-18,2358,2468,0.9554294975688817
2013-09-23,2355,2467,0.954600729631131
2013-09-24,2359,2467,0.9562221321443048
2013-09-25,2355,2467,0.954600729631131
2013-09-26,2356,2467,0.9550060802594244
2013-09-27,2362,2467,0.9574381840291852
2013-09-30,2366,2467,0.9590595865423591
2013-10-08,2369,2467,0.9602756384272395
2013-10-09,2364,2467,0.9582488852857722
2013-10-10,2367,2467,0.9594649371706526
2013-10-11,2368,2467,0.9598702877989461
2013-10-14,2361,2467,0.9570328334008917
2013-10-15,2359,2467,0.9562221321443048
2013-10-16,2356,2467,0.9550060802594244
2013-10-17,2358,2467,0.9558167815160113
2013-10-18,2362,2467,0.9574381840291852
2013-10-21,2358,2467,0.9558167815160113
2013-10-22,2358,2467,0.9558167815160113
2013-10-23,2362,2467,0.9574381840291852
2013-10-24,2366,2467,0.9590595865423591
2013-10-25,2352,2467,0.9533846777462505
2013-10-28,2356,2467,0.9550060802594244
2013-10-29,2359,2467,0.9562221321443048
2013-10-30,2362,2467,0.9574381840291852
2013-10-31,2353,2467,0.953790028374544
2013-11-01,2355,2467,0.954600729631131
2013-11-04,2348,2467,0.9517632752330766
2013-11-05,2353,2467,0.953790028374544
2013-11-06,2354,2467,0.9541953790028375
2013-11-07,2355,2467,0.954600729631131
2013-11-08,2360,2467,0.9566274827725983
2013-11-11,2354,2467,0.9541953790028375
2013-11-12,2361,2467,0.9570328334008917
2013-11-13,2358,2467,0.9558167815160113
2013-11-14,2353,2467,0.953790028374544
2013-11-15,2354,2467,0.9541953790028375
2013-11-18,2348,2467,0.9517632752330766
2013-11-19,2350,2467,0.9525739764896636
2013-11-20,2348,2467,0.9517632752330766
2013-11-21,2346,2467,0.9509525739764897
2013-11-22,2341,2467,0.9489258208350223
2013-11-25,2341,2467,0.9489258208350223
2013-11-26,2343,2467,0.9497365220916092
2013-11-27,2342,2467,0.9493311714633158
2013-11-28,2339,2467,0.9481151195784353
2013-11-29,2340,2467,0.9485204702067288
2013-12-02,2340,2467,0.9485204702067288
2013-12-03,2346,2467,0.9509525739764897
2013-12-04,2346,2467,0.9509525739764897
2013-12-05,2346,2467,0.9509525739764897
2013-12-06,2347,2467,0.9513579246047832
2013-12-09,2342,2467,0.9493311714633158
2013-12-10,2347,2467,0.9513579246047832
2013-12-11,2350,2467,0.9525739764896636
2013-12-12,2345,2467,0.9505472233481962
2013-12-13,2346,2467,0.9509525739764897
2013-12-16,2346,2467,0.9509525739764897
2013-12-17,2346,2467,0.9509525739764897
2013-12-18,2340,2467,0.9485204702067288
2013-12-19,2342,2468,0.9489465153970826
2013-12-20,2347,2468,0.9509724473257699
2013-12-23,2344,2468,0.9497568881685575
2013-12-24,2350,2468,0.9521880064829822
2013-12-25,2350,2468,0.9521880064829822
2013-12-26,2353,2468,0.9534035656401945
2013-12-27,2352,2468,0.9529983792544571
2013-12-30,2353,2468,0.9534035656401945
2013-12-31,2352,2468,0.9529983792544571
2014-01-02,2354,2468,0.953808752025932
2014-01-03,2346,2468,0.9505672609400324
2014-01-06,2346,2468,0.9505672609400324
2014-01-07,2351,2468,0.9525931928687196
2014-01-08,2348,2468,0.9513776337115073
2014-01-09,2348,2468,0.9513776337115073
2014-01-10,2343,2468,0.9493517017828201
2014-01-13,2342,2468,0.9489465153970826
2014-01-14,2342,2468,0.9489465153970826
2014-01-15,2343,2468,0.9493517017828201
2014-01-16,2338,2468,0.9473257698541329
2014-01-17,2342,2469,0.9485621709194005
2014-01-20,2345,2469,0.9497772377480761
2014-01-21,2358,2477,0.9519580137262817
2014-01-22,2362,2478,0.9531880548829701
2014-01-23,2372,2486,0.9541432019308126
2014-01-24,2379,2487,0.9565741857659831
2014-01-27,2381,2495,0.9543086172344689
2014-01-28,2391,2504,0.9548722044728435
2014-01-29,2395,2511,0.9538032656312226
2014-01-30,2399,2511,0.9553962564715253
2014-02-07,2396,2511,0.9542015133412983
2014-02-10,2390,2512,0.9514331210191083
2014-02-11,2387,2513,0.9498607242339833
2014-02-12,2390,2513,0.9510545165141265
2014-02-13,2382,2513,0.9478710704337445
2014-02-14,2375,2513,0.9450855551134103
2014-02-17,2372,2513,0.943891762833267
2014-02-18,2372,2513,0.943891762833267
2014-02-19,2377,2516,0.9447535771065183
2014-02-20,2369,2516,0.9415739268680445
2014-02-21,2375,2516,0.9439586645468998
2014-02-24,2377,2516,0.9447535771065183
2014-02-25,2378,2516,0.9451510333863276
2014-02-26,2371,2516,0.9423688394276629
2014-02-27,2376,2516,0.9443561208267091
2014-02-28,2382,2516,0.9467408585055644
2014-03-03,2379,2516,0.9455484896661367
2014-03-04,2385,2516,0.9479332273449921
2014-03-05,2387,2516,0.9487281399046105
2014-03-06,2378,2516,0.9451510333863276
2014-03-07,2379,2516,0.9455484896661367
2014-03-10,2382,2516,0.9467408585055644
2014-03-11,2379,2516,0.9455484896661367
2014-03-12,2376,2516,0.9443561208267091
2014-03-13,2371,2516,0.9423688394276629
2014-03-14,2370,2516,0.9419713831478538
2014-03-17,2369,2516,0.9415739268680445
2014-03-18,2371,2516,0.9423688394276629
2014-03-19,2369,2516,0.9415739268680445
2014-03-20,2372,2516,0.9427662957074722
2014-03-21,2369,2516,0.9415739268680445
2014-03-24,2355,2516,0.9360095389507154
2014-03-25,2358,2516,0.9372019077901431
2014-03-26,2357,2516,0.9368044515103339
2014-03-27,2354,2516,0.9356120826709062
2014-03-28,2356,2516,0.9364069952305246
2014-03-31,2343,2516,0.9312400635930048
2014-04-01,2344,2516,0.931637519872814
2014-04-02,2341,2516,0.9304451510333863
2014-04-03,2346,2516,0.9324324324324325
2014-04-04,2350,2516,0.9340222575516693
2014-04-08,2344,2516,0.931637519872814
2014-04-09,2342,2516,0.9308426073131956
2014-04-10,2339,2516,0.9296502384737679
2014-04-11,2332,2516,0.9268680445151033
2014-04-14,2329,2516,0.9256756756756757
2014-04-15,2325,2516,0.9240858505564388
2014-04-16,2323,2516,0.9232909379968204
2014-04-17,2326,2516,0.924483306836248
2014-04-18,2329,2516,0.9256756756756757
2014-04-21,2320,2516,0.9220985691573926
2014-04-22,2322,2516,0.9228934817170111
2014-04-23,2329,2516,0.9256756756756757
2014-04-24,2326,2516,0.924483306836248
2014-04-25,2322,2516,0.9228934817170111
2014-04-28,2310,2516,0.9181240063593005
2014-04-29,2315,2516,0.9201112877583466
2014-04-30,2318,2516,0.9213036565977742
2014-05-05,2312,2516,0.918918918918919
2014-05-06,2313,2516,0.9193163751987281
2014-05-07,2318,2516,0.9213036565977742
2014-05-08,2312,2516,0.918918918918919
2014-05-09,2310,2516,0.9181240063593005
2014-05-12,2308,2516,0.9173290937996821
2014-05-13,2312,2516,0.918918918918919
2014-05-14,2316,2516,0.9205087440381559
2014-05-15,2318,2516,0.9213036565977742
2014-05-16,2316,2516,0.9205087440381559
2014-05-19,2316,2516,0.9205087440381559
2014-05-20,2322,2516,0.9228934817170111
2014-05-21,2316,2516,0.9205087440381559
2014-05-22,2321,2516,0.9224960254372019
2014-05-23,2318,2516,0.9213036565977742
2014-05-26,2312,2516,0.918918918918919
2014-05-27,2316,2516,0.9205087440381559
2014-05-28,2313,2516,0.9193163751987281
2014-05-29,2313,2516,0.9193163751987281
2014-05-30,2312,2516,0.918918918918919
2014-06-03,2311,2516,0.9185214626391097
2014-06-04,2318,2516,0.9213036565977742
2014-06-05,2307,2516,0.9169316375198728
2014-06-06,2307,2515,0.9172962226640159
2014-06-09,2305,2515,0.9165009940357853
2014-06-10,2311,2515,0.9188866799204771
2014-06-11,2308,2515,0.9176938369781312
2014-06-12,2303,2515,0.9157057654075547
2014-06-13,2299,2515,0.9141153081510934
2014-06-16,2300,2515,0.9145129224652088
2014-06-17,2310,2515,0.9184890656063618
2014-06-18,2308,2515,0.9176938369781312
2014-06-19,2307,2515,0.9172962226640159
2014-06-20,2313,2515,0.9196819085487078
2014-06-23,2308,2515,0.9176938369781312
2014-06-24,2312,2515,0.9192842942345925
2014-06-25,2302,2515,0.9153081510934393
2014-06-26,2304,2518,0.9150119142176331
2014-06-27,2306,2518,0.9158061953931692
2014-06-30,2301,2519,0.9134577213179833
2014-07-01,2310,2520,0.9166666666666666
2014-07-02,2317,2523,0.9183511692429647
2014-07-03,2310,2524,0.9152139461172741
2014-07-04,2303,2524,0.9124405705229794
2014-07-07,2306,2524,0.9136291600633915
2014-07-08,2306,2524,0.9136291600633915
2014-07-09,2306,2524,0.9136291600633915
2014-07-10,2305,2524,0.9132329635499208
2014-07-11,2301,2524,0.911648177496038
2014-07-14,2299,2524,0.9108557844690967
2014-07-15,2303,2524,0.9124405705229794
2014-07-16,2303,2524,0.9124405705229794
2014-07-17,2298,2524,0.910459587955626
2014-07-18,2301,2525,0.9112871287128713
2014-07-21,2293,2525,0.9081188118811881
2014-07-22,2294,2525,0.9085148514851485
2014-07-23,2302,2525,0.9116831683168317
2014-07-24,2303,2525,0.9120792079207921
2014-07-25,2309,2525,0.9144554455445545
2014-07-28,2309,2525,0.9144554455445545
2014-07-29,2310,2525,0.9148514851485149
2014-07-30,2309,2525,0.9144554455445545
2014-07-31,2319,2528,0.9173259493670886
2014-08-01,2321,2533,0.9163047769443348
2014-08-04,2320,2533,0.9159099881563364
2014-08-05,2324,2534,0.9171270718232044
2014-08-06,2320,2534,0.9155485398579322
2014-08-07,2321,2534,0.9159431728492502
2014-08-08,2325,2535,0.9171597633136095
2014-08-11,2323,2535,0.916370808678501
2014-08-12,2319,2535,0.914792899408284
2014-08-13,2316,2535,0.9136094674556213
2014-08-14,2315,2535,0.9132149901380671
2014-08-15,2320,2535,0.9151873767258383
2014-08-18,2307,2535,0.9100591715976332
2014-08-19,2315,2535,0.9132149901380671
2014-08-20,2319,2535,0.914792899408284
2014-08-21,2322,2535,0.9159763313609467
2014-08-22,2325,2536,0.9167981072555205
2014-08-25,2320,2537,0.9144659046117461
2014-08-26,2317,2537,0.913283405597162
2014-08-27,2318,2537,0.9136775719353567
2014-08-28,2311,2537,0.9109184075679937
2014-08-29,2313,2537,0.9117067402443831
2014-09-01,2309,2537,0.9101300748916042
2014-09-02,2314,2537,0.9121009065825778
2014-09-03,2318,2537,0.9136775719353567
2014-09-04,2314,2537,0.9121009065825778
2014-09-05,2327,2538,0.9168636721828212
2014-09-09,2316,2539,0.912170145726664
2014-09-10,2321,2543,0.9127015336217067
2014-09-11,2313,2543,0.9095556429414078
2014-09-12,2323,2545,0.9127701375245579
2014-09-15,2319,2545,0.9111984282907662
2014-09-16,2317,2545,0.9104125736738703
2014-09-17,2323,2545,0.9127701375245579
2014-09-18,2319,2545,0.9111984282907662
2014-09-19,2319,2545,0.9111984282907662
2014-09-22,2308,2545,0.906876227897839
2014-09-23,2311,2545,0.9080550098231827
2014-09-24,2312,2545,0.9084479371316306
2014-09-25,2317,2545,0.9104125736738703
2014-09-26,2326,2546,0.9135899450117831
2014-09-29,2316,2547,0.9093050647820966
2014-09-30,2336,2548,0.9167974882260597
2014-10-08,2321,2548,0.9109105180533752
2014-10-09,2329,2553,0.9122600861731297
2014-10-10,2326,2557,0.9096597575283535
2014-10-13,2311,2558,0.903440187646599
2014-10-14,2313,2558,0.9042220484753714
2014-10-15,2318,2559,0.9058225869480265
2014-10-16,2322,2559,0.9073856975381008
2014-10-17,2324,2559,0.9081672528331379
2014-10-20,2329,2559,0.9101211410707307
2014-10-21,2329,2559,0.9101211410707307
2014-10-22,2333,2559,0.911684251660805
2014-10-23,2322,2559,0.9073856975381008
2014-10-24,2324,2559,0.9081672528331379
2014-10-27,2322,2559,0.9073856975381008
2014-10-28,2328,2559,0.9097303634232122
2014-10-29,2318,2559,0.9058225869480265
2014-10-30,2327,2562,0.9082747853239657
2014-10-31,2333,2563,0.9102614124073352
2014-11-03,2330,2563,0.9090909090909091
2014-11-04,2333,2566,0.9091971940763834
2014-11-05,2342,2567,0.9123490455784963
2014-11-06,2342,2568,0.911993769470405
2014-11-07,2348,2569,0.9139743090696769
2014-11-10,2339,2569,0.9104710003892565
2014-11-11,2343,2570,0.9116731517509727
2014-11-12,2346,2570,0.91284046692607
2014-11-13,2345,2570,0.9124513618677043
2014-11-14,2348,2570,0.9136186770428015
2014-11-17,2332,2570,0.9073929961089494
2014-11-18,2336,2570,0.9089494163424124
2014-11-19,2331,2570,0.9070038910505837
2014-11-20,2315,2570,0.9007782101167315
2014-11-21,2318,2570,0.9019455252918288
2014-11-24,2314,2570,0.9003891050583658
2014-11-25,2312,2570,0.8996108949416343
2014-11-26,2314,2570,0.9003891050583658
2014-11-27,2304,2571,0.8961493582263711
2014-11-28,2310,2571,0.8984830805134189
2014-12-01,2297,2571,0.8934266822248152
2014-12-02,2308,2571,0.897705173084403
2014-12-03,2322,2577,0.9010477299185099
2014-12-04,2315,2578,0.8979829325058185
2014-12-05,2324,2580,0.9007751937984496
2014-12-08,2315,2580,0.8972868217054264
2014-12-09,2315,2581,0.8969391708640062
2014-12-10,2324,2581,0.9004261913986826
2014-12-11,2324,2582,0.9000774593338497
2014-12-12,2329,2582,0.9020139426800929
2014-12-15,2333,2582,0.9035631293570875
2014-12-16,2344,2582,0.9078233927188226
2014-12-17,2340,2582,0.9062742060418281
2014-12-18,2329,2582,0.9020139426800929
2014-12-19,2328,2582,0.9016266460108443
2014-12-22,2326,2582,0.900852052672347
2014-12-23,2330,2582,0.9024012393493416
2014-12-24,2326,2582,0.900852052672347
2014-12-25,2328,2582,0.9016266460108443
2014-12-26,2328,2582,0.9016266460108443
2014-12-29,2325,2584,0.8997678018575851
2014-12-30,2344,2587,0.906068805566293
2014-12-31,2346,2592,0.9050925925925926
2015-01-05,2347,2592,0.9054783950617284
2015-01-06,2345,2592,0.9047067901234568
2015-01-07,2349,2592,0.90625
2015-01-08,2347,2592,0.9054783950617284
2015-01-09,2344,2592,0.904320987654321
2015-01-12,2341,2592,0.9031635802469136
2015-01-13,2339,2592,0.902391975308642
2015-01-14,2337,2592,0.9016203703703703
2015-01-15,2332,2592,0.8996913580246914
2015-01-16,2340,2592,0.9027777777777778
2015-01-19,2332,2592,0.8996913580246914
2015-01-20,2332,2593,0.8993443887389124
2015-01-21,2334,2597,0.8987293030419715
2015-01-22,2339,2603,0.8985785631963119
2015-01-23,2340,2606,0.8979278587874137
2015-01-26,2343,2609,0.8980452280567267
2015-01-27,2348,2611,0.899272309459977
2015-01-28,2359,2613,0.902793723689246
2015-01-29,2361,2614,0.9032134659525631
2015-01-30,2361,2614,0.9032134659525631
2015-02-02,2356,2614,0.901300688599847
2015-02-03,2361,2614,0.9032134659525631
2015-02-04,2360,2614,0.9028309104820199
2015-02-05,2354,2614,0.9005355776587605
2015-02-06,2355,2614,0.9009181331293038
2015-02-09,2350,2614,0.8990053557765876
2015-02-10,2351,2614,0.8993879112471308
2015-02-11,2360,2614,0.9028309104820199
2015-02-12,2364,2614,0.9043611323641928
2015-02-13,2369,2614,0.9062739097169089
2015-02-16,2376,2617,0.907909820405044
2015-02-17,2402,2631,0.9129608513873052
2015-02-25,2394,2632,0.9095744680851063
2015-02-26,2397,2634,0.9100227790432802
2015-02-27,2396,2635,0.9092979127134725
2015-03-02,2388,2637,0.9055745164960182
2015-03-03,2389,2638,0.9056103108415466
2015-03-04,2391,2638,0.9063684609552691
2015-03-05,2383,2638,0.9033358605003791
2015-03-06,2383,2638,0.9033358605003791
2015-03-09,2376,2638,0.9006823351023503
2015-03-10,2381,2638,0.9025777103866566
2015-03-11,2383,2638,0.9033358605003791
2015-03-12,2378,2638,0.9014404852160728
2015-03-13,2370,2638,0.8984078847611827
2015-03-16,2363,2638,0.895754359363154
2015-03-17,2364,2638,0.8961334344200151
2015-03-18,2367,2639,0.8969306555513452
2015-03-19,2364,2647,0.893086513033623
2015-03-20,2374,2652,0.8951734539969834
2015-03-23,2359,2653,0.8891820580474934
2015-03-24,2369,2657,0.8916070756492285
2015-03-25,2364,2659,0.8890560361037985
2015-03-26,2357,2662,0.8854244928625093
2015-03-27,2362,2662,0.8873027798647634
2015-03-30,2346,2662,0.8812922614575507
2015-03-31,2359,2662,0.886175807663411
2015-04-01,2360,2662,0.8865514650638617
2015-04-02,2353,2662,0.8839218632607062
2015-04-03,2365,2662,0.8884297520661157
2015-04-07,2348,2662,0.8820435762584523
2015-04-08,2350,2662,0.8827948910593538
2015-04-09,2340,2662,0.879038317054846
2015-04-10,2342,2662,0.8797896318557475
2015-04-13,2341,2662,0.8794139744552968
2015-04-14,2346,2662,0.8812922614575507
2015-04-15,2329,2662,0.8749060856498873
2015-04-16,2329,2662,0.8749060856498873
2015-04-17,2337,2662,0.8779113448534936
2015-04-20,2336,2662,0.8775356874530428
2015-04-21,2348,2662,0.8820435762584523
2015-04-22,2360,2672,0.8832335329341318
2015-04-23,2368,2680,0.8835820895522388
2015-04-24,2375,2690,0.8828996282527881
2015-04-27,2380,2691,0.884429580081754
2015-04-28,2383,2692,0.8852154531946508
2015-04-29,2386,2692,0.8863298662704309
2015-04-30,2381,2692,0.8844725111441307
2015-05-04,2374,2692,0.8818722139673105
2015-05-05,2365,2692,0.8785289747399703
2015-05-06,2365,2692,0.8785289747399703
2015-05-07,2366,2692,0.8789004457652303
2015-05-08,2365,2692,0.8785289747399703
2015-05-11,2376,2692,0.8826151560178306
2015-05-12,2385,2692,0.8859583952451708
2015-05-13,2377,2695,0.8820037105751392
2015-05-14,2375,2698,0.8802816901408451
2015-05-15,2387,2709,0.8811369509043928
2015-05-18,2373,2714,0.8743551952837141
2015-05-19,2374,2716,0.874079528718704
2015-05-20,2379,2716,0.875920471281296
2015-05-21,2381,2714,0.8773028739867355
2015-05-22,2368,2713,0.8728345005528935
2015-05-25,2345,2713,0.8643568005897531
2015-05-26,2354,2713,0.867674161444895
2015-05-27,2359,2722,0.866642174871418
2015-05-28,2354,2730,0.8622710622710623
2015-05-29,2348,2733,0.8591291620929382
2015-06-01,2335,2733,0.8543724844493231
2015-06-02,2334,2733,0.854006586169045
2015-06-03,2331,2733,0.8529088913282108
2015-06-04,2339,2733,0.8558360775704354
2015-06-05,2332,2733,0.8532747896084888
2015-06-08,2316,2733,0.8474204171240395
2015-06-09,2321,2733,0.8492499085254299
2015-06-10,2331,2741,0.8504195549069683
2015-06-11,2340,2750,0.850909090909091
2015-06-12,2344,2756,0.8505079825834543
2015-06-15,2334,2756,0.8468795355587808
2015-06-16,2345,2756,0.8508708272859217
2015-06-17,2347,2756,0.8515965166908563
2015-06-18,2345,2756,0.8508708272859217
2015-06-19,2349,2756,0.852322206095791
2015-06-23,2357,2756,0.8552249637155298
2015-06-24,2371,2756,0.8603047895500726
2015-06-25,2371,2756,0.8603047895500726
2015-06-26,2387,2761,0.8645418326693227
2015-06-29,2371,2767,0.8568847126852186
2015-06-30,2355,2776,0.848342939481268
2015-07-01,2366,2779,0.8513853904282116
2015-07-02,2339,2781,0.84106436533621
2015-07-03,2292,2781,0.8241639697950378
2015-07-06,2243,2781,0.806544408486156
2015-07-07,2044,2781,0.7349874145990651
2015-07-08,1489,2781,0.5354189140596908
2015-07-09,1363,2781,0.49011147069399497
2015-07-10,1425,2781,0.5124056094929881
2015-07-13,1770,2781,0.6364617044228694
2015-07-14,2023,2780,0.7276978417266187
2015-07-15,2117,2780,0.7615107913669065
2015-07-16,2135,2780,0.7679856115107914
2015-07-17,2174,2780,0.7820143884892087
2015-07-20,2241,2780,0.806115107913669
2015-07-21,2263,2780,0.8140287769784172
2015-07-22,2281,2780,0.8205035971223021
2015-07-23,2275,2780,0.8183453237410072
2015-07-24,2282,2780,0.820863309352518
2015-07-27,2274,2780,0.8179856115107914
2015-07-28,2275,2780,0.8183453237410072
2015-07-29,2285,2780,0.8219424460431655
2015-07-30,2290,2780,0.8237410071942446
2015-07-31,2299,2780,0.826978417266187
2015-08-03,2285,2780,0.8219424460431655
2015-08-04,2281,2780,0.8205035971223021
2015-08-05,2289,2780,0.8233812949640288
2015-08-06,2293,2780,0.8248201438848921
2015-08-07,2295,2780,0.8255395683453237
2015-08-10,2294,2780,0.8251798561151079
2015-08-11,2296,2780,0.8258992805755395
2015-08-12,2299,2780,0.826978417266187
2015-08-13,2302,2780,0.8280575539568346
2015-08-14,2315,2780,0.8327338129496403
2015-08-17,2317,2780,0.8334532374100719
2015-08-18,2316,2780,0.8330935251798561
2015-08-19,2320,2780,0.8345323741007195
2015-08-20,2323,2780,0.8356115107913669
2015-08-21,2327,2780,0.8370503597122302
2015-08-24,2327,2780,0.8370503597122302
2015-08-25,2320,2780,0.8345323741007195
2015-08-26,2309,2780,0.8305755395683453
2015-08-27,2292,2780,0.8244604316546763
2015-08-28,2301,2780,0.8276978417266188
2015-08-31,2302,2780,0.8280575539568346
2015-09-01,2301,2780,0.8276978417266188
2015-09-02,2306,2780,0.8294964028776979
2015-09-07,2299,2780,0.826978417266187
2015-09-08,2321,2780,0.8348920863309353
2015-09-09,2327,2780,0.8370503597122302
2015-09-10,2336,2780,0.8402877697841726
2015-09-11,2340,2780,0.841726618705036
2015-09-14,2340,2780,0.841726618705036
2015-09-15,2344,2780,0.8431654676258993
2015-09-16,2344,2780,0.8431654676258993
2015-09-17,2345,2780,0.8435251798561151
2015-09-18,2348,2780,0.8446043165467626
2015-09-21,2355,2780,0.8471223021582733
2015-09-22,2368,2780,0.8517985611510791
2015-09-23,2351,2780,0.8456834532374101
2015-09-24,2359,2780,0.8485611510791367
2015-09-25,2365,2780,0.8507194244604317
2015-09-28,2357,2780,0.847841726618705
2015-09-29,2362,2780,0.8496402877697842
2015-09-30,2369,2780,0.852158273381295
2015-10-08,2368,2780,0.8517985611510791
2015-10-09,2378,2780,0.8553956834532375
2015-10-12,2376,2780,0.8546762589928057
2015-10-13,2373,2780,0.8535971223021582
2015-10-14,2375,2780,0.85431654676259
2015-10-15,2358,2780,0.8482014388489209
2015-10-16,2357,2780,0.847841726618705
2015-10-19,2345,2780,0.8435251798561151
2015-10-20,2348,2780,0.8446043165467626
2015-10-21,2356,2780,0.8474820143884892
2015-10-22,2368,2780,0.8517985611510791
2015-10-23,2379,2780,0.8557553956834533
2015-10-26,2388,2780,0.8589928057553957
2015-10-27,2389,2780,0.8593525179856115
2015-10-28,2393,2780,0.8607913669064748
2015-10-29,2411,2780,0.8672661870503597
2015-10-30,2410,2780,0.8669064748201439
2015-11-02,2408,2781,0.8658755843221863
2015-11-03,2412,2780,0.8676258992805755
2015-11-04,2427,2780,0.8730215827338129
2015-11-05,2425,2780,0.8723021582733813
2015-11-06,2425,2780,0.8723021582733813
2015-11-09,2437,2780,0.8766187050359712
2015-11-10,2451,2780,0.8816546762589929
2015-11-11,2449,2780,0.8809352517985611
2015-11-12,2462,2780,0.8856115107913669
2015-11-13,2467,2780,0.887410071942446
2015-11-16,2466,2780,0.8870503597122302
2015-11-17,2473,2780,0.889568345323741
2015-11-18,2477,2780,0.8910071942446043
2015-11-19,2478,2780,0.8913669064748202
2015-11-20,2476,2780,0.8906474820143885
2015-11-23,2486,2780,0.8942446043165467
2015-11-24,2486,2780,0.8942446043165467
2015-11-25,2501,2780,0.8996402877697842
2015-11-26,2500,2780,0.8992805755395683
2015-11-27,2497,2780,0.8982014388489209
2015-11-30,2509,2780,0.9025179856115108
2015-12-01,2512,2780,0.9035971223021583
2015-12-02,2516,2780,0.9050359712230216
2015-12-03,2513,2780,0.9039568345323741
2015-12-04,2517,2781,0.9050701186623517
2015-12-07,2526,2781,0.9083063646170443
2015-12-08,2535,2781,0.9115426105717368
2015-12-09,2539,2787,0.9110154287764621
2015-12-10,2547,2791,0.9125761375850949
2015-12-11,2539,2791,0.909709781440344
2015-12-14,2549,2791,0.9132927266212827
2015-12-15,2557,2791,0.9161590827660336
2015-12-16,2560,2791,0.9172339663203153
2015-12-17,2555,2791,0.915442493729846
2015-12-18,2553,2791,0.9147259046936582
2015-12-21,2554,2791,0.9150841992117521
2015-12-22,2562,2797,0.9159814086521273
2015-12-23,2567,2800,0.9167857142857143
2015-12-24,2560,2801,0.9139593002499108
2015-12-25,2579,2801,0.920742591931453
2015-12-28,2577,2801,0.9200285612281328
2015-12-29,2574,2801,0.9189575151731525
2015-12-30,2570,2802,0.9172019985724482
2015-12-31,2587,2808,0.9212962962962963
2016-01-04,2592,2808,0.9230769230769231
2016-01-05,2593,2808,0.9234330484330484
2016-01-06,2599,2809,0.9252402990388039
2016-01-07,2588,2809,0.9213243147027412
2016-01-08,2598,2809,0.9248843004627981
2016-01-11,2591,2809,0.9223923104307583
2016-01-12,2590,2809,0.9220363118547525
2016-01-13,2586,2809,0.9206123175507298
2016-01-14,2601,2809,0.9259522961908152
2016-01-15,2606,2809,0.9277322890708437
2016-01-18,2589,2809,0.9216803132787469
2016-01-19,2601,2809,0.9259522961908152
2016-01-20,2607,2809,0.9280882876468494
2016-01-21,2602,2809,0.926308294766821
2016-01-22,2607,2809,0.9280882876468494
2016-01-25,2610,2809,0.9291562833748666
2016-01-26,2612,2809,0.9298682805268779
2016-01-27,2607,2809,0.9280882876468494
2016-01-28,2609,2809,0.9288002847988608
2016-01-29,2612,2809,0.9298682805268779
2016-02-01,2603,2809,0.9266642933428266
2016-02-02,2597,2810,0.9241992882562278
2016-02-03,2595,2810,0.9234875444839857
2016-02-04,2598,2812,0.9238975817923186
2016-02-05,2599,2813,0.9239246356203341
2016-02-15,2597,2814,0.9228855721393034
2016-02-16,2596,2814,0.9225302061122956
2016-02-17,2612,2814,0.9282160625444208
2016-02-18,2613,2816,0.9279119318181818
2016-02-19,2609,2816,0.9264914772727273
2016-02-22,2597,2816,0.9222301136363636
2016-02-23,2595,2816,0.9215198863636364
2016-02-24,2586,2816,0.9183238636363636
2016-02-25,2584,2816,0.9176136363636364
2016-02-26,2580,2816,0.9161931818181818
2016-02-29,2577,2816,0.9151278409090909
2016-03-01,2582,2816,0.9169034090909091
2016-03-02,2590,2816,0.9197443181818182
2016-03-03,2588,2817,0.9187078452254172
2016-03-04,2591,2817,0.9197728079517217
2016-03-07,2585,2818,0.9173172462739532
2016-03-08,2591,2819,0.9191202554097198
2016-03-09,2589,2821,0.9177596596951436
2016-03-10,2599,2822,0.9209780297661233
2016-03-11,2605,2823,0.9227771873893021
2016-03-14,2607,2823,0.9234856535600425
2016-03-15,2610,2824,0.9242209631728046
2016-03-16,2614,2825,0.9253097345132744
2016-03-17,2616,2825,0.9260176991150443
2016-03-18,2609,2825,0.9235398230088495
2016-03-21,2600,2825,0.9203539823008849
2016-03-22,2594,2827,0.9175804740007074
2016-03-23,2601,2827,0.9200565970993987
2016-03-24,2588,2828,0.9151343705799151
2016-03-25,2590,2828,0.9158415841584159
2016-03-28,2585,2829,0.9137504418522446
2016-03-29,2577,2830,0.9106007067137809
2016-03-30,2576,2830,0.9102473498233216
2016-03-31,2586,2832,0.913135593220339
2016-04-01,2573,2832,0.908545197740113
2016-04-05,2570,2832,0.9074858757062146
2016-04-06,2563,2833,0.9046946699611719
2016-04-07,2565,2833,0.905400635368867
2016-04-08,2566,2833,0.9057536180727145
2016-04-11,2560,2833,0.9036357218496294
2016-04-12,2564,2834,0.9047282992237121
2016-04-13,2575,2834,0.9086097388849682
2016-04-14,2566,2834,0.9054340155257586
2016-04-15,2567,2835,0.9054673721340388
2016-04-18,2566,2836,0.9047954866008463
2016-04-19,2569,2837,0.9055340148043708
2016-04-20,2569,2837,0.9055340148043708
2016-04-21,2567,2838,0.9045102184637068
2016-04-22,2571,2838,0.9059196617336153
2016-04-25,2573,2839,0.9063050369848539
2016-04-26,2572,2839,0.9059528002817894
2016-04-27,2575,2840,0.9066901408450704
2016-04-28,2576,2842,0.9064039408866995
2016-04-29,2580,2843,0.9074920858248329
2016-05-03,2583,2844,0.9082278481012658
2016-05-04,2589,2845,0.9100175746924429
2016-05-05,2587,2845,0.9093145869947276
2016-05-06,2589,2847,0.9093782929399368
2016-05-09,2585,2847,0.9079733052335792
2016-05-10,2587,2848,0.9083567415730337
2016-05-11,2587,2849,0.9080379080379081
2016-05-12,2585,2849,0.9073359073359073
2016-05-13,2586,2849,0.9076869076869077
2016-05-16,2585,2849,0.9073359073359073
2016-05-17,2594,2850,0.9101754385964912
2016-05-18,2592,2850,0.9094736842105263
2016-05-19,2589,2851,0.9081024202034373
2016-05-20,2590,2851,0.9084531743247983
2016-05-23,2585,2851,0.9066994037179937
2016-05-24,2585,2851,0.9066994037179937
2016-05-25,2592,2852,0.908835904628331
2016-05-26,2597,2853,0.9102698913424465
2016-05-27,2595,2853,0.9095688748685594
2016-05-30,2608,2855,0.9134851138353766
2016-05-31,2600,2855,0.9106830122591943
2016-06-01,2595,2855,0.9089316987740805
2016-06-02,2588,2856,0.9061624649859944
2016-06-03,2604,2857,0.9114455722786139
2016-06-06,2605,2858,0.9114765570328901
2016-06-07,2614,2859,0.9143057012941588
2016-06-08,2612,2861,0.9129674938832576
2016-06-13,2613,2861,0.9133170220202727
2016-06-14,2612,2861,0.9129674938832576
2016-06-15,2613,2862,0.9129979035639413
2016-06-16,2614,2862,0.9133473095737247
2016-06-17,2610,2862,0.9119496855345912
2016-06-20,2612,2862,0.9126484975541579
2016-06-21,2611,2862,0.9122990915443746
2016-06-22,2620,2863,0.9151239958085924
2016-06-23,2617,2863,0.9140761439049948
2016-06-24,2628,2865,0.9172774869109948
2016-06-27,2619,2865,0.9141361256544502
2016-06-28,2630,2866,0.9176552686671319
2016-06-29,2634,2868,0.9184100418410042
2016-06-30,2635,2868,0.9187587168758717
2016-07-01,2644,2869,0.9215754618333915
2016-07-04,2638,2869,0.9194841408156152
2016-07-05,2643,2871,0.9205851619644723
2016-07-06,2641,2872,0.9195682451253482
2016-07-07,2646,2873,0.9209885137486947
2016-07-08,2644,2874,0.9199721642310369
2016-07-11,2646,2874,0.9206680584551148
2016-07-12,2651,2876,0.9217663421418637
2016-07-13,2650,2876,0.9214186369958275
2016-07-14,2654,2876,0.9228094575799722
2016-07-15,2655,2876,0.9231571627260083
2016-07-18,2651,2876,0.9217663421418637
2016-07-19,2660,2877,0.9245742092457421
2016-07-20,2658,2877,0.9238790406673618
2016-07-21,2657,2877,0.9235314563781717
2016-07-22,2669,2877,0.9277024678484532
2016-07-25,2660,2877,0.9245742092457421
2016-07-26,2673,2880,0.928125
2016-07-27,2665,2880,0.9253472222222222
2016-07-28,2679,2881,0.9298854564387365
2016-07-29,2677,2881,0.9291912530371399
2016-08-01,2684,2882,0.9312977099236641
2016-08-02,2694,2885,0.9337954939341421
2016-08-03,2689,2885,0.9320623916811092
2016-08-04,2686,2885,0.9310225303292894
2016-08-05,2691,2886,0.9324324324324325
2016-08-08,2699,2888,0.9345567867036011
2016-08-09,2712,2891,0.938083708059495
2016-08-10,2712,2892,0.9377593360995851
2016-08-11,2711,2892,0.9374135546334716
2016-08-12,2717,2895,0.9385146804835924
2016-08-15,2717,2896,0.9381906077348067
2016-08-16,2724,2897,0.9402830514325164
2016-08-17,2724,2898,0.9399585921325052
2016-08-18,2732,2901,0.9417442261289211
2016-08-19,2724,2902,0.9386629910406616
2016-08-22,2727,2903,0.9393730623492939
2016-08-23,2731,2905,0.9401032702237522
2016-08-24,2740,2905,0.9432013769363167
2016-08-25,2725,2905,0.9380378657487092
2016-08-26,2724,2908,0.936726272352132
2016-08-29,2721,2908,0.9356946354883081
2016-08-30,2731,2910,0.9384879725085911
2016-08-31,2734,2911,0.9391961525249055
2016-09-01,2738,2912,0.9402472527472527
2016-09-02,2730,2913,0.937178166838311
2016-09-05,2742,2914,0.940974605353466
2016-09-06,2738,2914,0.939601921757035
2016-09-07,2737,2914,0.9392587508579272
2016-09-08,2739,2916,0.9393004115226338
2016-09-09,2734,2917,0.9372643126499829
2016-09-12,2729,2918,0.935229609321453
2016-09-13,2727,2921,0.9335843889079083
2016-09-14,2728,2923,0.9332877180978447
2016-09-19,2723,2924,0.9312585499316005
2016-09-20,2737,2926,0.9354066985645934
2016-09-21,2730,2926,0.9330143540669856
2016-09-22,2722,2926,0.9302802460697197
2016-09-23,2721,2927,0.9296207721216262
2016-09-26,2727,2927,0.9316706525452682
2016-09-27,2743,2927,0.9371370003416467
2016-09-28,2742,2930,0.9358361774744027
2016-09-29,2739,2930,0.9348122866894198
2016-09-30,2747,2933,0.9365837026934879
2016-10-10,2752,2934,0.9379686434901159
2016-10-11,2745,2935,0.9352640545144804
2016-10-12,2769,2939,0.9421571963252807
2016-10-13,2765,2940,0.9404761904761905
2016-10-14,2765,2941,0.940156409384563
2016-10-17,2770,2942,0.9415363698164514
2016-10-18,2769,2945,0.9402376910016977
2016-10-19,2764,2945,0.9385398981324279
2016-10-20,2768,2945,0.9398981324278438
2016-10-21,2776,2948,0.9416553595658074
2016-10-24,2782,2948,0.9436906377204884
2016-10-25,2780,2951,0.9420535411724839
2016-10-26,2794,2952,0.9464769647696477
2016-10-27,2794,2953,0.9461564510667119
2016-10-28,2799,2954,0.9475287745429926
2016-10-31,2798,2955,0.9468697123519458
2016-11-01,2803,2958,0.9475997295469912
2016-11-02,2792,2958,0.9438810006761326
2016-11-03,2801,2958,0.9469235970250169
2016-11-04,2814,2959,0.9509969584319027
2016-11-07,2812,2961,0.9496791624451199
2016-11-08,2801,2962,0.9456448345712356
2016-11-09,2804,2964,0.9460188933873145
2016-11-10,2804,2965,0.9456998313659359
2016-11-11,2806,2967,0.9457364341085271
2016-11-14,2809,2968,0.9464285714285714
2016-11-15,2804,2969,0.9444257325698888
2016-11-16,2802,2971,0.9431167956916863
2016-11-17,2798,2973,0.9411368987554659
2016-11-18,2798,2976,0.9401881720430108
2016-11-21,2799,2977,0.9402082633523682
2016-11-22,2812,2980,0.9436241610738255
2016-11-23,2813,2981,0.9436430727943643
2016-11-24,2810,2983,0.942004693261817
2016-11-25,2810,2985,0.9413735343383585
2016-11-28,2807,2985,0.9403685092127303
2016-11-29,2813,2988,0.9414323962516734
2016-11-30,2822,2989,0.9441284710605554
2016-12-01,2819,2991,0.9424941491140086
2016-12-02,2822,2992,0.9431818181818182
2016-12-05,2824,2992,0.9438502673796791
2016-12-06,2840,2995,0.9482470784641068
2016-12-07,2829,2996,0.9442590120160214
2016-12-08,2837,2999,0.9459819939979993
2016-12-09,2835,3002,0.9443704197201865
2016-12-12,2831,3003,0.9427239427239428
2016-12-13,2844,3007,0.9457931493182574
2016-12-14,2849,3008,0.9471409574468085
2016-12-15,2844,3009,0.9451645064805583
2016-12-16,2842,3011,0.9438724676187313
2016-12-19,2836,3012,0.9415670650730412
2016-12-20,2844,3016,0.9429708222811671
2016-12-21,2854,3018,0.9456593770709079
2016-12-22,2845,3019,0.9423650215303081
2016-12-23,2850,3022,0.9430840502978161
2016-12-26,2850,3023,0.942772080714522
2016-12-27,2864,3024,0.9470899470899471
2016-12-28,2865,3029,0.9458567183889073
2016-12-29,2872,3032,0.9472295514511874
2016-12-30,2887,3034,0.9515491100856954
2017-01-03,2877,3036,0.9476284584980237
2017-01-04,2888,3038,0.9506254114549045
2017-01-05,2885,3042,0.9483892176199868
2017-01-06,2891,3045,0.9494252873563218
2017-01-09,2893,3046,0.9497701904136573
2017-01-10,2895,3050,0.9491803278688524
2017-01-11,2896,3053,0.9485751719620046
2017-01-12,2903,3057,0.9496238141969251
2017-01-13,2904,3061,0.9487095720352826
2017-01-16,2909,3062,0.950032658393207
2017-01-17,2912,3065,0.9500815660685155
2017-01-18,2913,3066,0.9500978473581213
2017-01-19,2914,3069,0.9494949494949495
2017-01-20,2922,3074,0.9505530253741054
2017-01-23,2919,3077,0.9486512837179071
2017-01-24,2928,3079,0.9509581032802858
2017-01-25,2931,3084,0.9503891050583657
2017-01-26,2941,3087,0.9527048914804017
2017-02-03,2930,3087,0.9491415613864593
2017-02-06,2932,3089,0.9491744901262544
2017-02-07,2935,3092,0.9492238033635187
2017-02-08,2946,3097,0.9512431385211495
2017-02-09,2948,3100,0.9509677419354838
2017-02-10,2943,3101,0.9490486939696872
2017-02-13,2958,3106,0.9523502897617514
2017-02-14,2945,3107,0.9478596717090441
2017-02-15,2955,3110,0.9501607717041801
2017-02-16,2951,3110,0.9488745980707396
2017-02-17,2955,3112,0.9495501285347043
2017-02-20,2933,3115,0.9415730337078652
2017-02-21,2949,3116,0.946405648267009
2017-02-22,2941,3118,0.9432328415651058
2017-02-23,2953,3118,0.9470814624759462
2017-02-24,2952,3118,0.9467607440667094
2017-02-27,2952,3118,0.9467607440667094
2017-02-28,2952,3119,0.9464571978198141
2017-03-01,2957,3120,0.9477564102564102
2017-03-02,2960,3121,0.9484139698814482
2017-03-03,2961,3121,0.9487343800064082
2017-03-06,2970,3125,0.9504
2017-03-07,2973,3127,0.9507515190278222
2017-03-08,2967,3128,0.9485294117647058
2017-03-09,2961,3128,0.946611253196931
2017-03-10,2971,3132,0.948595146871009
2017-03-13,2971,3134,0.9479897894065092
2017-03-14,2972,3137,0.9474019764105833
2017-03-15,2969,3139,0.9458426250398216
2017-03-16,2972,3140,0.9464968152866242
2017-03-17,2980,3144,0.9478371501272265
2017-03-20,2965,3147,0.94216714331109
2017-03-21,2983,3150,0.946984126984127
2017-03-22,2975,3150,0.9444444444444444
2017-03-23,2986,3152,0.9473350253807107
2017-03-24,2990,3157,0.9471016788089959
2017-03-27,2997,3158,0.9490183660544649
2017-03-28,2994,3161,0.9471686175260994
2017-03-29,3003,3162,0.9497153700189753
2017-03-30,2997,3164,0.9472187104930467
2017-03-31,3000,3167,0.947268708556994
2017-04-05,2994,3168,0.9450757575757576
2017-04-06,2996,3171,0.9448123620309051
2017-04-07,3002,3173,0.9461077844311377
2017-04-10,2993,3175,0.9426771653543307
2017-04-11,2995,3176,0.9430100755667506
2017-04-12,3008,3180,0.9459119496855346
2017-04-13,2996,3183,0.9412503927112786
2017-04-14,3002,3185,0.9425431711145997
2017-04-17,3020,3187,0.9475996234703483
2017-04-18,3017,3190,0.9457680250783699
2017-04-19,3021,3190,0.9470219435736678
2017-04-20,3012,3192,0.943609022556391
2017-04-21,3016,3197,0.9433844228964654
2017-04-24,3008,3197,0.940882076947138
2017-04-25,3015,3200,0.9421875
2017-04-26,3024,3203,0.9441148922884796
2017-04-27,3024,3205,0.9435257410296412
2017-04-28,3022,3205,0.9429017160686427
2017-05-02,2996,3206,0.9344978165938864
2017-05-03,3019,3210,0.9404984423676013
2017-05-04,3017,3211,0.9395826845219558
2017-05-05,3017,3214,0.9387056627255757
2017-05-08,3017,3214,0.9387056627255757
2017-05-09,3013,3217,0.9365868821883743
2017-05-10,3018,3219,0.9375582479030755
2017-05-11,3027,3222,0.9394785847299814
2017-05-12,3016,3223,0.935774123487434
2017-05-15,3017,3226,0.93521388716677
2017-05-16,3012,3229,0.9327965314338804
2017-05-17,3011,3231,0.9319096255029403
2017-05-18,3016,3231,0.9334571340142371
2017-05-19,3029,3235,0.9363214837712519
2017-05-22,3033,3236,0.9372682323856613
2017-05-23,3040,3238,0.938851142680667
2017-05-24,3037,3239,0.9376350725532572
2017-05-25,3033,3241,0.9358222770749769
2017-05-26,3038,3242,0.9370758790869833
2017-05-31,3032,3243,0.934936786925686
2017-06-01,3031,3245,0.9340523882896764
2017-06-02,3030,3248,0.9328817733990148
2017-06-05,3022,3249,0.9301323484148969
2017-06-06,3022,3251,0.9295601353429714
2017-06-07,3027,3252,0.9308118081180812
2017-06-08,3030,3254,0.931161647203442
2017-06-09,3036,3254,0.9330055316533498
2017-06-12,3035,3254,0.9326982175783651
2017-06-13,3034,3257,0.9315320847405588
2017-06-14,3040,3258,0.9330877839165131
2017-06-15,3039,3261,0.9319227230910764
2017-06-16,3050,3263,0.9347226478700582
2017-06-19,3052,3266,0.934476423759951
2017-06-20,3063,3268,0.9372705018359853
2017-06-21,3066,3269,0.9379014989293362
2017-06-22,3066,3271,0.9373280342402935
2017-06-23,3064,3271,0.9367166004280036
2017-06-26,3062,3272,0.9358190709046454
2017-06-27,3074,3276,0.9383394383394383
2017-06-28,3073,3277,0.9377479401891974
2017-06-29,3061,3278,0.9338010982306284
2017-06-30,3071,3279,0.9365660262275084
2017-07-03,3069,3281,0.9353855531850046
2017-07-04,3067,3281,0.9347759829320329
2017-07-05,3078,3283,0.9375571123971976
2017-07-06,3070,3284,0.9348355663824605
2017-07-07,3069,3285,0.9342465753424658
2017-07-10,3062,3285,0.9321156773211567
2017-07-11,3074,3288,0.9349148418491484
2017-07-12,3073,3290,0.9340425531914893
2017-07-13,3067,3290,0.9322188449848025
2017-07-14,3063,3291,0.9307201458523245
2017-07-17,3069,3293,0.9319769207409657
2017-07-18,3057,3294,0.9280510018214936
2017-07-19,3059,3296,0.9280946601941747
2017-07-20,3058,3297,0.9275098574461632
2017-07-21,3066,3300,0.9290909090909091
2017-07-24,3072,3300,0.9309090909090909
2017-07-25,3072,3302,0.9303452453058753
2017-07-26,3074,3302,0.9309509388249546
2017-07-27,3083,3302,0.9336765596608116
2017-07-28,3082,3305,0.9325264750378215
2017-07-31,3087,3308,0.9331922611850061
2017-08-01,3092,3311,0.933856840833585
2017-08-02,3100,3315,0.9351432880844646
2017-08-03,3106,3316,0.9366706875753921
2017-08-04,3104,3317,0.9357853482062104
2017-08-07,3104,3319,0.935221452244652
2017-08-08,3109,3322,0.9358819987959061
2017-08-09,3116,3324,0.937424789410349
2017-08-10,3118,3326,0.9374624173180999
2017-08-11,3121,3328,0.9378004807692307
2017-08-14,3128,3328,0.9399038461538461
2017-08-15,3120,3328,0.9375
2017-08-16,3131,3329,0.9405226794833283
2017-08-17,3126,3331,0.9384569198438907
2017-08-18,3129,3333,0.9387938793879388
2017-08-21,3137,3336,0.940347721822542
2017-08-22,3135,3339,0.9389038634321654
2017-08-23,3141,3340,0.9404191616766467
2017-08-24,3141,3341,0.9401376833283448
2017-08-25,3147,3343,0.9413700269219264
2017-08-28,3150,3343,0.9422674244690398
2017-08-29,3151,3343,0.9425665569847442
2017-08-30,3152,3343,0.9428656895004487
2017-08-31,3153,3344,0.9428827751196173
2017-09-01,3166,3346,0.9462044231918709
2017-09-04,3159,3347,0.9438302957872722
2017-09-05,3169,3348,0.9465352449223416
2017-09-06,3162,3349,0.9441624365482234
2017-09-07,3165,3352,0.9442124105011933
2017-09-08,3162,3354,0.9427549194991055
2017-09-11,3166,3355,0.9436661698956781
2017-09-12,3162,3358,0.9416319237641453
2017-09-13,3165,3359,0.9422447156891932
2017-09-14,3171,3359,0.944030961595713
2017-09-15,3170,3363,0.9426107641986322
2017-09-18,3173,3364,0.9432223543400713
2017-09-19,3185,3366,0.9462269756387404
2017-09-20,3184,3367,0.9456489456489456
2017-09-21,3194,3369,0.948055802908875
2017-09-22,3206,3372,0.9507710557532622
2017-09-25,3208,3373,0.9510821227394012
2017-09-26,3214,3376,0.9520142180094787
2017-09-27,3211,3377,0.9508439443292863
2017-09-28,3217,3378,0.9523386619301362
2017-09-29,3223,3381,0.95326826382727
2017-10-09,3222,3381,0.9529724933451642
2017-10-10,3217,3383,0.950931126219332
2017-10-11,3220,3383,0.9518179130948862
2017-10-12,3219,3384,0.9512411347517731
2017-10-13,3228,3387,0.9530558015943312
2017-10-16,3226,3390,0.9516224188790561
2017-10-17,3224,3391,0.9507519905632557
2017-10-18,3229,3392,0.9519457547169812
2017-10-19,3230,3394,0.9516794342958161
2017-10-20,3226,3398,0.9493819894055326
2017-10-23,3230,3399,0.9502794939688144
2017-10-24,3220,3400,0.9470588235294117
2017-10-25,3232,3402,0.9500293944738389
2017-10-26,3230,3404,0.9488836662749707
2017-10-27,3236,3404,0.9506462984723855
2017-10-30,3240,3405,0.9515418502202643
2017-10-31,3246,3408,0.9524647887323944
2017-11-01,3256,3411,0.9545587804163002
2017-11-02,3266,3412,0.9572098475967175
2017-11-03,3271,3413,0.9583943744506299
2017-11-06,3270,3418,0.9566998244587478
2017-11-07,3276,3419,0.9581749049429658
2017-11-08,3277,3419,0.9584673881251828
2017-11-09,3283,3421,0.9596609178602747
2017-11-10,3283,3425,0.9585401459854015
2017-11-13,3280,3427,0.9571053399474759
2017-11-14,3284,3427,0.9582725415815582
2017-11-15,3287,3429,0.9585885097696122
2017-11-16,3274,3432,0.953962703962704
2017-11-17,3281,3434,0.9554455445544554
2017-11-20,3275,3435,0.9534206695778749
2017-11-21,3278,3438,0.9534613147178592
2017-11-22,3285,3440,0.9549418604651163
2017-11-23,3278,3440,0.952906976744186
2017-11-24,3274,3440,0.9517441860465117
2017-11-27,3282,3442,0.9535153980244044
2017-11-28,3265,3443,0.9483009003775777
2017-11-29,3276,3443,0.9514957885564914
2017-11-30,3274,3444,0.9506387921022067
2017-12-01,3275,3447,0.9501015375689005
2017-12-04,3268,3448,0.9477958236658933
2017-12-05,3274,3450,0.9489855072463768
2017-12-06,3266,3450,0.9466666666666667
2017-12-07,3263,3450,0.9457971014492753
2017-12-08,3270,3452,0.9472769409038239
2017-12-11,3260,3452,0.944380069524913
2017-12-12,3257,3454,0.9429646786334684
2017-12-13,3256,3455,0.9424023154848046
2017-12-14,3265,3455,0.9450072358900145
2017-12-15,3273,3456,0.9470486111111112
2017-12-18,3272,3458,0.9462116830537883
2017-12-19,3273,3459,0.9462272333044233
2017-12-20,3282,3459,0.9488291413703382
2017-12-21,3271,3459,0.9456490315119976
2017-12-22,3285,3459,0.9496964440589766
2017-12-25,3284,3461,0.9488587113550997
2017-12-26,3280,3461,0.9477029760184917
2017-12-27,3283,3463,0.9480219462893446
2017-12-28,3281,3463,0.947444412359226
2017-12-29,3294,3467,0.9501009518315546
2018-01-02,3282,3467,0.9466397461782521
2018-01-03,3286,3468,0.947520184544406
2018-01-04,3296,3468,0.9504036908881199
2018-01-05,3297,3471,0.9498703543647364
2018-01-08,3301,3471,0.9510227600115241
2018-01-09,3302,3472,0.951036866359447
2018-01-10,3306,3472,0.9521889400921659
2018-01-11,3311,3472,0.9536290322580645
2018-01-12,3314,3472,0.9544930875576036
2018-01-15,3299,3473,0.9498992225741434
2018-01-16,3307,3475,0.9516546762589928
2018-01-17,3305,3476,0.9508055235903338
2018-01-18,3299,3477,0.9488064423353466
2018-01-19,3313,3478,0.952558941920644
2018-01-22,3312,3479,0.9519977004886462
2018-01-23,3303,3479,0.9494107502155792
2018-01-24,3311,3480,0.9514367816091954
2018-01-25,3304,3481,0.9491525423728814
2018-01-26,3302,3481,0.9485779948290721
2018-01-29,3301,3481,0.9482907210571675
2018-01-30,3291,3481,0.9454179833381212
2018-01-31,3291,3482,0.9451464675473865
2018-02-01,3290,3484,0.9443168771526981
2018-02-02,3247,3485,0.9317073170731708
2018-02-05,3203,3486,0.9188181296615031
2018-02-06,3198,3488,0.9168577981651376
2018-02-07,3183,3488,0.9125573394495413
2018-02-08,3177,3490,0.9103151862464184
2018-02-09,3186,3490,0.9128939828080229
2018-02-12,3201,3491,0.9169292466342023
2018-02-13,3208,3491,0.9189344027499284
2018-02-14,3210,3491,0.9195073044972787
2018-02-22,3224,3491,0.923517616728731
2018-02-23,3225,3492,0.9235395189003437
2018-02-26,3250,3493,0.930432293157744
2018-02-27,3258,3494,0.9324556382369776
2018-02-28,3258,3494,0.9324556382369776
2018-03-01,3250,3497,0.929368029739777
2018-03-02,3263,3499,0.9325521577593598
2018-03-05,3258,3499,0.9311231780508716
2018-03-06,3254,3499,0.9299799942840812
2018-03-07,3264,3499,0.9328379537010575
2018-03-08,3254,3499,0.9299799942840812
2018-03-09,3261,3499,0.9319805658759646
2018-03-12,3261,3499,0.9319805658759646
2018-03-13,3260,3499,0.9316947699342669
2018-03-14,3256,3499,0.9305515861674765
2018-03-15,3266,3499,0.9334095455844527
2018-03-16,3268,3499,0.9339811374678479
2018-03-19,3273,3499,0.935410117176336
2018-03-20,3275,3499,0.9359817090597313
2018-03-21,3277,3499,0.9365533009431266
2018-03-22,3276,3499,0.936267505001429
2018-03-23,3284,3500,0.9382857142857143
2018-03-26,3288,3501,0.9391602399314481
2018-03-27,3275,3501,0.9354470151385319
2018-03-28,3279,3502,0.9363221016561964
2018-03-29,3275,3502,0.9351798972015991
2018-03-30,3278,3504,0.9355022831050228
2018-04-02,3285,3504,0.9375
2018-04-03,3285,3505,0.9372325249643366
2018-04-04,3290,3505,0.9386590584878745
2018-04-09,3292,3505,0.9392296718972896
2018-04-10,3295,3506,0.9398174557900741
2018-04-11,3291,3506,0.9386765544780377
2018-04-12,3300,3507,0.9409751924721984
2018-04-13,3295,3507,0.9395494724836042
2018-04-16,3296,3507,0.939834616481323
2018-04-17,3293,3508,0.9387115165336374
2018-04-18,3283,3509,0.9355941863778854
2018-04-19,3284,3509,0.9358791678540895
2018-04-20,3289,3510,0.937037037037037
2018-04-23,3301,3510,0.9404558404558404
2018-04-24,3302,3510,0.9407407407407408
2018-04-25,3301,3510,0.9404558404558404
2018-04-26,3302,3511,0.9404727997721447
2018-04-27,3311,3513,0.9424992883575292
2018-05-02,3297,3513,0.9385140905209223
2018-05-03,3310,3513,0.9422146313692001
2018-05-04,3309,3513,0.941929974380871
2018-05-07,3312,3513,0.9427839453458582
2018-05-08,3311,3515,0.9419630156472262
2018-05-09,3311,3516,0.9416951080773607
2018-05-10,3316,3516,0.9431171786120591
2018-05-11,3326,3516,0.9459613196814562
2018-05-14,3328,3516,0.9465301478953356
2018-05-15,3329,3516,0.9468145620022753
2018-05-16,3335,3517,0.9482513505828831
2018-05-17,3332,3518,0.9471290505969301
2018-05-18,3337,3518,0.9485503126776578
2018-05-21,3334,3518,0.9476975554292212
2018-05-22,3337,3518,0.9485503126776578
2018-05-23,3333,3519,0.9471440750213129
2018-05-24,3330,3519,0.9462915601023018
2018-05-25,3335,3520,0.9474431818181818
2018-05-28,3343,3521,0.9494461800624823
2018-05-29,3339,3521,0.94831013916501
2018-05-30,3333,3521,0.9466060778188015
2018-05-31,3326,3521,0.9446180062482249
2018-06-01,3333,3521,0.9466060778188015
2018-06-04,3334,3521,0.9468900880431695
2018-06-05,3343,3521,0.9494461800624823
2018-06-06,3334,3521,0.9468900880431695
2018-06-07,3327,3521,0.944902016472593
2018-06-08,3330,3522,0.9454855195911414
2018-06-11,3331,3524,0.9452326901248581
2018-06-12,3336,3525,0.9463829787234043
2018-06-13,3339,3526,0.946965399886557
2018-06-14,3332,3526,0.9449801474758933
2018-06-15,3333,3526,0.945263754963131
2018-06-19,3312,3526,0.9393079977311402
2018-06-20,3321,3527,0.9415934221718174
2018-06-21,3319,3527,0.9410263680181458
2018-06-22,3320,3528,0.9410430839002267
2018-06-25,3321,3529,0.9410597903088693
2018-06-26,3330,3529,0.9436100878435818
2018-06-27,3341,3530,0.9464589235127479
2018-06-28,3343,3530,0.9470254957507083
2018-06-29,3354,3530,0.9501416430594901
2018-07-02,3366,3530,0.9535410764872522
2018-07-03,3378,3531,0.9566694987255735
2018-07-04,3377,3531,0.956386292834891
2018-07-05,3385,3531,0.9586519399603511
2018-07-06,3379,3531,0.956952704616256
2018-07-09,3389,3533,0.9592414378714973
2018-07-10,3398,3534,0.9615166949632145
2018-07-11,3388,3534,0.958687040181098
2018-07-12,3393,3534,0.9601018675721562
2018-07-13,3396,3535,0.9606789250353607
2018-07-16,3407,3533,0.9643362581375602
2018-07-17,3402,3533,0.9629210302858761
2018-07-18,3406,3533,0.9640532125672233
2018-07-19,3406,3532,0.964326160815402
2018-07-20,3416,3533,0.9668836682705916
2018-07-23,3413,3533,0.9660345315595811
2018-07-24,3415,3533,0.9666006227002547
2018-07-25,3415,3533,0.9666006227002547
2018-07-26,3415,3533,0.9666006227002547
2018-07-27,3414,3533,0.966317577129918
2018-07-30,3418,3534,0.9671760045274477
2018-07-31,3410,3534,0.9649122807017544
2018-08-01,3423,3534,0.9685908319185059
2018-08-02,3425,3534,0.9691567628749292
2018-08-03,3434,3534,0.9717034521788341
2018-08-06,3438,3535,0.9725601131541726
2018-08-07,3436,3535,0.971994342291372
2018-08-08,3433,3535,0.9711456859971711
2018-08-09,3450,3535,0.9759547383309759
2018-08-10,3439,3536,0.9725678733031674
2018-08-13,3438,3536,0.9722850678733032
2018-08-14,3440,3536,0.9728506787330317
2018-08-15,3442,3536,0.9734162895927602
2018-08-16,3447,3536,0.9748303167420814
2018-08-17,3448,3536,0.9751131221719457
2018-08-20,3453,3536,0.9765271493212669
2018-08-21,3456,3536,0.9773755656108597
2018-08-22,3458,3536,0.9779411764705882
2018-08-23,3454,3536,0.9768099547511312
2018-08-24,3457,3536,0.977658371040724
2018-08-27,3462,3537,0.9787955894826124
2018-08-28,3459,3539,0.9773947442780446
2018-08-29,3459,3539,0.9773947442780446
2018-08-30,3461,3539,0.9779598756710935
2018-08-31,3462,3540,0.9779661016949153
2018-09-03,3473,3541,0.9807963852019204
2018-09-04,3466,3541,0.978819542502118
2018-09-05,3468,3541,0.9793843547020615
2018-09-06,3469,3541,0.9796667608020333
2018-09-07,3467,3541,0.9791019486020898
2018-09-10,3458,3542,0.9762845849802372
2018-09-11,3465,3542,0.9782608695652174
2018-09-12,3468,3543,0.97883149872989
2018-09-13,3478,3543,0.9816539655659046
2018-09-14,3474,3543,0.9805249788314987
2018-09-17,3471,3544,0.9794018058690744
2018-09-18,3483,3545,0.9825105782792666
2018-09-19,3477,3546,0.9805414551607445
2018-09-20,3474,3546,0.9796954314720813
2018-09-21,3486,3548,0.9825253664036077
2018-09-25,3487,3549,0.982530290222598
2018-09-26,3494,3551,0.9839481836102506
2018-09-27,3490,3551,0.9828217403548296
2018-09-28,3493,3551,0.9836665727963954
2018-10-08,3487,3551,0.9819769079132639
2018-10-09,3499,3551,0.9853562376795268
2018-10-10,3504,3551,0.9867642917488032
2018-10-11,3500,3551,0.9856378484933821
2018-10-12,3504,3551,0.9867642917488032
2018-10-15,3506,3552,0.9870495495495496
2018-10-16,3507,3553,0.987053194483535
2018-10-17,3514,3553,0.9890233605403884
2018-10-18,3504,3553,0.9862088376020265
2018-10-19,3506,3554,0.9864940911648846
2018-10-22,3508,3554,0.9870568373663478
2018-10-23,3508,3555,0.9867791842475386
2018-10-24,3500,3555,0.9845288326300985
2018-10-25,3505,3555,0.9859353023909986
2018-10-26,3502,3556,0.984814398200225
2018-10-29,3507,3556,0.9862204724409449
2018-10-30,3510,3556,0.9870641169853769
2018-10-31,3506,3556,0.9859392575928009
2018-11-01,3508,3556,0.9865016872890888
2018-11-02,3511,3556,0.9873453318335208
2018-11-05,3518,3556,0.9893138357705287
2018-11-06,3523,3556,0.9907199100112486
2018-11-07,3523,3557,0.9904413831880798
2018-11-08,3533,3557,0.9932527410739387
2018-11-09,3530,3558,0.9921304103428893
2018-11-12,3537,3558,0.9940978077571669
2018-11-13,3539,3558,0.9946599213041034
2018-11-14,3536,3558,0.9938167509836987
2018-11-15,3544,3559,0.9957853329586963
2018-11-16,3548,3560,0.996629213483146
2018-11-19,3544,3560,0.9955056179775281
2018-11-20,3554,3560,0.998314606741573
2018-11-21,3549,3560,0.9969101123595505
2018-11-22,3557,3560,0.9991573033707866
2018-11-23,3560,3560,1.0
2018-11-26,3554,3560,0.998314606741573
2018-11-27,3551,3560,0.9974719101123596
2018-11-28,3572,3561,1.0030890199382196
2018-11-29,3565,3563,1.0005613247263543
2018-11-30,3560,3564,0.9988776655443322
2018-12-03,3569,3564,1.0014029180695847
2018-12-04,3574,3564,1.0028058361391694
2018-12-05,3570,3565,1.0014025245441796
2018-12-06,3573,3565,1.0022440392706873
2018-12-07,3568,3565,1.0008415147265077
2018-12-10,3577,3565,1.003366058906031
2018-12-11,3568,3565,1.0008415147265077
2018-12-12,3577,3565,1.003366058906031
2018-12-13,3574,3566,1.0022434099831745
2018-12-14,3579,3566,1.0036455412226584
2018-12-17,3575,3566,1.0025238362310713
2018-12-18,3577,3566,1.0030846887268647
2018-12-19,3575,3566,1.0025238362310713
2018-12-20,3581,3566,1.004206393718452
2018-12-21,3583,3566,1.0047672462142456
2018-12-24,3582,3567,1.0042052144659377
2018-12-25,3573,3567,1.001682085786375
2018-12-26,3574,3567,1.0019624334174375
2018-12-27,3574,3567,1.0019624334174375
2018-12-28,3581,3569,1.0033622863547211
2019-01-02,3579,3567,1.0033641715727502
2019-01-03,3579,3568,1.0030829596412556
2019-01-04,3579,3568,1.0030829596412556
2019-01-07,3580,3568,1.0033632286995515
2019-01-08,3584,3570,1.003921568627451
2019-01-09,3583,3570,1.003641456582633
2019-01-10,3583,3570,1.003641456582633
2019-01-11,3592,3571,1.0058807056846821
2019-01-14,3587,3571,1.0044805376645198
2019-01-15,3586,3571,1.0042005040604873
2019-01-16,3588,3573,1.0041981528127624
2019-01-17,3590,3575,1.0041958041958041
2019-01-18,3588,3576,1.0033557046979866
2019-01-21,3590,3577,1.0036343304445066
2019-01-22,3583,3578,1.0013974287311347
2019-01-23,3588,3579,1.002514668901928
2019-01-24,3592,3579,1.0036322995250069
2019-01-25,3594,3580,1.0039106145251397
2019-01-28,3597,3581,1.0044680256911478
2019-01-29,3598,3582,1.004466778336125
2019-01-30,3600,3583,1.0047446274072007
2019-01-31,3598,3583,1.00418643594753
2019-02-01,3596,3584,1.0033482142857142
2019-02-11,3594,3584,1.0027901785714286
2019-02-12,3595,3584,1.0030691964285714
2019-02-13,3604,3584,1.0055803571428572
2019-02-14,3603,3584,1.0053013392857142
2019-02-15,3598,3585,1.003626220362622
2019-02-18,3606,3586,1.0055772448410485
2019-02-19,3599,3586,1.0036252091466815
2019-02-20,3598,3586,1.003346346904629
2019-02-21,3601,3586,1.0041829336307864
2019-02-22,3603,3588,1.004180602006689
2019-02-25,3606,3588,1.0050167224080269
2019-02-26,3603,3589,1.0039008080245193
2019-02-27,3598,3589,1.0025076623014768
2019-02-28,3603,3589,1.0039008080245193
2019-03-01,3610,3590,1.0055710306406684
2019-03-04,3604,3590,1.003899721448468
2019-03-05,3610,3590,1.0055710306406684
2019-03-06,3601,3590,1.0030640668523676
2019-03-07,3605,3590,1.0041782729805013
2019-03-08,3612,3590,1.0061281337047354
2019-03-11,3608,3591,1.0047340573656363
2019-03-12,3611,3591,1.0055694792536898
2019-03-13,3608,3591,1.0047340573656363
2019-03-14,3609,3592,1.0047327394209353
2019-03-15,3607,3593,1.0038964653492903
2019-03-18,3608,3593,1.004174784302811
2019-03-19,3609,3594,1.0041736227045075
2019-03-20,3611,3594,1.0047301057317752
2019-03-21,3614,3594,1.0055648302726767
2019-03-22,3600,3595,1.0013908205841446
2019-03-25,3596,3596,1.0
2019-03-26,3596,3598,0.9994441356309061
2019-03-27,3593,3598,0.9986103390772652
2019-03-28,3593,3599,0.9983328702417338
2019-03-29,3601,3600,1.0002777777777778
2019-04-01,3609,3600,1.0025
2019-04-02,3610,3601,1.0024993057484033
2019-04-03,3602,3601,1.0002777006387116
2019-04-04,3608,3601,1.0019439044709804
2019-04-08,3609,3601,1.0022216051096917
2019-04-09,3610,3601,1.0024993057484033
2019-04-10,3617,3601,1.0044432102193834
2019-04-11,3613,3601,1.0033324076645376
2019-04-12,3621,3602,1.0052748473070516
2019-04-15,3619,3604,1.0041620421753608
2019-04-16,3623,3605,1.0049930651872399
2019-04-17,3624,3605,1.0052704576976421
2019-04-18,3625,3605,1.0055478502080444
2019-04-19,3625,3606,1.0052689961175818
2019-04-22,3620,3607,1.0036041031327974
2019-04-23,3625,3607,1.0049902966454116
2019-04-24,3627,3607,1.0055447740504575
2019-04-25,3617,3608,1.0024944567627494
2019-04-26,3616,3609,1.001939595455805
2019-04-29,3609,3610,0.9997229916897507
2019-04-30,3586,3610,0.9933518005540166
2019-05-06,3617,3610,1.0019390581717451
2019-05-07,3614,3610,1.0011080332409972
2019-05-08,3611,3611,1.0
2019-05-09,3621,3612,1.0024916943521596
2019-05-10,3622,3613,1.0024910047052311
2019-05-13,3615,3613,1.0005535566011625
2019-05-14,3619,3613,1.0016606698034873
2019-05-15,3618,3614,1.0011068068622024
2019-05-16,3624,3616,1.002212389380531
2019-05-17,3630,3617,1.0035941387890517
2019-05-20,3622,3617,1.0013823610727122
2019-05-21,3627,3618,1.0024875621890548
2019-05-22,3630,3620,1.0027624309392265
2019-05-23,3629,3622,1.0019326339039205
2019-05-24,3630,3621,1.0024855012427507
2019-05-27,3629,3621,1.0022093344380005
2019-05-28,3633,3621,1.0033140016570008
2019-05-29,3640,3621,1.0052471692902514
2019-05-30,3631,3621,1.0027616680475007
2019-05-31,3633,3622,1.0030369961347323
2019-06-03,3635,3622,1.003589177250138
2019-06-04,3631,3622,1.0024848150193264
2019-06-05,3628,3622,1.0016565433462175
2019-06-06,3639,3623,1.0044162296439414
2019-06-10,3633,3623,1.0027601435274633
2019-06-11,3630,3623,1.0019321004692243
2019-06-12,3631,3623,1.0022081148219708
2019-06-13,3633,3623,1.0027601435274633
2019-06-14,3632,3624,1.0022075055187638
2019-06-17,3627,3624,1.0008278145695364
2019-06-18,3631,3625,1.0016551724137932
2019-06-19,3634,3626,1.0022062879205735
2019-06-20,3634,3627,1.001929969671905
2019-06-21,3636,3629,1.0019289060347203
2019-06-24,3645,3628,1.0046857772877618
2019-06-25,3644,3628,1.0044101433296582
2019-06-26,3641,3629,1.0033066960595205
2019-06-27,3648,3630,1.0049586776859505
2019-06-28,3652,3631,1.005783530707794
2019-07-01,3657,3631,1.0071605618286974
2019-07-02,3648,3631,1.0046819058110714
2019-07-03,3649,3631,1.004957312035252
2019-07-04,3643,3631,1.003304874690168
2019-07-05,3646,3633,1.0035783099366915
2019-07-08,3642,3633,1.0024772914946325
2019-07-09,3638,3633,1.0013762730525737
2019-07-10,3644,3631,1.0035802809143486
2019-07-11,3640,3631,1.002478656017626
2019-07-12,3646,3632,1.0038546255506609
2019-07-15,3651,3632,1.0052312775330396
2019-07-16,3649,3633,1.0044040737682356
2019-07-17,3648,3633,1.004128819157721
2019-07-18,3648,3633,1.004128819157721
2019-07-19,3653,3634,1.0052283984589983
2019-07-22,3672,3659,1.0035528833014484
2019-07-23,3679,3660,1.0051912568306012
2019-07-24,3676,3660,1.0043715846994536
2019-07-25,3679,3661,1.0049166894291177
2019-07-26,3678,3663,1.004095004095004
2019-07-29,3680,3664,1.0043668122270741
2019-07-30,3678,3665,1.0035470668485675
2019-07-31,3686,3665,1.0057298772169168
2019-08-01,3681,3665,1.0043656207366984
2019-08-02,3686,3666,1.005455537370431
2019-08-05,3688,3667,1.0057267521134443
2019-08-06,3688,3668,1.005452562704471
2019-08-07,3694,3668,1.0070883315158123
2019-08-08,3688,3670,1.0049046321525885
2019-08-09,3687,3672,1.0040849673202614
2019-08-12,3682,3673,1.0024503130955622
2019-08-13,3689,3673,1.0043561121698883
2019-08-14,3690,3673,1.0046283691805065
2019-08-15,3688,3674,1.0038105606967882
2019-08-16,3692,3674,1.004899292324442
2019-08-19,3693,3674,1.0051714752313554
2019-08-20,3691,3674,1.0046271094175285
2019-08-21,3692,3674,1.004899292324442
2019-08-22,3692,3674,1.004899292324442
2019-08-23,3686,3675,1.0029931972789117
2019-08-26,3687,3677,1.0027196083763938
2019-08-27,3689,3677,1.0032635300516726
2019-08-28,3693,3679,1.0038053818972548
2019-08-29,3701,3679,1.0059798858385431
2019-08-30,3700,3680,1.0054347826086956
2019-09-02,3706,3680,1.0070652173913044
2019-09-03,3700,3680,1.0054347826086956
2019-09-04,3705,3680,1.0067934782608696
2019-09-05,3706,3681,1.0067916327085031
2019-09-06,3700,3682,1.0048886474741987
2019-09-09,3704,3683,1.0057018734727126
2019-09-10,3698,3683,1.0040727667662233
2019-09-11,3704,3683,1.0057018734727126
2019-09-12,3707,3683,1.0065164268259572
2019-09-16,3705,3683,1.0059733912571274
2019-09-17,3705,3684,1.005700325732899
2019-09-18,3702,3684,1.004885993485342
2019-09-19,3705,3684,1.005700325732899
2019-09-20,3708,3685,1.0062415196743555
2019-09-23,3702,3685,1.0046132971506105
2019-09-24,3705,3685,1.005427408412483
2019-09-25,3709,3687,1.0059669107675617
2019-09-26,3696,3687,1.0024410089503661
2019-09-27,3712,3688,1.0065075921908895
2019-09-30,3713,3691,1.0059604443240315
2019-10-08,3702,3691,1.0029802221620157
2019-10-09,3704,3691,1.0035220807369276
2019-10-10,3703,3691,1.0032511514494717
2019-10-11,3708,3691,1.0046057978867515
2019-10-14,3711,3692,1.0051462621885157
2019-10-15,3716,3693,1.0062279989168696
2019-10-16,3713,3693,1.0054156512320607
2019-10-17,3711,3692,1.0051462621885157
2019-10-18,3710,3693,1.0046033035472515
2019-10-21,3709,3694,1.0040606388738496
2019-10-22,3710,3695,1.0040595399188093
2019-10-23,3714,3695,1.0051420838971583
2019-10-24,3716,3695,1.005683355886333
2019-10-25,3720,3697,1.0062212604814715
2019-10-28,3735,3699,1.0097323600973236
2019-10-29,3734,3702,1.0086439762290653
2019-10-30,3729,3704,1.0067494600431965
2019-10-31,3729,3706,1.006206152185645
2019-11-01,3734,3708,1.0070118662351673
2019-11-04,3727,3707,1.0053951982735365
2019-11-05,3737,3712,1.0067349137931034
2019-11-06,3740,3717,1.0061877858488029
2019-11-07,3748,3717,1.008340059187517
2019-11-08,3753,3720,1.0088709677419354
2019-11-11,3756,3721,1.0094060736361192
2019-11-12,3757,3721,1.0096748185971514
2019-11-13,3749,3721,1.0075248589088954
2019-11-14,3747,3722,1.006716818914562
2019-11-15,3758,3725,1.0088590604026846
2019-11-18,3758,3727,1.0083176817815938
2019-11-19,3750,3727,1.0061711832573115
2019-11-20,3757,3728,1.0077789699570816
2019-11-21,3756,3730,1.006970509383378
2019-11-22,3759,3731,1.0075046904315197
2019-11-25,3756,3733,1.006161264398607
2019-11-26,3759,3734,1.0066952329941081
2019-11-27,3757,3734,1.0061596143545795
2019-11-28,3751,3734,1.0045527584359937
2019-11-29,3758,3735,1.0061579651941097
2019-12-02,3748,3735,1.0034805890227576
2019-12-03,3760,3738,1.0058855002675227
2019-12-04,3761,3741,1.0053461641272388
2019-12-05,3762,3742,1.005344735435596
2019-12-06,3761,3743,1.0048089767566124
2019-12-09,3762,3745,1.0045393858477971
2019-12-10,3761,3746,1.0040042712226376
2019-12-11,3764,3748,1.0042689434364995
2019-12-12,3763,3748,1.0040021344717183
2019-12-13,3769,3747,1.0058713637576728
2019-12-16,3775,3748,1.0072038420490927
2019-12-17,3786,3750,1.0096
2019-12-18,3777,3750,1.0072
2019-12-19,3775,3752,1.0061300639658848
2019-12-20,3774,3753,1.0055955235811351
2019-12-23,3781,3754,1.007192328183271
2019-12-24,3783,3755,1.0074567243675099
2019-12-25,3778,3755,1.0061251664447404
2019-12-26,3780,3756,1.0063897763578276
2019-12-27,3783,3757,1.0069204152249136
2019-12-30,3793,3759,1.0090449587656292
2019-12-31,3796,3760,1.0095744680851064
2020-01-02,3797,3760,1.0098404255319149
2020-01-03,3789,3760,1.0077127659574467
2020-01-06,3805,3763,1.0111613074674461
2020-01-07,3805,3763,1.0111613074674461
2020-01-08,3797,3762,1.009303561935141
2020-01-09,3799,3763,1.0095668349720968
2020-01-10,3784,3763,1.005580653733723
2020-01-13,3792,3764,1.0074388947927737
2020-01-14,3805,3766,1.010355815188529
2020-01-15,3798,3767,1.0082293602336077
2020-01-16,3807,3768,1.0103503184713376
2020-01-17,3812,3769,1.011408861767047
2020-01-20,3813,3770,1.0114058355437665
2020-01-21,3817,3771,1.0121983558737735
2020-01-22,3825,3772,1.014050901378579
2020-01-23,3816,3775,1.010860927152318
2020-02-03,3808,3775,1.0087417218543047
2020-02-04,3810,3776,1.0090042372881356
2020-02-05,3816,3778,1.0100582318687137
2020-02-06,3814,3778,1.0095288512440446
2020-02-07,3809,3779,1.0079386080973802
2020-02-10,3815,3780,1.0092592592592593
2020-02-11,3810,3782,1.0074034902168165
2020-02-12,3824,3784,1.0105708245243128
2020-02-13,3820,3786,1.0089804543053353
2020-02-14,3820,3786,1.0089804543053353
2020-02-17,3830,3787,1.0113546342751518
2020-02-18,3831,3789,1.0110847189231988
2020-02-19,3835,3789,1.012140406439694
2020-02-20,3831,3789,1.0110847189231988
2020-02-21,3833,3792,1.0108122362869199
2020-02-24,3840,3793,1.01239124703401
2020-02-25,3837,3793,1.0116003163722647
2020-02-26,3840,3795,1.0118577075098814
2020-02-27,3847,3796,1.0134351949420441
2020-02-28,3841,3796,1.011854583772392
2020-03-02,3843,3797,1.012114827495391
2020-03-03,3846,3797,1.0129049249407427
2020-03-04,3847,3797,1.01316829075586
2020-03-05,3848,3797,1.0134316565709771
2020-03-06,3847,3798,1.0129015271195365
2020-03-09,3846,3798,1.0126382306477093
2020-03-10,3853,3799,1.0142142669123453
2020-03-11,3856,3799,1.0150039484074755
2020-03-12,3851,3801,1.0131544330439357
2020-03-13,3844,3802,1.0110468174644924
2020-03-16,3851,3802,1.0128879537085744
2020-03-17,3851,3803,1.0126216145148568
2020-03-18,3858,3803,1.0144622666316065
2020-03-19,3850,3804,1.012092534174553
2020-03-20,3857,3805,1.0136662286465177
2020-03-23,3853,3806,1.012348922753547
2020-03-24,3859,3806,1.013925380977404
2020-03-25,3860,3806,1.0141881240147137
2020-03-26,3859,3807,1.0136590491200421
2020-03-27,3861,3809,1.0136518771331058
2020-03-30,3877,3809,1.017852454712523
2020-03-31,3863,3809,1.014176949330533
2020-04-01,3875,3809,1.017327382515096
2020-04-02,3878,3809,1.0181149908112366
2020-04-03,3876,3810,1.0173228346456693
2020-04-07,3874,3811,1.016531094200997
2020-04-08,3884,3812,1.018887722980063
2020-04-09,3876,3814,1.016255899318301
2020-04-10,3884,3815,1.018086500655308
2020-04-13,3880,3815,1.017038007863696
2020-04-14,3889,3815,1.019397116644823
2020-04-15,3880,3817,1.0165051087241288
2020-04-16,3897,3818,1.0206914614981666
2020-04-17,3896,3820,1.0198952879581151
2020-04-20,3904,3821,1.0217220622873593
2020-04-21,3896,3823,1.0190949516086842
2020-04-22,3908,3825,1.0216993464052289
2020-04-23,3903,3825,1.0203921568627452
2020-04-24,3897,3826,1.0185572399372713
2020-04-27,3893,3827,1.017245884504834
2020-04-28,3890,3829,1.0159310524941239
2020-04-29,3880,3832,1.0125260960334028
2020-04-30,3861,3833,1.0073049830420036
2020-05-06,3881,3834,1.0122587376108503
2020-05-07,3874,3836,1.0099061522419186
2020-05-08,3890,3837,1.013812874641647
2020-05-11,3890,3838,1.013548723293382
2020-05-12,3880,3839,1.0106798645480595
2020-05-13,3885,3839,1.0119822870539203
2020-05-14,3877,3839,1.0098984110445428
2020-05-15,3890,3839,1.0132847095597812
2020-05-18,3880,3842,1.0098906819364915
2020-05-19,3879,3843,1.009367681498829
2020-05-20,3879,3844,1.009105098855359
2020-05-21,3874,3845,1.0075422626788035
2020-05-22,3875,3846,1.0075403016120645
2020-05-25,3885,3848,1.0096153846153846
2020-05-26,3882,3849,1.0085736554949338
2020-05-27,3877,3849,1.0072746167835802
2020-05-28,3874,3851,1.0059724746819008
2020-05-29,3870,3851,1.0049337834328746
2020-06-01,3874,3852,1.005711318795431
2020-06-02,3878,3854,1.0062272963155163
2020-06-03,3885,3854,1.0080435910742087
2020-06-04,3884,3854,1.0077841203943954
2020-06-05,3883,3856,1.0070020746887967
2020-06-08,3885,3859,1.006737496760819
2020-06-09,3882,3860,1.005699481865285
2020-06-10,3892,3862,1.0077679958570689
2020-06-11,3888,3862,1.0067322630761264
2020-06-12,3887,3863,1.0062127879886098
2020-06-15,3896,3863,1.0085425834843387
2020-06-16,3899,3865,1.008796895213454
2020-06-17,3896,3865,1.0080206985769729
2020-06-18,3900,3867,1.008533747090768
2020-06-19,3898,3869,1.0074954768674076
2020-06-22,3907,3871,1.0092999225006458
2020-06-23,3907,3872,1.009039256198347
2020-06-24,3907,3872,1.009039256198347
2020-06-29,3915,3874,1.0105833763551884
2020-06-30,3905,3876,1.0074819401444788
2020-07-01,3909,3878,1.0079938112429088
2020-07-02,3921,3879,1.0108275328692962
2020-07-03,3912,3880,1.0082474226804123
2020-07-06,3925,3880,1.0115979381443299
2020-07-07,3920,3881,1.010048956454522
2020-07-08,3928,3884,1.011328527291452
2020-07-09,3928,3886,1.0108080288214103
2020-07-10,3927,3889,1.0097711493957315
2020-07-13,3933,3891,1.0107941403238243
2020-07-14,3938,3892,1.0118191161356629
2020-07-15,3932,3894,1.009758602978942
2020-07-16,3932,3896,1.0092402464065708
2020-07-17,3943,3899,1.0112849448576557
2020-07-20,3934,3902,1.008200922603793
2020-07-21,3943,3902,1.0105074320861096
2020-07-22,3947,3909,1.0097211563059607
2020-07-23,3943,3910,1.0084398976982096
2020-07-24,3948,3911,1.0094604960368192
2020-07-27,3997,3945,1.0131812420785804
2020-07-28,3984,3946,1.0096300050684237
2020-07-29,3993,3947,1.0116544210793008
2020-07-30,3977,3949,1.007090402633578
2020-07-31,3985,3954,1.0078401618614061
2020-08-03,4000,3956,1.0111223458038423
2020-08-04,3991,3956,1.0088473205257835
2020-08-05,3995,3958,1.0093481556341586
2020-08-06,3991,3960,1.0078282828282827
2020-08-07,3993,3962,1.0078243311458859
2020-08-10,3998,3964,1.008577194752775
2020-08-11,3999,3966,1.008320726172466
2020-08-12,3996,3968,1.0070564516129032
2020-08-13,3995,3969,1.0065507684555304
2020-08-14,4004,3969,1.0088183421516754
2020-08-17,4006,3973,1.0083060659451297
2020-08-18,4010,3977,1.0082977118430978
2020-08-19,4007,3979,1.0070369439557678
2020-08-20,4007,3981,1.0065310223561919
2020-08-21,4009,3983,1.0065277429073562
2020-08-24,4029,4001,1.0069982504373907
2020-08-25,4025,4003,1.0054958780914314
2020-08-26,4032,4002,1.0074962518740629
2020-08-27,4032,4002,1.0074962518740629
2020-08-28,4035,4006,1.007239141288068
2020-08-31,4043,4007,1.0089842775143498
2020-09-01,4040,4011,1.0072301171777611
2020-09-02,4050,4014,1.0089686098654709
2020-09-03,4051,4018,1.0082130413140866
2020-09-04,4043,4019,1.0059716347350087
2020-09-07,4045,4020,1.006218905472637
2020-09-08,4040,4022,1.0044753853804078
2020-09-09,4036,4023,1.0032314193388019
2020-09-10,4041,4027,1.003476533399553
2020-09-11,4045,4030,1.0037220843672456
2020-09-14,4047,4031,1.0039692384023815
2020-09-15,4043,4032,1.0027281746031746
2020-09-16,4059,4037,1.005449591280654
2020-09-17,4060,4040,1.004950495049505
2020-09-18,4070,4042,1.0069272637308264
2020-09-21,4063,4047,1.003953545836422
2020-09-22,4073,4051,1.005430757837571
2020-09-23,4069,4053,1.003947693066864
2020-09-24,4069,4057,1.0029578506285433
2020-09-25,4081,4061,1.004924895345974
2020-09-28,4084,4068,1.0039331366764994
2020-09-29,4091,4070,1.0051597051597052
2020-09-30,4090,4073,1.0041738276454701
2020-10-09,4088,4073,1.0036827890989444
2020-10-12,4097,4074,1.005645557191949
2020-10-13,4103,4075,1.0068711656441718
2020-10-14,4101,4075,1.0063803680981596
2020-10-15,4106,4077,1.007113073338239
2020-10-16,4103,4080,1.0056372549019608
2020-10-19,4102,4082,1.0048995590396865
2020-10-20,4110,4083,1.0066127847171198
2020-10-21,4105,4085,1.0048959608323134
2020-10-22,4115,4087,1.0068509909469048
2020-10-23,4110,4088,1.0053816046966733
2020-10-26,4105,4091,1.0034221461745294
2020-10-27,4111,4092,1.0046432062561095
2020-10-28,4115,4093,1.0053750305399463
2020-10-29,4116,4097,1.0046375396631682
2020-10-30,4116,4099,1.00414735301293
2020-11-02,4121,4100,1.0051219512195122
2020-11-03,4120,4100,1.0048780487804878
2020-11-04,4120,4100,1.0048780487804878
2020-11-05,4119,4103,1.0038995856690227
2020-11-06,4120,4104,1.003898635477583
2020-11-09,4128,4106,1.0053580126643935
2020-11-10,4140,4107,1.008035062089116
2020-11-11,4131,4108,1.0055988315481987
2020-11-12,4134,4110,1.005839416058394
2020-11-13,4133,4110,1.0055961070559611
2020-11-16,4133,4110,1.0055961070559611
2020-11-17,4141,4111,1.0072974945268791
2020-11-18,4147,4115,1.0077764277035237
2020-11-19,4141,4115,1.006318347509113
2020-11-20,4139,4115,1.0058323207776427
2020-11-23,4145,4117,1.0068010687393734
2020-11-24,4143,4119,1.0058266569555718
2020-11-25,4140,4120,1.0048543689320388
2020-11-26,4146,4121,1.006066488716331
2020-11-27,4151,4123,1.0067911714770799
2020-11-30,4147,4123,1.0058210041232112
2020-12-01,4150,4124,1.0063045586808923
2020-12-02,4144,4128,1.003875968992248
2020-12-03,4152,4130,1.0053268765133172
2020-12-04,4146,4132,1.0033881897386254
2020-12-07,4157,4136,1.0050773694390716
2020-12-08,4159,4139,1.0048320850446968
2020-12-09,4156,4139,1.0041072722879922
2020-12-10,4156,4140,1.0038647342995168
2020-12-11,4165,4143,1.0053101617185614
2020-12-14,4162,4144,1.0043436293436294
2020-12-15,4163,4147,1.0038582107547624
2020-12-16,4174,4149,1.0060255483248977
2020-12-17,4169,4149,1.004820438659918
2020-12-18,4180,4151,1.0069862683690678
2020-12-21,4177,4153,1.005778954972309
2020-12-22,4179,4157,1.0052922780851576
2020-12-23,4180,4160,1.0048076923076923
2020-12-24,4186,4164,1.005283381364073
2020-12-25,4183,4169,1.0033581194531063
2020-12-28,4184,4174,1.0023957834211787
2020-12-29,4194,4175,1.004550898203593
2020-12-30,4203,4178,1.0059837242699856
2020-12-31,4201,4181,1.0047835446065534
2021-01-04,4208,4182,1.0062171209947393
2021-01-05,4207,4182,1.00597800095648
2021-01-06,4211,4185,1.0062126642771805
2021-01-07,4206,4188,1.004297994269341
2021-01-08,4206,4189,1.0040582477918358
2021-01-11,4208,4191,1.0040563111429253
2021-01-12,4210,4193,1.0040543763415215
2021-01-13,4221,4194,1.0064377682403434
2021-01-14,4218,4194,1.005722460658083
2021-01-15,4212,4194,1.0042918454935623
2021-01-18,4211,4196,1.0035748331744518
2021-01-19,4215,4198,1.0040495474035256
2021-01-20,4216,4201,1.0035705784337063
2021-01-21,4217,4204,1.003092293054234
2021-01-22,4215,4207,1.0019015925837889
2021-01-25,4225,4209,1.0038013779995247
2021-01-26,4226,4210,1.0038004750593825
2021-01-27,4226,4213,1.0030856871587943
2021-01-28,4228,4216,1.0028462998102468
2021-01-29,4231,4218,1.0030820293978189
2021-02-01,4232,4219,1.0030812988859918
2021-02-02,4240,4219,1.004977482815833
2021-02-03,4244,4220,1.0056872037914693
2021-02-04,4245,4221,1.0056858564321252
2021-02-05,4246,4224,1.0052083333333333
2021-02-08,4246,4228,1.0042573320719017
2021-02-09,4257,4234,1.0054322153991497
2021-02-10,4264,4239,1.0058976173625855
2021-02-18,4257,4239,1.0042462845010616
2021-02-19,4259,4240,1.0044811320754716
2021-02-22,4268,4241,1.0063664230134401
2021-02-23,4268,4243,1.0058920575064814
2021-02-24,4268,4245,1.0054181389870436
2021-02-25,4264,4248,1.0037664783427496
2021-02-26,4268,4251,1.0039990590449306
2021-03-01,4269,4254,1.0035260930888577
2021-03-02,4273,4255,1.0042303172737956
2021-03-03,4280,4257,1.005402865867982
2021-03-04,4275,4256,1.0044642857142858
2021-03-05,4278,4256,1.0051691729323309
2021-03-08,4281,4258,1.0054015969938939
2021-03-09,4278,4260,1.004225352112676
2021-03-10,4272,4261,1.0025815536259095
2021-03-11,4284,4263,1.0049261083743843
2021-03-12,4278,4264,1.00328330206379
2021-03-15,4286,4264,1.0051594746716699
2021-03-16,4286,4265,1.0049237983587338
2021-03-17,4283,4266,1.0039849976558837
2021-03-18,4285,4267,1.0042184204359035
2021-03-19,4282,4267,1.0035153503632528
2021-03-22,4297,4271,1.0060875673144463
2021-03-23,4302,4270,1.0074941451990633
2021-03-24,4301,4272,1.0067883895131087
2021-03-25,4295,4274,1.0049134300421152
2021-03-26,4301,4277,1.005611409866729
2021-03-29,4317,4281,1.0084092501751927
2021-03-30,4310,4283,1.0063039925286015
2021-03-31,4303,4285,1.0042007001166862
2021-04-01,4305,4287,1.0041987403778867
2021-04-02,4303,4288,1.0034981343283582
2021-04-06,4314,4292,1.005125815470643
2021-04-07,4327,4293,1.0079198695550897
2021-04-08,4327,4295,1.0074505238649591
2021-04-09,4328,4299,1.0067457548267038
2021-04-12,4335,4304,1.0072026022304832
2021-04-13,4329,4306,1.0053413841151881
2021-04-14,4336,4306,1.0069670227589411
2021-04-15,4339,4310,1.0067285382830626
2021-04-16,4343,4311,1.007422871723498
2021-04-19,4348,4314,1.0078813166434863
2021-04-20,4346,4318,1.0064844835572024
2021-04-21,4356,4323,1.0076335877862594
2021-04-22,4363,4324,1.0090194264569843
2021-04-23,4349,4324,1.005781683626272
2021-04-26,4356,4327,1.006702103073723
2021-04-27,4347,4330,1.0039260969976904
2021-04-28,4358,4333,1.005769674590353
2021-04-29,4343,4336,1.0016143911439115
2021-04-30,4340,4339,1.000230467849735
2021-05-06,4358,4341,1.003916148352914
2021-05-07,4366,4343,1.0052958784250519
2021-05-10,4355,4343,1.0027630670043748
2021-05-11,4362,4346,1.0036815462494248
2021-05-12,4371,4350,1.0048275862068965
2021-05-13,4377,4353,1.005513439007581
2021-05-14,4372,4353,1.0043648058810015
2021-05-17,4377,4355,1.0050516647531573
2021-05-18,4371,4358,1.0029830197338228
2021-05-19,4371,4359,1.0027529249827942
2021-05-20,4385,4361,1.005503324925476
2021-05-21,4387,4363,1.005500802200321
2021-05-24,4385,4364,1.0048120989917506
2021-05-25,4393,4368,1.0057234432234432
2021-05-26,4395,4370,1.005720823798627
2021-05-27,4400,4372,1.0064043915827996
2021-05-28,4403,4377,1.0059401416495317
2021-05-31,4405,4378,1.0061671996345363
2021-06-01,4411,4379,1.0073076044759077
2021-06-02,4402,4380,1.0050228310502283
2021-06-03,4419,4383,1.0082135523613962
2021-06-04,4416,4383,1.0075290896646132
2021-06-07,4414,4387,1.0061545475267837
2021-06-08,4423,4390,1.0075170842824601
2021-06-09,4418,4392,1.0059198542805101
2021-06-10,4423,4393,1.0068290462098795
2021-06-11,4418,4395,1.0052332195676905
2021-06-15,4420,4398,1.0050022737608004
2021-06-16,4421,4401,1.0045444217223358
2021-06-17,4423,4404,1.004314259763851
2021-06-18,4424,4408,1.0036297640653358
2021-06-21,4428,4409,1.0043093672034475
2021-06-22,4436,4411,1.0056676490591703
2021-06-23,4444,4414,1.0067965564114183
2021-06-24,4446,4415,1.007021517553794
2021-06-25,4449,4418,1.0070167496604798
2021-06-28,4454,4422,1.0072365445499774
2021-06-29,4449,4423,1.005878363101967
2021-06-30,4460,4428,1.007226738934056
2021-07-01,4459,4429,1.0067735380447054
2021-07-02,4466,4430,1.0081264108352144
2021-07-05,4460,4433,1.0060906835100383
2021-07-06,4462,4436,1.0058611361587015
2021-07-07,4471,4440,1.006981981981982
2021-07-08,4472,4443,1.0065271213144271
2021-07-09,4476,4446,1.0067476383265856
2021-07-12,4479,4447,1.007195862379132
2021-07-13,4484,4449,1.0078669363902
2021-07-14,4481,4449,1.0071926275567544
2021-07-15,4477,4452,1.0056154537286612
2021-07-16,4490,4453,1.0083090051650572
2021-07-19,4479,4454,1.0056129321957792
2021-07-20,4480,4458,1.0049349484073575
2021-07-21,4481,4458,1.0051592642440557
2021-07-22,4491,4460,1.00695067264574
2021-07-23,4494,4463,1.006946000448129
2021-07-26,4499,4464,1.0078405017921146
2021-07-27,4496,4465,1.0069428891377379
2021-07-28,4502,4468,1.0076096687555953
2021-07-29,4503,4471,1.0071572355177814
2021-07-30,4505,4474,1.0069289226642826
2021-08-02,4506,4476,1.0067024128686326
2021-08-03,4505,4477,1.0062541880723699
2021-08-04,4525,4480,1.0100446428571428
2021-08-05,4523,4484,1.0086975914362177
2021-08-06,4522,4486,1.0080249665626393
2021-08-09,4529,4487,1.0093603744149766
2021-08-10,4532,4488,1.0098039215686274
2021-08-11,4530,4491,1.008684034736139
2021-08-12,4531,4494,1.008233199821985
2021-08-13,4536,4498,1.0084481991996443
2021-08-16,4540,4502,1.008440693025322
2021-08-17,4545,4504,1.0091030195381883
2021-08-18,4545,4507,1.0084313290437097
2021-08-19,4548,4509,1.008649367930805
2021-08-20,4550,4511,1.0086455331412103
2021-08-23,4552,4513,1.0086417017504985
2021-08-24,4560,4516,1.0097431355181576
2021-08-25,4558,4516,1.0093002657218777
2021-08-26,4563,4518,1.0099601593625498
2021-08-27,4563,4519,1.009736667404293
2021-08-30,4560,4520,1.008849557522124
2021-08-31,4561,4521,1.008847600088476
2021-09-01,4565,4523,1.009285872208711
2021-09-02,4561,4523,1.0084015034269291
2021-09-03,4575,4523,1.011496794163166
2021-09-06,4596,4526,1.0154661953159523
2021-09-07,4590,4528,1.0136925795053005
2021-09-08,4588,4530,1.01280353200883
2021-09-09,4594,4534,1.0132333480370534
2021-09-10,4592,4535,1.012568908489526
2021-09-13,4599,4539,1.0132187706543292
2021-09-14,4600,4541,1.0129927328782207
2021-09-15,4601,4542,1.0129898723029502
2021-09-16,4597,4545,1.0114411441144115
2021-09-17,4593,4547,1.0101165603694744
2021-09-22,4606,4549,1.0125302264233897
2021-09-23,4615,4550,1.0142857142857142
2021-09-24,4613,4552,1.0134007029876977
2021-09-27,4608,4553,1.0120799472875028
2021-09-28,4603,4555,1.0105378704720087
2021-09-29,4611,4558,1.0116279069767442
2021-09-30,4617,4560,1.0125
2021-10-08,4616,4560,1.012280701754386
2021-10-11,4620,4561,1.0129357597018198
2021-10-12,4614,4561,1.0116202587151941
2021-10-13,4611,4562,1.01074090311267
2021-10-14,4613,4563,1.0109577032653956
2021-10-15,4618,4565,1.0116100766703175
2021-10-18,4632,4568,1.0140105078809107
2021-10-19,4630,4571,1.012907460074382
2021-10-20,4625,4574,1.0111499781372977
2021-10-21,4627,4577,1.010924186148132
2021-10-22,4634,4578,1.0122324159021407
2021-10-25,4630,4581,1.0106963545077494
2021-10-26,4629,4584,1.0098167539267016
2021-10-27,4638,4589,1.0106777075615603
2021-10-28,4637,4592,1.0097996515679442
2021-10-29,4640,4593,1.010232963204877
2021-11-01,4647,4595,1.0113166485310119
2021-11-02,4650,4597,1.0115292582118773
2021-11-03,4645,4599,1.0100021743857361
2021-11-04,4659,4599,1.0130463144161774
2021-11-05,4654,4600,1.0117391304347827
2021-11-08,4663,4600,1.013695652173913
2021-11-09,4654,4601,1.0115192349489242
2021-11-10,4652,4604,1.0104257167680277
2021-11-11,4655,4606,1.0106382978723405
2021-11-12,4664,4609,1.0119331742243436
2021-11-15,4685,4621,1.0138498160571305
2021-11-16,4681,4624,1.0123269896193772
2021-11-17,4682,4626,1.0121054907047125
2021-11-18,4690,4629,1.0131777921797365
2021-11-19,4692,4630,1.013390928725702
2021-11-22,4691,4633,1.0125188862508094
2021-11-23,4700,4633,1.014461472048349
2021-11-24,4692,4635,1.0122977346278317
2021-11-25,4694,4635,1.0127292340884575
2021-11-26,4699,4638,1.0131522207848211
2021-11-29,4707,4639,1.0146583315369693
2021-11-30,4706,4640,1.0142241379310344
2021-12-01,4703,4642,1.0131408875484704
2021-12-02,4704,4643,1.0131380572905448
2021-12-03,4704,4644,1.0129198966408268
2021-12-06,4708,4647,1.0131267484398536
2021-12-07,4699,4650,1.0105376344086021
2021-12-08,4700,4651,1.0105353687379057
2021-12-09,4711,4652,1.01268271711092
2021-12-10,4712,4655,1.0122448979591836
2021-12-13,4706,4655,1.0109559613319012
2021-12-14,4712,4656,1.0120274914089347
2021-12-15,4712,4660,1.0111587982832617
2021-12-16,4718,4662,1.012012012012012
2021-12-17,4712,4663,1.01050825648724
2021-12-20,4711,4665,1.009860664523044
2021-12-21,4713,4665,1.0102893890675242
2021-12-22,4718,4669,1.0104947526236883
2021-12-23,4722,4672,1.0107020547945205
2021-12-24,4728,4676,1.011120615911035
2021-12-27,4732,4677,1.0117596750053452
2021-12-28,4730,4681,1.010467848750267
2021-12-29,4737,4681,1.011963255714591
2021-12-30,4742,4684,1.0123825789923142
2021-12-31,4738,4685,1.0113127001067237
2022-01-04,4737,4685,1.0110992529348986
2022-01-05,4731,4686,1.0096030729833547
2022-01-06,4735,4688,1.0100255972696246
2022-01-07,4739,4690,1.01044776119403
2022-01-10,4747,4690,1.0121535181236674
2022-01-11,4745,4693,1.0110803324099722
2022-01-12,4744,4695,1.0104366347177849
2022-01-13,4746,4696,1.0106473594548553
2022-01-14,4748,4697,1.010857994464552
2022-01-17,4753,4700,1.0112765957446808
2022-01-18,4755,4703,1.0110567722730173
2022-01-19,4752,4703,1.0104188815649586
2022-01-20,4753,4704,1.0104166666666667
2022-01-21,4751,4705,1.0097768331562167
2022-01-24,4758,4707,1.0108349267049075
2022-01-25,4754,4708,1.0097706032285472
2022-01-26,4759,4710,1.010403397027601
2022-01-27,4769,4713,1.0118820284319967
2022-01-28,4771,4716,1.0116624257845632
2022-02-07,4772,4716,1.011874469889737
2022-02-08,4766,4716,1.0106022052586938
2022-02-09,4777,4717,1.0127199491202035
2022-02-10,4770,4719,1.010807374443738
2022-02-11,4774,4719,1.0116550116550116
2022-02-14,4775,4719,1.0118669209578302
2022-02-15,4783,4720,1.0133474576271186
2022-02-16,4782,4723,1.0124920601312726
2022-02-17,4780,4723,1.0120686004658057
2022-02-18,4776,4725,1.0107936507936508
2022-02-21,4783,4726,1.0120609394837072
2022-02-22,4783,4728,1.01163282571912
2022-02-23,4795,4730,1.0137420718816068
2022-02-24,4786,4730,1.0118393234672305
2022-02-25,4789,4730,1.0124735729386891
2022-02-28,4795,4733,1.0130995140502852
2022-03-01,4786,4733,1.011197971688147
2022-03-02,4783,4733,1.010564124234101
2022-03-03,4782,4733,1.010352841749419
2022-03-04,4792,4734,1.0122517955217576
2022-03-07,4791,4736,1.0116131756756757
2022-03-08,4788,4737,1.0107663077897404
2022-03-09,4787,4738,1.0103419164204306
2022-03-10,4786,4739,1.009917704156995
2022-03-11,4790,4742,1.0101223112610713
2022-03-14,4795,4744,1.0107504215851602
2022-03-15,4802,4747,1.0115862650094796
2022-03-16,4801,4748,1.0111625947767482
2022-03-17,4805,4750,1.0115789473684211
2022-03-18,4805,4753,1.0109404586576898
2022-03-21,4800,4754,1.0096760622633572
2022-03-22,4801,4759,1.0088253834839251
2022-03-23,4808,4761,1.0098718756563747
2022-03-24,4806,4762,1.0092398152036959
2022-03-25,4810,4764,1.0096557514693534
2022-03-28,4806,4765,1.008604407135362
2022-03-29,4817,4768,1.010276845637584
2022-03-30,4817,4769,1.0100650031453136
2022-03-31,4807,4770,1.0077568134171908
2022-04-01,4812,4771,1.008593586250262
2022-04-06,4810,4772,1.0079631181894384
2022-04-07,4802,4774,1.0058651026392962
2022-04-08,4809,4775,1.0071204188481675
2022-04-11,4809,4776,1.0069095477386936
2022-04-12,4820,4779,1.0085792006695962
2022-04-13,4814,4781,1.006902321690023
2022-04-14,4820,4781,1.0081572892700272
2022-04-15,4815,4783,1.0066903616976792
2022-04-18,4811,4783,1.0058540664854694
2022-04-19,4820,4788,1.0066833751044277
2022-04-20,4817,4791,1.005426841995408
2022-04-21,4831,4794,1.007717980809345
2022-04-22,4822,4798,1.0050020842017506
2022-04-25,4836,4799,1.0077099395707438
2022-04-26,4827,4800,1.005625
2022-04-27,4827,4799,1.0058345488643468
2022-04-28,4806,4801,1.0010414496979796
2022-04-29,4827,4803,1.004996876951905
2022-05-05,4771,4803,0.9933374973974599
2022-05-06,4807,4804,1.000624479600333
2022-05-09,4795,4804,0.9981265611990008
2022-05-10,4807,4804,1.000624479600333
2022-05-11,4806,4804,1.0004163197335554
2022-05-12,4809,4806,1.0006242197253432
2022-05-13,4803,4807,0.9991678801747451
2022-05-16,4802,4807,0.9989598502184315
2022-05-17,4808,4808,1.0
2022-05-18,4807,4810,0.9993762993762993
2022-05-19,4797,4810,0.9972972972972973
2022-05-20,4808,4813,0.9989611468938292
2022-05-23,4815,4813,1.0004155412424682
2022-05-24,4813,4815,0.9995846313603323
2022-05-25,4810,4813,0.9993766881362975
2022-05-26,4820,4815,1.0010384215991692
2022-05-27,4821,4817,1.0008303923603903
2022-05-30,4821,4817,1.0008303923603903
2022-05-31,4829,4817,1.0024911770811709
2022-06-01,4828,4817,1.0022835789910733
2022-06-02,4831,4818,1.002698215026982
2022-06-06,4845,4823,1.0045614762595894
2022-06-07,4846,4823,1.004768816089571
2022-06-08,4852,4827,1.0051792003314688
2022-06-09,4853,4828,1.0051781275890639
2022-06-10,4855,4829,1.0053841375025885
2022-06-13,4858,4829,1.0060053841375025
2022-06-14,4849,4831,1.0037259366590767
2022-06-15,4855,4829,1.0053841375025885
2022-06-16,4850,4829,1.0043487264443984
2022-06-17,4851,4832,1.0039321192052981
2022-06-20,4854,4831,1.0047609190643758
2022-06-21,4853,4831,1.004553922583316
2022-06-22,4851,4832,1.0039321192052981
2022-06-23,4839,4828,1.002278376139188
2022-06-24,4849,4828,1.0043496271748136
2022-06-27,4834,4828,1.0012427506213752
2022-06-28,4837,4824,1.0026948590381426
2022-06-29,4830,4823,1.0014513788098693
2022-06-30,4826,4823,1.000622019489944
2022-07-01,4829,4821,1.0016594067620825
2022-07-04,4819,4821,0.9995851483094793
2022-07-05,4823,4821,1.0004148516905207
2022-07-06,4827,4824,1.0006218905472637
2022-07-07,4829,4826,1.000621632822213
2022-07-08,4831,4827,1.000828672053035
2022-07-11,4829,4828,1.0002071251035625
2022-07-12,4831,4830,1.000207039337474
2022-07-13,4832,4832,1.0
2022-07-14,4839,4831,1.0016559718484785
2022-07-15,4838,4834,1.0008274720728176
2022-07-18,4844,4835,1.0018614270941055
2022-07-19,4847,4834,1.002689284236657
2022-07-20,4845,4834,1.0022755482002483
2022-07-21,4842,4834,1.001654944145635
2022-07-22,4845,4837,1.0016539177175936
2022-07-25,4840,4840,1.0
2022-07-26,4849,4839,1.0020665426741062
2022-07-27,4844,4840,1.0008264462809917
2022-07-28,4847,4841,1.0012394133443503
2022-07-29,4850,4844,1.0012386457473164
2022-08-01,4855,4845,1.0020639834881322
2022-08-02,4859,4847,1.0024757582009491
2022-08-03,4861,4847,1.0028883845677738
2022-08-04,4861,4848,1.0026815181518152
2022-08-05,4865,4853,1.0024726973006388
2022-08-08,4870,4857,1.0026765493102738
2022-08-09,4869,4858,1.0022643062988885
2022-08-10,4869,4860,1.0018518518518518
2022-08-11,4873,4862,1.002262443438914
2022-08-12,4876,4864,1.002467105263158
2022-08-15,4871,4865,1.0012332990750257
2022-08-16,4879,4867,1.0024655845490036
2022-08-17,4881,4869,1.002464571780653
2022-08-18,4885,4875,1.0020512820512821
2022-08-19,4889,4878,1.0022550225502256
2022-08-22,4891,4880,1.0022540983606558
2022-08-23,4888,4881,1.0014341323499283
2022-08-24,4894,4881,1.0026633886498668
2022-08-25,4895,4884,1.0022522522522523
2022-08-26,4895,4886,1.0018419975440034
2022-08-29,4901,4888,1.002659574468085
2022-08-30,4902,4888,1.0028641571194763
2022-08-31,4908,4893,1.003065603923973
2022-09-01,4909,4895,1.0028600612870275
2022-09-02,4911,4900,1.0022448979591836
2022-09-05,4912,4901,1.0022444399102224
2022-09-06,4916,4901,1.003060599877576
2022-09-07,4915,4901,1.0028565598857375
2022-09-08,4922,4904,1.0036704730831973
2022-09-09,4922,4909,1.0026481971888368
2022-09-13,4927,4911,1.0032579922622684
2022-09-14,4924,4912,1.002442996742671
2022-09-15,4919,4913,1.001221249745573
2022-09-16,4923,4913,1.0020354162426217
2022-09-19,4925,4918,1.0014233428222854
2022-09-20,4927,4919,1.001626346818459
2022-09-21,4932,4923,1.0018281535648994
2022-09-22,4931,4924,1.001421608448416
2022-09-23,4932,4926,1.0012180267965896
2022-09-26,4938,4930,1.0016227180527384
2022-09-27,4942,4934,1.001621402513174
2022-09-28,4944,4937,1.0014178651002634
2022-09-29,4945,4940,1.0010121457489878
2022-09-30,4946,4943,1.000606918875177
2022-10-10,4948,4945,1.0006066734074823
2022-10-11,4949,4947,1.0004042854255104
2022-10-12,4950,4949,1.0002020610224287
2022-10-13,4955,4952,1.000605815831987
2022-10-14,4959,4953,1.0012113870381587
2022-10-17,4956,4953,1.0006056935190792
2022-10-18,4961,4956,1.0010088781275222
2022-10-19,4966,4960,1.0012096774193548
2022-10-20,4963,4960,1.0006048387096773
2022-10-21,4965,4960,1.001008064516129
2022-10-24,4965,4960,1.001008064516129
2022-10-25,4965,4963,1.000402982067298
2022-10-26,4969,4967,1.0004026575397624
2022-10-27,4969,4968,1.0002012882447664
2022-10-28,4974,4970,1.0008048289738432
2022-10-31,4974,4974,1.0
2022-11-01,4978,4977,1.0002009242515573
2022-11-02,4976,4977,0.9997990757484428
2022-11-03,4977,4977,1.0
2022-11-04,4980,4977,1.0006027727546716
2022-11-07,4983,4979,1.0008033741715203
2022-11-08,4979,4980,0.9997991967871486
2022-11-09,4983,4983,1.0
2022-11-10,4986,4984,1.0004012841091492
2022-11-11,4992,4986,1.0012033694344165
2022-11-14,4990,4987,1.000601564066573
2022-11-15,4993,4987,1.0012031281331462
2022-11-16,4995,4991,1.000801442596674
2022-11-17,4994,4992,1.000400641025641
2022-11-18,5000,4997,1.0006003602161297
2022-11-21,5002,4998,1.0008003201280513
2022-11-22,5004,5000,1.0008
2022-11-23,5002,5000,1.0004
2022-11-24,5006,5001,1.000999800039992
2022-11-25,5008,5003,1.0009994003597842
2022-11-28,5009,5004,1.0009992006394883
2022-11-29,5014,5005,1.001798201798202
2022-11-30,5015,5007,1.0015977631316157
2022-12-01,5019,5009,1.0019964064683569
2022-12-02,5020,5011,1.0017960486928756
2022-12-05,5017,5012,1.000997605746209
2022-12-06,5018,5013,1.0009974067424696
2022-12-07,5019,5015,1.0007976071784646
2022-12-08,5023,5019,1.0007969715082685
2022-12-09,5027,5023,1.0007963368504877
2022-12-12,5031,5026,1.0009948269001194
2022-12-13,5032,5027,1.0009946290033818
2022-12-14,5034,5029,1.0009942334460131
2022-12-15,5037,5033,1.0007947546195113
2022-12-16,5041,5037,1.0007941234862021
2022-12-19,5038,5037,1.0001985308715504
2022-12-20,5039,5039,1.0
2022-12-21,5036,5042,0.9988099960333201
2022-12-22,5045,5045,1.0
2022-12-23,5051,5049,1.0003961180431769
2022-12-26,5050,5052,0.9996041171813144
2022-12-27,5056,5055,1.0001978239366964
2022-12-28,5055,5059,0.9992093299070962
2022-12-29,5060,5061,0.9998024105907923
2022-12-30,5063,5067,0.9992105782514308
2023-01-03,5062,5067,0.9990132228142885
2023-01-04,5064,5067,0.9994079336885732
2023-01-05,5064,5067,0.9994079336885732
2023-01-06,5064,5068,0.9992107340173638
2023-01-09,5061,5068,0.9986187845303868
2023-01-10,5065,5068,0.9994080505130228
2023-01-11,5066,5069,0.9994081672913789
2023-01-12,5062,5069,0.9986190570132176
2023-01-13,5063,5069,0.998816334582758
2023-01-16,5064,5069,0.9990136121522983
2023-01-17,5062,5069,0.9986190570132176
2023-01-18,5064,5071,0.998619601656478
2023-01-19,5065,5074,0.9982262514781237
2023-01-20,5066,5074,0.9984233346472211
2023-01-30,5066,5076,0.9980299448384555
2023-01-31,5065,5077,0.9976363994484932
2023-02-01,5067,5078,0.9978337928318236
2023-02-02,5071,5079,0.998424886788738
2023-02-03,5068,5079,0.9978342193345147
2023-02-06,5070,5080,0.9980314960629921
2023-02-07,5072,5080,0.9984251968503937
2023-02-08,5072,5082,0.9980322707595435
2023-02-09,5076,5085,0.9982300884955753
2023-02-10,5077,5086,0.9982304364923319
2023-02-13,5078,5086,0.9984270546598506
2023-02-14,5078,5087,0.9982307843522705
2023-02-15,5079,5087,0.9984273638686849
2023-02-16,5084,5090,0.9988212180746562
2023-02-17,5086,5092,0.9988216810683425
2023-02-20,5089,5093,0.9992146082858826
2023-02-21,5090,5095,0.9990186457311089
2023-02-22,5092,5097,0.9990190308024328
2023-02-23,5092,5098,0.9988230678697528
2023-02-24,5091,5098,0.9986269125147117
2023-02-27,5091,5099,0.9984310649146891
2023-02-28,5093,5100,0.9986274509803922
2023-03-01,5095,5103,0.9984322947285911
2023-03-02,5097,5103,0.9988242210464433
2023-03-03,5098,5105,0.9986287952987267
2023-03-06,5099,5106,0.9986290638464551
2023-03-07,5100,5107,0.9986293322890151
2023-03-08,5101,5109,0.998434135838716
2023-03-09,5102,5111,0.9982390921541773
2023-03-10,5104,5113,0.9982397809505182
2023-03-13,5109,5115,0.9988269794721407
2023-03-14,5111,5116,0.9990226739640344
2023-03-15,5114,5119,0.9990232467278766
2023-03-16,5114,5120,0.998828125
2023-03-17,5115,5122,0.9986333463490824
2023-03-20,5115,5123,0.9984384149912161
2023-03-21,5118,5125,0.9986341463414634
2023-03-22,5117,5125,0.9984390243902439
2023-03-23,5120,5126,0.9988294966835739
2023-03-24,5121,5126,0.9990245805696449
2023-03-27,5123,5127,0.9992198166569144
2023-03-28,5124,5126,0.9996098322278579
2023-03-29,5127,5129,0.9996100604406317
2023-03-30,5127,5130,0.9994152046783625
2023-03-31,5127,5131,0.9992204248684466
2023-04-03,5129,5133,0.9992207286187414
2023-04-04,5134,5136,0.9996105919003115
2023-04-06,5134,5137,0.9994160015573291
2023-04-07,5133,5138,0.9990268586998832
2023-04-10,5143,5148,0.999028749028749
2023-04-11,5144,5148,0.9992229992229992
2023-04-12,5143,5148,0.999028749028749
2023-04-13,5145,5149,0.9992231501262381
2023-04-14,5143,5149,0.9988347251893571
2023-04-17,5145,5151,0.9988351776354106
2023-04-18,5152,5156,0.9992242048099301
2023-04-19,5152,5157,0.9990304440566221
2023-04-20,5155,5158,0.9994183792167507
2023-04-21,5154,5159,0.9990308199263424
2023-04-24,5155,5162,0.998643936458737
2023-04-25,5156,5164,0.9984508133230054
2023-04-26,5148,5164,0.9969016266460109
2023-04-27,5144,5164,0.9961270333075135
2023-04-28,5131,5164,0.9936096049573974
2023-05-04,5095,5164,0.9866382649109218
2023-05-05,5135,5166,0.9939992257065428
2023-05-08,5136,5167,0.9940003870718018
2023-05-09,5134,5168,0.993421052631579
2023-05-10,5136,5170,0.9934235976789169
2023-05-11,5139,5171,0.993811641848772
2023-05-12,5142,5173,0.9940073458341387
2023-05-15,5143,5174,0.9940085040587553
2023-05-16,5148,5176,0.9945904173106646
2023-05-17,5151,5177,0.9949777863627584
2023-05-18,5154,5180,0.994980694980695
2023-05-19,5157,5183,0.9949836002315261
2023-05-22,5158,5185,0.9947926711668273
2023-05-23,5160,5187,0.9947946790052054
2023-05-24,5162,5189,0.9947966852958181
2023-05-25,5163,5190,0.9947976878612717
2023-05-26,5163,5192,0.9944144838212635
2023-05-29,5159,5192,0.9936440677966102
2023-05-30,5161,5193,0.9938378586558829
2023-05-31,5164,5193,0.9944155594068939
2023-06-01,5166,5196,0.9942263279445728
2023-06-02,5168,5198,0.9942285494420932
2023-06-05,5168,5199,0.9940373148682439
2023-06-06,5169,5201,0.9938473370505672
2023-06-07,5169,5200,0.9940384615384615
2023-06-08,5171,5202,0.9940407535563245
2023-06-09,5175,5205,0.9942363112391931
2023-06-12,5177,5205,0.9946205571565803
2023-06-13,5177,5205,0.9946205571565803
2023-06-14,5175,5206,0.9940453323088744
2023-06-15,5178,5207,0.9944305742270021
2023-06-16,5176,5208,0.9938556067588326
2023-06-19,5182,5210,0.9946257197696737
2023-06-20,5184,5212,0.9946277820414429
2023-06-21,5189,5216,0.9948236196319018
2023-06-26,5189,5216,0.9948236196319018
2023-06-27,5192,5220,0.9946360153256705
2023-06-28,5198,5223,0.9952134788435765
2023-06-29,5200,5223,0.9955964005360903
2023-06-30,5205,5225,0.9961722488038277
2023-07-03,5206,5225,0.9963636363636363
2023-07-04,5207,5226,0.9963643321852277
2023-07-05,5208,5227,0.9963650277405778
2023-07-06,5206,5225,0.9963636363636363
2023-07-07,5209,5224,0.9971286370597243
2023-07-10,5210,5225,0.9971291866028709
2023-07-11,5209,5223,0.9973195481524029
2023-07-12,5212,5228,0.9969395562356542
2023-07-13,5211,5226,0.9971297359357061
2023-07-14,5212,5224,0.9977029096477795
2023-07-17,5215,5226,0.9978951396861845
2023-07-18,5215,5227,0.9977042280466807
2023-07-19,5220,5230,0.9980879541108987
2023-07-20,5223,5233,0.9980890502579782
2023-07-21,5223,5234,0.9978983568972105
2023-07-24,5224,5236,0.9977081741787625
2023-07-25,5227,5238,0.9978999618174876
2023-07-26,5231,5240,0.9982824427480916
2023-07-27,5231,5241,0.9980919671818356
2023-07-28,5233,5242,0.9982830980541778
2023-07-31,5233,5241,0.9984735737454684
2023-08-01,5234,5242,0.9984738649370469
2023-08-02,5233,5242,0.9982830980541778
2023-08-03,5236,5244,0.9984744469870328
2023-08-04,5237,5245,0.9984747378455672
2023-08-07,5238,5244,0.9988558352402745
2023-08-08,5240,5246,0.9988562714449104
2023-08-09,5244,5249,0.9990474376071633
2023-08-10,5247,5251,0.9992382403351743
2023-08-11,5248,5252,0.9992383853769993
2023-08-14,5247,5250,0.9994285714285714
2023-08-15,5249,5252,0.9994287890327495
2023-08-16,5252,5255,0.9994291151284491
2023-08-17,5254,5257,0.999429332318813
2023-08-18,5257,5260,0.9994296577946769
2023-08-21,5257,5261,0.9992396882721916
2023-08-22,5258,5261,0.9994297662041437
2023-08-23,5262,5264,0.9996200607902735
2023-08-24,5262,5263,0.999809994299829
2023-08-25,5263,5264,0.9998100303951368
2023-08-28,5264,5265,0.9998100664767331
2023-08-29,5263,5265,0.9996201329534663
2023-08-30,5265,5266,0.9998101025446259
2023-08-31,5265,5266,0.9998101025446259
2023-09-01,5266,5268,0.9996203492786636
2023-09-04,5265,5268,0.9994305239179955
2023-09-05,5268,5269,0.9998102106661606
2023-09-06,5269,5270,0.9998102466793168
2023-09-07,5270,5271,0.9998102826788086
2023-09-08,5271,5272,0.9998103186646434
2023-09-11,5272,5274,0.999620781190747
2023-09-12,5273,5274,0.9998103905953736
2023-09-13,5273,5274,0.9998103905953736
2023-09-14,5274,5275,0.9998104265402844
2023-09-15,5275,5277,0.9996209967784726
2023-09-18,5276,5278,0.9996210685865858
2023-09-19,5276,5278,0.9996210685865858
2023-09-20,5278,5280,0.9996212121212121
2023-09-21,5279,5281,0.9996212838477561
2023-09-22,5280,5281,0.999810641923878
2023-09-25,5281,5283,0.999621427219383
2023-09-26,5282,5284,0.9996214988644966
2023-09-27,5282,5284,0.9996214988644966
2023-09-28,5282,5287,0.9990542840930584
2023-10-09,5282,5287,0.9990542840930584
2023-10-10,5285,5288,0.9994326777609682
2023-10-11,5284,5289,0.9990546417092078
2023-10-12,5285,5289,0.9992437133673663
2023-10-13,5286,5290,0.9992438563327032
2023-10-16,5286,5290,0.9992438563327032
2023-10-17,5288,5292,0.999244142101285
2023-10-18,5287,5292,0.9990551776266062
2023-10-19,5290,5293,0.9994332136784432
2023-10-20,5291,5293,0.9996221424522955
2023-10-23,5292,5294,0.9996222138269739
2023-10-24,5291,5295,0.9992445703493862
2023-10-25,5293,5295,0.9996222851746931
2023-10-26,5293,5295,0.9996222851746931
2023-10-27,5294,5295,0.9998111425873466
2023-10-30,5294,5296,0.9996223564954683
2023-10-31,5297,5297,1.0
2023-11-01,5300,5299,1.000188714851859
2023-11-02,5300,5300,1.0
2023-11-03,5302,5301,1.000188643652141
2023-11-06,5296,5301,0.9990567817392945
2023-11-07,5299,5302,0.9994341757827235
2023-11-08,5302,5303,0.9998114274938714
2023-11-09,5301,5304,0.9994343891402715
2023-11-10,5302,5305,0.9994344957587182
2023-11-13,5304,5306,0.9996230682246513
2023-11-14,5304,5306,0.9996230682246513
2023-11-15,5303,5306,0.999434602336977
2023-11-16,5304,5309,0.9990582030514221
2023-11-17,5305,5310,0.9990583804143126
2023-11-20,5307,5310,0.9994350282485875
2023-11-21,5309,5310,0.9998116760828625
2023-11-22,5308,5310,0.9996233521657251
2023-11-23,5310,5311,0.9998117115420825
2023-11-24,5310,5311,0.9998117115420825
2023-11-27,5312,5311,1.0001882884579176
2023-11-28,5310,5312,0.9996234939759037
2023-11-29,5312,5313,0.9998117824204781
2023-11-30,5312,5314,0.9996236356793377
2023-12-01,5315,5315,1.0
2023-12-04,5313,5315,0.999623706491063
2023-12-05,5315,5317,0.999623848034606
2023-12-06,5316,5318,0.9996239187664535
2023-12-07,5314,5318,0.9992478375329071
2023-12-08,5317,5319,0.9996239894717052
2023-12-11,5318,5319,0.9998119947358526
2023-12-12,5319,5321,0.9996241308024807
2023-12-13,5321,5322,0.9998121007140173
2023-12-14,5323,5323,1.0
2023-12-15,5323,5324,0.9998121712997746
2023-12-18,5323,5325,0.99962441314554
2023-12-19,5321,5326,0.9990612091625986
2023-12-20,5324,5327,0.999436831237094
2023-12-21,5325,5329,0.9992493901294802
2023-12-22,5325,5330,0.99906191369606
2023-12-25,5325,5330,0.99906191369606
2023-12-26,5327,5331,0.9992496717313825
2023-12-27,5328,5332,0.9992498124531133
2023-12-28,5326,5334,0.9985001874765654
2023-12-29,5329,5335,0.998875351452671
2024-01-02,5329,5335,0.998875351452671
2024-01-03,5330,5336,0.9988755622188905
2024-01-04,5330,5336,0.9988755622188905
2024-01-05,5332,5337,0.9990631440884392
2024-01-08,5332,5337,0.9990631440884392
2024-01-09,5332,5337,0.9990631440884392
2024-01-10,5334,5338,0.9992506556762832
2024-01-11,5336,5341,0.999063845721775
2024-01-12,5333,5341,0.9985021531548399
2024-01-15,5334,5341,0.9986893840104849
2024-01-16,5336,5342,0.9988768251591165
2024-01-17,5336,5341,0.999063845721775
2024-01-18,5339,5343,0.9992513569155905
2024-01-19,5339,5344,0.999064371257485
2024-01-22,5339,5344,0.999064371257485
2024-01-23,5339,5344,0.999064371257485
2024-01-24,5340,5346,0.9988776655443322
2024-01-25,5341,5346,0.9990647212869435
2024-01-26,5342,5346,0.9992517770295548
2024-01-29,5343,5346,0.999438832772166
2024-01-30,5343,5347,0.9992519169627828
2024-01-31,5344,5347,0.9994389377220871
2024-02-01,5344,5347,0.9994389377220871
2024-02-02,5345,5349,0.9992521966722752
2024-02-05,5344,5349,0.999065245840344
2024-02-06,5345,5349,0.9992521966722752
2024-02-07,5346,5350,0.9992523364485981
2024-02-08,5348,5351,0.9994393571295085
2024-02-19,5348,5351,0.9994393571295085
2024-02-20,5348,5351,0.9994393571295085
2024-02-21,5348,5351,0.9994393571295085
2024-02-22,5348,5351,0.9994393571295085
2024-02-23,5347,5351,0.999252476172678
2024-02-26,5346,5351,0.9990655952158475
2024-02-27,5347,5351,0.999252476172678
2024-02-28,5347,5352,0.9990657698056801
2024-02-29,5347,5352,0.9990657698056801
2024-03-01,5348,5353,0.9990659443302821
2024-03-04,5348,5353,0.9990659443302821
2024-03-05,5348,5352,0.9992526158445441
2024-03-06,5346,5352,0.9988789237668162
2024-03-07,5346,5352,0.9988789237668162
2024-03-08,5347,5353,0.9988791331963385
2024-03-11,5346,5353,0.9986923220623949
2024-03-12,5348,5353,0.9990659443302821
2024-03-13,5350,5355,0.9990662931839402
2024-03-14,5350,5355,0.9990662931839402
2024-03-15,5349,5355,0.9988795518207283
2024-03-18,5348,5355,0.9986928104575163
2024-03-19,5350,5354,0.999252895031752
2024-03-20,5351,5356,0.9990664675130695
2024-03-21,5351,5356,0.9990664675130695
2024-03-22,5351,5356,0.9990664675130695
2024-03-25,5352,5357,0.999066641777114
2024-03-26,5353,5357,0.9992533134216912
2024-03-27,5355,5357,0.9996266567108456
2024-03-28,5356,5359,0.9994401940660571
2024-03-29,5356,5360,0.9992537313432835
2024-04-01,5358,5359,0.9998133980220191
2024-04-02,5359,5360,0.9998134328358209
2024-04-03,5358,5360,0.9996268656716418
2024-04-08,5361,5362,0.9998135024244685
2024-04-09,5362,5362,1.0
2024-04-10,5362,5362,1.0
2024-04-11,5363,5363,1.0
2024-04-12,5363,5363,1.0
2024-04-15,5363,5364,0.999813571961223
2024-04-16,5363,5364,0.999813571961223
2024-04-17,5362,5364,0.9996271439224459
2024-04-18,5361,5364,0.9994407158836689
2024-04-19,5359,5363,0.9992541487973149
2024-04-22,5358,5363,0.9990676859966436
2024-04-23,5357,5363,0.9988812231959724
2024-04-24,5358,5363,0.9990676859966436
2024-04-25,5355,5363,0.9985082975946299
2024-04-26,5346,5362,0.9970160387914957
2024-04-29,5337,5361,0.9955232232792389
2024-04-30,5301,5361,0.9888080581980974
2024-05-06,5342,5361,0.9964558850960642
2024-05-07,5342,5361,0.9964558850960642
2024-05-08,5340,5361,0.996082820369334
2024-05-09,5341,5362,0.9960835509138382
2024-05-10,5341,5362,0.9960835509138382
2024-05-13,5340,5363,0.9957113555845609
2024-05-14,5343,5363,0.9962707439865747
2024-05-15,5344,5363,0.9964572067872459
2024-05-16,5343,5363,0.9962707439865747
2024-05-17,5343,5363,0.9962707439865747
2024-05-20,5339,5363,0.9955248927838896
2024-05-21,5342,5363,0.9960842811859034
2024-05-22,5343,5363,0.9962707439865747
2024-05-23,5343,5363,0.9962707439865747
2024-05-24,5343,5363,0.9962707439865747
2024-05-27,5341,5363,0.9958978183852322
2024-05-28,5341,5363,0.9958978183852322
2024-05-29,5341,5363,0.9958978183852322
2024-05-30,5342,5364,0.9958985831469053
2024-05-31,5341,5364,0.9957121551081283
2024-06-03,5341,5364,0.9957121551081283
2024-06-04,5340,5364,0.9955257270693513
2024-06-05,5345,5365,0.9962721342031687
2024-06-06,5347,5363,0.9970165951892598
2024-06-07,5344,5364,0.9962714392244594
2024-06-11,5344,5364,0.9962714392244594
2024-06-12,5348,5365,0.9968313140726934
2024-06-13,5349,5365,0.9970177073625349
2024-06-14,5350,5365,0.9972041006523765
2024-06-17,5349,5364,0.9972035794183445
2024-06-18,5347,5364,0.9968307233407905
2024-06-19,5346,5364,0.9966442953020134
2024-06-20,5345,5365,0.9962721342031687
2024-06-21,5345,5365,0.9962721342031687
2024-06-24,5343,5365,0.9958993476234855
2024-06-25,5338,5365,0.9949673811742777
2024-06-26,5345,5367,0.9959008757220048
2024-06-27,5339,5366,0.9949683190458442
2024-06-28,5338,5365,0.9949673811742777
2024-07-01,5336,5363,0.9949655043818758
2024-07-02,5336,5363,0.9949655043818758
2024-07-03,5335,5364,0.9945935868754661
2024-07-04,5336,5361,0.995336690915874
2024-07-05,5335,5362,0.994964565460649
2024-07-08,5334,5361,0.9949636261891438
2024-07-09,5340,5361,0.996082820369334
2024-07-10,5342,5362,0.9962700484893696
2024-07-11,5342,5361,0.9964558850960642
2024-07-12,5342,5359,0.9968277663743236
2024-07-15,5343,5359,0.9970143683523045
2024-07-16,5343,5359,0.9970143683523045
2024-07-17,5340,5359,0.9964545624183616
2024-07-18,5337,5359,0.9958947564844187
2024-07-19,5336,5357,0.996079895463879
2024-07-22,5335,5358,0.9957073534901083
2024-07-23,5335,5357,0.9958932238193019
2024-07-24,5335,5357,0.9958932238193019
2024-07-25,5333,5356,0.9957057505601195
2024-07-26,5335,5356,0.9960791635548917
2024-07-29,5333,5356,0.9957057505601195
2024-07-30,5334,5355,0.996078431372549
2024-07-31,5334,5356,0.9958924570575056
2024-08-01,5334,5357,0.9957065521747247
2024-08-02,5336,5357,0.996079895463879
2024-08-05,5334,5357,0.9957065521747247
2024-08-06,5335,5357,0.9958932238193019
2024-08-07,5336,5357,0.996079895463879
2024-08-08,5337,5356,0.9964525765496639
2024-08-09,5337,5356,0.9964525765496639
2024-08-12,5338,5356,0.9966392830470501
2024-08-13,5338,5353,0.9971978329908463
2024-08-14,5339,5354,0.9971983563690698
2024-08-15,5339,5354,0.9971983563690698
2024-08-16,5339,5352,0.9975710014947683
2024-08-19,5338,5351,0.9975705475612036
2024-08-20,5339,5349,0.998130491680688
2024-08-21,5340,5350,0.9981308411214953
2024-08-22,5340,5351,0.9979443094748646
2024-08-23,5338,5351,0.9975705475612036
2024-08-26,5340,5351,0.9979443094748646
2024-08-27,5339,5350,0.9979439252336448
2024-08-28,5339,5350,0.9979439252336448
2024-08-29,5339,5350,0.9979439252336448
2024-08-30,5339,5350,0.9979439252336448
2024-09-02,5337,5349,0.9977565900168256
2024-09-03,5338,5350,0.9977570093457944
2024-09-04,5338,5351,0.9975705475612036
2024-09-05,5338,5351,0.9975705475612036
2024-09-06,5338,5350,0.9977570093457944
2024-09-09,5336,5350,0.9973831775700934
2024-09-10,5336,5350,0.9973831775700934
2024-09-11,5340,5351,0.9979443094748646
2024-09-12,5340,5351,0.9979443094748646
2024-09-13,5341,5352,0.9979446935724963
2024-09-18,5337,5352,0.9971973094170403
2024-09-19,5342,5351,0.9983180713885255
2024-09-20,5342,5352,0.9981315396113603
2024-09-23,5343,5351,0.998504952345356
2024-09-24,5344,5351,0.9986918333021865
2024-09-25,5347,5352,0.9990657698056801
2024-09-26,5348,5354,0.9988793425476279
2024-09-27,5348,5354,0.9988793425476279
2024-09-30,5345,5354,0.998319013821442
2024-10-08,5341,5354,0.9975719088531939
2024-10-09,5341,5354,0.9975719088531939
2024-10-10,5343,5354,0.9979454613373179
2024-10-11,5344,5356,0.9977595220313666
2024-10-14,5345,5355,0.9981325863678805
2024-10-15,5346,5355,0.9983193277310924
2024-10-16,5349,5356,0.9986930545182973
2024-10-17,5352,5357,0.999066641777114
2024-10-18,5351,5356,0.9990664675130695
2024-10-21,5351,5356,0.9990664675130695
2024-10-22,5350,5356,0.9988797610156833
2024-10-23,5347,5356,0.998319641523525
2024-10-24,5349,5358,0.9983202687569989
2024-10-25,5349,5359,0.9981339802201903
2024-10-28,5346,5359,0.9975741742862474
2024-10-29,5348,5361,0.9975750792762544
2024-10-30,5346,5361,0.9972020145495244
2024-10-31,5349,5363,0.9973895207906023
2024-11-01,5349,5363,0.9973895207906023
2024-11-04,5350,5363,0.9975759835912735
2024-11-05,5353,5363,0.9981353719932874
2024-11-06,5354,5363,0.9983218347939586
2024-11-07,5354,5365,0.9979496738117428
2024-11-08,5356,5365,0.9983224603914259
2024-11-11,5352,5366,0.9973909802459933
2024-11-12,5353,5366,0.9975773387998509
2024-11-13,5353,5366,0.9975773387998509
2024-11-14,5354,5366,0.9977636973537085
2024-11-15,5355,5366,0.9979500559075661
2024-11-18,5352,5366,0.9973909802459933
2024-11-19,5355,5367,0.9977641140301845
2024-11-20,5359,5368,0.9983233979135618
2024-11-21,5359,5368,0.9983233979135618
2024-11-22,5361,5369,0.9985099646116595
2024-11-25,5360,5369,0.9983237101881169
2024-11-26,5361,5370,0.9983240223463687
2024-11-27,5360,5370,0.9981378026070763
2024-11-28,5358,5370,0.9977653631284916
2024-11-29,5364,5372,0.9985107967237528
2024-12-02,5362,5372,0.998138495904691
2024-12-03,5362,5372,0.998138495904691
2024-12-04,5362,5373,0.9979527265959427
2024-12-05,5366,5375,0.9983255813953489
2024-12-06,5364,5375,0.9979534883720931
2024-12-09,5362,5375,0.9975813953488372
2024-12-10,5365,5375,0.998139534883721
2024-12-11,5366,5376,0.9981398809523809
2024-12-12,5367,5377,0.9981402268923192
2024-12-13,5366,5377,0.9979542495815511
2024-12-16,5370,5377,0.9986981588246234
2024-12-17,5367,5377,0.9981402268923192
2024-12-18,5369,5378,0.9983265154332466
2024-12-19,5368,5378,0.9981405727036073
2024-12-20,5373,5380,0.9986988847583643
2024-12-23,5371,5380,0.9983271375464684
2024-12-24,5371,5381,0.9981416093662888
2024-12-25,5368,5381,0.9975840921761754
2024-12-26,5372,5382,0.9981419546636938
2024-12-27,5370,5382,0.9977703455964325
2024-12-30,5367,5383,0.9970276797324912
2024-12-31,5370,5383,0.9975849897826491
2025-01-02,5369,5384,0.9972139673105498
2025-01-03,5372,5386,0.9974006683995544
2025-01-06,5370,5386,0.9970293353137765
2025-01-07,5373,5386,0.9975863349424434
2025-01-08,5373,5386,0.9975863349424434
2025-01-09,5374,5386,0.9977720014853323
2025-01-10,5375,5388,0.9975872308834447
2025-01-13,5374,5388,0.9974016332590943
2025-01-14,5377,5388,0.9979584261321455
2025-01-15,5379,5390,0.9979591836734694
2025-01-16,5379,5390,0.9979591836734694
2025-01-17,5378,5390,0.997773654916512
2025-01-20,5377,5390,0.9975881261595547
2025-01-21,5379,5390,0.9979591836734694
2025-01-22,5383,5392,0.9983308605341247
2025-01-23,5384,5393,0.9983311700352309
2025-01-24,5381,5393,0.9977748933803078
2025-01-27,5382,5395,0.9975903614457832
2025-02-05,5384,5395,0.9979610750695088
2025-02-06,5385,5396,0.9979614529280949
2025-02-07,5386,5396,0.9981467753891772
2025-02-10,5387,5396,0.9983320978502594
2025-02-11,5386,5395,0.9983317886932345
2025-02-12,5386,5395,0.9983317886932345
2025-02-13,5387,5395,0.9985171455050973
2025-02-14,5386,5395,0.9983317886932345
2025-02-17,5389,5395,0.9988878591288229
2025-02-18,5388,5395,0.9987025023169601
2025-02-19,5388,5395,0.9987025023169601
2025-02-20,5387,5395,0.9985171455050973
2025-02-21,5389,5395,0.9988878591288229
2025-02-24,5386,5395,0.9983317886932345
2025-02-25,5384,5395,0.9979610750695088
2025-02-26,5385,5395,0.9981464318813716
2025-02-27,5383,5395,0.997775718257646
2025-02-28,5383,5395,0.997775718257646
2025-03-03,5381,5396,0.9972201630837657
2025-03-04,5383,5398,0.9972211930344572
2025-03-05,5382,5397,0.9972206781545303
2025-03-06,5380,5396,0.9970348406226834
2025-03-07,5381,5395,0.9974050046339203
2025-03-10,5381,5395,0.9974050046339203
2025-03-11,5384,5397,0.9975912544005929
2025-03-12,5383,5397,0.9974059662775616
2025-03-13,5385,5397,0.9977765425236242
2025-03-14,5385,5397,0.9977765425236242
2025-03-17,5380,5397,0.9968501019084677
2025-03-18,5387,5398,0.9979622082252686
2025-03-19,5384,5399,0.9972217077236525
2025-03-20,5386,5400,0.9974074074074074
2025-03-21,5387,5401,0.997407887428254
2025-03-24,5387,5401,0.997407887428254
2025-03-25,5390,5402,0.9977786005183266
2025-03-26,5391,5402,0.9979637171417993
2025-03-27,5392,5404,0.997779422649889
2025-03-28,5391,5405,0.9974098057354301
2025-03-31,5393,5405,0.9977798334875115
2025-04-01,5392,5405,0.9975948196114709
2025-04-02,5394,5406,0.9977802441731409
2025-04-03,5393,5406,0.9975952645209027
2025-04-07,5391,5406,0.9972253052164262
2025-04-08,5392,5407,0.9972258183835768
2025-04-09,5395,5408,0.9975961538461539
2025-04-10,5395,5408,0.9975961538461539
2025-04-11,5394,5409,0.9972268441486412
2025-04-14,5393,5409,0.9970419670918839
2025-04-15,5391,5410,0.9964879852125693
2025-04-16,5395,5411,0.9970430604324524
2025-04-17,5395,5412,0.9968588322246859
2025-04-18,5394,5412,0.9966740576496674
2025-04-21,5394,5412,0.9966740576496674
2025-04-22,5392,5412,0.9963045084996305
2025-04-23,5394,5412,0.9966740576496674
2025-04-24,5394,5414,0.9963058736608792
2025-04-25,5393,5415,0.9959372114496768
2025-04-28,5387,5415,0.9948291782086796
2025-04-29,5361,5415,0.990027700831025
2025-04-30,5360,5415,0.989843028624192
2025-05-06,5386,5411,0.9953797819257069
2025-05-07,5388,5411,0.9957493993716503
2025-05-08,5389,5411,0.9959342080946221
2025-05-09,5389,5411,0.9959342080946221
2025-05-12,5389,5411,0.9959342080946221
2025-05-13,5391,5412,0.996119733924612
2025-05-14,5391,5412,0.996119733924612
2025-05-15,5390,5412,0.9959349593495935
2025-05-16,5391,5414,0.9957517547100111
2025-05-19,5388,5416,0.9948301329394387
2025-05-20,5394,5416,0.9959379615952733
2025-05-21,5390,5416,0.9951994091580503
2025-05-22,5386,5416,0.9944608567208272
2025-05-23,5388,5415,0.9950138504155125
2025-05-26,5385,5415,0.9944598337950139
2025-05-27,5385,5415,0.9944598337950139
2025-05-28,5383,5413,0.9944577868095326
2025-05-29,5386,5414,0.9948282231252309
2025-05-30,5384,5413,0.9946425272492149
2025-06-03,5380,5413,0.9939035654904859
2025-06-04,5386,5413,0.9950120081285794
2025-06-05,5388,5415,0.9950138504155125
2025-06-06,5391,5415,0.9955678670360111
2025-06-09,5387,5415,0.9948291782086796
2025-06-10,5395,5416,0.9961225997045791
2025-06-11,5398,5417,0.9964925235370131
2025-06-12,5398,5418,0.9963086009597637
2025-06-13,5398,5418,0.9963086009597637
2025-06-16,5400,5418,0.9966777408637874
2025-06-17,5406,5418,0.9977851605758582
2025-06-18,5406,5418,0.9977851605758582
2025-06-19,5405,5418,0.9976005906238464
2025-06-20,5407,5420,0.9976014760147601
2025-06-23,5402,5420,0.9966789667896679
2025-06-24,5406,5420,0.9974169741697417
2025-06-25,5407,5420,0.9976014760147601
2025-06-26,5410,5421,0.997970854085962
2025-06-27,5405,5421,0.9970485150341265
2025-06-30,5405,5420,0.9972324723247232
2025-07-01,5404,5421,0.9968640472237594
2025-07-02,5403,5421,0.9966795794133924
2025-07-03,5403,5421,0.9966795794133924
2025-07-04,5405,5419,0.9974164975087655
2025-07-07,5403,5418,0.9972314507198228
2025-07-08,5403,5419,0.9970474257243034
2025-07-09,5406,5419,0.9976010334009965
2025-07-10,5406,5420,0.9974169741697417
2025-07-11,5409,5420,0.997970479704797
2025-07-14,5408,5418,0.9981543004798819
2025-07-15,5408,5418,0.9981543004798819
2025-07-16,5407,5419,0.9977855692932275
2025-07-17,5407,5418,0.9979697305278701
2025-07-18,5406,5418,0.9977851605758582
2025-07-21,5404,5418,0.9974160206718347
2025-07-22,5402,5416,0.9974150664697193
2025-07-23,5406,5418,0.9977851605758582
2025-07-24,5405,5418,0.9976005906238464
2025-07-25,5407,5418,0.9979697305278701
2025-07-28,5408,5417,0.9983385637806904
2025-07-29,5412,5417,0.9990769798781614
2025-07-30,5412,5418,0.9988925802879292
2025-07-31,5409,5419,0.9981546410776896
2025-08-01,5410,5419,0.9983391769699207
2025-08-04,5407,5419,0.9977855692932275
2025-08-05,5408,5419,0.9979701051854586
2025-08-06,5410,5420,0.9981549815498155
2025-08-07,5409,5420,0.997970479704797
2025-08-08,5411,5422,0.9979712283290298
2025-08-11,5413,5422,0.9983400959055699
2025-08-12,5416,5423,0.9987092015489581
2025-08-13,5412,5423,0.9979716024340771
2025-08-14,5413,5424,0.99797197640118
2025-08-15,5412,5424,0.9977876106194691
2025-08-18,5410,5424,0.9974188790560472
2025-08-19,5413,5424,0.99797197640118
2025-08-20,5411,5425,0.9974193548387097
2025-08-21,5414,5425,0.9979723502304148
2025-08-22,5415,5426,0.9979727239218578
2025-08-25,5415,5426,0.9979727239218578
2025-08-26,5416,5426,0.9981570217471434
2025-08-27,5417,5426,0.998341319572429
2025-08-28,5417,5427,0.998157361341441
2025-08-29,5414,5427,0.9976045697438732
2025-09-01,5414,5427,0.9976045697438732
2025-09-02,5415,5427,0.9977888336097291
2025-09-03,5417,5427,0.998157361341441
2025-09-04,5416,5427,0.997973097475585
2025-09-05,5417,5428,0.9979734708916728
2025-09-08,5419,5428,0.9983419307295505
2025-09-09,5420,5428,0.9985261606484893
2025-09-10,5422,5429,0.9987106281083072
2025-09-11,5421,5429,0.9985264321237797
2025-09-12,5424,5429,0.9990790200773623
2025-09-15,5422,5429,0.9987106281083072
2025-09-16,5422,5429,0.9987106281083072
2025-09-17,5421,5429,0.9985264321237797
2025-09-18,5420,5429,0.9983422361392522
2025-09-19,5422,5430,0.9985267034990792
2025-09-22,5418,5430,0.9977900552486187
2025-09-23,5424,5431,0.9987111029276377
2025-09-24,5422,5431,0.9983428466212484
2025-09-25,5426,5434,0.9985277880014722
2025-09-26,5426,5435,0.9983440662373505
2025-09-29,5420,5435,0.9972401103955841
2025-09-30,5423,5437,0.9974250505793636
2025-10-09,5419,5436,0.9968727005150846
2025-10-10,5422,5437,0.9972411256207467
2025-10-13,5424,5437,0.9976089755379806
2025-10-14,5424,5437,0.9976089755379806
2025-10-15,5424,5436,0.9977924944812362
2025-10-16,5428,5437,0.9983446753724481
2025-10-17,5431,5438,0.9987127620448695
2025-10-20,5430,5438,0.9985288709084222
2025-10-21,5429,5438,0.998344979771975
2025-10-22,5429,5439,0.9981614267328554
2025-10-23,5431,5439,0.9985291413862842
2025-10-24,5432,5440,0.9985294117647059
2025-10-27,5431,5440,0.9983455882352941
2025-10-28,5432,5444,0.9977957384276267
2025-10-29,5432,5444,0.9977957384276267
2025-10-30,5431,5444,0.9976120499632624
2025-10-31,5432,5444,0.9977957384276267
2025-11-03,5434,5445,0.997979797979798
2025-11-04,5434,5445,0.997979797979798
2025-11-05,5434,5446,0.9977965479250827
2025-11-06,5434,5447,0.9976133651551312
2025-11-07,5436,5449,0.9976142411451643
2025-11-10,5439,5449,0.9981648008808955
2025-11-11,5439,5449,0.9981648008808955
2025-11-12,5441,5448,0.9987151248164464
2025-11-13,5440,5448,0.9985315712187959
2025-11-14,5438,5448,0.9981644640234949
2025-11-17,5437,5448,0.9979809104258444
2025-11-18,5440,5451,0.9979820216474041
2025-11-19,5442,5451,0.9983489268024216
2025-11-20,5441,5451,0.9981654742249129
2025-11-21,5444,5452,0.9985326485693323
2025-11-24,5440,5452,0.9977989728539985
2025-11-25,5438,5453,0.9972492206125069
2025-11-26,5434,5453,0.9965156794425087
2025-11-27,5434,5454,0.9963329666299964
2025-11-28,5433,5454,0.9961496149614961
2025-12-01,5432,5454,0.995966263292996
2025-12-02,5436,5455,0.9965169569202567
2025-12-03,5442,5456,0.9974340175953079
2025-12-04,5440,5456,0.9970674486803519
2025-12-05,5438,5457,0.996518233461609
2025-12-08,5440,5456,0.9970674486803519
2025-12-09,5441,5456,0.9972507331378299
2025-12-10,5438,5457,0.996518233461609
2025-12-11,5442,5457,0.9972512369433755
2025-12-12,5444,5457,0.9976177386842587
2025-12-15,5443,5457,0.9974344878138172
2025-12-16,5445,5458,0.9976181751557347
2025-12-17,5446,5459,0.9976186114673017
2025-12-18,5449,5460,0.997985347985348
2025-12-19,5448,5461,0.9976194836110602
2025-12-22,5444,5461,0.996887017029848
2025-12-23,5449,5464,0.9972547584187409
2025-12-24,5451,5465,0.9974382433668801
2025-12-25,5454,5466,0.9978046103183315
2025-12-26,5453,5466,0.9976216611781925
2025-12-29,5455,5466,0.9979875594584705
2025-12-30,5457,5469,0.997805814591333
2025-12-31,5458,5471,0.9976238347651252
2026-01-05,5457,5470,0.9976234003656307
2026-01-06,5459,5470,0.9979890310786106
2026-01-07,5460,5470,0.9981718464351006
2026-01-08,5459,5470,0.9979890310786106
2026-01-09,5459,5470,0.9979890310786106
2026-01-12,5459,5470,0.9979890310786106
2026-01-13,5452,5470,0.996709323583181
2026-01-14,5454,5470,0.9970749542961609
2026-01-15,5457,5471,0.997441052823981
2026-01-16,5460,5472,0.9978070175438597
2026-01-19,5461,5472,0.9979897660818714
2026-01-20,5467,5472,0.9990862573099415
2026-01-21,5465,5473,0.9985382788233145
2026-01-22,5466,5474,0.9985385458531238
2026-01-23,5467,5473,0.9989037091174858
2026-01-26,5463,5473,0.9981728485291431
2026-01-27,5463,5473,0.9981728485291431
2026-01-28,5464,5475,0.9979908675799086
2026-01-29,5465,5476,0.997991234477721
2026-01-30,5462,5477,0.9972612744203031
2026-02-02,5464,5477,0.9976264378309293
2026-02-03,5465,5478,0.997626871120847
2026-02-04,5468,5478,0.9981745162468054
2026-02-05,5467,5479,0.997809819310093
2026-02-06,5466,5479,0.9976273042526008
2026-02-09,5465,5479,0.9974447891951086
2026-02-10,5470,5482,0.9978110178766874
2026-02-11,5470,5483,0.9976290351997081
2026-02-12,5476,5484,0.9985412107950401
2026-02-13,5474,5484,0.9981765134938001
2026-02-24,5474,5484,0.9981765134938001
2026-02-25,5471,5484,0.9976294675419402
2026-02-26,5471,5485,0.9974475843208751
2026-02-27,5471,5485,0.9974475843208751
2026-03-02,5470,5485,0.9972652689152234
2026-03-03,5472,5485,0.9976298997265269
2026-03-04,5474,5486,0.997812613926358
2026-03-05,5476,5487,0.9979952615272463
2026-03-06,5477,5488,0.9979956268221575
2026-03-09,5481,5489,0.998542539624704
2026-03-10,5479,5489,0.99817817453088
2026-03-11,5482,5489,0.998724722171616
2026-03-12,5482,5489,0.998724722171616
2026-03-13,5481,5489,0.998542539624704
2026-03-16,5480,5489,0.9983603570777919
2026-03-17,5478,5489,0.9979959919839679
2026-03-18,5479,5490,0.9979963570127505
2026-03-19,5479,5490,0.9979963570127505
2026-03-20,5481,5491,0.998178838098707
2026-03-23,5483,5491,0.9985430704789656
2026-03-24,5481,5491,0.998178838098707
2026-03-25,5482,5493,0.9979974513016566
2026-03-26,5481,5493,0.997815401419989
2026-03-27,5478,5494,0.9970877320713506
2026-03-30,5476,5494,0.9967236985802694
2026-03-31,5482,5497,0.9972712388575586
2026-04-01,5485,5497,0.9978169910860469
2026-04-02,5485,5497,0.9978169910860469
2026-04-03,5486,5497,0.9979989084955431
2026-04-07,5484,5497,0.9976350736765508
2026-04-08,5490,5499,0.9983633387888707
2026-04-09,5491,5499,0.9985451900345518
2026-04-10,5495,5502,0.9987277353689568
2026-04-13,5494,5503,0.9983645284390332
2026-04-14,5496,5502,0.9989094874591058
2026-04-15,5494,5502,0.9985459832788077
2026-04-16,5498,5505,0.9987284287011807
2026-04-17,5497,5506,0.9983654195423175
2026-04-20,5493,5507,0.9974577810059924
2026-04-21,5498,5509,0.9980032673806498
2026-04-22,5497,5509,0.9978217462334362
2026-04-23,5494,5508,0.9974582425562818
2026-04-24,5496,5510,0.997459165154265
2026-04-27,5495,5511,0.9970967156595899
2026-04-28,5488,5510,0.9960072595281306
2026-04-29,5462,5511,0.991108691707494
2026-04-30,5460,5512,0.9905660377358491
2026-05-06,5490,5512,0.9960087082728593
2026-05-07,5493,5513,0.9963722111373118
2026-05-08,5491,5513,0.996009432251043
2026-05-11,5491,5515,0.9956482320942883
2026-05-12,5490,5515,0.9954669084315503
2026-05-13,5493,5515,0.9960108794197643
2026-05-14,5493,5515,0.9960108794197643
2026-05-15,5495,5517,0.9960123255392423
2026-05-18,5499,5519,0.9963761551005617
2026-05-19,5494,5519,0.9954701938757021
2026-05-20,5498,5519,0.9961949628555897
2026-05-21,5501,5519,0.9967385395905055
2026-05-22,5504,5522,0.9967403114813473
2026-05-25,5504,5522,0.9967403114813473
2026-05-26,5504,5522,0.9967403114813473
2026-05-27,5506,5524,0.996741491672701
2026-05-28,5506,5524,0.996741491672701
2026-05-29,5506,5525,0.9965610859728506
2026-06-01,5508,5525,0.9969230769230769
2026-06-02,5507,5525,0.9967420814479638
2026-06-03,5511,5525,0.9974660633484163
2026-06-04,5511,5524,0.9976466328747284
2026-06-05,5514,5525,0.9980090497737557
2026-06-08,5515,5526,0.9980094100615273
2026-06-09,5515,5527,0.9978288402388276
2026-06-10,5512,5527,0.9972860502985345
2026-06-11,5511,5527,0.9971051203184368
2026-06-12,5512,5527,0.9972860502985345
2026-06-15,5508,5528,0.9963820549927641
2026-06-16,5513,5528,0.997286541244573
2026-06-17,5509,5528,0.9965629522431259
2026-06-18,5507,5528,0.9962011577424024
2026-06-22,5510,5528,0.9967438494934877
2026-06-23,5513,5528,0.997286541244573
2026-06-24,5512,5529,0.9969253029480919
2026-06-25,5511,5529,0.9967444384156267
2026-06-26,5513,5530,0.9969258589511754
2026-06-29,5510,5529,0.9965635738831615
2026-06-30,5508,5528,0.9963820549927641
2026-07-01,5511,5528,0.9969247467438495
2026-07-02,5517,5530,0.9976491862567812
2026-07-03,5516,5530,0.9974683544303797
2026-07-06,5517,5528,0.9980101302460203
2026-07-07,5517,5527,0.998190700199023
2026-07-08,5518,5528,0.998191027496382
2026-07-09,5520,5529,0.9983722192078134
2026-07-10,5521,5531,0.9981920086783583
2026-07-13,5524,5530,0.9989150090415914
2026-07-14,5524,5530,0.9989150090415914
2026-07-15,5525,5528,0.9994573082489147
2026-07-16,5524,5529,0.9990956773376741
2026-07-17,5522,5529,0.9987339482727438
2026-07-20,5524,5528,0.9992764109985528
2026-07-21,5525,5529,0.9992765418701393
2026-07-22,5526,5530,0.9992766726943942
2026-07-23,5526,5530,0.9992766726943942
2026-07-24,5526,5531,0.9990960043391792
2026-07-27,5523,5533,0.9981926622085667
2026-07-28,5524,5533,0.9983733959877101
2026-07-29,5524,5534,0.9981929887965305
2026-07-30,5528,5535,0.9987353206865403
2026-07-31,5528,5534,0.9989157932779184
2026-08-03,5529,5535,0.9989159891598915
2026-08-04,5529,5536,0.9987355491329479
2026-08-05,5532,5537,0.9990969839263139
2026-08-06,5533,5538,0.9990971469844709
2026-08-07,5535,5539,0.9992778479870013
2026-08-10,5538,5539,0.9998194619967503
2026-08-11,5539,5542,0.9994586791771923
2026-08-12,5539,5543,0.9992783691141981
2026-08-13,5540,5543,0.9994587768356485
2026-08-14,5540,5543,0.9994587768356485
2026-08-17,5539,5544,0.9990981240981242
2026-08-18,5540,5545,0.9990982867448152
2026-08-19,5541,5547,0.9989183342347214
2026-08-20,5541,5548,0.9987382840663303
2026-08-21,5543,5549,0.9989187240944314
2026-08-24,5545,5549,0.9992791493962876
2026-08-25,5546,5550,0.9992792792792793
2026-08-26,5547,5550,0.9994594594594595
