date,strategy_nav,benchmark_nav
2011-06-01,1000000.0,1000000.0
2011-06-02,986912.2542259602,983866.4417794847
2011-06-03,996548.600814545,994066.919581529
2011-06-07,1001962.5136356939,1000029.6254576553
2011-06-08,1004982.998924569,1001490.9261217648
2011-06-09,995645.69519799,982596.208673735
2011-06-10,997772.9601820363,985939.2252044074
2011-06-13,989430.7446160759,982083.2555248983
2011-06-14,996944.0576598936,996466.9145219001
2011-06-15,989781.9594888054,986334.3422632453
2011-06-16,972447.5564841316,971175.0954422399
2011-06-17,968993.2237867411,962713.1992731445
2011-06-20,960365.1668505956,956967.5248396149
2011-06-21,966235.9775193182,968344.0334494718
2011-06-22,964440.1820071946,968180.5941269029
2011-06-23,975105.7126248697,984506.8842573315
2011-06-24,994707.3220565487,1007754.8796291025
2011-06-27,993887.7593062962,1010757.7027022078
2011-06-28,990343.2219270056,1012502.9417413712
2011-06-29,984382.435160967,998667.1872758328
2011-06-30,992100.5367213135,1013286.851323143
2011-07-01,994694.1023047342,1015169.565800638
2011-07-04,1010275.5320199343,1039214.4526962996
2011-07-05,1009143.4865549203,1039387.5452578798
2011-07-06,1004736.7729003258,1036462.2809671747
2011-07-07,1002230.3098583949,1032457.1853884581
2011-07-08,1005836.8324919367,1034954.7113298737
2011-07-11,1005354.0203369072,1036293.8485899449
2011-07-12,993734.9045567213,1017552.9172254729
2011-07-13,1004906.7669529603,1033977.4040975668
2011-07-14,1008335.714244158,1037139.006308891
2011-07-15,1014052.8930388226,1041514.2536731408
2011-07-18,1009805.479085698,1039420.8322889529
2011-07-19,1002054.5232226751,1030275.2205016157
2011-07-20,999123.5467712648,1029090.8679360345
2011-07-21,994151.710467181,1018296.5494996461
2011-07-22,994323.137171099,1021241.1202683735
2011-07-25,969329.4175319978,988055.2817697251
2011-07-26,973109.7391930714,991209.8937045237
2011-07-27,974184.3252761343,998628.2414494773
2011-07-28,965810.0687648964,992287.0620300496
2011-07-29,969117.1054756319,989316.8602473959
2011-08-01,966440.4506446566,991194.9145405409
2011-08-02,955015.5326821412,984092.1278501605
2011-08-03,953386.7273425913,983588.4950700243
2011-08-04,952306.1735425303,985398.976690091
2011-08-05,928854.6069717869,964464.0971075901
2011-08-08,893325.257945728,930005.3625407058
2011-08-09,889146.5286319739,931434.3747846746
2011-08-10,896264.2219534848,940065.7019419322
2011-08-11,905282.2156722714,954313.8827224664
2011-08-12,912524.9847925971,957123.6410153477
2011-08-15,921451.9333216592,971276.6208870128
2011-08-16,915654.384401984,964518.68783855
2011-08-17,913726.7373573857,960668.0440840125
2011-08-18,900587.052922265,943439.0096708811
2011-08-19,890806.2079715496,934587.9881085411
2011-08-22,886800.596741603,924642.8218348277
2011-08-23,899862.8188727952,939028.1451833834
2011-08-24,894378.2834821593,935370.8990793807
2011-08-25,919228.2779532957,966601.1245024838
2011-08-26,915596.4448314245,965728.6714180575
2011-08-29,902412.2431656589,949615.418286497
2011-08-30,901388.2509519225,945930.8768170142
2011-08-31,902662.7285768726,947607.211701856
2011-09-01,899860.9511083083,943532.5462281966
2011-09-02,891901.231406299,933319.7522246555
2011-09-05,877789.9579270411,913335.2173792921
2011-09-06,870267.206768277,906506.7158249542
2011-09-07,880366.1940449206,925076.5518497105
2011-09-08,878742.4708595197,917425.5277575561
2011-09-09,880608.0952870586,915757.847500793
2011-09-13,873678.7477666488,905501.4474865462
2011-09-14,874343.2512767066,909770.5092216728
2011-09-15,875509.6958486249,908420.0543710366
2011-09-16,874905.6101464621,910063.1022248054
2011-09-19,862960.5992027812,891849.4374325314
2011-09-20,864896.0233223824,895369.5409685129
2011-09-21,880127.0736966378,922387.2926093139
2011-09-22,860009.4602617162,893985.7990868037
2011-09-23,853666.0895287999,888589.9713498524
2011-09-26,843202.0040319974,869097.4188237495
2011-09-27,848086.3116400765,878071.6024010602
2011-09-28,843088.2439708147,868987.9044915191
2011-09-29,836074.7647008392,861529.9451795886
2011-09-30,833004.9476137465,859255.1094760522
2011-10-10,830606.4723506069,851176.679904919
2011-10-11,836757.059095309,849483.0357639191
2011-10-12,854870.6533204387,880361.4172685794
2011-10-13,860183.3431512638,886300.8222229546
2011-10-14,856998.575109962,883365.2389526169
2011-10-17,857557.6469315201,887748.808074635
2011-10-18,846334.6483015929,862869.4153099705
2011-10-19,845921.8817615877,859830.975113617
2011-10-20,831470.929707403,839010.2700476971
2011-10-21,828725.4013517189,834797.7962653949
2011-10-24,843587.022363897,857696.6106812091
2011-10-25,854849.9729370676,873926.035551215
2011-10-26,860695.9050282876,882656.2251907598
2011-10-27,865859.5076379959,884595.5276210792
2011-10-28,873200.5980145435,901751.3305658496
2011-10-31,869899.2814254712,897187.6786057261
2011-11-01,870284.9856847489,897928.9807877244
2011-11-02,880469.3901959511,912860.2114458788
2011-11-03,881578.9456525819,913496.3266096859
2011-11-04,888291.5018423351,919968.9898018524
2011-11-07,885440.2628666514,910815.7219973684
2011-11-08,887714.888538762,907973.6752843462
2011-11-09,890951.0913676784,915943.9220044918
2011-11-10,879851.2964867338,898612.6964059661
2011-11-11,880407.3145281641,897086.1531609532
2011-11-14,892074.2373579163,915458.2642211352
2011-11-15,892021.1943420093,913622.484457453
2011-11-16,872244.6022475585,888802.3426080989
2011-11-17,872478.9040748075,886106.4259614876
2011-11-18,860103.799790049,867624.800569075
2011-11-21,860788.1732265567,868687.3226009288
2011-11-22,859409.2186862302,868616.7540950538
2011-11-23,857269.3181125162,860140.544502597
2011-11-24,857944.1346931752,861772.9405064223
2011-11-25,853600.5973963431,855467.7110805536
2011-11-28,857275.4929375285,856582.1608808814
2011-11-29,863685.465695575,868315.1735935315
2011-11-30,844268.0217456244,839339.1459146994
2011-12-01,857222.679094009,860008.0621189259
2011-12-02,849133.1959921257,851252.9072060765
2011-12-05,845650.2491386874,839294.2084227507
2011-12-06,841985.0059384161,837615.210575423
2011-12-07,843958.268857713,841572.0399590837
2011-12-08,842761.8099954526,840497.8674663545
2011-12-09,836907.043289306,833327.8409732062
2011-12-12,831513.2919379888,824750.1059359764
2011-12-13,821457.809416617,806187.925928367
2011-12-14,815916.3898524888,798049.912571613
2011-12-15,802588.6461144525,779178.828915645
2011-12-16,813636.0833200808,795602.9829174286
2011-12-19,809351.6436411105,793698.6318697359
2011-12-20,808142.3107968954,791257.0281405232
2011-12-21,803912.1309566277,778619.6067936169
2011-12-22,800835.524149678,779360.9089756149
2011-12-23,804626.1874309646,785293.9893940862
2011-12-26,801163.3417993787,777485.8505152668
2011-12-27,792689.5161316457,767277.7166960759
2011-12-28,794681.8477028465,768240.7105050208
2011-12-29,795980.8242917964,769383.4542817608
2011-12-30,803355.2779776137,780827.868435007
2012-01-04,795296.504049195,765186.625404063
2012-01-05,799574.5404644158,757740.9822936298
2012-01-06,806143.832907247,762473.066630983
2012-01-09,821097.8656980946,788426.6318883767
2012-01-10,834816.3415191782,814649.8220974625
2012-01-11,828465.6803365889,810741.5917791686
2012-01-12,830358.9270537051,810612.1052282942
2012-01-13,826184.1566258386,797002.7025740528
2012-01-16,823069.3860434878,780796.911496109
2012-01-17,846484.915675494,819061.0194552711
2012-01-18,837723.309389013,806274.8050794678
2012-01-19,848342.475395243,821640.4314931263
2012-01-20,856294.9425578518,833535.8849174131
2012-01-30,839609.0477538455,819100.6310222481
2012-01-31,841878.32338598,820278.9919222363
2012-02-01,832214.8522584165,808539.987543993
2012-02-02,847009.1861849816,827594.8156114843
2012-02-03,850707.7084893035,834202.9570201185
2012-02-06,849594.3071621524,833614.4423107458
2012-02-07,836738.8169928987,818179.9117427659
2012-02-08,853102.3276909223,841574.7029215695
2012-02-09,851521.114948382,841905.908880747
2012-02-10,848634.6809012205,843368.2081557886
2012-02-13,846008.4273072311,842821.3022352576
2012-02-14,842035.6301993907,839534.5407870986
2012-02-15,845095.816087979,848688.474332204
2012-02-16,842083.6829124978,844183.7404170799
2012-02-17,843845.200622891,844520.6051715397
2012-02-20,845014.0859241387,845725.5956963864
2012-02-21,847444.4339301025,852964.5263438558
2012-02-22,848869.5953436653,864622.6432365914
2012-02-23,851475.000550858,867545.2445648104
2012-02-24,859338.0025565092,881446.2416112521
2012-02-27,861071.8532607801,884294.2799898675
2012-02-28,868957.2640228834,886254.8861200737
2012-02-29,864119.1884349482,876827.9989201688
2012-03-01,864010.4061499387,876562.3684122053
2012-03-02,870316.0245984466,892070.463318857
2012-03-05,861100.3042998189,886333.1106430955
2012-03-06,852042.153858934,872470.3936823879
2012-03-07,846661.791255997,866463.0831846236
2012-03-08,850178.2188431945,877376.5691922538
2012-03-09,853187.2549370587,886867.0346215083
2012-03-12,848540.1546006546,883571.6185452703
2012-03-13,854182.2207386136,892449.6026027795
2012-03-14,842499.7749435045,867162.4437074697
2012-03-15,837190.3177544303,860651.5004295692
2012-03-16,842561.0669012595,873291.9176092723
2012-03-19,840098.3854785278,875453.2445368492
2012-03-20,832976.9523766589,860285.0102174543
2012-03-21,831824.9160320924,861399.460017782
2012-03-22,832885.5581360131,860052.6667405639
2012-03-23,830158.9642672791,849797.9310778708
2012-03-26,831921.9089774197,850630.7725953199
2012-03-27,831729.7895837945,847868.2818865625
2012-03-28,817532.4407474921,823820.7320284152
2012-03-29,811358.621105724,813242.779294002
2012-03-30,818687.2272585693,817162.9929434822
2012-04-05,820078.5019406173,836447.1686550676
2012-04-06,819954.726111926,838776.5950895639
2012-04-09,811859.7245164608,830560.0243394773
2012-04-10,817821.3548284867,838762.6145365131
2012-04-11,816360.5204052002,838845.1663735744
2012-04-12,828943.7231137122,855621.8300344222
2012-04-13,828743.5292792998,858956.5248073264
2012-04-16,826604.4657736203,856822.82611554
2012-04-17,824180.5397809725,846117.3840521169
2012-04-18,836636.5090756471,865432.1838322894
2012-04-19,836104.1552170261,864149.9673953531
2012-04-20,846490.5198597761,874396.7141705888
2012-04-23,842590.9827418888,867472.678837071
2012-04-24,848214.1092792335,867082.5548328942
2012-04-25,850828.6736546545,874114.107276778
2012-04-26,846366.3457585266,875943.8953748669
2012-04-27,845630.4213220702,874169.6966186701
2012-05-02,856622.7842059466,893253.1515328846
2012-05-03,855244.1099278068,895926.4329983661
2012-05-04,858493.0732726587,904035.4866380864
2012-05-07,858850.5799143832,904667.6073581647
2012-05-08,856740.9781057589,901784.284726612
2012-05-09,845956.1954000861,884607.5109522656
2012-05-10,847774.9284664171,884507.6498590461
2012-05-11,843319.6305320315,877751.3811621368
2012-05-14,836590.4411533613,870633.6153077736
2012-05-15,832946.6046158718,871246.0966795188
2012-05-16,825938.8023682472,857023.5469129109
2012-05-17,835743.024496723,870103.6857730898
2012-05-18,831715.8783145869,856800.1909344103
2012-05-21,830904.5510128137,861212.3869031512
2012-05-22,834536.502384938,874625.0632037503
2012-05-23,830148.533362727,871077.9971725997
2012-05-24,827034.0011966219,863885.0026280113
2012-05-25,822046.17213484,856509.5951531421
2012-05-28,830390.8895112296,870352.3398952058
2012-05-29,834172.5843790607,882390.5946827963
2012-05-30,830187.6074172658,879529.2414917516
2012-05-31,826672.895244288,876128.6383973227
2012-06-01,828109.676748223,876446.8624143816
2012-06-04,811571.1124558232,851823.7797889801
2012-06-05,815982.5085190553,851762.5316518059
2012-06-06,816933.6682087035,851282.8655340422
2012-06-07,814268.6876997144,846217.578015647
2012-06-08,808869.7219198749,840274.1786175432
2012-06-11,813774.826467337,851570.4654825138
2012-06-12,806640.6250817232,845549.8401723204
2012-06-13,813928.4824747742,859017.1072038795
2012-06-14,810355.5463230596,852288.1338724501
2012-06-15,818903.8866800864,854828.9329542607
2012-06-18,819227.2997944964,859208.8405028606
2012-06-19,817209.4084336355,851688.9673131341
2012-06-20,817354.3168307795,849688.4167456402
2012-06-21,810653.5656582459,836231.8015640244
2012-06-25,807120.0524315451,817701.909976556
2012-06-26,805806.2272146314,817168.318868454
2012-06-27,803539.5113652044,814598.5600696099
2012-06-28,798421.756744803,807453.1659794559
2012-06-29,801515.5103327367,819397.5513394203
2012-07-02,797916.3211797167,820604.5390861311
2012-07-03,797515.0196657702,821763.9263784076
2012-07-04,798799.0049847512,820498.3534570079
2012-07-05,791258.5406269054,808998.017091559
2012-07-06,794111.6529921612,823059.7904980839
2012-07-09,777412.7117155016,804226.6540575393
2012-07-10,775690.1913779652,801120.9740584182
2012-07-11,777994.7589286542,807400.9053406712
2012-07-12,775545.9386720677,815259.6405067218
2012-07-13,777681.459103215,815742.9681979034
2012-07-16,768634.2749537019,798799.2036410687
2012-07-17,770979.4333922977,803615.8370373477
2012-07-18,773444.5579327036,803660.4416589858
2012-07-19,776190.9400032918,806984.8174522574
2012-07-20,772837.0204293912,798374.4611245758
2012-07-23,763917.1865138209,787381.7519829918
2012-07-24,764342.1013148132,790897.195334623
2012-07-25,759645.8900944326,785601.5615612017
2012-07-26,761607.7022786592,781409.0599975433
2012-07-27,765318.3885260321,781948.3099009279
2012-07-30,767511.0090537756,777516.1417135432
2012-07-31,767711.1844237559,776560.4710514342
2012-08-01,770442.1231936703,785124.8912762348
2012-08-02,770730.4486737796,777212.8968604672
2012-08-03,773025.4967025388,783489.1665693022
2012-08-06,773920.3929903553,794099.0748535454
2012-08-07,775631.2626687147,795184.8978071503
2012-08-08,777206.7110132282,795491.8042336444
2012-08-09,778541.8706745018,802783.3283902092
2012-08-10,779311.6127037362,798805.8610472834
2012-08-13,776785.6021427755,782888.0027881218
2012-08-14,777006.6692924253,784580.6483181895
2012-08-15,769366.2613933869,776125.4095553085
2012-08-16,767454.7482410393,772149.2736936256
2012-08-17,768505.2727344551,770087.4749889572
2012-08-20,765413.5068873906,766196.886797132
2012-08-21,765626.7340805801,770163.036549493
2012-08-22,763463.7281616986,764132.4251299775
2012-08-23,763889.2049104935,766333.6964948424
2012-08-24,758985.6382522663,757505.3101136321
2012-08-27,754820.2444100623,741702.9578522942
2012-08-28,762615.258357785,745100.5651139267
2012-08-29,757816.9890983354,737245.8243916046
2012-08-30,759963.1165959759,736099.4190414468
2012-08-31,755891.0825655103,733935.096281073
2012-09-03,753210.4983650021,741757.881453565
2012-09-04,746146.8115619266,733781.6430678262
2012-09-05,741289.9004270975,732273.0748195926
2012-09-06,745891.9975161157,738247.4311565945
2012-09-07,765835.6177559919,771320.0937495944
2012-09-10,764133.0647813235,774478.0343875004
2012-09-11,758962.2709732788,769559.5426761374
2012-09-12,759693.4920976368,772282.7546882287
2012-09-13,756015.8563605682,765089.4272733293
2012-09-14,759054.1454431834,770775.1850509276
2012-09-17,749297.1918404697,751855.8351999036
2012-09-18,744449.9426487106,744044.7004882875
2012-09-19,743745.3836732893,747705.2752953974
2012-09-20,730879.7345682031,730966.8917202839
2012-09-21,728948.2783614922,732002.7841272791
2012-09-24,726728.9964875132,737479.4993497379
2012-09-25,724442.6720907949,735694.6487435977
2012-09-26,718588.3797210522,727285.3460835979
2012-09-27,733824.0493664048,749529.7374685147
2012-09-28,743267.4759235403,763306.9067593645
2012-10-08,739555.9562161285,755633.580356391
2012-10-09,751656.818775889,772311.3815349517
2012-10-10,750884.8447214057,773629.5479654468
2012-10-11,750461.8881588633,766444.8751786266
2012-10-12,751995.4502256023,767109.9500594673
2012-10-15,751934.290738885,763889.7626734547
2012-10-16,752328.8529558381,764989.8990504208
2012-10-17,753576.1893893295,765869.0095410617
2012-10-18,758654.1440603308,777610.6768817909
2012-10-19,756969.5265635678,776410.0136709836
2012-10-22,758490.4483548101,779446.4566454729
2012-10-23,753265.90255068,769621.7894242443
2012-10-24,753325.5420191783,768191.112828722
2012-10-25,751779.8923137796,762685.4378892295
2012-10-26,742532.6383601201,748261.5015846292
2012-10-29,740049.0211002255,744249.4157293871
2012-10-30,741442.1738088932,745590.2173410121
2012-10-31,746877.027276105,750562.6340427134
2012-11-01,757878.3530930608,764897.3611040377
2012-11-02,763673.1268726549,767856.5781664371
2012-11-05,763431.2097170879,766227.5108657192
2012-11-06,761029.6343969345,763007.3234797064
2012-11-07,761878.0408251409,761442.5001489596
2012-11-08,753354.1704257878,747428.66006718
2012-11-09,754174.1169873389,745937.0682047938
2012-11-12,760810.7131939639,749573.3434792204
2012-11-13,752193.3249374644,736455.5902739291
2012-11-14,753012.5652677723,740007.3164894299
2012-11-15,746003.6735006175,730191.9696369017
2012-11-16,742506.6641499931,724738.555336194
2012-11-19,744705.222084445,723987.9327854954
2012-11-20,742336.1861735929,720624.6111658682
2012-11-21,748869.0101398013,730615.7135424626
2012-11-22,746343.640649495,724840.4136512777
2012-11-23,750006.3494082594,729876.7414526393
2012-11-26,749056.0663282701,724192.3151562844
2012-11-27,747014.4973044436,715883.5393301252
2012-11-28,746228.8267451491,708734.4836665533
2012-11-29,744068.3843964946,704245.7275263441
2012-11-30,746720.6527134429,712229.6219292299
2012-12-03,740650.99387856,701973.5547852936
2012-12-04,743501.0381021433,709504.0798249636
2012-12-05,761676.4692864754,734937.0359163737
2012-12-06,758502.5464073686,733513.6824676874
2012-12-07,768693.2986999082,747878.7007272885
2012-12-10,775315.3113094018,755963.7877046362
2012-12-11,773241.5648091715,751787.5967862038
2012-12-12,776626.3881452108,754872.3059557489
2012-12-13,771385.979924287,746506.6093064549
2012-12-14,804065.8008076932,784197.5145905379
2012-12-17,804847.9285884727,787804.1644073094
2012-12-18,807857.8385828962,788276.8402485476
2012-12-19,806757.0118427973,789271.7896073229
2012-12-20,807378.8506725103,793834.4429565142
2012-12-21,800727.9224194996,789569.0427948057
2012-12-24,806221.2287241726,792636.442708193
2012-12-25,826544.2693929657,814998.0044424873
2012-12-26,826569.4448524471,818068.400188671
2012-12-27,822383.2308245518,813732.7643913983
2012-12-28,829649.4581223743,825534.6812583697
2012-12-31,843092.7004394771,839815.8161996664
2013-01-04,847649.248252371,840300.8082424016
2013-01-07,848011.0453668615,844154.1149594248
2013-01-08,849331.5411503431,840607.3817985848
2013-01-09,851140.6028044857,840872.3465659269
2013-01-10,854121.3590700761,842351.2893565051
2013-01-11,842005.5137037586,826593.5417168053
2013-01-14,860922.3073553735,858048.1217293412
2013-01-15,865790.6301401043,864083.3933332069
2013-01-16,862036.0959393255,857837.4148226484
2013-01-17,860229.6112168567,849737.3486813176
2013-01-18,874222.3856655551,863944.586413632
2013-01-21,874821.8901452873,869090.4285472243
2013-01-22,866524.42784953,864430.2441969888
2013-01-23,867978.937837339,867944.6889376878
2013-01-24,860908.8747310775,859722.4593923187
2013-01-25,862626.0109201344,856033.9234791073
2013-01-28,874408.2245687763,882726.4608263238
2013-01-29,871542.9042991502,890716.3468948028
2013-01-30,877867.9118084781,894992.0660361437
2013-01-31,881371.2323198488,894383.2462378166
2013-02-01,884409.9009329185,913171.1123161017
2013-02-04,892209.1615521429,914736.9342577808
2013-02-05,899086.1142044741,922608.3184956394
2013-02-06,891636.0707725843,923996.0548210773
2013-02-07,894989.738783382,918678.7844774586
2013-02-08,901658.5117038446,922624.9620111758
2013-02-18,898006.6743528158,911222.8223873925
2013-02-19,887710.1750369851,893958.5037213238
2013-02-20,891991.6386276885,899626.9522427638
2013-02-21,869216.7537775355,868974.2568087791
2013-02-22,867150.5426489242,864332.3803256338
2013-02-25,869158.5693655147,867113.844642103
2013-02-26,855731.9355509041,854676.1454816351
2013-02-27,860373.0412885379,863690.939236855
2013-02-28,871263.1063286911,889871.1891758565
2013-03-01,870437.0600955843,888376.268610363
2013-03-04,850268.6344843808,847392.9430828386
2013-03-05,861386.8609006996,873054.581077721
2013-03-06,876639.2455242119,882173.5632401997
2013-03-07,873688.3469525605,871946.7886836077
2013-03-08,873753.9409699118,867768.6005433111
2013-03-11,872885.2441452659,862923.6731706196
2013-03-12,860890.1427976808,850688.3591590764
2013-03-13,852102.1385583832,841325.0501885212
2013-03-14,856402.5542730757,843584.2409874533
2013-03-15,863905.4053494158,845448.3147275475
2013-03-18,854705.7840143023,833005.6225124187
2013-03-19,861192.6053771487,840529.8230161846
2013-03-20,871917.9934289757,868849.430442255
2013-03-21,877828.2525760004,870451.8681181144
2013-03-22,875564.782809623,871556.9975497416
2013-03-25,875951.1529723553,869822.410360522
2013-03-26,870028.5762603289,857157.6936481355
2013-03-27,870200.8282564486,859980.4338831354
2013-03-28,853946.1968199845,831943.4333508757
2013-03-29,855929.3918861882,830539.0535099012
2013-04-01,856566.2076548636,829907.931400755
2013-04-02,859306.343049344,827645.7447690264
2013-04-03,858636.5662168851,826699.061605307
2013-04-08,853572.3638088059,822954.9363502036
2013-04-09,856117.4206553603,828657.3376433381
2013-04-10,860985.0935936825,827285.5790928153
2013-04-11,854976.9627834745,824811.3540731511
2013-04-12,853099.2052336022,819563.9864947858
2013-04-15,840265.828952263,811144.3648551533
2013-04-16,842587.4699449143,818725.1533117434
2013-04-17,840007.9151065084,818352.6714340353
2013-04-18,839344.6861922491,820475.7182758783
2013-04-19,850792.9216592183,843435.7808288671
2013-04-22,852906.3822442027,842384.909257889
2013-04-23,835939.723920974,815356.172896834
2013-04-24,844742.0443503746,830704.1571840238
2013-04-25,841403.264617618,821482.3180955292
2013-04-26,837897.3187767776,814635.5086741011
2013-05-02,828288.2236539015,815412.0951090368
2013-05-03,831568.1344777625,829816.3920653037
2013-05-06,835945.6514110804,840824.7461114924
2013-05-07,836460.4819577592,842141.248190434
2013-05-08,840603.4868491924,846421.9603864359
2013-05-09,835680.4803171676,841427.5742442263
2013-05-10,839010.011520535,845768.8688367814
2013-05-13,837825.1504843081,842417.5305483406
2013-05-14,831921.4340221124,829958.1948176754
2013-05-15,834008.8590053178,834480.903729579
2013-05-16,839661.8243235499,849721.0380360918
2013-05-17,849281.0366707116,862815.8231899427
2013-05-20,852670.4895571765,868660.6929760703
2013-05-21,853085.6433074691,870406.9306261658
2013-05-22,852272.4918694424,871465.7910846014
2013-05-23,843735.6228275427,859753.7492015274
2013-05-24,844759.1147257695,864540.0913995301
2013-05-27,843387.2344299075,865325.3324625447
2013-05-28,852903.0658159541,880228.6020145977
2013-05-29,852936.2490831809,879630.1011959033
2013-05-30,848258.9827487413,876887.9155761003
2013-05-31,846913.4967869223,867601.8325176347
2013-06-03,848195.6582370484,866335.9267259242
2013-06-04,839251.8696246089,854034.0386522348
2013-06-05,838960.3381664925,852327.4125691165
2013-06-06,831253.9123681729,841444.5506300736
2013-06-07,824356.3357814628,826903.1111057852
2013-06-13,804341.4887916123,798867.7749250792
2013-06-14,805355.8953641902,804471.3137359268
2013-06-17,800166.9313641253,800166.634877552
2013-06-18,798096.8055376296,805128.39972931
2013-06-19,793526.057808036,799143.3915423646
2013-06-20,771642.3328782172,772747.1087716987
2013-06-21,765181.2418795152,771391.6608664015
2013-06-24,732083.9274792243,722731.3473624856
2013-06-25,724407.0608337842,720804.3611336631
2013-06-26,718874.2976458959,721761.6961473258
2013-06-27,722311.0450578339,719244.5308575772
2013-06-28,729834.3397209309,732527.3877369912
2013-07-01,729263.729258739,736747.5175364402
2013-07-02,729830.4445130967,739632.5045195466
2013-07-03,731757.0578162249,733588.9111579127
2013-07-04,736623.8637339708,739630.840167993
2013-07-05,736854.791796667,741251.9185812536
2013-07-08,722424.186743783,720204.5288337257
2013-07-09,727137.9946556196,719888.302038531
2013-07-10,738655.295069774,740325.2076361781
2013-07-11,759652.4729131584,774485.3575343364
2013-07-12,747922.8272935405,757404.1175391698
2013-07-15,750968.3578101809,768030.6693389496
2013-07-16,753427.6346793837,771542.7839874735
2013-07-17,746862.7734805603,759888.3286681559
2013-07-18,739152.6238178362,747403.0290532536
2013-07-19,728226.5512168809,729145.0925096525
2013-07-22,731521.858661612,733043.3367186245
2013-07-23,745972.5822167768,754232.5292185236
2013-07-24,742253.2140623596,748675.5922511787
2013-07-25,744942.4062754957,744858.2355277144
2013-07-26,744770.2711289395,740306.2340284664
2013-07-29,735683.663493673,724315.8100415656
2013-07-30,739439.7091975624,728782.2638709556
2013-07-31,737745.5767512707,729991.5817098417
2013-08-01,747929.547652523,747415.0123844399
2013-08-02,747732.8011352358,748047.1331045183
2013-08-05,754040.564053736,758388.0821776909
2013-08-06,755299.1840443221,763484.9923756056
2013-08-07,749233.9019395687,759151.686670508
2013-08-08,748186.4843822755,757873.1318069899
2013-08-09,750480.107108852,760944.8590344165
2013-08-12,765156.1367418772,783175.2698662827
2013-08-13,766560.9861914888,785263.6981958097
2013-08-14,762725.7518694182,781938.9895322274
2013-08-15,757198.4483637993,772783.7245058791
2013-08-16,754532.632439523,766981.1292492143
2013-08-19,756665.5333956223,776063.8285478232
2013-08-20,749686.7554729427,769750.943104808
2013-08-21,749793.4213839993,768460.7377804142
2013-08-22,746656.8096942919,766910.5607433392
2013-08-23,743958.5833647338,761250.7668499784
2013-08-26,759076.6574251188,777457.2236685437
2013-08-27,763439.6464012165,779209.7858545431
2013-08-28,775726.2918000614,774940.7241194167
2013-08-29,772793.084299395,771696.9029413421
2013-08-30,789348.218736205,770231.9407038143
2013-09-02,779204.7708172359,772373.6282830583
2013-09-03,784040.7914838525,783743.8123570114
2013-09-04,785667.9748567396,782477.906565301
2013-09-05,780709.4298170964,779494.0570999075
2013-09-06,784471.5596455619,784835.6269762096
2013-09-09,820784.1960695357,812406.2762031348
2013-09-10,825601.2069070236,823818.7348065508
2013-09-11,834319.1496289184,826480.032940846
2013-09-12,844158.8709357122,834657.3249942664
2013-09-13,833851.6671052426,828481.5821192721
2013-09-16,829291.8212376859,824982.4494128667
2013-09-17,812115.8138469544,807983.4283844507
2013-09-18,815410.4075384028,809710.3595565237
2013-09-23,820154.7779533841,822951.2747767855
2013-09-24,807849.9434329773,813496.75934109
2013-09-25,802619.5405576938,808551.9708751794
2013-09-26,790588.6919702053,793710.2823306116
2013-09-27,793773.1066402823,797214.7409619887
2013-09-30,796638.9846003429,801896.8947527322
2013-10-08,806154.1309998513,812806.3863166337
2013-10-09,807314.8348836936,816724.9356145603
2013-10-10,803957.867320879,808647.5046543592
2013-10-11,814882.5525271377,821693.0250022218
2013-10-14,824159.4066813523,823035.8238357112
2013-10-15,829437.4319713569,821363.1505242875
2013-10-16,817795.0740250396,806002.5171652898
2013-10-17,817953.168486806,803325.9069967009
2013-10-18,816342.1573740757,807561.3488304436
2013-10-21,828111.6980870846,822629.7220566194
2013-10-22,826887.8581595186,814164.4971844165
2013-10-23,816541.5621660969,805043.8506703842
2013-10-24,811763.8132819795,799058.8424834389
2013-10-25,804499.4502989346,788422.9703149587
2013-10-28,810888.3984921015,787555.8431555042
2013-10-29,809933.7811930605,789586.019180653
2013-10-30,828371.4763433828,801375.6198461275
2013-10-31,819929.3167419946,790140.2482480203
2013-11-01,821437.5249358409,793882.3762812595
2013-11-04,820706.108747485,792382.4626611052
2013-11-05,820425.6800286595,793485.9277411787
2013-11-06,817222.6025896819,783432.9114867887
2013-11-07,823004.1153826416,779100.2715223125
2013-11-08,817083.4137218181,768246.3693003034
2013-11-11,815709.8484367322,770890.6910487514
2013-11-12,819192.7886991333,778916.527110789
2013-11-13,805299.4873987694,761645.8839088163
2013-11-14,804782.4313604888,767099.9639501454
2013-11-15,814048.3934839251,782489.5570261766
2013-11-18,834180.0949227461,808509.6963457165
2013-11-19,830126.5273156377,802937.4473440778
2013-11-20,834295.2886906231,807160.5729763233
2013-11-21,834872.8551955937,802213.7872885484
2013-11-22,833994.1087654802,798210.3560613854
2013-11-25,827526.4115672547,795103.6774513319
2013-11-26,825312.8426730823,794699.9057644152
2013-11-27,830914.7970976712,803709.0407243526
2013-11-28,839479.0508535511,812047.109137856
2013-11-29,838069.3610416711,811852.0471357675
2013-12-02,845772.2166208851,805142.7131526713
2013-12-03,849161.47546074,813130.269128975
2013-12-04,856566.1697897513,823898.956551437
2013-12-05,854891.0221617091,821589.5023355846
2013-12-06,852825.8062072255,816293.5356918526
2013-12-09,848976.9093810687,815822.5242021682
2013-12-10,849677.6148522499,816638.0564634594
2013-12-11,836691.5432375517,803137.1695305164
2013-12-12,833716.691259135,802222.4419166272
2013-12-13,826098.5954356224,801098.6717475991
2013-12-16,814351.5830272492,788211.2647973336
2013-12-17,813542.6998301141,784367.6113193217
2013-12-18,812529.4182797899,784650.5510834431
2013-12-19,807267.8267092899,776390.0414523399
2013-12-20,786386.5557863493,758323.8382077197
2013-12-23,788100.7208876429,760476.1776369071
2013-12-24,789721.8656798179,761689.8227898327
2013-12-25,793777.7010894925,767302.6819693807
2013-12-26,785568.905674483,754062.4324897402
2013-12-27,792589.6697413813,766759.4376222675
2013-12-30,789109.4080217431,765421.2989731285
2013-12-31,794906.9269153873,775596.4786315568
2014-01-02,791812.6584726062,772917.538370793
2014-01-03,782814.4741202242,762532.3175462931
2014-01-06,762914.2953258489,745175.7938041519
2014-01-07,760353.3180256807,744964.088286527
2014-01-08,754206.1551754908,746265.6112014855
2014-01-09,745245.0210380782,739711.3947831899
2014-01-10,742964.0866201128,733929.4374857907
2014-01-13,751143.3571764469,730210.6103743028
2014-01-14,754853.8268195861,736590.7356200858
2014-01-15,749503.701771608,735290.8770566809
2014-01-16,750120.0657756375,736257.1995687332
2014-01-17,741787.9127340422,725153.9774839864
2014-01-20,739597.4802991095,720994.7629514013
2014-01-21,745106.359110339,728123.8463963295
2014-01-22,757752.4151661104,746893.0717372135
2014-01-23,752162.384962113,742929.5849473383
2014-01-24,755977.7251606835,747519.5336620095
2014-01-27,747195.6179541239,737613.6460849625
2014-01-28,751781.2456834136,738923.8236280001
2014-01-29,754017.9763290317,741562.1537108548
2014-01-30,746850.5712296879,733130.2158697251
2014-02-07,748089.3866679042,736469.9036972905
2014-02-10,756399.4318730012,754794.7471733486
2014-02-11,765803.1908124316,760795.733135209
2014-02-12,763850.9227768683,762687.7679814046
2014-02-13,765747.4717170723,758795.8483083366
2014-02-14,767160.2606621365,764128.7635565595
2014-02-17,767199.0479133658,769478.6551906299
2014-02-18,757261.2334431837,759757.177765728
2014-02-19,775952.865947152,768483.0400912331
2014-02-20,773969.7406180628,761419.5320975191
2014-02-21,763500.931341691,753716.2473665797
2014-02-24,747309.6862940246,737144.2989468316
2014-02-25,740200.421208573,718303.8393594511
2014-02-26,741953.7813853237,720133.2945872293
2014-02-27,745068.1845649435,717038.5993083622
2014-02-28,744872.0269649079,725314.7538440697
2014-03-03,747226.3162312479,729109.1425160934
2014-03-04,744755.1514051958,727079.632231566
2014-03-05,739565.6329199577,720323.3635346567
2014-03-06,741420.5958581769,723538.2249956977
2014-03-07,740694.7006661558,721782.0012362804
2014-03-10,719547.755262534,698291.0105376753
2014-03-11,721439.1608722695,701910.6422965656
2014-03-12,723723.9539667881,703732.4415071969
2014-03-13,729946.8817994315,712453.3107780411
2014-03-14,726614.9654094375,706629.0789511789
2014-03-17,732448.9779691339,713353.7249685688
2014-03-18,730845.8526706799,711720.9960944327
2014-03-19,731866.7429443318,705974.6559202815
2014-03-20,726830.2621767931,694689.3537755649
2014-03-21,745365.5421224628,718599.7610656909
2014-03-24,759170.8373812839,724510.2063030326
2014-03-25,757943.5845918538,723806.518466147
2014-03-26,754287.8608377991,722677.0895018363
2014-03-27,752422.0862708326,717570.8589352211
2014-03-28,755333.1663611856,716325.2582324654
2014-03-31,754089.6975390837,714441.2122737273
2014-04-01,757650.354163937,720036.7621971171
2014-04-02,761222.8633179193,725899.2741097135
2014-04-03,754290.1198754803,720666.8856953311
2014-04-04,759095.1806211165,727478.7437341326
2014-04-08,769959.3966966722,744736.072123676
2014-04-09,771147.3839641561,745170.1350088693
2014-04-10,782963.4946071225,756867.5305982712
2014-04-11,781413.7327119451,755837.2969865585
2014-04-14,780201.8990316419,755153.9142386274
2014-04-15,770450.8829789493,742122.0415735047
2014-04-16,771070.8101103469,743141.623335274
2014-04-17,770977.0247738131,740570.8659254977
2014-04-18,769089.7680671333,740463.0159448208
2014-04-21,758299.278708829,728069.9214059911
2014-04-22,759247.3154555315,731247.8342625409
2014-04-23,756592.397651177,730539.8191116158
2014-04-24,754080.9450914194,729143.7610284096
2014-04-25,750826.0899278113,721604.9142309714
2014-04-28,740637.0881482558,710667.7944312795
2014-04-29,742893.9859690504,718490.5796037712
2014-04-30,745722.8090181352,718553.4920924994
2014-05-05,746687.7080769897,717824.838982309
2014-05-06,747435.4788726859,718110.4417089162
2014-05-07,743024.9382084155,711449.0410505653
2014-05-08,744885.0852305875,710843.2170850348
2014-05-09,746589.9535018837,710315.6176425259
2014-05-12,760526.3435553027,725675.2523905914
2014-05-13,757291.9813556921,723943.6610341682
2014-05-14,757700.737715695,723118.142663555
2014-05-15,751759.0765088826,713701.9073135935
2014-05-16,753577.934143571,714323.7090540393
2014-05-19,749813.2329670847,704068.3076507245
2014-05-20,750690.0126957917,704277.3502058638
2014-05-21,755309.628723677,710979.3610421239
2014-05-22,754127.8349900068,709302.6932869712
2014-05-23,757674.1457899717,715143.2357590592
2014-05-26,756215.7822140874,717660.4010488079
2014-05-27,754738.9300886646,714765.7608266902
2014-05-28,758851.4706083669,722112.874325147
2014-05-29,756555.0287846604,717390.1103564942
2014-05-30,754914.3142392605,717822.8417604447
2014-06-03,756142.4116815155,715643.8727063988
2014-06-04,750728.599470249,708439.2277009347
2014-06-05,756815.8463534387,715871.5559989389
2014-06-06,752541.42206086,710583.5782426645
2014-06-09,753864.9106422754,710438.7796574965
2014-06-10,760209.45635862,719421.9507331968
2014-06-11,759394.4026148892,719254.8498372099
2014-06-12,758293.9740842,716806.2558314718
2014-06-13,765193.9697448988,724406.3507660845
2014-06-16,771316.5971392805,729603.4549275292
2014-06-17,765526.9980806832,722220.0585652025
2014-06-18,760549.2544750558,719079.4271834545
2014-06-19,753477.9680616163,707984.1939861653
2014-06-20,757068.5345880418,711253.6461781661
2014-06-23,754165.9148935775,710381.8588343614
2014-06-24,757133.7246847943,713947.2327326023
2014-06-25,755392.404538046,710135.8676747313
2014-06-26,758355.6072171155,715363.5959047632
2014-06-27,757768.4576611272,715757.0486120472
2014-06-30,761378.7148899798,720703.5014295116
2014-07-01,761750.3716489845,720517.426925813
2014-07-02,763037.7156510423,722617.1728459047
2014-07-03,769783.4515875904,725721.1884934723
2014-07-04,769714.3404429102,725222.8816383078
2014-07-07,769823.9966394878,724421.9956706889
2014-07-08,771364.0367479086,725814.7250507877
2014-07-09,762589.733147971,715241.7653710357
2014-07-10,763942.8068575262,713290.1467392192
2014-07-11,767806.0022407257,715008.4232832132
2014-07-14,772616.6483556549,722913.7602927662
2014-07-15,776933.3507005273,723984.936952699
2014-07-16,787385.6253481822,722617.5057162155
2014-07-17,781097.2878955407,718023.8954281263
2014-07-18,783351.9133449893,720379.2857468594
2014-07-21,780779.3049451751,721095.2897852422
2014-07-22,785524.8477500153,729884.0645994755
2014-07-23,786703.133738201,731593.3536450798
2014-07-24,801571.8282871504,744635.8781601458
2014-07-25,808195.2330455936,752438.0253733725
2014-07-28,832551.0876467985,773556.3164970858
2014-07-29,838425.4999833263,776043.5234588688
2014-07-30,836917.8223119247,772928.5230910471
2014-07-31,848348.4354484839,782328.7806660936
2014-08-01,839660.5881086242,775388.7675576607
2014-08-04,850398.6847988609,790773.3675790309
2014-08-05,851592.4478661217,788687.269341679
2014-08-06,855163.1675097509,786646.1085962759
2014-08-07,845640.6915963566,774741.3348032887
2014-08-08,846926.8585938069,775965.298935847
2014-08-11,856958.2270317222,787354.4566175118
2014-08-12,856193.5866024249,784592.6316493759
2014-08-13,853284.2846661463,785208.1088539176
2014-08-14,848084.3240416605,777566.7380007744
2014-08-15,852930.6838397702,785785.3059727255
2014-08-18,856872.4733977717,790421.1907902774
2014-08-19,858861.4607458967,790489.7620742881
2014-08-20,860204.4041190804,787617.7570333
2014-08-21,853459.0986531981,783657.9318168429
2014-08-22,858678.4559183144,787359.4496721728
2014-08-25,858076.8586865584,779869.5348104121
2014-08-26,846077.7835910718,773621.2262076786
2014-08-27,845677.4487913363,774787.2709061695
2014-08-28,843677.0421461163,769355.8260459701
2014-08-29,848465.0819472846,778346.3202685064
2014-09-01,856447.8366418565,784015.1016602573
2014-09-02,866995.4191855047,794381.6817473561
2014-09-03,875062.1375015347,801830.6535608969
2014-09-04,881997.1666743987,807617.9367832679
2014-09-05,892431.1435102724,815285.6043909589
2014-09-09,890753.1052057778,813942.472687159
2014-09-10,885820.880605903,809684.7285425973
2014-09-11,883351.0718477807,806695.8860225427
2014-09-12,889528.8431399906,811656.9851336791
2014-09-15,890133.9348723463,811267.8597404343
2014-09-16,887348.0765169993,795148.9478135913
2014-09-17,891774.0237424172,799330.1317866847
2014-09-18,893026.893576013,801772.7341268297
2014-09-19,898478.7188255647,807280.7391584972
2014-09-22,884230.1671994807,791871.8396044436
2014-09-23,886750.427986668,798709.661527482
2014-09-24,898698.7418523813,812824.0284431024
2014-09-25,899900.971792577,811193.2967908308
2014-09-26,899269.9347679437,811271.8541841633
2014-09-29,900748.2628261755,814799.6137372915
2014-09-30,905086.2886054317,815861.137158213
2014-10-08,910548.7420451462,824980.1193206916
2014-10-09,910708.3121293499,826169.1320706231
2014-10-10,904688.2591430102,821120.8209380753
2014-10-13,897434.867656052,817178.6378480867
2014-10-14,894387.1144141846,814387.8531629171
2014-10-15,900731.4621679559,820150.503982294
2014-10-16,901040.3041328528,813666.5231995628
2014-10-17,897615.956915464,812780.0895620858
2014-10-20,900911.5743800744,817100.4133250648
2014-10-21,898116.9284170882,810003.6183002777
2014-10-22,896882.2595402565,805093.7812169939
2014-10-23,892726.5420977979,797535.9608118442
2014-10-24,890860.7102608752,795795.0490867204
2014-10-27,881974.6046143192,788513.8439097882
2014-10-28,897680.424401599,804432.0350392604
2014-10-29,912354.6850912031,815992.9538012624
2014-10-30,929771.2073791377,821831.8319217969
2014-10-31,947859.0887360328,834946.9221646024
2014-11-03,946586.9745772027,836352.6334868199
2014-11-04,946024.542806774,836560.3445607162
2014-11-05,938374.6145381277,833323.5136591668
2014-11-06,939621.0689217906,834195.3010029716
2014-11-07,936449.1494364579,832892.4466067699
2014-11-10,959702.2870744524,854055.3423521216
2014-11-11,972541.1192351694,851685.9714803377
2014-11-12,972322.768546391,863571.4387953025
2014-11-13,969225.5018863595,858722.1841085717
2014-11-14,973476.8928800432,859169.2289358835
2014-11-17,966494.8045156675,854511.707548134
2014-11-18,956797.351314857,845961.9336170056
2014-11-19,954756.2911885446,844566.2084041099
2014-11-20,950919.1380191261,844524.9324855794
2014-11-21,959443.7965755945,859955.4686098304
2014-11-24,965008.4645793333,881859.3336668694
2014-11-25,976638.1437474645,893943.5245573408
2014-11-26,987897.1870512753,906411.8477863958
2014-11-27,994380.5675073105,916887.9422057251
2014-11-28,1029145.6451440874,934972.4533174355
2014-12-01,1034840.6933697914,938631.6966433024
2014-12-02,1046043.4941778721,973292.8163591112
2014-12-03,1064224.7542621188,987808.957739784
2014-12-04,1091174.7737772074,1033346.281988421
2014-12-05,1076306.8936687366,1040181.4409489734
2014-12-08,1092322.2686976437,1082787.509241312
2014-12-09,1072913.8361122885,1034199.095724514
2014-12-10,1107077.0931717772,1072357.0180545528
2014-12-11,1101659.6537000726,1059530.1935008406
2014-12-12,1107386.3629907903,1062930.4637249585
2014-12-15,1110883.3902850607,1070919.684052816
2014-12-16,1104425.2662058976,1099604.4502097585
2014-12-17,1093912.5195680293,1118643.3005023347
2014-12-18,1094700.153451264,1113759.7601735988
2014-12-19,1094716.9183354452,1126155.850545225
2014-12-22,1084304.931089856,1129921.9452408368
2014-12-23,1074165.0367480475,1106768.485037313
2014-12-24,1077002.2274280672,1075299.2587311051
2014-12-25,1089959.1728761294,1110261.9589484362
2014-12-26,1096296.7979557298,1147017.4986593649
2014-12-29,1094049.416792675,1150218.3795673554
2014-12-30,1087632.751173064,1150917.0743495799
2014-12-31,1101273.507499284,1176265.4813820643
2015-01-05,1149113.13546794,1212160.884210064
2015-01-06,1183044.7492027315,1212000.4407202916
2015-01-07,1175454.7937201727,1212909.5095388982
2015-01-08,1177864.0292841673,1184771.6493024868
2015-01-09,1172577.9042661586,1180598.787087162
2015-01-12,1182412.1538613485,1169565.134897358
2015-01-13,1191512.0662336906,1169719.5867215372
2015-01-14,1186115.2777546744,1165852.6323217738
2015-01-15,1185395.7406719832,1199704.8771825058
2015-01-16,1193959.7510820958,1210032.1785729385
2015-01-19,1167828.8218997908,1116831.4874010251
2015-01-20,1194852.7362115076,1130501.4724518196
2015-01-21,1213170.7643210206,1181318.4526989625
2015-01-22,1217682.2042166407,1187552.4478783347
2015-01-23,1207064.2040174247,1188923.5406882362
2015-01-26,1232179.53415584,1200991.088063171
2015-01-27,1240364.78898593,1189988.392812265
2015-01-28,1229617.6190647555,1173475.362437516
2015-01-29,1210960.6598785552,1158987.1821629447
2015-01-30,1205488.9718936211,1143206.4664718045
2015-02-02,1202727.6112633024,1116433.7073797015
2015-02-03,1211796.4278809712,1144223.3852710882
2015-02-04,1198048.6296465946,1132347.5711951342
2015-02-05,1187649.0727566655,1120756.3612348556
2015-02-06,1170543.7311448792,1102606.2746719313
2015-02-09,1179572.2610777353,1113757.762951734
2015-02-10,1188796.78576529,1134070.1750531679
2015-02-11,1201050.2874042664,1143117.92296915
2015-02-12,1216335.447322655,1146030.538188047
2015-02-13,1234934.5959881004,1155002.7245434935
2015-02-16,1262045.4378204842,1164873.9936082244
2015-02-17,1271884.4804431428,1172476.418635012
2015-02-25,1280459.5543633734,1157965.603179311
2015-02-26,1280891.1637817705,1187113.7248087912
2015-02-27,1286631.289276234,1189293.3596034583
2015-03-02,1309810.1298816726,1198754.199575058
2015-03-03,1301838.8993356572,1167675.763013648
2015-03-04,1332676.6268138518,1175305.8162762267
2015-03-05,1335368.1392806694,1163829.1137028395
2015-03-06,1322660.5435657098,1157896.0332843682
2015-03-09,1340133.3526810138,1177611.9417889717
2015-03-10,1349078.7855414632,1171906.8775333513
2015-03-11,1342891.0242853593,1173252.339329326
2015-03-12,1350280.601970543,1195951.0986883913
2015-03-13,1358763.1331911967,1204210.6097085623
2015-03-16,1385706.018965799,1233507.8572372498
2015-03-17,1389704.8092494316,1250634.3675946759
2015-03-18,1405120.4936043166,1280237.5229389253
2015-03-19,1400362.4476000092,1278135.1140563476
2015-03-20,1404394.274510158,1295722.3169238258
2015-03-23,1429688.5629548328,1322181.1793129093
2015-03-24,1432166.7062241905,1322509.0565689793
2015-03-25,1443272.2392423227,1311646.1668485804
2015-03-26,1452819.0775216408,1314837.3945175596
2015-03-27,1455297.089728924,1322060.0145198032
2015-03-30,1483859.1371298314,1360833.081184073
2015-03-31,1467620.4821572301,1348525.5343151013
2015-04-01,1495462.8945166245,1372722.2100724562
2015-04-02,1501210.1951526587,1373015.46881621
2015-04-03,1513879.0486673838,1388248.279975887
2015-04-07,1554068.4059508496,1418042.1700081853
2015-04-08,1548569.1575224649,1429945.2794496191
2015-04-09,1540712.0487875016,1418739.2004388564
2015-04-10,1581906.2596158723,1446127.1038651904
2015-04-13,1600219.1984959384,1471643.943274905
2015-04-14,1602684.1005722508,1477339.6871618247
2015-04-15,1556324.6754806011,1458142.723471651
2015-04-16,1612384.3136952803,1502425.4595191425
2015-04-17,1620354.7067757857,1529917.2184824245
2015-04-20,1593968.5950742383,1505212.5826308937
2015-04-21,1646564.976014121,1537582.5559979402
2015-04-22,1676166.1750138274,1577743.3589876485
2015-04-23,1677969.0090754393,1578102.1931826165
2015-04-24,1678904.969165079,1565369.5709268406
2015-04-27,1709540.6735468025,1600304.642908381
2015-04-28,1653983.285346984,1578424.7445137147
2015-04-29,1672283.9755993679,1589231.3791516002
2015-04-30,1673742.6283759007,1581096.0287573321
2015-05-04,1711143.0565730378,1593696.834370058
2015-05-05,1656540.44209007,1530150.560570247
2015-05-06,1644490.6218784424,1515667.3733503364
2015-05-07,1630015.152561279,1487959.9144257004
2015-05-08,1647339.1842284445,1517357.3559179185
2015-05-11,1677257.6563767071,1561338.844334198
2015-05-12,1678632.2891475179,1580275.50344138
2015-05-13,1676229.8955471152,1570627.2574848386
2015-05-14,1666807.8295876447,1564749.4335379489
2015-05-15,1638948.7801549307,1537018.673691562
2015-05-18,1623548.3366321654,1522928.2734383142
2015-05-19,1659687.7864796312,1574883.3372778466
2015-05-20,1664197.5264551875,1582771.3650312417
2015-05-21,1681643.027929516,1611417.1853618284
2015-05-22,1718543.5469958521,1648152.4199838026
2015-05-25,1754486.2315788264,1697470.4852217233
2015-05-26,1785937.5519823397,1730565.450125542
2015-05-27,1805282.3838127295,1724745.5456127196
2015-05-28,1719227.7932475507,1609097.4121663433
2015-05-29,1734462.7618797421,1611368.253426151
2015-06-01,1806571.3053259144,1689709.2810567168
2015-06-02,1812827.3647765242,1718233.270853576
2015-06-03,1808097.9046773138,1712148.4015734117
2015-06-04,1836433.7565836373,1724739.5539471265
2015-06-05,1833903.3942507475,1741095.46953521
2015-06-08,1895771.8515985599,1782104.892095096
2015-06-09,1884325.8865223315,1770024.8953705397
2015-06-10,1894364.2468337412,1767245.7611462458
2015-06-11,1892721.606228767,1766406.262222582
2015-06-12,1914596.429843219,1775901.4211232178
2015-06-15,1895064.8449225489,1737971.3152338432
2015-06-16,1856520.9707451276,1685928.6066414954
2015-06-17,1872156.3704594844,1710564.1719035492
2015-06-18,1813505.1662993846,1641233.410991977
2015-06-19,1742994.336661415,1543536.8402552053
2015-06-23,1806651.6438926205,1593147.4652092278
2015-06-24,1836204.675270739,1624449.0913139824
2015-06-25,1791536.2452996587,1566659.4100938928
2015-06-26,1706215.7081757262,1443390.4771795766
2015-06-29,1723417.3239711877,1395242.084926534
2015-06-30,1821110.2287899272,1488928.101011493
2015-07-01,1762222.676992957,1415704.4218159206
2015-07-02,1783395.7710404082,1367429.9382891732
2015-07-03,1749594.0348300517,1293506.3659782577
2015-07-06,1828411.2227684506,1330994.2536598258
2015-07-07,1877450.2792246097,1307515.4127275627
2015-07-08,1795827.2860890704,1219316.430844695
2015-07-09,1869225.5762244621,1297404.0775947324
2015-07-10,1897558.8379852858,1366950.6050417204
2015-07-13,1864881.89265694,1401987.0360328783
2015-07-14,1827757.0880913222,1368812.2488285464
2015-07-15,1852295.3706442,1320416.1344902574
2015-07-16,1845809.0917051053,1330600.9673876972
2015-07-17,1857743.992005515,1381909.6303708209
2015-07-20,1853843.0321988668,1384944.20927157
2015-07-21,1848345.1195278813,1386739.6118665603
2015-07-22,1833941.1169044573,1383795.2741070504
2015-07-23,1848928.13508714,1414966.7812073408
2015-07-24,1834190.496270371,1390159.188568701
2015-07-27,1737379.943797157,1271142.307716633
2015-07-28,1748656.6931957665,1268599.5779870201
2015-07-29,1753813.8528899234,1308306.5123080465
2015-07-30,1736087.1110830798,1270037.3114331297
2015-07-31,1735059.3478183826,1270465.8819581962
2015-08-03,1753292.0437440476,1274638.7774605525
2015-08-04,1758775.3488283511,1314223.7148126955
2015-08-05,1740405.3251618685,1287176.1379920533
2015-08-06,1737265.6538345313,1275509.632767487
2015-08-07,1743873.5804229004,1300505.9295852804
2015-08-10,1764915.482525073,1359563.713541131
2015-08-11,1751865.4027170886,1353673.4402446197
2015-08-12,1738437.3560813712,1336849.1761293374
2015-08-13,1739121.0183924322,1356600.635183127
2015-08-14,1735733.8488794984,1355960.525575591
2015-08-17,1723688.7626547904,1357402.5530487092
2015-08-18,1694489.312350937,1273366.1476885653
2015-08-19,1696864.2749989738,1293579.1980022455
2015-08-20,1683110.533603396,1252076.395067794
2015-08-21,1665068.2491281603,1194849.8971264304
2015-08-24,1585720.7689804868,1090328.0869643658
2015-08-25,1541306.5876663488,1012899.922873949
2015-08-26,1578624.418065734,1007163.0362166228
2015-08-27,1634423.9739806463,1067061.550716287
2015-08-28,1635634.276729999,1112547.8792333198
2015-08-31,1659482.47531595,1120619.851120425
2015-09-01,1692377.3151279956,1119137.513052677
2015-09-02,1732098.785575841,1120385.4771346392
2015-09-07,1674484.2585464711,1081989.9519768003
2015-09-08,1694854.2548637036,1109797.3718557488
2015-09-09,1703139.916944642,1131527.844767928
2015-09-10,1702019.178063682,1117632.3733686444
2015-09-11,1690044.7706305096,1114179.4430613685
2015-09-14,1685528.8755339028,1092191.3285286832
2015-09-15,1657625.3862386378,1049284.4120495059
2015-09-16,1689549.5497207218,1101550.5431944167
2015-09-17,1661033.469103767,1077500.7298181562
2015-09-18,1655575.4489355255,1082252.3203557187
2015-09-21,1660456.462984718,1101217.1070041575
2015-09-22,1669219.8721107126,1111463.953640486
2015-09-23,1646798.5566152125,1086164.9778491454
2015-09-24,1654362.095918236,1093478.6711684049
2015-09-25,1649590.3654447838,1075820.6667858344
2015-09-28,1649152.6550520486,1079415.999012041
2015-09-29,1630647.5322717896,1058146.2518969448
2015-09-30,1642455.1311781954,1066166.1295804207
2015-10-08,1666912.4341120855,1097300.987659499
2015-10-09,1681410.0039973673,1111825.417510909
2015-10-12,1716119.1654912208,1147634.773363585
2015-10-13,1708968.7294097997,1146752.567179054
2015-10-14,1693486.1360665546,1133793.4266768259
2015-10-15,1719642.5689261397,1160657.1925118826
2015-10-16,1733297.4121897502,1176385.4145550209
2015-10-19,1734279.2041422653,1176424.2938073142
2015-10-20,1736958.9115126499,1190911.009452518
2015-10-21,1733900.4234966715,1156143.2713761823
2015-10-22,1737429.8069620566,1173212.6944753183
2015-10-23,1755128.2966005197,1188760.1346526982
2015-10-26,1760860.5937408803,1194758.4576520727
2015-10-27,1754848.7896603956,1195962.882297391
2015-10-28,1736785.920894252,1173341.1824152605
2015-10-29,1740762.0815657869,1176132.832563238
2015-10-30,1745569.6081492512,1176389.9083042156
2015-11-02,1733817.6678152438,1157044.6508906113
2015-11-03,1728991.9382790786,1153559.6318853807
2015-11-04,1789330.8511213593,1207832.471698534
2015-11-05,1821423.736613142,1233607.2855990652
2015-11-06,1841130.2151472582,1262701.5488122688
2015-11-09,1891656.1251632792,1278340.0623066647
2015-11-10,1880929.2333080964,1275971.0908792536
2015-11-11,1863504.292283148,1276106.83539197
2015-11-12,1848796.8573468493,1263350.7124922567
2015-11-13,1826339.5462198595,1247012.8051879837
2015-11-16,1830784.744568639,1252965.8578250988
2015-11-17,1838558.6692566324,1251055.4152507195
2015-11-18,1853130.589641423,1236806.1359981599
2015-11-19,1854944.110449293,1256575.170604356
2015-11-20,1847152.3048837315,1256380.1418892988
2015-11-23,1837595.4736333,1249373.8210149682
2015-11-24,1825228.539796323,1249558.0980189892
2015-11-25,1833021.1507453744,1258784.663865896
2015-11-26,1827323.2331588974,1251402.1662534082
2015-11-27,1763727.876217884,1184017.165456184
2015-11-30,1781717.5520095709,1187152.7372092088
2015-12-01,1791156.239013797,1195568.9635716719
2015-12-02,1844153.072678705,1238928.1509420397
2015-12-03,1850620.2493196079,1248030.156718671
2015-12-04,1821620.4441779132,1224161.258356293
2015-12-07,1826997.0955450037,1227494.9878052962
2015-12-08,1795384.1341952356,1205995.859759075
2015-12-09,1804308.7262384784,1210295.8784330997
2015-12-10,1793906.6874860504,1206017.163458962
2015-12-11,1782304.6374281095,1201015.6206050718
2015-12-14,1808269.6512381895,1235388.9073631912
2015-12-15,1801172.840784132,1229752.247956426
2015-12-16,1791328.863754308,1226773.4914067867
2015-12-17,1814653.1351266988,1250223.6389182648
2015-12-18,1834455.6536820424,1254226.304543713
2015-12-21,1922130.5954036245,1286864.8376774574
2015-12-22,1911425.3846307995,1290449.151896379
2015-12-23,1907519.9356192444,1287003.5780229704
2015-12-24,1890291.541891605,1274694.3002283825
2015-12-25,1891709.1293271845,1277623.1595184433
2015-12-28,1845642.5320332285,1240817.8889830913
2015-12-29,1854160.3412834194,1252216.3337464253
2015-12-30,1857083.6934874838,1253315.0387810557
2015-12-31,1855474.166574713,1241940.6938282182
2016-01-04,1747929.9178264723,1154749.1439407784
2016-01-05,1751497.292543426,1157982.479704065
2016-01-06,1779444.6913064905,1178297.0554625182
2016-01-07,1701537.5217699152,1096602.592460554
2016-01-08,1735613.8511956846,1118964.5869262523
2016-01-11,1668865.3583450085,1062671.7902064894
2016-01-12,1673232.9403225565,1070414.353634095
2016-01-13,1655028.904573499,1050498.3234986803
2016-01-14,1669031.7639478513,1072365.4729604453
2016-01-15,1627861.408473233,1038132.6574734546
2016-01-18,1624770.7741687207,1042126.7017578548
2016-01-19,1662620.3606109107,1072882.6535622284
2016-01-20,1639050.614457559,1056656.224525019
2016-01-21,1615479.654171339,1025688.4007678652
2016-01-22,1627115.9304310821,1036379.2631116784
2016-01-25,1634492.386545012,1041513.2550622086
2016-01-26,1570614.7027190668,978807.9781024596
2016-01-27,1575362.6645298372,975427.147504488
2016-01-28,1556249.2781125628,949930.7130448214
2016-01-29,1581746.137314655,980665.9603158674
2016-02-01,1560652.7211048107,965672.6493447615
2016-02-02,1573367.437235354,985740.068897497
2016-02-03,1563980.2759996797,981514.2470157347
2016-02-04,1577727.432297994,993537.922083715
2016-02-05,1579161.6315592863,986557.4985195594
2016-02-15,1567944.2253135317,980871.141575402
2016-02-16,1595062.737516289,1010938.884012339
2016-02-17,1598580.3215243751,1019688.2469817818
2016-02-18,1595674.8743607267,1016485.5685741134
2016-02-19,1588820.572132818,1015782.0471723833
2016-02-22,1614334.709756244,1038178.3938541489
2016-02-23,1603175.1392836554,1028357.2883452452
2016-02-24,1616607.8525199785,1035075.3435304825
2016-02-25,1568599.2483426684,971565.2527334479
2016-02-26,1585144.6941839193,981311.8618668101
2016-02-29,1572084.1772002834,957823.2012603802
2016-03-01,1586962.1695309815,975540.9225766958
2016-03-02,1626277.0430344108,1015698.0639929858
2016-03-03,1634751.2754654682,1018057.8481998208
2016-03-04,1679811.087410593,1029863.9592327075
2016-03-07,1675181.3608170757,1033508.9557092751
2016-03-08,1678194.799863009,1034451.9772995764
2016-03-09,1677065.897491495,1022546.6376270609
2016-03-10,1650060.6793442352,1002986.745437097
2016-03-11,1652681.458687946,1004697.266102851
2016-03-14,1655976.78034469,1020477.3160533698
2016-03-15,1667161.8419679692,1023502.8408816669
2016-03-16,1693099.113078643,1028580.1783053108
2016-03-17,1688833.954329744,1039954.7229803345
2016-03-18,1689075.0716641976,1055852.3094375725
2016-03-21,1700324.312288852,1081641.1704652163
2016-03-22,1691560.9513480898,1073769.819514389
2016-03-23,1689340.5448685908,1077199.0827425718
2016-03-24,1674665.4098007893,1059143.6312089884
2016-03-25,1683782.466335381,1064458.3051641835
2016-03-28,1674646.893718473,1055108.4441541815
2016-03-29,1665818.5383069722,1043684.8343953562
2016-03-30,1698828.397053843,1070602.5585077824
2016-03-31,1697695.6851541153,1071205.9192330136
2016-04-01,1707129.4876897004,1072473.123218936
2016-04-05,1707977.602664075,1086650.4026232844
2016-04-06,1702702.0230245602,1084334.2244271552
2016-04-07,1685106.580082143,1068277.4261002946
2016-04-08,1675817.218582582,1060433.5369501025
2016-04-11,1691786.7954461114,1075202.9593502106
2016-04-12,1682972.8947400474,1071326.3517114362
2016-04-13,1700962.973605365,1085617.605910179
2016-04-14,1704062.6612031627,1090427.2490299328
2016-04-15,1704273.8250385658,1089219.9949869732
2016-04-18,1685185.0494360607,1074656.1865778037
2016-04-19,1685774.3182095303,1077934.892564443
2016-04-20,1668825.0013958078,1058869.2462118526
2016-04-21,1655141.7042544219,1052071.0025687602
2016-04-22,1660152.2007376864,1056830.3489845626
2016-04-25,1656771.021619859,1052546.9405390436
2016-04-26,1663004.4369343906,1058248.1434990596
2016-04-27,1663615.7951043963,1053839.309520457
2016-04-28,1667287.3403403852,1052063.5462737998
2016-04-29,1668912.5636129477,1050786.7223358976
2016-05-03,1695893.8059033009,1069691.9584857463
2016-05-04,1698383.028901876,1068334.4134974917
2016-05-05,1696013.4371578959,1069818.5157778864
2016-05-06,1668996.15790323,1042002.0418264861
2016-05-09,1648108.5261840695,1020452.3507800652
2016-05-10,1647338.1686763451,1021616.3982566918
2016-05-11,1661051.685737592,1026175.4566065271
2016-05-12,1663831.2557445732,1028614.929965751
2016-05-13,1660215.4185694617,1023554.6022149858
2016-05-16,1661976.921447129,1030336.3022036349
2016-05-17,1653067.2725754196,1027246.0673869315
2016-05-18,1658139.9492375175,1021258.0300801586
2016-05-19,1652003.580261371,1019415.3931880754
2016-05-20,1655952.2014748917,1024647.482019178
2016-05-23,1656238.4250911018,1027644.712871063
2016-05-24,1648252.198028281,1019766.704514021
2016-05-25,1653551.0133992012,1018325.4759296485
2016-05-26,1654420.0054382007,1019984.9010027053
2016-05-27,1656634.9434748872,1019415.0936047959
2016-05-30,1667332.6381304674,1020816.5441870359
2016-05-31,1703356.1184936464,1055052.3555068234
2016-06-01,1693826.2143885281,1052052.2619702662
2016-06-02,1691464.8180399314,1054233.461255394
2016-06-03,1701744.268941958,1061631.7702076412
2016-06-06,1697926.1768232551,1058124.2491694053
2016-06-07,1697928.4112344934,1057546.8190413802
2016-06-08,1699113.6779019022,1053197.1361169945
2016-06-13,1675845.851093524,1020693.9813386246
2016-06-14,1680297.3645112454,1023903.550161725
2016-06-15,1683229.8291480956,1037346.4510865386
2016-06-16,1677873.3140216707,1030125.3622877244
2016-06-17,1681923.6540913386,1035345.567648734
2016-06-20,1684965.8390053858,1036116.8947327601
2016-06-21,1684841.6093995261,1034000.8714544735
2016-06-22,1692200.294266575,1043202.6051762
2016-06-23,1688172.1475505363,1037662.2118632983
2016-06-24,1672083.056439977,1024293.6741659021
2016-06-27,1680906.6221466027,1038736.550791183
2016-06-28,1684195.6704543373,1044014.8753084459
2016-06-29,1691514.6364209594,1049004.1019608392
2016-06-30,1694982.7833494027,1049846.6632913616
2016-07-01,1703418.1854071124,1049939.6339691489
2016-07-04,1725810.9233273007,1066748.2198927957
2016-07-05,1729373.4693567446,1067642.4759825752
2016-07-06,1728137.0412402975,1070778.3806059107
2016-07-07,1730916.5136920884,1068498.45198662
2016-07-08,1720244.189141123,1062615.3686888206
2016-07-11,1722605.7081079832,1066293.385900213
2016-07-12,1759940.5735748315,1089545.2092805575
2016-07-13,1773736.7850531854,1092769.324536237
2016-07-14,1765042.2508594883,1090737.35101141
2016-07-15,1771529.5370632033,1090575.5094663326
2016-07-18,1779482.7726470283,1085830.3433257672
2016-07-19,1770021.6243671644,1081240.6941943758
2016-07-20,1763770.6486701374,1077702.6156616148
2016-07-21,1769873.8566129399,1082668.241808977
2016-07-22,1757575.6734047688,1073560.7103851875
2016-07-25,1760169.3223003338,1075465.6938864707
2016-07-26,1779422.7572267342,1088348.840096759
2016-07-27,1783285.5301268627,1071257.547418208
2016-07-28,1791958.1877442058,1072220.7076623086
2016-07-29,1784664.1372613467,1066493.307808838
2016-08-01,1788702.7817053115,1057465.4322504064
2016-08-02,1785276.3233423452,1061541.029760936
2016-08-03,1779234.3207727198,1063023.7672730568
2016-08-04,1776598.8191455689,1065613.9975960106
2016-08-05,1781244.2900165254,1066885.9949144074
2016-08-08,1788325.494599226,1076563.6000323552
2016-08-09,1797376.8565554684,1084152.3773764027
2016-08-10,1797029.390331066,1079611.8931899064
2016-08-11,1808482.361784642,1076289.6810536545
2016-08-12,1843224.44536764,1096552.5953398824
2016-08-15,1883395.1638904572,1129570.0680353628
2016-08-16,1862678.7614376796,1124517.4961628376
2016-08-17,1861057.5736064038,1122787.4027228127
2016-08-18,1856007.2370864877,1119937.2006871775
2016-08-19,1856947.6598753696,1120115.1531552945
2016-08-22,1854020.6594280372,1110719.955208971
2016-08-23,1863266.5776308149,1112395.923936471
2016-08-24,1859862.6492597586,1108412.5647890454
2016-08-25,1853394.013870578,1101458.5711275619
2016-08-26,1852657.0681973342,1100832.142489797
2016-08-29,1850424.5427703145,1101062.155874512
2016-08-30,1862112.1736008036,1102462.208401447
2016-08-31,1867492.7593817823,1107723.7562550493
2016-09-01,1861401.7232270918,1098996.8620315809
2016-09-02,1863884.7654788932,1103170.223552372
2016-09-05,1863534.9355784464,1105023.0129889324
2016-09-06,1886092.3559356476,1112660.9219908442
2016-09-07,1886166.2654194916,1112058.8594598249
2016-09-08,1889909.684548242,1111641.7063864167
2016-09-09,1878229.117678467,1104478.3372994831
2016-09-12,1857435.899916181,1086024.107133644
2016-09-13,1860079.6252330928,1085268.0587968803
2016-09-14,1850169.546755516,1078077.028187125
2016-09-19,1863719.5862516344,1086197.166408193
2016-09-20,1858859.9846340732,1084292.8819345625
2016-09-21,1858605.0796127727,1087366.2402265116
2016-09-22,1865163.9792398352,1095516.5032107006
2016-09-23,1862198.2777852933,1090372.1257064755
2016-09-26,1836918.0743285785,1071936.8691483482
2016-09-27,1845285.5211756476,1078750.9907052624
2016-09-28,1838748.1649797852,1075467.4913861486
2016-09-29,1842021.5215284207,1079960.2419700865
2016-09-30,1845191.6748604246,1082921.9222727853
2016-10-10,1865582.1288094972,1096431.1642505275
2016-10-11,1869684.5542058907,1100654.7559012081
2016-10-12,1864328.9218567156,1098475.3208287272
2016-10-13,1864456.3668098464,1099352.6338196902
2016-10-14,1871375.060548302,1100418.6842768379
2016-10-17,1856793.6068061253,1091108.5014078752
2016-10-18,1878733.0601296073,1105572.9480292914
2016-10-19,1876761.8242983287,1103878.0722681417
2016-10-20,1874172.1600976642,1104664.877821617
2016-10-21,1887172.4882574894,1107705.847832332
2016-10-24,1907144.5992497494,1120966.6686971758
2016-10-25,1899925.6464764467,1120925.6923619246
2016-10-26,1889592.796173854,1116713.4183018089
2016-10-27,1886253.5607857793,1113682.534261509
2016-10-28,1882056.9660518246,1111828.8460751097
2016-10-31,1874277.7050863754,1110547.827971292
2016-11-01,1881677.5826107836,1118128.5165667892
2016-11-02,1867997.097465771,1109574.0491642794
2016-11-03,1876257.049218413,1120136.889586585
2016-11-04,1871880.9242347921,1116505.2412094777
2016-11-07,1871511.9724803139,1117309.6888894215
2016-11-08,1880253.6571669842,1122144.9963101326
2016-11-09,1865350.2618226712,1116132.3598873967
2016-11-10,1882247.9918083705,1128634.036721587
2016-11-11,1888626.39422958,1137491.4493938931
2016-11-14,1892622.7624794813,1141827.7842188184
2016-11-15,1891754.1978672815,1141701.7928062067
2016-11-16,1895459.1597826285,1141609.3880079477
2016-11-17,1894939.8992192105,1143920.4732883226
2016-11-18,1888465.2851765584,1137569.4409076974
2016-11-21,1904837.4988854637,1145443.554682104
2016-11-22,1917116.98678478,1154515.30254749
2016-11-23,1927303.3567053566,1156634.0886493556
2016-11-24,1926248.7568159488,1161298.0344341025
2016-11-25,1953995.0324733243,1172135.6925849477
2016-11-28,1959410.7436772226,1176723.4110685373
2016-11-29,1974146.7223498796,1186363.2354062165
2016-11-30,1957129.4385086163,1177695.492236965
2016-12-01,1966312.5480071316,1186694.6410875807
2016-12-02,1951929.4382207065,1174684.2475449983
2016-12-05,1953270.060225348,1154862.6860037688
2016-12-06,1947841.9823418362,1151449.433837532
2016-12-07,1949096.06008929,1156973.0837738041
2016-12-08,1943044.189968944,1155107.4455432496
2016-12-09,1955118.1540029498,1162949.137749391
2016-12-12,1914930.9540438107,1134814.6062160868
2016-12-13,1905284.1997939849,1133435.2249354483
2016-12-14,1897469.6743980474,1124750.5719544115
2016-12-15,1877013.7856177115,1111931.2369826904
2016-12-16,1880275.6586420794,1113794.2122507591
2016-12-19,1875905.2262619208,1108119.5057674774
2016-12-20,1861972.7298628476,1101489.195196149
2016-12-21,1875062.7570141293,1111299.515706985
2016-12-22,1870494.549540233,1110346.1751370511
2016-12-23,1858321.9186788355,1101001.540190928
2016-12-26,1861827.4916306266,1105928.5200952142
2016-12-27,1855560.4576069228,1103926.1720280424
2016-12-28,1850892.9264014221,1099100.717568529
2016-12-29,1849002.5553054654,1097727.993694105
2016-12-30,1856299.3237187993,1101827.624441069
2017-01-03,1865702.6918006078,1112528.2065979557
2017-01-04,1871476.0826074386,1121210.9622182213
2017-01-05,1869685.480516796,1121037.0374808642
2017-01-06,1859928.5926514135,1114338.7880791153
2017-01-09,1867049.7874459557,1119742.904286804
2017-01-10,1866760.456400602,1117868.91101145
2017-01-11,1852952.2726484505,1109954.5199294447
2017-01-12,1846537.0377015243,1104338.5650560071
2017-01-13,1854387.3307044874,1105100.2056139912
2017-01-16,1872190.4922217962,1104944.8550399728
2017-01-17,1867597.9578158394,1107245.2551833733
2017-01-18,1868713.3656400791,1111575.5650556742
2017-01-19,1864975.719286904,1108221.4972306853
2017-01-20,1875499.471410389,1116742.9771854018
2017-01-23,1879291.635820918,1119802.6212205489
2017-01-24,1880174.8885588152,1119925.8165225505
2017-01-25,1886569.7119783484,1123738.2800524472
2017-01-26,1891675.4280737867,1127751.4976667454
2017-02-03,1884645.9548616607,1119939.5973534149
2017-02-06,1885757.5665138958,1122839.829796753
2017-02-07,1881153.3282019056,1120336.578485993
2017-02-08,1889509.9978022953,1126196.0612787614
2017-02-09,1893074.231152615,1130524.906521695
2017-02-10,1899194.9964043067,1136248.41179253
2017-02-13,1909499.317529989,1143833.9270075327
2017-02-14,1906800.2422022924,1143677.2116652406
2017-02-15,1916370.9283469014,1138986.7028296974
2017-02-16,1923391.5985690388,1145384.4702019494
2017-02-17,1908622.3942444068,1138896.4284014269
2017-02-20,1930627.6282298672,1155523.5334316634
2017-02-21,1935822.2965857924,1159328.3742314442
2017-02-22,1935760.1908175151,1161636.3971049604
2017-02-23,1930355.2679162524,1156166.306001685
2017-02-24,1929096.2753797316,1156342.0948127822
2017-02-27,1918925.1959148268,1147145.2542846235
2017-02-28,1921180.7219669493,1149338.0374565646
2017-03-01,1924321.1127256304,1151211.198556142
2017-03-02,1914083.7012125198,1143441.572772274
2017-03-03,1908312.6663472748,1141033.7553796005
2017-03-06,1913732.3190676963,1147232.2000097865
2017-03-07,1915351.3292918578,1149719.5734067245
2017-03-08,1915979.573391318,1147980.2594590925
2017-03-09,1901878.49777057,1140727.8475640386
2017-03-10,1897076.016375111,1141043.3420445493
2017-03-13,1907063.6884954267,1151098.1557986175
2017-03-14,1905945.3144489187,1150630.6061601648
2017-03-15,1910577.491181363,1152944.121393808
2017-03-16,1917328.6223357078,1158890.1837543978
2017-03-17,1899661.734797857,1147006.214355831
2017-03-20,1895704.6150365188,1148273.6180639397
2017-03-21,1894098.3368929995,1153843.9364177762
2017-03-22,1879652.5352861986,1148419.2821119158
2017-03-23,1884532.508315556,1152389.7591783162
2017-03-24,1893225.9384317494,1161584.1364661756
2017-03-27,1890754.0537289898,1157735.7562297513
2017-03-28,1880902.0967525602,1154996.4998686828
2017-03-29,1872979.2322904188,1153459.970514348
2017-03-30,1869170.9993999803,1143994.7033676156
2017-03-31,1876737.3639360287,1150414.9394858421
2017-04-05,1905155.643982909,1166342.0182526107
2017-04-06,1912232.2114697243,1169721.8835266812
2017-04-07,1914110.6950824175,1170859.1349432939
2017-04-10,1902296.30695244,1166756.7746597817
2017-04-11,1898961.8535915895,1170814.064303221
2017-04-12,1901297.701086776,1168187.9505607702
2017-04-13,1906136.5159420094,1169894.743079044
2017-04-14,1894899.7510938023,1160553.8362804006
2017-04-17,1889236.9426685895,1158369.2750051348
2017-04-18,1869227.0047953597,1152644.3051049325
2017-04-19,1853552.3916878856,1147029.848147893
2017-04-20,1849036.636203249,1152246.591657671
2017-04-21,1862906.8798363858,1153990.2994934048
2017-04-24,1857119.7885931511,1142164.149667812
2017-04-25,1856349.772102635,1145398.1844587512
2017-04-26,1847577.18911805,1146799.2023095875
2017-04-27,1847814.9288314811,1147310.8239771812
2017-04-28,1851878.6934453652,1144991.6499482556
2017-05-02,1843615.1529783409,1140605.617585938
2017-05-03,1834227.4910947173,1136129.0444991018
2017-05-04,1829689.2662684491,1133219.1588167527
2017-05-05,1824516.7954819268,1125950.5361375662
2017-05-08,1830290.5901196771,1118048.9605625244
2017-05-09,1824567.0566082462,1115958.5017241018
2017-05-10,1817392.463279202,1111021.4691364313
2017-05-11,1818758.7131045936,1117327.7637472942
2017-05-12,1830622.7454987413,1126892.0598114692
2017-05-15,1835452.2411178271,1131490.6631542193
2017-05-16,1835453.0541923563,1141295.4913049282
2017-05-17,1829545.0005161483,1135076.3088543836
2017-05-18,1820218.207602785,1131130.830348319
2017-05-19,1818663.4022614774,1133040.3408858278
2017-05-22,1810649.3575689066,1135500.0860469753
2017-05-23,1820085.756057329,1139812.5207835902
2017-05-24,1821579.9995873158,1139803.4999981695
2017-05-25,1850536.8236083027,1160272.094849398
2017-05-26,1855893.7695078624,1158533.3134942628
2017-05-31,1869367.2533111414,1162677.5488628652
2017-06-01,1873770.7559346731,1164293.2014900607
2017-06-02,1857625.3560178485,1160554.801604302
2017-06-05,1848076.6854732418,1154645.155255706
2017-06-06,1848314.2102713468,1162676.5835389642
2017-06-07,1861698.6584271917,1176321.0041498942
2017-06-08,1865019.4874919632,1185344.05308882
2017-06-09,1858224.5273934365,1190400.918988354
2017-06-12,1853372.4656831059,1189808.110251973
2017-06-13,1856560.7914327176,1192430.4625599126
2017-06-14,1848923.402647672,1176795.9767962764
2017-06-15,1849807.3843277053,1174630.2892676287
2017-06-16,1845791.3459384544,1171291.1007455299
2017-06-19,1862267.9257075125,1182909.6726453505
2017-06-20,1859289.166851426,1180522.5597860045
2017-06-21,1864084.0874864075,1194323.6957392266
2017-06-22,1869251.9967015728,1195118.4236060975
2017-06-23,1870718.5228577603,1205950.223239474
2017-06-26,1883494.1157319073,1220998.8905432546
2017-06-27,1877818.1160229263,1223203.5904723199
2017-06-28,1870467.5769911942,1213700.6091193815
2017-06-29,1870545.0065897037,1221243.8830919524
2017-06-30,1878775.1878058151,1220568.0897871063
2017-07-03,1878224.1045090426,1215258.3423125101
2017-07-04,1868215.4340604935,1204985.2322086645
2017-07-05,1872700.6888613717,1218198.6523412603
2017-07-06,1873866.8079705476,1218337.525834897
2017-07-07,1881143.1026551004,1216950.3221019562
2017-07-10,1880494.8566025954,1216203.8604301417
2017-07-11,1898700.2121080174,1221903.1993164176
2017-07-12,1903135.2898217847,1217913.7486423054
2017-07-13,1931949.9468239842,1227266.372475886
2017-07-14,1943029.5008715156,1232650.0504464956
2017-07-17,1957522.7523370164,1219489.5234062753
2017-07-18,1949617.7492562898,1220695.5791161163
2017-07-19,1982662.0266965008,1241521.9096902877
2017-07-20,1982206.9015029003,1247559.4115252353
2017-07-21,1975326.389547799,1241139.4417032576
2017-07-24,1982504.536359873,1246089.5560941398
2017-07-25,1982640.8814816414,1238130.7601126835
2017-07-26,1984607.7340802748,1233413.7880874372
2017-07-27,1980749.8465498933,1235679.4032833662
2017-07-28,1975257.1875760313,1238907.1468254328
2017-07-31,1974753.1004819486,1244227.0135574748
2017-08-01,1992745.2227998162,1255048.494211219
2017-08-02,1982243.3574315251,1251876.1402888582
2017-08-03,1973029.272413257,1240882.7321196217
2017-08-04,1969773.8553092522,1234143.1735123112
2017-08-07,1972289.9277986654,1240539.3431070715
2017-08-08,1976004.7943611683,1242342.867737644
2017-08-09,1963471.8081512633,1241953.77563143
2017-08-10,1960352.5999044478,1236919.7113481814
2017-08-11,1945918.0058200352,1214094.627706194
2017-08-14,1955239.8453374987,1229850.3115499674
2017-08-15,1957006.9835826603,1233636.2120290676
2017-08-16,1954568.3418969512,1232093.0585555495
2017-08-17,1964096.3668377153,1238702.6313065195
2017-08-18,1960035.3945466634,1239833.6580483215
2017-08-21,1967299.8212697525,1245265.8685102356
2017-08-22,1964787.2716496137,1249028.601215709
2017-08-23,1969040.5324699827,1250290.312841504
2017-08-24,1961076.598873489,1243152.7079166214
2017-08-25,1990489.0735679609,1263493.9465869642
2017-08-28,2005523.4851480804,1279124.7042031202
2017-08-29,2006966.6819610712,1276403.722422111
2017-08-30,2003121.7246605076,1276324.7988714366
2017-08-31,1992494.6076984408,1272261.2179791243
2017-09-01,1987005.49526898,1275072.4741884042
2017-09-04,1982494.3614428672,1280091.4927336078
2017-09-05,1980444.0005339242,1283896.2336722952
2017-09-06,1992627.9928331655,1281367.5843568265
2017-09-07,1986006.3436349789,1274850.4496911464
2017-09-08,1982982.531027626,1273558.3137189504
2017-09-11,1985077.864243105,1273443.7397579968
2017-09-12,1979148.4977573284,1277534.316432509
2017-09-13,1981516.8231599468,1279089.4865242448
2017-09-14,1991881.0059116047,1274878.4440842788
2017-09-15,1992297.2084649662,1275324.8564580004
2017-09-18,1993608.4284751366,1279268.1380200144
2017-09-19,1990689.8812547347,1275597.6769646755
2017-09-20,1992444.5129566113,1279032.632275172
2017-09-21,1979292.3512487423,1277495.537041309
2017-09-22,1982473.99319648,1277466.5107502132
2017-09-25,1973465.1240249814,1270829.4429115767
2017-09-26,1971103.425023358,1271824.7584276937
2017-09-27,1969013.4644526788,1271964.0313657038
2017-09-28,1958573.6455098623,1272409.6115636483
2017-09-29,1958587.8017212767,1277057.3798512938
2017-10-09,1969924.2264833965,1292271.6501346629
2017-10-10,1978947.90232006,1294820.1385206513
2017-10-11,1985760.1006522127,1299088.5678021873
2017-10-12,1981734.8036208302,1302506.0807084013
2017-10-13,1983085.4319198225,1305185.0542561961
2017-10-16,1977590.2955613632,1302670.0526234675
2017-10-17,1976548.2594041317,1302544.4273681976
2017-10-18,1981859.6917486973,1312894.6302360084
2017-10-19,1972790.8598510374,1308596.2426265066
2017-10-20,1980328.047791426,1307132.4454350665
2017-10-23,1971650.4563402126,1308445.9849682427
2017-10-24,1985794.516691619,1317965.1438182823
2017-10-25,1986005.679331141,1323808.249391763
2017-10-26,1991778.9362444752,1329342.6177520405
2017-10-27,1988315.3150844583,1338793.6047624422
2017-10-30,1987421.835969367,1334717.3415112912
2017-10-31,1987049.8835764185,1333717.432384886
2017-11-01,1988978.1829559423,1330356.8403018068
2017-11-02,1984075.8745388743,1330527.3364749635
2017-11-03,1982686.6224922335,1329050.590628436
2017-11-06,1981717.2012741556,1338434.7705674742
2017-11-07,1998871.757319063,1349538.2922355006
2017-11-08,2002683.382425847,1347460.9152002898
2017-11-09,1998705.0672630977,1356746.0329348545
2017-11-10,1990150.4850636078,1368733.1588427166
2017-11-13,1998459.7960847018,1374113.0420917838
2017-11-14,1982878.3605027962,1364552.2411658717
2017-11-15,1979892.170757823,1356003.665567862
2017-11-16,1953754.4520742751,1366436.6865689827
2017-11-17,1976174.9205101617,1371708.8862725284
2017-11-20,1973545.7699987516,1379359.111475937
2017-11-21,1992935.1623376687,1403947.6088760537
2017-11-22,2014586.28425619,1407231.4077784468
2017-11-23,1989134.291159058,1365566.0309842343
2017-11-24,1992771.9171245368,1366167.4610616635
2017-11-27,1985672.542006865,1348107.2827696677
2017-11-28,1976500.9484111725,1350063.2287155234
2017-11-29,1968114.020767411,1349373.9874501235
2017-11-30,1969914.22600459,1333511.5188106676
2017-12-01,1973855.1552768138,1330860.939100378
2017-12-04,1958650.5438658835,1337758.2116609132
2017-12-05,1955354.9721471805,1344852.7764546182
2017-12-06,1951561.2193951418,1336747.6173975335
2017-12-07,1949336.530079042,1321846.9442339041
2017-12-08,1953852.9557656634,1332606.0782784482
2017-12-11,1956041.2455085814,1354615.6296591442
2017-12-12,1942261.9703973415,1336812.593682188
2017-12-13,1946801.4760222607,1348155.6155387857
2017-12-14,1947191.921685221,1340186.3341425413
2017-12-15,1940712.9512228458,1325108.707121727
2017-12-18,1936035.2542648432,1326585.186672006
2017-12-19,1941051.7787292176,1343241.351280369
2017-12-20,1930265.1238430042,1341630.3921245546
2017-12-21,1928687.4458556846,1354065.994202065
2017-12-22,1924179.8225225082,1349655.4292978467
2017-12-25,1916068.2535174855,1345308.708919227
2017-12-26,1925977.112895453,1349330.5478745734
2017-12-27,1921590.8094601755,1328554.4807173223
2017-12-28,1918789.9628098635,1337771.6263344355
2017-12-29,1924323.2443179127,1341751.9230750029
2018-01-02,1943755.25070098,1360574.5075266971
2018-01-03,1955823.51687762,1368560.4990125403
2018-01-04,1955460.6152412454,1374358.9001032896
2018-01-05,1964008.9987917354,1377667.1649735218
2018-01-08,1972279.2904855327,1384793.585455964
2018-01-09,1968973.168864943,1394492.8271441092
2018-01-10,1966937.7959634073,1400656.087382451
2018-01-11,1969647.146789772,1399914.818487484
2018-01-12,1967674.3817043793,1406377.3957092355
2018-01-15,1953576.5554226176,1406456.7187042825
2018-01-16,1974358.7729102045,1417519.2307500269
2018-01-17,1983279.9931270676,1414071.826089909
2018-01-18,1993526.2712312734,1421827.8374780682
2018-01-19,2000329.958428698,1426480.76525553
2018-01-22,2012364.4100831852,1443524.524053708
2018-01-23,2033087.4202656096,1458841.7178371553
2018-01-24,2038706.6307372958,1461262.4838849162
2018-01-25,2035853.6193836809,1453005.3362439512
2018-01-26,2047100.9343042949,1458404.5592580724
2018-01-29,2029332.3102718256,1432014.1017178441
2018-01-30,2014939.7716997075,1416730.0285303143
2018-01-31,2005073.7980515675,1423319.695636703
2018-02-01,1993924.3705282288,1413333.320018521
2018-02-02,1989066.8835431242,1421766.5227668316
2018-02-05,1974687.400768683,1422736.4402782395
2018-02-06,1945224.70299141,1381040.8388598126
2018-02-07,1935744.269045253,1348290.2615794763
2018-02-08,1928409.3222952825,1335491.3981318653
2018-02-09,1882718.2918237424,1278439.2576592627
2018-02-12,1884395.7489440234,1294900.3269785065
2018-02-13,1886749.841475316,1310055.17991141
2018-02-14,1888381.8079614523,1320483.6738763049
2018-02-22,1904151.0067995095,1349034.5595942712
2018-02-23,1910019.5099299185,1355144.6271569582
2018-02-26,1939329.833994116,1370899.279102768
2018-02-27,1934985.1522711935,1351114.1335735326
2018-02-28,1931180.4714288185,1339350.796375575
2018-03-01,1938184.2068635023,1347820.6148580657
2018-03-02,1935608.5639500218,1336960.6211093704
2018-03-05,1941342.5534965952,1337505.1969377266
2018-03-06,1950168.607284689,1353638.6552971485
2018-03-07,1945453.3999106186,1343682.1381458393
2018-03-08,1960285.2569183242,1357312.0123241907
2018-03-09,1967173.4830593797,1367719.2358762296
2018-03-12,1972093.5072573142,1373977.530588285
2018-03-13,1962601.7407437216,1361856.7572506643
2018-03-14,1952255.9092469637,1355895.5160039056
2018-03-15,1948110.5587456787,1363490.9507541677
2018-03-16,1944803.195631213,1350262.6513186824
2018-03-19,1945759.226921232,1356196.1644685576
2018-03-20,1948175.4980520057,1357346.6308365066
2018-03-21,1943971.8215386001,1351803.0419686218
2018-03-22,1935691.3129285476,1338254.820877493
2018-03-23,1899651.7780002696,1299837.0932699284
2018-03-26,1902163.3379061008,1291501.1885134447
2018-03-27,1914212.3333512645,1302611.034717375
2018-03-28,1905550.136588849,1279125.9025362388
2018-03-29,1910094.7031261027,1296213.5669284025
2018-03-30,1922241.4433975723,1297694.1407835037
2018-04-02,1919843.325016564,1293839.9020296102
2018-04-03,1903086.4633083267,1285704.7846445595
2018-04-04,1890048.2047074647,1283169.2782006897
2018-04-09,1880119.6228297858,1282525.7400289532
2018-04-10,1893608.6523498704,1307239.2635177802
2018-04-11,1897788.2634241267,1310957.591323802
2018-04-12,1880279.1786917695,1297739.9770252914
2018-04-13,1873935.0118565506,1288589.0060259514
2018-04-16,1848683.8273233906,1267857.410342214
2018-04-17,1838305.1384771601,1247811.3610634275
2018-04-18,1843620.8760110403,1253683.459640973
2018-04-19,1850097.2606624365,1268849.3638681928
2018-04-20,1835201.6461441184,1251876.7394554175
2018-04-23,1836143.219879069,1253698.0060735517
2018-04-24,1859068.006359409,1279383.244573465
2018-04-25,1845512.1837202474,1274461.058001653
2018-04-26,1837852.1156281515,1250092.4880158366
2018-04-27,1849507.4720358253,1250552.6479333912
2018-05-02,1848045.1293656034,1252806.0467889167
2018-05-03,1854013.9778836172,1262577.1218901176
2018-05-04,1851428.6820725626,1256451.6424320438
2018-05-07,1860166.9144083308,1276287.2511003863
2018-05-08,1866851.0919301177,1291096.3183545023
2018-05-09,1866059.2783543188,1288745.7546552748
2018-05-10,1869104.4950057562,1295882.9268487536
2018-05-11,1863215.0567426176,1289152.8883323297
2018-05-14,1866720.9847724314,1301287.675510032
2018-05-15,1877541.1166112116,1306215.5541641577
2018-05-16,1870450.8891296275,1295812.2584817852
2018-05-17,1873722.4562185886,1286227.757189749
2018-05-18,1885701.9044963813,1299214.026622302
2018-05-21,1895078.5558457368,1305265.0762788963
2018-05-22,1891791.4950471818,1300260.7040273645
2018-05-23,1881835.4689006316,1283076.074513685
2018-05-24,1873282.4833223985,1273966.912025373
2018-05-25,1874938.204245912,1270398.875164646
2018-05-28,1862877.3713881592,1275978.41402609
2018-05-29,1864618.8717005537,1266241.7577150185
2018-05-30,1825776.1029566545,1239400.1277556254
2018-05-31,1841148.8971275536,1265698.0473494704
2018-06-01,1834995.641961034,1255117.165356323
2018-06-04,1833581.6091638277,1267429.7052799556
2018-06-05,1833373.6184501424,1279991.6649274195
2018-06-06,1831053.7133507917,1277340.2530413528
2018-06-07,1831046.4666871997,1275230.421150846
2018-06-08,1808137.019355534,1258121.9190772304
2018-06-11,1809717.0346857465,1258243.7163239268
2018-06-12,1809433.7173660283,1273546.297100733
2018-06-13,1799943.2473697083,1261025.6133718
2018-06-14,1800072.9274364696,1256041.3464870367
2018-06-15,1798068.0350979178,1249406.6753146374
2018-06-19,1757395.635407708,1205362.2078355674
2018-06-20,1751682.6613802451,1210131.240777412
2018-06-21,1733854.7611296915,1195991.3759959897
2018-06-22,1727126.3324355362,1201297.1956009192
2018-06-25,1707233.101280475,1185177.318350175
2018-06-26,1689508.6715502725,1175402.0823700898
2018-06-27,1673517.2131246435,1151485.6501273396
2018-06-28,1664991.5908825544,1139589.9969808664
2018-06-29,1683559.1261745403,1168702.5014870982
2018-07-02,1650942.873240969,1134409.9690663621
2018-07-03,1657029.5039394456,1134848.1262563774
2018-07-04,1652137.5255814248,1119691.6089719203
2018-07-05,1647489.7636476553,1112598.3423724265
2018-07-06,1646424.5657417742,1120149.4387972998
2018-07-09,1676324.82546068,1151459.5530949782
2018-07-10,1673562.4204929443,1154232.9619499277
2018-07-11,1660796.3291876805,1134265.4700644736
2018-07-12,1680536.190597617,1158740.1591053512
2018-07-13,1674496.267794559,1162612.7057263346
2018-07-16,1662504.538069703,1155754.3124180932
2018-07-17,1655033.5038348776,1148195.2936798248
2018-07-18,1654607.7252753694,1142185.453367699
2018-07-19,1650349.927243797,1141193.5997028132
2018-07-20,1665434.612493997,1162680.644556755
2018-07-23,1667925.4888318344,1173617.5979212918
2018-07-24,1681095.250725546,1192243.489306375
2018-07-25,1671414.9075645774,1190927.4865328993
2018-07-26,1660944.79609592,1177111.1716935078
2018-07-27,1653117.301203936,1172111.8923577305
2018-07-30,1662066.4186964133,1170065.572122511
2018-07-31,1669306.1575706126,1170923.5120613894
2018-08-01,1652113.6322433306,1147533.1813447496
2018-08-02,1617416.0459321092,1122091.8036344778
2018-08-03,1607671.6173276827,1103559.5819548343
2018-08-06,1580938.244957635,1089575.3340436786
2018-08-07,1613268.3985019487,1121396.637277547
2018-08-08,1602400.2500958152,1103301.1414455827
2018-08-09,1616557.0699609253,1130936.8002441938
2018-08-10,1615316.3758020878,1133429.7658623522
2018-08-13,1615215.7809989296,1128544.8940523732
2018-08-14,1618093.8450248793,1122742.8313882058
2018-08-15,1596738.4319051928,1095801.0740393447
2018-08-16,1588251.4171573443,1090725.3343931925
2018-08-17,1572494.984312451,1075044.5463693338
2018-08-20,1579751.1877087166,1087570.4561621454
2018-08-21,1599339.2591966328,1107342.6530362933
2018-08-22,1592757.6968456202,1101119.8422993615
2018-08-23,1593468.2439729937,1105137.986394259
2018-08-24,1595860.31871446,1106905.1948739304
2018-08-27,1617694.5407990182,1133947.1794733526
2018-08-28,1621326.43774388,1131815.8108737415
2018-08-29,1615452.7104172765,1127289.8065457616
2018-08-30,1602777.1117660212,1115479.7676432084
2018-08-31,1605728.5627009359,1109957.249465993
2018-09-03,1600941.623585823,1105736.8533702954
2018-09-04,1613165.3710840251,1119741.9056758718
2018-09-05,1596727.5970308376,1097853.2860790642
2018-09-06,1592831.4705339961,1086116.145774561
2018-09-07,1593456.7576188608,1091030.3101718843
2018-09-10,1582427.4628326464,1075193.7721296346
2018-09-11,1577799.839901453,1073244.3171548378
2018-09-12,1580408.1211664102,1065858.990144709
2018-09-13,1590662.6439032883,1077356.7966957963
2018-09-14,1588210.5782012958,1079195.5722922748
2018-09-17,1578780.701297953,1066823.5151570833
2018-09-18,1595673.9264415486,1088296.8124671916
2018-09-19,1604262.7974067735,1102627.01249229
2018-09-20,1605460.2609676048,1101842.6036050522
2018-09-21,1634625.6443384602,1135249.4014159637
2018-09-25,1624773.2491368523,1125036.5075513294
2018-09-26,1633045.0676661895,1137498.17337417
2018-09-27,1632143.2966305683,1132954.1274753485
2018-09-28,1647571.1584846766,1144696.0278252952
2018-10-08,1609268.743366469,1095442.506140625
2018-10-09,1607482.3684326427,1094707.4619204686
2018-10-10,1614634.9523263057,1092346.4793805152
2018-10-11,1534327.7245035616,1039924.7646523686
2018-10-12,1526008.9665440177,1055440.6154372601
2018-10-15,1510193.1573822775,1040702.9155777647
2018-10-16,1493011.4730742152,1032222.1123750199
2018-10-17,1493993.8672445293,1037971.6148171227
2018-10-18,1443068.3523661376,1013387.6444532322
2018-10-19,1461242.299954085,1043530.2827100836
2018-10-22,1517367.7550607861,1088576.8562596096
2018-10-23,1496826.7192864076,1059667.9019483898
2018-10-24,1501798.4669629098,1061257.7238394727
2018-10-25,1509466.266322903,1063290.4296789833
2018-10-26,1518388.93839851,1056408.868597115
2018-10-29,1505331.8526808221,1024204.9642280921
2018-10-30,1521342.2810460106,1035313.3790896862
2018-10-31,1529902.4250054199,1049814.1751490345
2018-11-01,1532607.9284187597,1057540.2282092276
2018-11-02,1552203.9383343137,1095225.0419666246
2018-11-05,1543397.3355890322,1086100.9336013605
2018-11-06,1542328.0395728669,1079548.481395712
2018-11-07,1535889.4805241306,1072478.2161346902
2018-11-08,1537039.7920568197,1069436.9798277263
2018-11-09,1512555.1263167742,1054348.1350774406
2018-11-12,1523348.5146296357,1066896.1807459157
2018-11-13,1533629.4494750805,1077628.452156384
2018-11-14,1528530.1961703799,1066830.2724243912
2018-11-15,1543484.4667540512,1079289.2087106835
2018-11-16,1546993.4692255761,1084382.7902054908
2018-11-19,1557281.950255925,1096675.5576326663
2018-11-20,1534632.2314252001,1071312.3378713543
2018-11-21,1536777.350883434,1074003.3280373667
2018-11-22,1534746.3479415427,1069987.4141735514
2018-11-23,1511290.7025320246,1046369.5665995268
2018-11-26,1513630.6396055818,1045626.6666400371
2018-11-27,1508150.9546811052,1044294.4863694601
2018-11-28,1521156.9632385336,1058172.282355244
2018-11-29,1513051.706107368,1044431.9285207611
2018-11-30,1521135.4066788664,1056094.306153474
2018-12-03,1545651.2374496693,1085473.5063526637
2018-12-04,1549048.0147387565,1087723.4766439882
2018-12-05,1543610.668247848,1082495.615265832
2018-12-06,1526659.529867277,1059084.4801547714
2018-12-07,1522080.6798551092,1059048.3970130882
2018-12-10,1508015.9075231263,1046798.2702727175
2018-12-11,1498849.8794800444,1051808.8671990596
2018-12-12,1496356.884432122,1055401.6696109045
2018-12-13,1504972.509541471,1071740.0096465817
2018-12-14,1482759.20129271,1053837.7450299966
2018-12-17,1482161.6310817527,1052268.494524117
2018-12-18,1465416.7846003764,1041360.3011544277
2018-12-19,1458879.612949936,1028943.9056938465
2018-12-20,1440000.1230218215,1021052.0166448471
2018-12-21,1438363.9302644732,1008395.6882642913
2018-12-24,1439088.9512911278,1011325.9456096571
2018-12-25,1433989.3710447606,1004363.4304682188
2018-12-26,1435785.6460460832,999287.5576739424
2018-12-27,1439098.0273329637,995450.5616021449
2018-12-28,1451580.7872579894,1002157.1993357241
2019-01-02,1435030.9170538068,988470.1380379893
2019-01-03,1437045.0887762248,986907.911095666
2019-01-04,1462275.147671002,1010552.355007518
2019-01-07,1466261.5690646968,1016686.7886769504
2019-01-08,1459279.0359554486,1014490.0110612805
2019-01-09,1463462.2307125614,1024733.2294112224
2019-01-10,1456592.681096607,1022806.0767472447
2019-01-11,1463030.5790160683,1030159.7810778542
2019-01-14,1448801.5675738119,1021174.379771072
2019-01-15,1459172.6510610268,1041215.1364119177
2019-01-16,1458192.1189049482,1041435.2635484043
2019-01-17,1455793.6731676236,1035698.2770299847
2019-01-18,1475423.5244680173,1054591.030543181
2019-01-21,1479470.2200457037,1060403.778344323
2019-01-22,1467516.2759354177,1046316.9398034002
2019-01-23,1467829.378949341,1045563.354706936
2019-01-24,1475462.7827178375,1051464.6460107325
2019-01-25,1484798.9223914747,1060015.3852657622
2019-01-28,1484481.3495687,1059785.0722977673
2019-01-29,1490357.8342762503,1063177.7197917697
2019-01-30,1487566.5545031517,1054693.8874691972
2019-01-31,1493804.790461611,1065728.6048439953
2019-02-01,1502927.6185608115,1080962.0817442937
2019-02-11,1514734.7360198381,1100626.5284988582
2019-02-12,1522286.7889895542,1108569.7461497725
2019-02-13,1541414.4673147511,1130769.6327741446
2019-02-14,1539839.3552104519,1132471.4988118194
2019-02-15,1527531.1186065462,1111355.6709284054
2019-02-18,1553385.2726795073,1146986.142276094
2019-02-19,1547428.3993220043,1144943.3171791371
2019-02-20,1547957.4072412332,1149044.1129721892
2019-02-21,1535923.4132353093,1145974.48282772
2019-02-22,1559000.9696553329,1171742.8390442228
2019-02-25,1650208.92267531,1241434.1983634098
2019-02-26,1642310.409680274,1226525.070293888
2019-02-27,1659781.7963631707,1224427.521317847
2019-02-28,1650864.2924192634,1221424.431948493
2019-03-01,1673421.824197314,1248168.5641938732
2019-03-04,1689303.2503473938,1262944.5774261337
2019-03-05,1697812.012693176,1270237.4996380038
2019-03-06,1725309.770949598,1280915.0138823565
2019-03-07,1732364.3405216422,1267852.9831670816
2019-03-08,1660189.3328352773,1217499.4582535694
2019-03-11,1694109.000433671,1241591.1467149197
2019-03-12,1705727.1529701464,1250045.153857651
2019-03-13,1680800.6087864018,1239673.6472899532
2019-03-14,1670492.2516038534,1231116.1174805844
2019-03-15,1686540.2187864163,1246600.978039547
2019-03-18,1728527.47368152,1282132.5203308864
2019-03-19,1727478.3051691614,1276212.3219934404
2019-03-20,1721121.143410991,1276704.0047294213
2019-03-21,1722988.9792605813,1277187.1992724787
2019-03-22,1738098.980252212,1276158.6300123197
2019-03-25,1719276.6424337924,1245875.3873362155
2019-03-26,1699695.5962128746,1231766.2131974425
2019-03-27,1712385.5844080818,1246062.6601730327
2019-03-28,1702088.1187551962,1241072.1020393968
2019-03-29,1741986.9491085084,1288987.4185008653
2019-04-01,1794563.2431154281,1322802.648183044
2019-04-02,1801953.1939624785,1321922.938525844
2019-04-03,1818184.8286009491,1338856.5172511705
2019-04-04,1832609.0277948366,1352196.061944502
2019-04-08,1838038.76153978,1350530.9447891319
2019-04-09,1828917.8180133933,1356589.6837499042
2019-04-10,1830530.5200331723,1360057.160489759
2019-04-11,1814941.6264175214,1330674.9644577727
2019-04-12,1825441.754416024,1327692.1136033111
2019-04-15,1823391.2018400822,1323334.0423470952
2019-04-16,1866939.3512309212,1360037.8872987675
2019-04-17,1865556.6396065068,1360520.782258545
2019-04-18,1847344.5679920672,1355472.970431463
2019-04-19,1853824.3023892974,1371627.9987870206
2019-04-22,1826019.1891502223,1340006.3511655289
2019-04-23,1820633.432551694,1337807.5430409636
2019-04-24,1817740.8282922588,1341496.8778429206
2019-04-25,1795688.2705185467,1312113.5167648469
2019-04-26,1771519.9689642645,1294624.1111946616
2019-04-29,1783664.2317209623,1298305.357248068
2019-04-30,1794380.703451704,1302591.7615263835
2019-05-06,1743589.2575972301,1226499.539141055
2019-05-07,1753133.4576150794,1238500.0464354083
2019-05-08,1736472.7889911185,1220787.6843310953
2019-05-09,1722672.0162072429,1198233.2908257947
2019-05-10,1748098.1863287112,1241756.4833982599
2019-05-13,1726629.6799420987,1221209.7971721336
2019-05-14,1719706.221074402,1213362.3130225856
2019-05-15,1735445.1992413418,1240638.372024514
2019-05-16,1744161.8476715717,1246254.2936109207
2019-05-17,1718032.1723958107,1214564.1745665115
2019-05-20,1719821.6881537912,1204255.680348635
2019-05-21,1730033.2918459985,1220560.9330754254
2019-05-22,1727993.7656402711,1214770.121427761
2019-05-23,1717337.9464113114,1192995.4100512853
2019-05-24,1718002.0886608793,1196307.2366338426
2019-05-27,1730165.2749918199,1210714.9288672789
2019-05-28,1743843.492423041,1222386.4937205683
2019-05-29,1735737.6556245429,1219606.5273204972
2019-05-30,1743609.9004328477,1212041.8164999154
2019-05-31,1738104.0290292855,1208249.092179445
2019-06-03,1745266.9075043234,1208989.1960283248
2019-06-04,1742628.0291717905,1197822.695297508
2019-06-05,1748870.3231388307,1197369.4590824165
2019-06-06,1742849.6385099054,1186575.4069422767
2019-06-10,1758260.8964477829,1201909.3108153227
2019-06-11,1777380.4313487788,1238036.5245277153
2019-06-12,1770751.0197664222,1228656.1725972507
2019-06-13,1764303.501456839,1226758.0129373376
2019-06-14,1756587.0576494487,1216601.007997875
2019-06-17,1762431.1036571134,1216582.6668437538
2019-06-18,1766386.0586350714,1220841.3097381543
2019-06-19,1775534.3064546355,1236925.4700045572
2019-06-20,1796780.22143166,1274400.0761607273
2019-06-21,1795033.3117063555,1276204.2332448896
2019-06-24,1798640.6750571828,1278643.373733803
2019-06-25,1783094.0357616374,1265343.1743111997
2019-06-26,1785220.709824269,1263020.1389866697
2019-06-27,1786708.672658852,1276496.7929609914
2019-06-28,1783086.1601663479,1273424.4332799744
2019-07-01,1798242.7447320751,1310114.830271093
2019-07-02,1802201.7474441722,1310566.7017179106
2019-07-03,1803943.5308018657,1296041.9057091586
2019-07-04,1804721.5158751437,1289240.6329462384
2019-07-05,1801113.49794718,1295931.5259141203
2019-07-08,1773334.630023552,1265835.7890840508
2019-07-09,1768024.1642487918,1262620.2618823883
2019-07-10,1758931.3814463676,1260492.987587599
2019-07-11,1758447.596753265,1259987.6904559094
2019-07-12,1768530.4896833564,1267813.5047482287
2019-07-15,1769431.0055655544,1272958.581280106
2019-07-16,1774747.6796006332,1267185.6447681275
2019-07-17,1767587.5648717436,1266451.1664274994
2019-07-18,1762019.3812996729,1254389.1114126917
2019-07-19,1771464.0943101537,1267555.1973871014
2019-07-22,1764926.5614364934,1258810.0618706045
2019-07-23,1775087.2550402507,1261549.684389015
2019-07-24,1782129.8964306945,1271508.831215779
2019-07-25,1792680.589466328,1281905.7025011543
2019-07-26,1796721.1800187528,1284402.9954333522
2019-07-29,1801020.516619,1282972.1856897057
2019-07-30,1809061.0943813396,1288313.82214007
2019-07-31,1802724.9460916987,1276677.1088083144
2019-08-01,1793374.5997702293,1266062.0410342547
2019-08-02,1766149.423447161,1247410.8182185248
2019-08-05,1737035.6895185371,1223527.5398587233
2019-08-06,1702624.6282018377,1210425.9308635024
2019-08-07,1697805.5748240435,1205466.8622612613
2019-08-08,1706428.2737674918,1221398.90079566
2019-08-09,1703401.880061156,1209494.1270026728
2019-08-12,1714528.1867953113,1231322.130915896
2019-08-13,1706947.40782268,1220219.8408680193
2019-08-14,1709085.3955196817,1225762.1315416922
2019-08-15,1703307.2014948037,1229623.1275628936
2019-08-16,1699182.28759257,1235128.1367617643
2019-08-19,1722069.032052944,1261942.8375130196
2019-08-20,1717524.438928043,1260823.6609542794
2019-08-21,1715252.2673663548,1258834.9272828163
2019-08-22,1712756.9282770124,1262745.5542673476
2019-08-23,1710930.4374669883,1271852.120367236
2019-08-26,1695049.6496969052,1253559.7983205363
2019-08-27,1713411.7646218913,1270547.9677768226
2019-08-28,1716036.7442313845,1265767.4508092578
2019-08-29,1715344.7401356208,1261640.6245579068
2019-08-30,1710850.2428780755,1264769.4723306547
2019-09-02,1732291.910019594,1280991.4076186693
2019-09-03,1731364.211956033,1282752.5578586853
2019-09-04,1753064.0623516776,1293534.4269454523
2019-09-05,1768262.835574692,1306623.4867299586
2019-09-06,1775509.6323608088,1314340.918449104
2019-09-09,1779910.1716656587,1322476.5684266519
2019-09-10,1781891.4609968723,1317921.770816794
2019-09-11,1790753.7574409551,1308213.5749172904
2019-09-12,1793489.7255202676,1322287.3316550013
2019-09-16,1793783.581449075,1317405.9549832852
2019-09-17,1768555.5988213285,1295271.8768193442
2019-09-18,1765865.6988397904,1301550.7762036342
2019-09-19,1770604.8783329446,1306310.355628654
2019-09-20,1773933.6806050637,1310061.4045862206
2019-09-23,1758281.5915160468,1295085.7357415834
2019-09-24,1756602.0412852045,1298552.3137315996
2019-09-25,1754044.8003618522,1288535.5470540482
2019-09-26,1764263.2913642458,1278601.0659173094
2019-09-27,1760359.3655728176,1282433.9343972534
2019-09-30,1750602.8770392607,1269743.187226568
2019-10-08,1762094.6759607783,1277449.4345032726
2019-10-09,1770199.2698915086,1279300.2267179687
2019-10-10,1772764.4030710652,1289752.3211878943
2019-10-11,1787284.8418273134,1302097.2161057305
2019-10-14,1811354.3700870185,1315916.593351981
2019-10-15,1810628.8175029077,1310260.6940412554
2019-10-16,1803913.4474825636,1305745.5079983745
2019-10-17,1799472.9716337877,1306589.7336804506
2019-10-18,1777267.9124562936,1288000.9573350137
2019-10-21,1786531.2572054625,1291816.3501236448
2019-10-22,1786143.0330418928,1296823.0857543827
2019-10-23,1791733.8409492811,1288569.2002424628
2019-10-24,1795093.424762106,1288430.393322888
2019-10-25,1795222.7841249292,1297126.463755583
2019-10-28,1793676.8366861136,1307043.5690621014
2019-10-29,1780403.3536600552,1301598.1436488512
2019-10-30,1776717.4031350266,1295273.4413098048
2019-10-31,1769244.4543593784,1293784.3126877183
2019-11-01,1783571.8832211876,1315632.3553936474
2019-11-04,1781657.2584266833,1324198.573118126
2019-11-05,1790602.9077793055,1332417.54053445
2019-11-06,1788674.4857428053,1326448.7764186685
2019-11-07,1787962.3984542838,1328776.6383627043
2019-11-08,1775574.1179191198,1322497.3062470104
2019-11-11,1745372.7660304988,1299185.5994977655
2019-11-12,1742028.3867046663,1299422.1038535398
2019-11-13,1730927.3571467327,1298188.0537505664
2019-11-14,1729990.1693274835,1300143.8332612668
2019-11-15,1715278.5241320895,1290567.8867362167
2019-11-18,1727351.913421842,1300833.5738321329
2019-11-19,1738949.6008553659,1313852.1649718576
2019-11-20,1732453.2444692065,1300811.9372619353
2019-11-21,1737307.0728043483,1294731.69487909
2019-11-22,1745979.4881272856,1281548.965389144
2019-11-25,1786207.114685756,1290939.6695862722
2019-11-26,1778088.5436916393,1295415.8432287355
2019-11-27,1776360.8173865178,1290078.3676572554
2019-11-28,1769183.797916074,1285645.9664606533
2019-11-29,1766122.8622890343,1274450.7723090514
2019-12-02,1760421.9784906849,1276910.1180258263
2019-12-03,1759698.4666210136,1281912.6262036175
2019-12-04,1754562.1652111968,1281490.4467885173
2019-12-05,1761820.041082391,1291325.0335450058
2019-12-06,1766117.011742941,1298988.2074035017
2019-12-09,1766681.0160401952,1296678.586752494
2019-12-10,1760709.1151626143,1298322.133911729
2019-12-11,1764483.6853640452,1299109.3389095769
2019-12-12,1761954.3194170361,1295206.4345162546
2019-12-13,1784922.300915386,1320902.990606733
2019-12-16,1788579.178572243,1327335.8092227047
2019-12-17,1808627.6765842114,1345395.0887648615
2019-12-18,1805956.1074431054,1342393.5971729993
2019-12-19,1809465.5772390123,1340518.5054256197
2019-12-20,1806693.619191833,1337224.1545343762
2019-12-23,1784252.4348704054,1320528.5447941914
2019-12-24,1792663.0170825855,1329137.2034832882
2019-12-25,1785824.1125248699,1328441.1716635493
2019-12-26,1798516.1442719055,1340131.8432726746
2019-12-27,1804350.7696696357,1338813.643555148
2019-12-30,1819838.467081576,1358654.5781484623
2019-12-31,1818468.0859280524,1363630.5565624882
2020-01-02,1835830.2349587595,1382157.6853263776
2020-01-03,1839703.423643956,1379735.7542325293
2020-01-06,1834671.0077839633,1374519.842898528
2020-01-07,1840571.6156616681,1384816.187350063
2020-01-08,1830274.0926438072,1368868.3041888736
2020-01-09,1837087.7327538098,1386195.0360382043
2020-01-10,1833238.297299471,1385800.6512940503
2020-01-13,1833072.9980872655,1399382.8917309358
2020-01-14,1832429.4725154631,1394688.7213219744
2020-01-15,1817618.1274884902,1386982.1744619901
2020-01-16,1809520.9306637733,1381093.365794846
2020-01-17,1806962.4017966187,1383027.2091520696
2020-01-20,1808200.940090119,1393338.6659157113
2020-01-21,1784356.8993369371,1369531.1488386323
2020-01-22,1780801.3277040161,1375397.1891765222
2020-01-23,1748540.913973352,1332779.8698676808
2020-02-03,1621933.354226512,1227744.8069735
2020-02-04,1637024.0370316715,1260126.3642273599
2020-02-05,1651836.1180129852,1274403.0387064926
2020-02-06,1668316.8156780587,1298119.3493184315
2020-02-07,1662350.7085644465,1298150.7057017023
2020-02-10,1652157.5238183513,1303521.8677486284
2020-02-11,1658361.658053335,1315658.019694605
2020-02-12,1659386.429748851,1326299.2843621192
2020-02-13,1643530.002391909,1318139.40142595
2020-02-14,1648893.8632014242,1327398.32226706
2020-02-17,1681716.7049663924,1357253.4271495019
2020-02-18,1674122.1213645411,1350624.88079082
2020-02-19,1671534.9612023623,1348561.051577256
2020-02-20,1685463.9287217753,1379632.9638805755
2020-02-21,1681204.1808264456,1381242.125536712
2020-02-24,1672225.8042149628,1375699.335557573
2020-02-25,1673117.621100475,1372708.6622508091
2020-02-26,1670440.4169097142,1355785.8352365193
2020-02-27,1675308.0392158404,1359733.910131008
2020-02-28,1635613.1588743422,1311525.268351723
2020-03-02,1662640.3942362133,1354671.052565881
2020-03-03,1669914.2457389012,1361892.7738182854
2020-03-04,1673199.646115905,1369778.7710627848
2020-03-05,1698219.3715498764,1400293.8911973443
2020-03-06,1679945.476808302,1377586.177626921
2020-03-09,1653084.107971679,1330526.7373084042
2020-03-10,1665858.5225560388,1359020.103036676
2020-03-11,1654124.267745622,1340944.379701169
2020-03-12,1643719.4330498998,1315141.0055279774
2020-03-13,1625137.2062224997,1296633.982130856
2020-03-16,1605557.715858067,1240887.1925817854
2020-03-17,1605557.4720231653,1234843.0666276545
2020-03-18,1583561.7564226764,1210401.8310530053
2020-03-19,1553755.958370441,1194702.3690047145
2020-03-20,1569642.0923675078,1216049.7747633043
2020-03-23,1546715.569659913,1175133.988621827
2020-03-24,1577498.0924455088,1206693.0233378704
2020-03-25,1592507.882040684,1239115.7566491677
2020-03-26,1591202.9550433657,1230970.1205622978
2020-03-27,1599567.1582510194,1234968.991466204
2020-03-30,1597122.740001956,1223002.403656514
2020-03-31,1589139.987751575,1227011.5935400524
2020-04-01,1582055.4626147524,1223323.6235063693
2020-04-02,1596335.9808965675,1243114.3612568253
2020-04-03,1587673.2921168003,1236020.1293334304
2020-04-07,1604292.9977571343,1264248.5635813917
2020-04-08,1601120.3968761766,1258364.448385629
2020-04-09,1600964.8861848193,1262514.009679203
2020-04-10,1594780.4725741453,1254647.518634912
2020-04-13,1589651.273884405,1249347.690695576
2020-04-14,1601215.8811258217,1273461.6481807139
2020-04-15,1593380.4204766208,1264029.1687595889
2020-04-16,1598526.1817823935,1265699.6118399305
2020-04-17,1599025.2776173041,1278051.2640250744
2020-04-20,1592851.565054727,1282700.7965253668
2020-04-21,1580741.4651864315,1267585.9213167818
2020-04-22,1583279.550602182,1278016.7453738519
2020-04-23,1580346.4683403592,1274810.9046982315
2020-04-24,1573581.6333029582,1263899.2827643417
2020-04-27,1577251.9334205927,1272486.3048832407
2020-04-28,1566878.0255592768,1281266.5915045505
2020-04-29,1582924.3474330525,1287220.1434471318
2020-04-30,1594662.0776163326,1302380.7883234422
2020-05-06,1589632.3907249796,1310262.0588095295
2020-05-07,1584528.8908466715,1306480.8850888417
2020-05-08,1592135.2732118904,1319371.9868995561
2020-05-11,1592085.1977746494,1318226.447012206
2020-05-12,1584187.807059273,1318245.5870550731
2020-05-13,1584796.560639213,1320913.5758826141
2020-05-14,1572590.6131961383,1306588.4354862387
2020-05-15,1571891.3337403643,1302460.2444666137
2020-05-18,1572578.3878840525,1305820.8365496928
2020-05-19,1577975.1393616274,1316918.0003947841
2020-05-20,1576691.914817793,1309918.569935886
2020-05-21,1569853.432993072,1302786.1245008195
2020-05-22,1550294.3173258624,1272917.3719356374
2020-05-25,1552935.4861028749,1274668.4362052388
2020-05-26,1554940.2240081634,1289130.186577138
2020-05-27,1563934.6034328754,1280090.5606967376
2020-05-28,1572275.9935229784,1283758.4253636524
2020-05-29,1563270.2012875958,1287217.2141883974
2020-06-01,1579088.5865057714,1321941.2463929344
2020-06-02,1585206.2242738192,1326011.4181173989
2020-06-03,1587752.7223164465,1326038.0477422574
2020-06-04,1579087.5125909979,1325551.191625782
2020-06-05,1580844.683613435,1331897.630396119
2020-06-08,1581076.317928458,1338789.3773094958
2020-06-09,1586760.6680615316,1347135.900628892
2020-06-10,1578586.6451745906,1344697.8918990353
2020-06-11,1570232.5908013803,1330111.3484476428
2020-06-12,1568639.7288347061,1332507.4488053785
2020-06-15,1559316.6451375857,1316498.1843588902
2020-06-16,1568555.902774637,1336331.22992584
2020-06-17,1569513.254364408,1337337.7964584597
2020-06-18,1571212.3469281127,1346255.4253699773
2020-06-19,1575233.0461804417,1364338.7048615376
2020-06-22,1572673.9004491214,1365449.293366261
2020-06-23,1566483.5993217991,1372022.9826977341
2020-06-24,1573373.993920426,1377746.7209777865
2020-06-29,1570862.386873265,1368002.575084724
2020-06-30,1575153.6324535958,1386059.8906920475
2020-07-01,1595021.284669721,1413961.0135634665
2020-07-02,1631693.5779874763,1443273.9059967587
2020-07-03,1667125.0083320877,1471152.1273907998
2020-07-06,1797277.734816017,1554535.9405067551
2020-07-07,1787632.4005218905,1563866.7946220143
2020-07-08,1821275.0973571674,1589124.2614856071
2020-07-09,1815683.0799280326,1611349.0135221907
2020-07-10,1758608.682619982,1582176.9585173693
2020-07-13,1765728.7223950792,1615406.7026100028
2020-07-14,1745432.2849370094,1600004.460462164
2020-07-15,1713994.0564977198,1579292.7704230084
2020-07-16,1692104.91430886,1503326.6060243535
2020-07-17,1691221.6994271292,1512795.9341888768
2020-07-20,1746524.6202729417,1557934.4465182268
2020-07-21,1734725.9220715282,1561508.774627826
2020-07-22,1734854.7614149333,1569298.905222835
2020-07-23,1724968.0732714,1568629.935759359
2020-07-24,1689461.1950989559,1499777.3430491523
2020-07-27,1672606.8225016727,1507386.5586302786
2020-07-28,1680861.7284797106,1520637.3268117383
2020-07-29,1699124.745840375,1557502.8468733325
2020-07-30,1683963.049111052,1549894.2970328273
2020-07-31,1682707.7659560258,1562841.4874909003
2020-08-03,1703366.1921120922,1588227.708590684
2020-08-04,1720190.8692295542,1589722.8288783636
2020-08-05,1704145.1748843824,1590157.7239393338
2020-08-06,1705216.4504115346,1585382.7991929892
2020-08-07,1691995.9142853806,1567128.8570931167
2020-08-10,1704905.6704343425,1572768.8452029896
2020-08-11,1702077.3918989524,1558426.794994829
2020-08-12,1705357.1700256479,1547062.9021697487
2020-08-13,1707623.7902621264,1543091.093622105
2020-08-14,1718185.665697909,1566031.2505305123
2020-08-17,1745285.8503653384,1602845.8081475333
2020-08-18,1731899.0195213968,1602023.718341121
2020-08-19,1730402.3343064897,1578031.0920842441
2020-08-20,1714273.851398003,1557551.5790868236
2020-08-21,1716069.0999124364,1570762.7689883374
2020-08-24,1711275.928787374,1583080.9677072528
2020-08-25,1707637.252917463,1585112.0091952097
2020-08-26,1698958.0165855405,1566531.0220150438
2020-08-27,1705149.5859346446,1574924.3136130974
2020-08-28,1711853.5987027457,1612512.0623878853
2020-08-31,1708452.3683962815,1603175.0834589086
2020-09-01,1708296.619301678,1611798.7545990197
2020-09-02,1698873.0722100548,1612386.1708363667
2020-09-03,1693369.6945163326,1603467.976045321
2020-09-04,1685018.2018960984,1587864.2807854274
2020-09-07,1676640.8173440627,1554293.8772167915
2020-09-08,1692369.1623145237,1562622.858270812
2020-09-09,1690394.278000655,1526073.4651433192
2020-09-10,1672212.0388745358,1525204.2741879378
2020-09-11,1670659.0976132716,1540284.9969026418
2020-09-14,1671998.8042643012,1548196.6917351298
2020-09-15,1670821.0372558243,1560656.6599193856
2020-09-16,1675130.0817803962,1550296.3377941286
2020-09-17,1674958.2728883675,1542093.015282409
2020-09-18,1698049.4783498573,1576836.1875298128
2020-09-21,1691206.219032601,1561637.1294196441
2020-09-22,1669171.7440627373,1543107.1379710822
2020-09-23,1662074.9322798213,1548621.6339738092
2020-09-24,1648568.56628965,1518909.0974454535
2020-09-25,1642228.9087669235,1521224.510039868
2020-09-28,1643752.0643134909,1525181.3061364973
2020-09-29,1640267.1937366256,1528473.659805877
2020-09-30,1638973.8800372528,1527007.6989574172
2020-10-09,1648087.6065255562,1558212.9258201842
2020-10-12,1668485.6282171754,1605486.0355911595
2020-10-13,1660877.4431964909,1610826.3405602807
2020-10-14,1655983.4126104955,1600141.569743154
2020-10-15,1660289.3520404517,1597356.7767235776
2020-10-16,1671763.8864931965,1595006.679042785
2020-10-19,1672143.5357723318,1582960.7349510167
2020-10-20,1658547.1758190154,1595602.9163433665
2020-10-21,1671489.414590658,1595390.2787888716
2020-10-22,1667321.59483096,1590449.1851834098
2020-10-23,1674011.0523776617,1570644.6000280275
2020-10-26,1661980.47864521,1561573.1517459215
2020-10-27,1650317.0619835344,1564250.5275162251
2020-10-28,1637311.7133839673,1576897.136083708
2020-10-29,1627932.919027806,1588763.29692065
2020-10-30,1617778.51601334,1562937.2209922667
2020-11-02,1612033.8826644374,1571424.581740133
2020-11-03,1628071.7492561415,1590308.1480327533
2020-11-04,1627576.887578809,1602323.3016207789
2020-11-05,1640414.9798576913,1626108.6828221944
2020-11-06,1654599.1988296013,1626310.4022304977
2020-11-09,1670695.025211237,1658143.4224993035
2020-11-10,1665157.276540417,1648998.1102952461
2020-11-11,1681540.6107269493,1632694.9546514133
2020-11-12,1665745.1338362484,1633881.6040221388
2020-11-13,1649837.34618393,1616701.601405778
2020-11-16,1668724.7857204063,1632453.124370667
2020-11-17,1676167.3149244592,1629328.9367822695
2020-11-18,1677015.716740395,1628292.2454865284
2020-11-19,1672163.2257051053,1640381.2629965052
2020-11-20,1673047.3772685542,1645473.8791674115
2020-11-23,1694181.353503798,1666024.9925686703
2020-11-24,1691154.114964709,1655791.960050237
2020-11-25,1682655.3472510793,1634626.234907244
2020-11-26,1690196.7395821381,1637585.8514140164
2020-11-27,1713073.3964168816,1657948.7932286193
2020-11-30,1707740.6017377737,1651120.5912575608
2020-12-01,1723591.3806586515,1686686.5856260608
2020-12-02,1719640.5721718345,1686702.0308084788
2020-12-03,1722550.1364978454,1683345.2334469422
2020-12-04,1711108.0824963443,1686293.1329187767
2020-12-07,1693272.1818891624,1671752.958301669
2020-12-08,1686805.8427010817,1667639.8463071203
2020-12-09,1674633.552879058,1645277.6188322045
2020-12-10,1672212.5019184435,1644554.0586377685
2020-12-11,1661757.8762712425,1627612.3911638914
2020-12-14,1654752.1385790303,1642660.1264308016
2020-12-15,1648284.396113476,1646076.9735963943
2020-12-16,1644467.4350154453,1648995.247610574
2020-12-17,1656000.3629678893,1670169.5940946145
2020-12-18,1658709.090915801,1664340.8352315265
2020-12-21,1655665.6924503474,1679943.0658620526
2020-12-22,1635312.9656753892,1652625.4313583141
2020-12-23,1640367.5736626072,1666722.7553140249
2020-12-24,1629857.0618987305,1664356.6798583174
2020-12-25,1648266.9220792744,1678336.6670294954
2020-12-28,1640552.9337742636,1685793.294860183
2020-12-29,1639762.6704522506,1678643.7066041138
2020-12-30,1640227.0723103338,1702202.4031239215
2020-12-31,1647859.8623617555,1734683.2223044413
2021-01-04,1642321.2576833584,1753466.9607908733
2021-01-05,1645048.4394532293,1787015.8942244672
2021-01-06,1665468.673395514,1803380.7307368785
2021-01-07,1659441.041034229,1835332.6522806776
2021-01-08,1660666.5732989372,1829265.6914232303
2021-01-11,1653465.3015657738,1811200.0540581385
2021-01-12,1663931.587115098,1862859.595635804
2021-01-13,1690729.8502681926,1856740.9733061313
2021-01-14,1718208.2666988869,1820952.4884219386
2021-01-15,1709531.05693711,1816833.18503961
2021-01-18,1709502.7954044952,1836951.6336109806
2021-01-19,1708907.3821820177,1809990.103765662
2021-01-20,1698456.8516101285,1822942.1541302716
2021-01-21,1696131.6250806823,1852413.0601000674
2021-01-22,1668925.2032457252,1854013.0678226587
2021-01-25,1661376.5989253002,1872702.8037333405
2021-01-26,1659673.6809673465,1835103.3046365841
2021-01-27,1665768.42687817,1840108.2094806125
2021-01-28,1649808.5389112637,1789891.1613945006
2021-01-29,1645305.3618283875,1781510.1194238816
2021-02-01,1661540.5707494358,1803374.3063398814
2021-02-02,1652477.435376491,1831150.0369652482
2021-02-03,1644928.4114278147,1825860.4947185132
2021-02-04,1642120.108415554,1822114.605250763
2021-02-05,1661829.3569304943,1825265.722047299
2021-02-08,1655713.9238537755,1852277.415448445
2021-02-09,1661545.5521907317,1892783.870968816
2021-02-10,1670079.7396515321,1933217.2614559818
2021-02-18,1687824.4663085102,1920122.9090335346
2021-02-19,1708063.8944086859,1923604.9322059683
2021-02-22,1717672.2295288022,1863185.8751143827
2021-02-23,1714363.5100302724,1857305.854223442
2021-02-24,1700455.0508187746,1810005.0496426139
2021-02-25,1724148.7932433493,1820653.6041699331
2021-02-26,1698526.2713956183,1776449.259080619
2021-03-01,1700215.1640600576,1803752.2140036544
2021-03-02,1689348.4779528747,1780733.03368348
2021-03-03,1714991.778683495,1814879.6690470225
2021-03-04,1715188.3445619657,1757790.1805255555
2021-03-05,1727318.6838371183,1751828.4732603615
2021-03-08,1722500.5614676229,1690989.3671236644
2021-03-09,1709885.3981530215,1654698.1149221433
2021-03-10,1701516.4557295202,1665553.9145049239
2021-03-11,1719678.1498692376,1707030.7202681075
2021-03-12,1731989.7590335081,1713076.6437219162
2021-03-15,1735964.103208968,1676183.1292671897
2021-03-16,1742164.4448565913,1690768.9404038982
2021-03-17,1725931.516408553,1697924.220742281
2021-03-18,1722863.7722501648,1711541.9451542906
2021-03-19,1710148.4262304704,1666711.837167833
2021-03-22,1736541.9250327563,1683375.7576544362
2021-03-23,1728107.9243371342,1667429.2392615206
2021-03-24,1725347.448318283,1640613.0073068363
2021-03-25,1704245.5252487927,1639834.6233722225
2021-03-26,1713998.2204409728,1676997.2634731755
2021-03-29,1725950.0411514798,1679955.6150727673
2021-03-30,1726161.7150445047,1695884.05860781
2021-03-31,1728241.491280932,1680449.3948917058
2021-04-01,1724488.6905677184,1701225.8614933295
2021-04-02,1721066.8525889385,1718129.049159286
2021-04-06,1722852.7983937382,1711067.1722300947
2021-04-07,1727238.0587020968,1698884.4517276469
2021-04-08,1721077.8855554436,1701702.4652042342
2021-04-09,1721924.9293864677,1676114.3249739613
2021-04-12,1713303.893270003,1646957.7151515575
2021-04-13,1696922.0932270512,1644260.766606983
2021-04-14,1703160.0014174848,1657903.1567090182
2021-04-15,1695510.0369590842,1647366.5464671976
2021-04-16,1707263.7715270568,1653094.2459039476
2021-04-19,1715597.144092036,1693316.7630492651
2021-04-20,1706835.9581046589,1692101.4202577549
2021-04-21,1698637.6876550608,1697220.799201644
2021-04-22,1695718.2386946026,1694058.0652312634
2021-04-23,1691828.1621219073,1709439.969003117
2021-04-26,1682004.6627817932,1690061.5244195324
2021-04-27,1677805.103326919,1694482.8077477566
2021-04-28,1679743.3201812743,1704043.7085347618
2021-04-29,1704813.1865113042,1718998.6062720092
2021-04-30,1685063.235380385,1705457.3754574053
2021-05-06,1691003.9952740637,1684698.0516767842
2021-05-07,1702285.5943532623,1663037.614677983
2021-05-10,1702308.0238008928,1661829.0624408114
2021-05-11,1708218.410241479,1672027.376585836
2021-05-12,1713201.721041784,1679180.2935450124
2021-05-13,1709360.7306324495,1662012.740278273
2021-05-14,1731219.574020228,1701163.714606316
2021-05-17,1721685.477107296,1725927.667947219
2021-05-18,1719506.879944913,1726798.4566800916
2021-05-19,1710616.9249892314,1721695.787825801
2021-05-20,1714832.024526244,1726402.574019539
2021-05-21,1705826.5578580082,1709005.5399605816
2021-05-24,1708240.919179337,1716142.0131264077
2021-05-25,1730950.2080155343,1770363.4244765535
2021-05-26,1730052.267572383,1771067.3453226564
2021-05-27,1729979.1896308765,1776939.2441780153
2021-05-28,1728883.2582281397,1771232.415709748
2021-05-31,1720848.6593631976,1774721.2294365205
2021-06-01,1715293.3781786521,1778086.6148520743
2021-06-02,1715738.1091180746,1760875.1559913496
2021-06-03,1710825.3663662092,1749328.5173656777
2021-06-04,1712230.7194290406,1758313.2529318389
2021-06-07,1709833.6888722002,1756765.3726999077
2021-06-08,1712159.1595305207,1741616.2451363488
2021-06-09,1710721.9364226628,1743058.5056186847
2021-06-10,1706208.15841802,1754714.5587154934
2021-06-11,1706694.5141260978,1739148.5110877438
2021-06-15,1691003.372647298,1719794.3327498117
2021-06-16,1697978.8743155627,1691144.5845495583
2021-06-17,1692687.8418926331,1698268.50850467
2021-06-18,1688708.8630759604,1698459.3430538122
2021-06-21,1688139.0842513565,1694438.1698390874
2021-06-22,1695916.259728113,1705014.4249349157
2021-06-23,1699121.3848335107,1713414.5736613704
2021-06-24,1704610.4654202035,1716270.6009274432
2021-06-25,1713968.2834939004,1744229.9095291782
2021-06-28,1714077.630464963,1748155.1162333195
2021-06-29,1709550.2846088167,1727778.1605786353
2021-06-30,1703286.185230203,1738928.1509420397
2021-07-01,1706693.1862465255,1740799.9472733429
2021-07-02,1700798.102590464,1691353.061225169
2021-07-05,1697862.8356886012,1692909.2965018994
2021-07-06,1705266.985035555,1692014.507819623
2021-07-07,1700540.3280597874,1711116.470323114
2021-07-08,1691473.2735307207,1693729.5555216027
2021-07-09,1688713.1025703102,1687464.7698384882
2021-07-12,1686442.2112939777,1708526.3731482842
2021-07-13,1691280.6837284635,1711652.1252271426
2021-07-14,1677243.5714046191,1692008.0501355948
2021-07-15,1685083.409389234,1714768.9563816732
2021-07-16,1682224.3264862178,1695898.5717533582
2021-07-19,1675864.8828454395,1702130.5031368034
2021-07-20,1673170.9479061274,1700632.453590389
2021-07-21,1668181.436468601,1712299.1252501106
2021-07-22,1677577.5104039405,1714865.1891885055
2021-07-23,1684508.1376499194,1694052.972315509
2021-07-26,1665756.7184101474,1639485.8085736076
2021-07-27,1649980.6055623798,1581571.0346907452
2021-07-28,1649011.2637465901,1584623.3222920254
2021-07-29,1638949.7703868127,1614512.4132331926
2021-07-30,1640260.9624237404,1601495.4864450218
2021-08-02,1672083.5319118926,1642294.2353852459
2021-08-03,1669838.1242411004,1642534.6676106872
2021-08-04,1661951.1668488942,1657310.6475559166
2021-08-05,1661317.9967265942,1647265.4204667974
2021-08-06,1656945.711125598,1638242.7709722444
2021-08-09,1672287.4027138555,1659545.8051184139
2021-08-10,1676309.73616299,1678714.2418229578
2021-08-11,1686103.1187466164,1669457.9839443339
2021-08-12,1678328.5922082262,1655480.8594578276
2021-08-13,1672924.2706444163,1646370.8647937388
2021-08-16,1682033.2335424505,1644734.7073554022
2021-08-17,1674894.6935424132,1610227.9728897107
2021-08-18,1697856.003626957,1629146.657000113
2021-08-19,1681410.631077069,1618461.852895955
2021-08-20,1680204.7598141858,1587547.65454586
2021-08-23,1681414.763571756,1609720.2790917836
2021-08-24,1681761.743425867,1627199.9648488953
2021-08-25,1684473.7252631579,1630451.109173806
2021-08-26,1680393.850539439,1598313.2129874013
2021-08-27,1687070.642404196,1606779.4031835052
2021-08-30,1676264.7245076923,1602194.7803938056
2021-08-31,1702367.0983096955,1599644.860665481
2021-09-01,1736148.857723716,1620898.2305612892
2021-09-02,1740352.0069393145,1620882.4525085606
2021-09-03,1753401.7967240927,1612111.6859781377
2021-09-06,1759342.717211556,1642290.9732562008
2021-09-07,1770803.5131508918,1661964.6738054033
2021-09-08,1786289.5249805127,1655075.256984202
2021-09-09,1789465.5043676256,1654369.8715087313
2021-09-10,1790288.349877506,1668852.5927102068
2021-09-13,1792214.8483409625,1661575.3486899724
2021-09-14,1757673.98898809,1636777.142994095
2021-09-15,1752017.3633241819,1620185.8880963246
2021-09-16,1739794.167626078,1600339.8605872565
2021-09-17,1741149.0366521883,1616398.3232656708
2021-09-22,1736430.5130996644,1605023.24599815
2021-09-23,1752468.8223097771,1615484.7606978696
2021-09-24,1740211.7349985426,1614230.5053670348
2021-09-27,1728713.962636341,1623531.6008765143
2021-09-28,1745120.725442233,1625681.3439172779
2021-09-29,1733059.0830371976,1609071.1486988268
2021-09-30,1732864.3834461414,1619874.2881984494
2021-10-08,1754917.8273135656,1641030.9592689902
2021-10-11,1767999.4279021062,1643111.6982943392
2021-10-12,1761093.577863513,1625684.3064630434
2021-10-13,1755648.578540589,1644415.5845885042
2021-10-14,1748161.8592418022,1635595.6531131864
2021-10-15,1747261.4731025512,1641752.4556675002
2021-10-18,1743635.8336646908,1622667.9688553226
2021-10-19,1746498.0378545527,1638628.4012272265
2021-10-20,1742699.5529033365,1634454.6735490933
2021-10-21,1754406.9550599095,1640390.0840597397
2021-10-22,1751103.2342701664,1650945.3350389611
2021-10-25,1747824.2153680485,1657535.5347378463
2021-10-26,1742732.2719149452,1652068.1065970568
2021-10-27,1728396.9893587504,1630453.505840043
2021-10-28,1721539.6479995486,1619127.1274989822
2021-10-29,1724887.651586886,1633983.828494564
2021-11-01,1732188.1580221327,1627963.868924992
2021-11-02,1708221.733953152,1611040.942049609
2021-11-03,1705792.9069764991,1604805.0162224348
2021-11-04,1705242.837656996,1620659.6291225571
2021-11-05,1702288.745031413,1611873.151113468
2021-11-08,1702419.7926575895,1613815.01664518
2021-11-09,1704296.5949440254,1613337.3144622496
2021-11-10,1701650.0311702276,1604831.8455694797
2021-11-11,1720072.8097514552,1630616.1129868354
2021-11-12,1714738.1541387192,1627194.871933141
2021-11-15,1721793.461245893,1625198.5821056245
2021-11-16,1716267.505465113,1625512.4455216131
2021-11-17,1713914.2703306316,1626322.5852838703
2021-11-18,1707673.0948407245,1610299.5732935485
2021-11-19,1718947.5521760783,1627754.9595179772
2021-11-22,1712342.8547634277,1635191.7815651763
2021-11-23,1716534.1866463365,1635506.9098883455
2021-11-24,1716668.5828878665,1636609.442931549
2021-11-25,1712803.9462699904,1629880.036868716
2021-11-26,1707107.3771180774,1617791.8182474847
2021-11-29,1699482.7811094306,1614894.6814980363
2021-11-30,1699794.0215829085,1608437.996080785
2021-12-01,1710197.6037385175,1612374.1875051802
2021-12-02,1711331.6090244888,1616472.4867709018
2021-12-03,1717924.4780956402,1631403.2181235903
2021-12-06,1715900.8517983237,1628608.2392725055
2021-12-07,1723567.976731654,1638421.4557550447
2021-12-08,1720600.7764245064,1662996.704916794
2021-12-09,1730674.1038556804,1690545.1516939937
2021-12-10,1724084.2067855743,1682698.4331461603
2021-12-13,1721429.5512059496,1692246.3187040163
2021-12-14,1712069.572636975,1680893.6436084076
2021-12-15,1712086.339780203,1666315.1889055655
2021-12-16,1716956.668837951,1675912.8385748758
2021-12-17,1715353.189356309,1649292.4675110257
2021-12-20,1714695.3772225555,1624546.1895836226
2021-12-21,1727280.6737181954,1635553.3785837234
2021-12-22,1721574.9802609845,1635875.963201853
2021-12-23,1722804.1259044732,1647288.2553701138
2021-12-24,1720352.9281942737,1638169.6060779458
2021-12-27,1725680.7377094363,1637496.841892927
2021-12-28,1726807.5528327632,1649693.409800301
2021-12-29,1724776.2264007512,1625565.638197268
2021-12-30,1726832.295812879,1638224.862549527
2021-12-31,1728264.0781621502,1644503.5954986615
2022-01-04,1742016.3166261325,1636978.0635136527
2022-01-05,1751377.276592285,1620452.6836503758
2022-01-06,1744140.3830427683,1603846.316440498
2022-01-07,1763677.1523731668,1605223.4342030238
2022-01-10,1767681.8745458703,1612438.7976324933
2022-01-11,1771180.146877762,1597036.3557624677
2022-01-12,1765947.4718742706,1612949.2875410304
2022-01-13,1769831.738332534,1586432.971736315
2022-01-14,1741496.1756204837,1573388.6497215708
2022-01-17,1738122.833554296,1586884.7100350081
2022-01-18,1754174.43205361,1602220.378120701
2022-01-19,1755366.3144763163,1591246.0434202692
2022-01-20,1771747.5986007294,1605602.9729313194
2022-01-21,1759407.6803130317,1590891.8028355893
2022-01-24,1749969.4757371694,1593362.8655873013
2022-01-25,1718844.0623716116,1557317.4713972865
2022-01-26,1727967.1610937044,1568588.3935445796
2022-01-27,1709907.7107685846,1537819.7260943362
2022-01-28,1702248.7554816727,1519144.2037459228
2022-02-07,1731664.0491396294,1542550.9449688818
2022-02-08,1762896.4905196636,1534123.6673121024
2022-02-09,1762196.781075115,1548532.9573230306
2022-02-10,1773123.0881579847,1544472.4721246082
2022-02-11,1772077.9463651832,1531667.8833076525
2022-02-14,1750286.5422195105,1515121.7323369859
2022-02-15,1741842.2891466068,1531237.548569939
2022-02-16,1748026.057908246,1537191.5332439246
2022-02-17,1743454.8313362843,1540911.558688531
2022-02-18,1756359.110766784,1548258.3060296464
2022-02-21,1750598.0940439603,1542625.5744925474
2022-02-22,1738287.6000867297,1522599.630580529
2022-02-23,1733915.367016033,1538874.9249793538
2022-02-24,1707810.2142185606,1507675.789643273
2022-02-25,1706984.4525316285,1522357.300994317
2022-02-28,1702982.8972478122,1525093.8943928997
2022-03-01,1707831.4533960563,1537756.380874204
2022-03-02,1709032.4275282393,1524080.237722661
2022-03-03,1717229.742041964,1515101.9265534978
2022-03-04,1711767.9183805608,1496728.0845676996
2022-03-07,1688301.2980190183,1448910.3989683685
2022-03-08,1655843.4883315726,1419822.0275596646
2022-03-09,1621797.8427282085,1406825.2061382618
2022-03-10,1635002.6879756288,1428958.1192561148
2022-03-11,1646684.9511049388,1433513.2164492526
2022-03-14,1628979.5395617604,1389652.892826079
2022-03-15,1567619.0568326851,1326092.7383343105
2022-03-16,1593952.2420897312,1383435.9738936475
2022-03-17,1608845.6524313742,1410603.0511558424
2022-03-18,1636111.5916862804,1419992.0244273553
2022-03-21,1639153.3279734042,1417610.0710578251
2022-03-22,1656726.3897285894,1416461.3689025233
2022-03-23,1651983.407157086,1423525.675784983
2022-03-24,1659887.8253896774,1415133.582520048
2022-03-25,1656760.719180967,1389591.8111240598
2022-03-28,1667543.3486554022,1380901.2663385232
2022-03-29,1665735.7219222747,1376133.8311741701
2022-03-30,1683029.3231201693,1416063.222723858
2022-03-31,1690605.850611925,1405577.1089081757
2022-04-01,1702102.6633740147,1423406.0421953066
2022-04-06,1724449.8730483344,1419306.1118650623
2022-04-07,1705250.6633657974,1401084.3583242379
2022-04-08,1713138.3926995823,1408296.6926338796
2022-04-11,1687428.5851288962,1364791.6747803807
2022-04-12,1703552.996660099,1391388.8114965418
2022-04-13,1694450.1838601565,1377995.5415350583
2022-04-14,1698663.5033553047,1395248.6757586864
2022-04-15,1699363.7201368813,1394309.5820380517
2022-04-18,1681297.4057837198,1386865.6698532342
2022-04-19,1685898.088212443,1376386.0137215802
2022-04-20,1677459.1108631701,1355044.7660637388
2022-04-21,1666163.791299415,1330093.1737286767
2022-04-22,1681308.0867910904,1335891.7079675505
2022-04-25,1633217.5845807137,1269871.1758610439
2022-04-26,1612936.9886097817,1259621.1336697321
2022-04-27,1620133.6733456568,1296708.3120712424
2022-04-28,1628178.265930882,1305220.2053610096
2022-04-29,1647896.1458078842,1336887.3896410095
2022-05-05,1650393.740698206,1334879.9153710522
2022-05-06,1620759.6097397178,1301128.4636404098
2022-05-09,1623112.364159441,1290683.4593081025
2022-05-10,1632031.9026124035,1304807.8123330448
2022-05-11,1626382.8519263845,1323633.1928953493
2022-05-12,1622498.0615620173,1317747.01390366
2022-05-13,1637707.9128267348,1327686.587956153
2022-05-16,1630521.863593312,1317013.966905368
2022-05-17,1630760.8001443304,1333442.9808136884
2022-05-18,1625414.4872360227,1328787.2902126475
2022-05-19,1625629.251117636,1331347.5622076357
2022-05-20,1636537.4784348586,1357311.9124630971
2022-05-23,1632628.883383781,1349450.3478994053
2022-05-24,1622346.5550403174,1317884.855499334
2022-05-25,1629833.3881918595,1325881.831705431
2022-05-26,1640547.7650125637,1329165.9967651665
2022-05-27,1644501.4308385537,1331913.5748840033
2022-05-30,1636027.209112356,1341140.4403141898
2022-05-31,1643810.507907857,1361944.7348737908
2022-06-01,1640336.9571773503,1359168.463334169
2022-06-02,1641388.6886835222,1361295.8374900515
2022-06-06,1642803.491173058,1386766.0084822013
2022-06-07,1645704.2194237132,1391107.8023802226
2022-06-08,1652647.4298915048,1404650.198240914
2022-06-09,1657750.6093021138,1389958.1349010193
2022-06-10,1670286.292335935,1411035.1168191712
2022-06-13,1653040.5467532186,1394511.1350111996
2022-06-14,1681758.7339290658,1405482.1077214926
2022-06-15,1709129.748768945,1424091.6884613505
2022-06-16,1684055.9859534677,1414719.2588442808
2022-06-17,1687504.6500649694,1434352.9483821339
2022-06-20,1679958.1663174513,1441472.5117361748
2022-06-21,1691194.563057562,1439852.3986468157
2022-06-22,1677450.6889006118,1421563.5051643166
2022-06-23,1696576.4332290378,1445948.052925048
2022-06-24,1693678.8944758598,1462889.221093459
2022-06-27,1692296.8335659122,1479363.5053640385
2022-06-28,1694504.8719730678,1494759.6559851915
2022-06-29,1695572.896290555,1471738.4784431525
2022-06-30,1698265.224877362,1492926.938628368
