date,symbol,side,shares,price,value,cost
2011-06-02,601988.SH,buy,13299.71105842798,3.7587284249999997,49990.00199960008,9.998000399920016
2011-06-02,601328.SH,buy,7757.676081223086,6.443940359999999,49990.00199960008,9.998000399920016
2011-06-02,601390.SH,buy,12018.333451160617,4.1594787,49990.00199960008,9.998000399920016
2011-06-02,601169.SH,buy,4457.755455638829,11.21416428,49990.00199960008,9.998000399920016
2011-06-02,600004.SH,buy,4614.747003149937,10.832663625,49990.001999600085,9.998000399920018
2011-06-02,600028.SH,buy,4055.0690160754157,12.327780809999998,49990.001999600085,9.998000399920018
2011-06-02,600269.SH,buy,1143.4124340671362,43.72000907999999,49990.001999600085,9.998000399920018
2011-06-02,000002.SZ,buy,56.94023987102891,877.93802964,49990.001999600085,9.998000399920018
2011-06-02,600033.SH,buy,2918.024906417968,17.131451445,49990.001999600085,9.998000399920018
2011-06-02,601186.SH,buy,7878.208989630561,6.34535109,49990.00199960008,9.998000399920016
2011-06-02,601939.SH,buy,8978.440159902095,5.567782499999999,49990.00199960008,9.998000399920016
2011-06-02,601628.SH,buy,2501.089711315101,19.987288649999996,49990.001999600085,9.998000399920018
2011-06-02,000999.SZ,buy,1470.2897848329703,34.00010155499999,49990.00199960008,9.998000399920016
2011-06-02,600018.SH,buy,12018.333451160617,4.1594787,49990.00199960008,9.998000399920016
2011-06-02,600019.SH,buy,4531.974556902961,11.0305125,49990.00199960008,9.998000399920016
2011-06-02,601866.SH,buy,13113.352305853477,3.81214512,49990.00199960008,9.998000399920016
2011-06-02,601857.SH,buy,4252.269705184181,11.756075099999999,49990.00199960008,9.998000399920016
2011-06-02,600694.SH,buy,312.1302812473284,160.157488725,49990.001999600085,9.998000399920018
2011-06-02,600832.SH,buy,409.9984564227171,121.92729317999999,49990.00199960008,9.998000399920016
2011-06-02,000031.SZ,buy,650.7577777975986,76.81813987499999,49990.001999600085,9.998000399920018
2011-07-04,601169.SH,sell,4457.755455638829,10.544165280000001,47003.31030207752,9.400662060415506
2011-07-04,600269.SH,sell,1143.4124340671362,41.173123139999994,47077.860947653324,9.415572189530666
2011-07-04,000002.SZ,sell,56.94023987102891,989.2426912200001,56327.716128728985,11.265543225745798
2011-07-04,600033.SH,sell,2918.024906417968,17.013359065,49645.40549350191,9.929081098700383
2011-07-04,601186.SH,sell,7878.208989630561,6.2145111900000005,48959.217923217715,9.791843584643544
2011-07-04,601939.SH,sell,8978.440159902095,5.74902405,51617.26841076299,10.323453682152598
2011-07-04,601628.SH,sell,2501.089711315101,20.258615625,50668.615105174846,10.13372302103497
2011-07-04,000999.SZ,sell,1470.2897848329703,33.070426515,48623.11028507391,9.724622057014782
2011-07-04,600019.SH,sell,4531.974556902961,11.059517475,50121.451808323676,10.024290361664736
2011-07-04,601866.SH,sell,13113.352305853477,3.6471355200000004,47826.17298095213,9.565234596190425
2011-07-04,600694.SH,sell,312.1302812473284,154.33627326,48173.024379308335,9.634604875861667
2011-07-04,600832.SH,sell,409.9984564227171,123.72110850000001,50725.46351190751,10.145092702381502
2011-07-04,000031.SZ,sell,650.7577777975986,77.14174983000001,50200.59369478908,10.040118738957817
2011-07-04,600900.SH,buy,3062.4097312573845,16.266679274999998,49815.23690700281,9.963047381400562
2011-07-04,601857.SH,sell,50.89877417594619,11.853270400000001,603.3169333360274,0.1206633866672055
2011-07-04,600018.SH,sell,64.31505414091951,4.165975970000001,267.93497006031976,0.05358699401206395
2011-07-04,601818.SH,buy,14515.372877264386,3.4318950899999994,49815.23690700281,9.963047381400562
2011-07-04,601328.SH,buy,103.89314412941076,6.340928879999999,658.779038044183,0.13175580760883662
2011-07-04,600028.SH,sell,182.68231898327727,12.860056755,2349.3049902599596,0.46986099805199194
2011-07-04,600005.SH,buy,2354.7934656530615,21.154822125,49815.236907002814,9.963047381400564
2011-07-04,601009.SH,buy,3681.1057389171865,13.532682959999999,49815.236907002814,9.963047381400564
2011-07-04,000538.SZ,buy,80.13429529900709,621.64690812,49815.236907002814,9.963047381400564
2011-07-04,600428.SH,buy,1111.464000245881,44.81947854,49815.236907002814,9.963047381400564
2011-07-04,600036.SH,buy,1092.0155924486016,45.617697449999994,49815.23690700281,9.963047381400562
2011-07-04,601988.SH,buy,3.5024651417628174,3.747222675,13.124516797610719,0.002624903359522144
2011-07-04,600004.SH,buy,74.41081707717662,10.63081275,791.0474629219669,0.1582094925843934
2011-07-04,601398.SH,buy,9622.437719568403,5.1769872,49815.236907002814,9.963047381400564
2011-07-04,000825.SZ,buy,1532.606581025197,32.50360368,49815.236907002814,9.963047381400564
2011-07-04,000898.SZ,buy,3585.921572359623,13.891892474999999,49815.236907002814,9.963047381400564
2011-07-04,600795.SH,buy,86.54768258938658,575.58140688,49815.236907002814,9.963047381400564
2011-07-04,600535.SH,buy,326.32508267283214,152.65524948,49815.23690700282,9.963047381400564
2011-07-04,600547.SH,buy,101.63131892038999,490.1563557,49815.236907002814,9.963047381400564
2011-07-04,601390.SH,buy,215.14847770778755,4.03773786,868.7131539620998,0.17374263079241997
2011-08-02,601390.SH,sell,12233.481928868405,3.541378425,43323.388965521954,8.66467779310439
2011-08-02,600004.SH,sell,4689.157820227114,10.4857545,49169.35771465665,9.83387154293133
2011-08-02,601818.SH,sell,14515.372877264386,3.2847568000000003,47679.46976312976,9.535893952625953
2011-08-02,601009.SH,sell,3681.1057389171865,12.80527416,47137.568198783956,9.427513639756791
2011-08-02,000538.SZ,sell,80.13429529900709,656.3386664999999,52595.23651746753,10.519047303493506
2011-08-02,600428.SH,sell,1111.464000245881,41.368585360000004,45979.693368738794,9.19593867374776
2011-08-02,600036.SH,sell,1092.0155924486016,42.62517675,46547.357641877614,9.309471528375523
2011-08-02,600535.SH,sell,326.32508267283214,163.64509652000004,53401.499650892605,10.680299930178522
2011-08-02,600547.SH,sell,101.63131892038999,516.0911753250001,52451.026831453986,10.490205366290798
2011-08-02,600018.SH,sell,509.38947900123,4.195581160000001,2137.1849011997765,0.4274369802399553
2011-08-02,600028.SH,buy,99.03693990755313,12.102748349999999,1198.6191610551878,0.23972383221103757
2011-08-02,601988.SH,sell,11.986546965322576,3.61275272,43.30443015237688,0.008660886030475377
2011-08-02,600019.SH,buy,4534.243965912931,10.593243974999998,48032.35257308726,9.606470514617452
2011-08-02,601939.SH,buy,8809.226867669486,5.45250489,48032.35257308726,9.606470514617452
2011-08-02,601328.SH,buy,139.9915013745176,6.007002,840.92922873973,0.168185845747946
2011-08-02,601398.SH,buy,58.091750079209525,4.965201359999999,288.4372364980712,0.05768744729961424
2011-08-02,600269.SH,buy,1210.131790655571,39.691836,48032.35257308726,9.606470514617452
2011-08-02,600795.SH,buy,3.335569906735677,534.7462395,1783.6834642162692,0.3567366928432538
2011-08-02,601628.SH,buy,2514.7821686270427,19.10000523,48032.35257308726,9.606470514617452
2011-08-02,601288.SH,buy,17711.72843746553,2.71189527,48032.35257308726,9.606470514617452
2011-08-02,600717.SH,buy,400.45266971142235,119.9451426,48032.35257308725,9.60647051461745
2011-08-02,600808.SH,buy,7983.38885793998,6.016536765,48032.35257308725,9.60647051461745
2011-08-02,600642.SH,buy,1453.8292168520322,33.038511,48032.35257308725,9.60647051461745
2011-08-02,000898.SZ,buy,206.0966687046484,12.675084375,2612.2926652378405,0.5224585330475682
2011-08-02,601857.SH,sell,43.3556481605239,11.548223,500.68069326726976,0.10013613865345396
2011-08-02,600005.SH,buy,32.33233358544224,20.135312625,651.0216446386668,0.13020432892773337
2011-08-02,000825.SZ,sell,6.499314685021417,31.464260000000003,204.496127071332,0.0408992254142664
2011-08-02,600900.SH,buy,107.84782353016048,15.161176799999998,1635.099920035963,0.3270199840071926
2011-08-02,601018.SH,buy,15299.546008565463,3.1193689049999995,47724.92807973596,9.544985615947192
2011-09-02,601328.SH,sell,8001.560726727014,6.0136316800000005,48118.4390756894,9.623687815137881
2011-09-02,600028.SH,sell,3971.4236369996916,11.49397014,45647.424696964656,9.129484939392931
2011-09-02,600005.SH,sell,2387.1257992385035,17.9254328,42790.263099396085,8.558052619879218
2011-09-02,000825.SZ,sell,1526.1072663401758,28.82126216,43984.33760747115,8.79686752149423
2011-09-02,000898.SZ,sell,3792.0182410642715,11.223965210000001,42561.48081339078,8.512296162678156
2011-09-02,600795.SH,sell,89.88325249612225,481.76187856,43302.324573614664,8.660464914722933
2011-09-02,600019.SH,sell,4534.243965912931,9.665614775,43826.255470382624,8.765251094076525
2011-09-02,600269.SH,sell,1210.131790655571,36.83245456,44572.12419093275,8.91442483818655
2011-09-02,601628.SH,sell,2514.7821686270427,17.15769686,43147.870118236206,8.629574023647242
2011-09-02,600717.SH,sell,400.45266971142235,108.52962804,43460.979291405645,8.69219585828113
2011-09-02,600808.SH,sell,7983.38885793998,5.55100311,44315.816378764175,8.863163275752836
2011-09-02,600642.SH,sell,1453.8292168520322,31.198872760000004,45357.83275133701,9.071566550267402
2011-09-02,601988.SH,sell,712.3287902747873,3.5652165000000005,2539.6063565127115,0.5079212713025423
2011-09-02,601288.SH,sell,710.7082780852749,2.6378903949999994,1874.770540408135,0.37495410808162705
2011-09-02,000538.SZ,buy,67.41328505656283,665.4656865599999,44861.228023430565,8.972245604686114
2011-09-02,601939.SH,sell,359.8159266409801,5.30768483,1909.789535424723,0.3819579070849446
2011-09-02,601398.SH,sell,442.26823050364067,4.854451559999999,2146.9697015068377,0.42939394030136757
2011-09-02,000729.SZ,buy,708.8915547195505,63.283626,44861.22802343057,8.972245604686115
2011-09-02,601857.SH,buy,21.190323201814135,10.741868250000001,227.62366000880562,0.045524732001761124
2011-09-02,600900.SH,sell,1.7722552954620745,14.154319300000001,25.085067333086045,0.005017013466617209
2011-09-02,600267.SH,buy,293.99376301703455,152.59244809499998,44861.22802343057,8.972245604686115
2011-09-02,600879.SH,buy,264.5384908959586,169.58298911999998,44861.22802343056,8.972245604686112
2011-09-02,601018.SH,sell,225.09227191253575,2.975061725,669.6634027602777,0.13393268055205554
2011-09-02,600018.SH,buy,490.8769085971084,3.7611596400000002,1846.2664168234132,0.36925328336468266
2011-09-02,600535.SH,buy,282.25538760234554,158.9384295,44861.22802343057,8.972245604686115
2011-09-02,000061.SZ,buy,265.7232684067203,168.82687125,44861.228023430565,8.972245604686114
2011-09-02,002024.SZ,buy,45.80882702250018,979.31405232,44861.22802343057,8.972245604686115
2011-09-02,600406.SH,buy,101.98518996297368,439.87983,44861.22802343057,8.972245604686115
2011-09-02,600690.SH,buy,257.9485447962849,173.91541424999997,44861.228023430565,8.972245604686114
2011-09-02,600600.SH,buy,835.2297617021147,53.7112422,44861.22802343057,8.972245604686115
2011-09-02,601333.SH,buy,11869.183672588448,3.779638875,44861.228023430565,8.972245604686114
2011-09-02,601818.SH,buy,14057.254284671857,3.16474158,44487.57713533418,8.897515427066836
2011-10-11,600018.SH,sell,11935.505826615577,3.2973105200000004,39355.06892362084,7.871013784724169
2011-10-11,600900.SH,sell,3168.485299492083,14.312090374999999,45347.64795818963,9.069529591637925
2011-10-11,000538.SZ,sell,67.41328505656283,618.26017527,41678.949434597,8.3357898869194
2011-10-11,000729.SZ,sell,708.8915547195505,56.032819575000005,39721.19258384182,7.944238516768364
2011-10-11,600267.SH,sell,293.99376301703455,138.05261916,40586.609001205965,8.117321800241193
2011-10-11,600879.SH,sell,264.5384908959586,149.28356087999998,39491.24791077016,7.898249582154032
2011-10-11,600535.SH,sell,282.25538760234554,150.42275100000003,42457.63188771612,8.491526377543224
2011-10-11,000061.SZ,sell,265.7232684067203,155.07492374999998,41207.01558677293,8.241403117354587
2011-10-11,002024.SZ,sell,45.80882702250018,862.65369738,39517.15400360064,7.903430800720129
2011-10-11,600406.SH,sell,101.98518996297368,407.0603680000001,41514.12895687798,8.302825791375597
2011-10-11,600690.SH,sell,257.9485447962849,146.78437110000002,37862.814924082864,7.572562984816574
2011-10-11,600600.SH,sell,835.2297617021147,51.6873434,43170.80751099737,8.634161502199476
2011-10-11,601288.SH,sell,748.1919376494137,2.597150775,1943.1672707149264,0.3886334541429853
2011-10-11,601988.SH,sell,456.30147709559714,3.4820281150000003,1588.854572162898,0.3177709144325796
2011-10-11,601939.SH,sell,461.68362762931343,5.28445645,2439.747023885124,0.48794940477702475
2011-10-11,601018.SH,sell,541.2432017089731,2.9044670399999997,1572.0230399877837,0.31440460799755676
2011-10-11,601857.SH,sell,309.6602802011803,10.908343100000002,3377.880580876612,0.6755761161753224
2011-10-11,601398.SH,sell,543.0052503700077,4.854451559999999,2635.992684746874,0.5271985369493749
2011-10-11,601333.SH,sell,1.7778702902420067,3.556970625,6.323832397451042,0.0012647664794902085
2011-10-11,601818.SH,sell,349.8233662911614,3.0794594999999996,1077.2668886472966,0.21545337772945933
2011-10-11,000690.SZ,buy,303.0557982521206,139.32975005999998,42224.68862470175,8.444937724940349
2011-10-11,600795.SH,buy,94.82348834162535,445.29777762,42224.68862470175,8.444937724940349
2011-10-11,600005.SH,buy,2465.2779821069976,17.127759599999997,42224.68862470175,8.444937724940349
2011-10-11,601328.SH,buy,7290.1558149228385,5.79201456,42224.68862470175,8.444937724940349
2011-10-11,600028.SH,buy,3795.580128614813,11.124699569999999,42224.688624701754,8.44493772494035
2011-10-11,600269.SH,buy,1202.8035718316544,35.10522384,42224.68862470175,8.444937724940349
2011-10-11,000825.SZ,buy,1506.3456316579138,28.0312086,42224.68862470175,8.444937724940349
2011-10-11,600219.SH,buy,2439.457286033046,17.309050199999998,42224.68862470175,8.444937724940349
2011-10-11,000021.SZ,buy,475.97314511758594,88.71233399999998,42224.68862470175,8.444937724940349
2011-10-11,600276.SH,buy,126.62750698165664,333.455894625,42224.68862470175,8.444937724940349
2011-10-11,600717.SH,buy,402.8369801103842,104.81830296,42224.68862470175,8.444937724940349
2011-10-11,600009.SH,buy,1329.5998469358417,31.49622024,41877.36961016156,8.375473922032311
2011-11-02,600795.SH,sell,94.82348834162535,497.30258432,47155.965806527674,9.431193161305535
2011-11-02,600005.SH,sell,2465.2779821069976,17.3143385,42684.657478797504,8.536931495759502
2011-11-02,600219.SH,sell,2439.457286033046,16.8483716,41100.882857412245,8.22017657148245
2011-11-02,000021.SZ,sell,475.97314511758594,87.83590008,41807.52961531162,8.361505923062325
2011-11-02,600717.SH,sell,402.8369801103842,105.93468616000001,42674.40906163572,8.534881812327145
2011-11-02,600009.SH,sell,1329.5998469358417,33.079651899999995,43982.70010293092,8.796540020586184
2011-11-02,601398.SH,sell,141.62102939943856,5.019009239999999,710.7972551340936,0.14215945102681873
2011-11-02,601988.SH,sell,0.11930555850736099,3.5414483900000007,0.4225144780939445,8.45028956187889e-05
2011-11-02,601018.SH,buy,779.0064150596866,2.806422509999999,2186.2211386579065,0.43724422773158134
2011-11-02,601939.SH,sell,318.9291577614398,5.59803958,1785.3780483646042,0.35707560967292085
2011-11-02,601857.SH,buy,82.06782254712616,10.874914740000001,892.4805730974467,0.17849611461948936
2011-11-02,601288.SH,sell,286.410107898874,2.68881492,770.1037713573023,0.15402075427146047
2011-11-02,600028.SH,buy,2.072293380044035,11.315955149999999,23.449978946220202,0.0046899957892440405
2011-11-02,600900.SH,buy,2928.368038014439,14.664828749999998,42944.015794455234,8.588803158891047
2011-11-02,601818.SH,buy,327.0292267024397,3.0619902299999993,1001.3602970873252,0.20027205941746504
2011-11-02,600004.SH,buy,4234.664021033607,10.141067999999999,42944.015794455234,8.588803158891047
2011-11-02,000690.SZ,sell,2.643521399842031,142.90674088500003,377.77702771117765,0.07555540554223554
2011-11-02,601328.SH,buy,2.0082252828247165,5.89318512,11.834843354350411,0.0023669686708700823
2011-11-02,601333.SH,sell,397.97820654898146,3.7430275500000003,1489.6433914124282,0.29792867828248565
2011-11-02,000538.SZ,buy,70.27790854584609,611.0599572899999,42944.015794455234,8.588803158891047
2011-11-02,600269.SH,buy,9.160014317221219,35.458040159999996,324.7961555262049,0.06495923110524099
2011-11-02,000825.SZ,buy,9.693205368246984,28.346166,274.7652084404201,0.05495304168808402
2011-11-02,600276.SH,buy,6.95741343665237,321.68686304999994,2238.1085033786203,0.4476217006757241
2011-11-02,600642.SH,buy,1375.0847208473963,31.23008724,42944.015794455234,8.588803158891047
2011-11-02,600863.SH,buy,834.7833138302184,51.4433088,42944.015794455234,8.588803158891047
2011-11-02,600019.SH,buy,4479.145494589307,9.546771,42761.376312525856,8.552275262505171
2011-12-02,000690.SZ,sell,300.4122768522786,136.825602975,41104.09092140565,8.22081818428113
2011-12-02,600028.SH,sell,3797.652421994857,11.59124148,44019.506280449255,8.803901256089851
2011-12-02,000825.SZ,sell,1516.0388370261608,26.55583544,40259.6778767157,8.05193557534314
2011-12-02,600276.SH,sell,133.584920418309,350.366599065,46803.6942533316,9.360738850666321
2011-12-02,600900.SH,sell,2928.368038014439,14.853019775,43495.108377106415,8.699021675421283
2011-12-02,000538.SZ,sell,70.27790854584609,666.97026804,46873.27550011357,9.374655100022714
2011-12-02,600642.SH,sell,1375.0847208473963,31.198872760000004,42901.09323993804,8.580218647987609
2011-12-02,600863.SH,sell,834.7833138302184,52.87434960000001,44138.62477570549,8.827724955141099
2011-12-02,601988.SH,buy,87.04476334923939,3.485511885,303.39555718078634,0.06067911143615727
2011-12-02,600269.SH,buy,6.414115855485384,34.92881568,224.03747046641448,0.0448074940932829
2011-12-02,601018.SH,buy,476.20455089338384,2.6953770149999996,1283.5508009164244,0.2567101601832849
2011-12-02,601288.SH,buy,212.6098190756546,2.6303345099999995,559.2349442795505,0.11184698885591011
2011-12-02,601818.SH,buy,497.5133623427198,2.9284134749999997,1456.9248342769781,0.2913849668553956
2011-12-02,601328.SH,buy,87.46939492801089,5.766721919999999,504.41167706049714,0.10088233541209943
2011-12-02,601333.SH,buy,301.6022490279005,3.6153067499999993,1090.3846467257495,0.2180769293451499
2011-12-02,601939.SH,buy,5.268983493896927,5.545511369999999,29.21920787374773,0.005843841574749546
2011-12-02,600019.SH,buy,260.9669430560915,8.977636574999998,2342.866372846309,0.4685732745692618
2011-12-02,601398.SH,sell,43.17648741516601,4.995501,215.6881860589492,0.04313763721178984
2011-12-02,000100.SZ,buy,8075.0982002556975,5.266421894999999,42526.87396610169,8.505374793220337
2011-12-02,601857.SH,buy,59.76940987283099,10.608861780000002,634.0854080130315,0.1268170816026063
2011-12-02,601390.SH,buy,14370.882409500413,2.959238879999999,42526.87396610169,8.505374793220337
2011-12-02,600004.SH,buy,130.5339333844776,9.748871999999999,1272.5586082217987,0.25451172164435976
2011-12-02,600519.SH,buy,38.81111362713016,1095.739596,42526.873966101695,8.505374793220339
2011-12-02,600694.SH,buy,273.70497138019556,155.37486861,42526.873966101695,8.505374793220339
2011-12-02,600859.SH,buy,398.65848204477004,106.67495081999999,42526.873966101695,8.505374793220339
2011-12-02,600018.SH,buy,12927.500351436718,3.289644,42526.87396610169,8.505374793220337
2011-12-02,601618.SH,buy,14642.468275009107,2.9043514499999996,42526.873966101695,8.505374793220339
2011-12-02,600839.SH,buy,639.6708980937541,66.09973335000001,42282.07579575217,8.456415159150435
2012-01-05,601018.SH,sell,15788.421500897026,2.3800493799999995,37577.22280438863,7.515444560877726
2012-01-05,601333.SH,sell,11771.029844777126,3.7430275500000003,44059.28900087301,8.811857800174602
2012-01-05,600269.SH,sell,1218.3777020043608,33.4840496,40796.219405448035,8.159243881089607
2012-01-05,600019.SH,sell,4740.112437645399,8.8769593,42077.78518640199,8.415557037280399
2012-01-05,000100.SZ,sell,8075.0982002556975,4.690983335,37880.15108588797,7.576030217177594
2012-01-05,600519.SH,sell,38.81111362713016,950.0687280000002,36873.225355991024,7.374645071198205
2012-01-05,600694.SH,sell,273.70497138019556,128.56002783000002,35187.5187378473,7.03750374756946
2012-01-05,600859.SH,sell,398.65848204477004,89.17968785000001,35552.23898750742,7.110447797501485
2012-01-05,601618.SH,sell,14642.468275009107,2.5971007999999998,38027.96607100077,7.605593214200153
2012-01-05,600839.SH,sell,639.6708980937541,56.86981087,36377.96299363484,7.275592598726969
2012-01-05,601939.SH,sell,139.22158735006636,5.2379996900000005,729.2426313809556,0.14584852627619113
2012-01-05,000027.SZ,buy,849.8910854157377,46.452694740000005,39479.73115306454,7.895946230612908
2012-01-05,601857.SH,sell,345.0270247958878,10.764375120000002,3714.0003214404787,0.7428000642880958
2012-01-05,601988.SH,sell,797.2788336916482,3.4582600050000005,2757.197503388874,0.5514395006777748
2012-01-05,601288.SH,sell,1275.2996510900969,2.6480753,3377.0895061503034,0.6754179012300607
2012-01-05,600000.SH,buy,700.0444606719661,56.396033925000005,39479.73115306453,7.895946230612907
2012-01-05,601668.SH,buy,13460.686048947056,2.9329657499999997,39479.73115306454,7.895946230612908
2012-01-05,601398.SH,sell,496.8849096215885,4.92497628,2447.1463937762674,0.4894292787552535
2012-01-05,600900.SH,buy,2777.6018831160595,14.213603249999997,39479.73115306453,7.895946230612907
2012-01-05,601328.SH,sell,359.54100052528605,5.621987600000001,2021.3350466447519,0.4042670093289504
2012-01-05,601006.SH,buy,4667.944395448967,8.457626699999999,39479.73115306454,7.895946230612908
2012-01-05,601818.SH,sell,1135.5061223541975,2.946016255,3345.2194941074845,0.669043898821497
2012-01-05,600004.SH,buy,198.65130767648603,8.656325999999998,1719.5904795739652,0.34391809591479305
2012-01-05,600717.SH,buy,428.49313273522694,92.13620508000001,39479.73115306454,7.895946230612908
2012-01-05,601998.SH,buy,8948.1707165086,4.41204492,39479.73115306453,7.895946230612907
2012-01-05,601166.SH,buy,1546.2140543443008,25.533160199999998,39479.73115306454,7.895946230612908
2012-01-05,600016.SH,buy,498.09812801056233,79.26095067000001,39479.73115306453,7.895946230612907
2012-01-05,601390.SH,buy,1258.111114729804,2.5276832099999997,3180.106341016909,0.6360212682033818
2012-01-05,600018.SH,buy,1145.4699091512027,2.80716288,3215.5206091262285,0.6431041218252457
2012-01-05,000728.SZ,buy,3432.7876718271386,11.4213078,39206.92461198314,7.841384922396628
2012-02-02,600004.SH,sell,4563.849262094571,8.95552,40871.64334367317,8.174328668734635
2012-02-02,601390.SH,sell,15628.993524230216,2.638070305,41230.38371330903,8.246076742661806
2012-02-02,600018.SH,sell,14072.970260587921,3.0782201200000006,43319.700204303386,8.663940040860677
2012-02-02,000027.SZ,sell,849.8910854157377,47.25141247500001,40158.55423580449,8.031710847160898
2012-02-02,600000.SH,sell,700.0444606719661,60.6632532,42466.97436900093,8.493394873800186
2012-02-02,601668.SH,sell,13460.686048947056,3.114442,41922.52597965477,8.384505195930954
2012-02-02,600717.SH,sell,428.49313273522694,96.01284956,41140.846690800456,8.228169338160091
2012-02-02,000728.SZ,sell,3432.7876718271386,12.129802065,41639.034990435364,8.327806998087073
2012-02-02,601988.SH,buy,308.3552306457474,3.54499161,1093.1167055387893,0.21862334110775788
2012-02-02,601288.SH,buy,246.6855105182256,2.7424805549999993,676.5302157964816,0.1353060431592963
2012-02-02,601398.SH,buy,218.00718705998943,5.04756252,1100.4049064946316,0.22008098129892634
2012-02-02,601857.SH,buy,8.288638205357612,11.3072508,93.72171097844043,0.018744342195688088
2012-02-02,600900.SH,buy,73.21312607992277,14.57458365,1067.050830329831,0.2134101660659662
2012-02-02,601939.SH,sell,26.537874434417713,5.52835444,146.71077595767565,0.029342155191535133
2012-02-02,601818.SH,buy,310.9788705031599,3.0311648249999994,942.6282135874081,0.18852564271748165
2012-02-02,601006.SH,buy,50.84376944213526,8.805200399999999,447.6895790293971,0.08953791580587943
2012-02-02,601328.SH,sell,175.2723452383402,6.0641664,1062.8806668435427,0.21257613336870856
2012-02-02,601333.SH,buy,10922.15592055979,3.801549825,41521.11992842678,8.304223985685356
2012-02-02,600019.SH,buy,4487.302640841119,9.2530242,41521.119928426786,8.304223985685358
2012-02-02,601166.SH,sell,49.35925904546184,27.730128,1368.7385713158146,0.2737477142631629
2012-02-02,600028.SH,buy,3339.962475538414,12.431612699999999,41521.11992842678,8.304223985685356
2012-02-02,601998.SH,sell,251.90926036280467,4.77309226,1202.3861408600278,0.24047722817200556
2012-02-02,600009.SH,buy,1273.9944664176521,32.59128749999999,41521.119928426786,8.304223985685358
2012-02-02,600779.SH,buy,328.5177525339378,126.38927305499999,41521.119928426786,8.304223985685358
2012-02-02,601169.SH,buy,3961.6524758250666,10.480757760000001,41521.119928426786,8.304223985685358
2012-02-02,600795.SH,buy,77.64639909810303,534.7462395,41521.119928426786,8.304223985685358
2012-02-02,600016.SH,sell,11.268550935162812,85.262237555,960.7818667344691,0.1921563733468938
2012-02-02,601018.SH,buy,16491.326900101118,2.5035711599999995,41287.21041722535,8.25744208344507
2012-03-02,601328.SH,sell,6844.820089370049,6.34210736,43410.58386666964,8.682116773333929
2012-03-02,601998.SH,sell,8696.261456145796,5.016730380000001,43626.79903946966,8.725359807893932
2012-03-02,600779.SH,sell,328.5177525339378,137.999895535,45335.4155310764,9.06708310621528
2012-03-02,601018.SH,sell,16491.326900101118,2.7128528949999997,44738.54392333069,8.947708784666139
2012-03-02,601288.SH,sell,1325.2737890047224,2.7906639699999998,3698.393813360861,0.7396787626721721
2012-03-02,601988.SH,sell,1111.2412793738301,3.6365208300000007,4041.052059598783,0.8082104119197567
2012-03-02,601939.SH,sell,687.1492534250166,5.656110529999999,3886.5921279788745,0.7773184255957749
2012-03-02,601857.SH,sell,347.23662119700725,11.594959620000001,4026.1946013645356,0.8052389202729071
2012-03-02,601818.SH,sell,1464.6589825210826,3.1513135549999998,4615.599705071196,0.9231199410142392
2012-03-02,600028.SH,sell,143.12618487190053,12.06890253,1727.375974709728,0.3454751949419456
2012-03-02,601006.SH,sell,338.4755669312061,8.80797381,2981.283928854966,0.5962567857709932
2012-03-02,600036.SH,buy,851.2905218780801,45.336757049999996,38594.75156935422,7.718950313870845
2012-03-02,600900.SH,sell,245.36505795876081,14.807942325,3633.3516268236126,0.7266703253647225
2012-03-02,601888.SH,buy,1424.2503193655289,27.098292374999996,38594.75156935422,7.718950313870845
2012-03-02,600009.SH,sell,160.3212147240749,34.6424701,5553.922887474444,1.1107845774948888
2012-03-02,600019.SH,sell,465.2085385007255,9.592251475000001,4462.3972896161795,0.8924794579232359
2012-03-02,601333.SH,sell,907.4398294356719,3.8524728,3495.8872605375655,0.6991774521075131
2012-03-02,601398.SH,sell,788.6122360755755,5.1835669200000005,4087.8242996285844,0.8175648599257169
2012-03-02,600050.SH,buy,5455.215283955638,7.074835649999999,38594.751569354215,7.7189503138708435
2012-03-02,600795.SH,sell,6.4606208935096845,541.98211338,3501.5409656113625,0.7003081931222725
2012-03-02,000825.SZ,buy,1494.3852789783489,25.826506799999997,38594.75156935422,7.718950313870845
2012-03-02,000898.SZ,buy,3860.206065722833,9.998106555,38594.751569354215,7.7189503138708435
2012-03-02,600016.SH,sell,52.90108589984852,88.91054249000001,4703.464245665622,0.9406928491331245
2012-03-02,600118.SH,buy,190.79822687085127,201.5735364,38459.873329206996,7.6919746658414
2012-04-06,601166.SH,sell,1496.854795298839,27.0572646,40500.796264179524,8.100159252835905
2012-04-06,600016.SH,sell,433.928491175551,84.45150312500002,36645.91332853859,7.329182665707719
2012-04-06,601169.SH,sell,3961.6524758250666,10.32251616,40894.22170200825,8.178844340401652
2012-04-06,600795.SH,sell,71.18577820459335,499.24517254,35539.15612214638,7.107831224429276
2012-04-06,601888.SH,sell,1424.2503193655289,26.358014399999995,37540.4104270412,7.50808208540824
2012-04-06,600050.SH,sell,5455.215283955638,6.20797446,33865.83715659825,6.773167431319651
2012-04-06,000825.SZ,sell,1494.3852789783489,23.34648092,34888.6374027969,6.9777274805593805
2012-04-06,000898.SZ,sell,3860.206065722833,8.772521545000002,33863.74087969324,6.7727481759386485
2012-04-06,600118.SH,sell,190.79822687085127,189.2157448,36102.0286038875,7.2204057207775
2012-04-06,601398.SH,buy,622.2066210207606,5.03579664,3133.3060115220997,0.6266612023044199
2012-04-06,601939.SH,buy,487.4391052494231,5.55713718,2708.765974767502,0.5417531949535004
2012-04-06,601988.SH,buy,847.558958149777,3.54499161,3004.5893956213004,0.6009178791242601
2012-04-06,601288.SH,buy,1207.797901520796,2.7017001749999996,3263.1078019033666,0.6526215603806733
2012-04-06,601328.SH,buy,6887.33829551697,5.89318512,40588.35955954677,8.117671911909355
2012-04-06,601857.SH,buy,441.77080816203664,10.775144880000001,4760.144461700632,0.9520288923401264
2012-04-06,600900.SH,buy,164.10783170921096,14.664828749999998,2406.613248549398,0.48132264970987965
2012-04-06,600009.SH,buy,86.42650985549626,33.842792939999995,2924.914477566429,0.5849828955132859
2012-04-06,601818.SH,buy,1625.9653097141565,2.9284134749999997,4761.498722849484,0.9522997445698969
2012-04-06,600036.SH,buy,126.300508153111,41.544061649999996,5247.03609713917,1.049407219427834
2012-04-06,601006.SH,buy,350.53604514616075,8.585070389999998,3009.376621812007,0.6018753243624014
2012-04-06,601668.SH,buy,12850.198138037975,3.1585784999999995,40588.35955954677,8.117671911909355
2012-04-06,600019.SH,buy,557.933680542941,8.867481524999999,4947.4666043897805,0.9894933208779562
2012-04-06,600000.SH,buy,682.6292403944173,59.458864575,40588.35955954678,8.117671911909357
2012-04-06,601333.SH,buy,457.9600228593236,3.87823815,1776.078031827901,0.3552156063655802
2012-04-06,600028.SH,buy,337.5032966969557,11.491272764999998,3878.342441431441,0.7756684882862882
2012-04-06,601299.SH,buy,9113.96376747526,4.4534256,40588.35955954677,8.117671911909355
2012-04-06,601009.SH,buy,3105.1812772327353,13.071172319999999,40588.35955954677,8.117671911909355
2012-04-06,601018.SH,buy,16212.185300755255,2.5035711599999995,40588.35955954677,8.117671911909355
2012-04-06,000001.SZ,buy,71.5549662241067,564.0060621,40357.43472375693,8.071486944751387
2012-05-03,601818.SH,sell,13868.752582767891,3.16157842,43847.14887799823,8.769429775599647
2012-05-03,601333.SH,sell,10472.676113983442,3.7868056500000002,39657.989079052546,7.93159781581051
2012-05-03,601668.SH,sell,12850.198138037975,3.46276775,44497.25169350795,8.89945033870159
2012-05-03,600000.SH,sell,682.6292403944173,63.257405475000006,43181.3546487209,8.636270929744182
2012-05-03,601299.SH,sell,9113.96376747526,4.8339818,44056.734977834836,8.811346995566968
2012-05-03,601009.SH,sell,3105.1812772327353,14.128932,43872.89511369447,8.774579022738894
2012-05-03,000001.SZ,sell,71.5549662241067,602.20142866,43090.5028878751,8.61810057757502
2012-05-03,601006.SH,buy,110.09310692534251,8.75885724,964.2898066671303,0.19285796133342606
2012-05-03,601988.SH,buy,191.284654661153,3.64015917,696.3065897450793,0.1392613179490159
2012-05-03,601288.SH,buy,201.49435327199282,2.7832609349999995,560.811362085027,0.1121622724170054
2012-05-03,601398.SH,buy,125.17525105122242,5.1769872,648.030672448965,0.129606134489793
2012-05-03,600005.SH,buy,2798.739940578044,15.139716075,42372.128068113954,8.474425613622792
2012-05-03,601328.SH,sell,72.5457738737699,6.215770560000001,450.92788549699617,0.09018557709939924
2012-05-03,600009.SH,buy,31.900814924577297,34.41639959999999,1097.9111940098958,0.21958223880197916
2012-05-03,601857.SH,buy,6.694668124520368,11.229652020000001,75.17879342774978,0.015035758685549957
2012-05-03,600900.SH,buy,56.5768565486727,15.003247874999998,848.8366027880534,0.16976732055761068
2012-05-03,601933.SH,buy,1299.9144436681024,32.5960899,42372.128068113954,8.474425613622792
2012-05-03,601939.SH,buy,321.3279663685386,5.55713718,1785.6635888803955,0.35713271777607913
2012-05-03,600795.SH,buy,84.13282403126273,503.6337310199999,42372.12806811396,8.474425613622794
2012-05-03,600808.SH,buy,9031.112943270118,4.691794724999999,42372.12806811396,8.474425613622794
2012-05-03,600028.SH,buy,95.09864183776287,11.682528345,1110.9925788406676,0.22219851576813354
2012-05-03,000581.SZ,buy,488.00258055742415,86.82767213999999,42372.12806811396,8.474425613622794
2012-05-03,601018.SH,sell,421.95293880144857,2.68259803,1131.9301223814764,0.2263860244762953
2012-05-03,600036.SH,sell,4.648493302119949,43.53732045,202.3829425040749,0.04047658850081498
2012-05-03,600085.SH,buy,282.319940370957,150.08549524500003,42372.12806811396,8.474425613622794
2012-05-03,000825.SZ,buy,1694.7042978485179,24.69266016,41846.75729846487,8.369351459692975
2012-05-03,600019.SH,sell,33.647720549141866,9.3171391,313.5004927542832,0.06270009855085663
2012-06-04,601018.SH,sell,15790.232361953806,2.6321732549999997,41562.62731337028,8.312525462674056
2012-06-04,600005.SH,sell,2798.739940578044,14.411640575,40334.43408650762,8.066886817301524
2012-06-04,601933.SH,sell,1299.9144436681024,28.79035762,37425.00170860802,7.485000341721604
2012-06-04,000581.SZ,sell,488.00258055742415,85.57327196,41759.97754322227,8.351995508644453
2012-06-04,600085.SH,sell,282.319940370957,155.32362933500002,43850.95777205783,8.770191554411566
2012-06-04,000825.SZ,sell,1694.7042978485179,23.409409440000005,39672.026788063675,7.934405357612735
2012-06-04,601988.SH,sell,302.65908597635735,3.5889846100000002,1086.2388016458135,0.2172477603291627
2012-06-04,600900.SH,sell,184.93043994299887,15.4164879,2850.977889722919,0.5701955779445839
2012-06-04,601006.SH,sell,80.32556013660225,8.55334119,687.0519221262219,0.1374103844252444
2012-06-04,601939.SH,buy,213.35792737397645,5.196737069999998,1108.7650503627108,0.22175301007254217
2012-06-04,601857.SH,buy,135.61203132419797,10.4204076,1413.1326418621106,0.28262652837242214
2012-06-04,601328.SH,buy,45.35960664431255,5.9415692999999985,269.5072462979234,0.053901449259584684
2012-06-04,601398.SH,buy,18.821726384501208,4.965201359999999,93.45366144187327,0.018690732288374656
2012-06-04,600019.SH,buy,88.54205190238878,8.794044825,778.6427733270834,0.15572855466541669
2012-06-04,600000.SH,buy,702.3436704610117,57.994032525,40731.74166844379,8.146348333688758
2012-06-04,600050.SH,buy,6860.62931204876,5.93702703,40731.74166844379,8.146348333688758
2012-06-04,600028.SH,buy,94.84246786608486,10.944269399999998,1037.9815188872756,0.2075963037774551
2012-06-04,000898.SZ,buy,4816.439218683986,8.456816295,40731.7416684438,8.14634833368876
2012-06-04,601818.SH,buy,13266.30973072559,3.0703143899999996,40731.7416684438,8.14634833368876
2012-06-04,601333.SH,buy,11546.381342481654,3.52766295,40731.74166844379,8.146348333688758
2012-06-04,600808.SH,buy,123.05021310535686,4.45260519,547.894017503518,0.10957880350070359
2012-06-04,600009.SH,sell,11.622993114959877,33.36616857,387.81474756170064,0.07756294951234013
2012-06-04,601288.SH,sell,147.61435986649585,2.698999825,398.41113144715933,0.07968222628943188
2012-06-04,600036.SH,buy,30.217440520129987,40.63100535,1227.7649874367085,0.2455529974873417
2012-06-04,600863.SH,buy,829.1953637477832,48.35176379999999,40093.05837198789,8.01861167439758
2012-06-04,600795.SH,sell,0.9528366157813024,489.53223144,466.44423472115886,0.09328884694423177
2012-07-03,600036.SH,sell,1003.1599772492011,39.485097575,39609.869585019485,7.921973917003897
2012-07-03,600795.SH,sell,83.17998741548142,541.1107492800002,45009.585315492135,9.001917063098427
2012-07-03,600808.SH,sell,9154.163156375475,3.951873075,36176.090901837255,7.235218180367451
2012-07-03,600000.SH,sell,702.3436704610117,55.817347364999996,39202.96062373138,7.840592124746276
2012-07-03,600050.SH,sell,6860.62931204876,5.43562083,37291.77959548081,7.458355919096162
2012-07-03,600863.SH,sell,829.1953637477832,46.944516,38926.17502058363,7.785235004116726
2012-07-03,601988.SH,sell,148.65018907218112,3.5260560899999995,524.1489044576156,0.10482978089152312
2012-07-03,601006.SH,buy,119.31396792253318,8.098467209999999,966.2602569156267,0.19325205138312535
2012-07-03,601288.SH,sell,791.7714281439522,2.76179841,2186.7130713313963,0.4373426142662793
2012-07-03,601857.SH,sell,46.330408650448355,10.214570160000001,473.2452097014757,0.09464904194029514
2012-07-03,601398.SH,sell,91.31966257045923,4.863467050000001,444.1301699285468,0.08882603398570937
2012-07-03,601939.SH,sell,141.66608182365937,5.126295570000001,726.2222076718826,0.14524444153437654
2012-07-03,600005.SH,buy,2849.650532474673,13.858885979999998,39492.98181241278,7.898596362482556
2012-07-03,601328.SH,sell,45.67188418163433,5.7936917050000005,264.6088165348556,0.05292176330697112
2012-07-03,000825.SZ,buy,1756.5773982994538,22.48291584,39492.98181241278,7.898596362482556
2012-07-03,600028.SH,buy,129.37315890854634,10.255125,1326.7379162520062,0.26534758325040125
2012-07-03,600900.SH,sell,92.38223011042065,15.489671290000002,1430.9703774475565,0.2861940754895113
2012-07-03,000709.SZ,buy,1599.4040993493054,24.692309984999994,39492.98181241278,7.898596362482556
2012-07-03,600009.SH,sell,18.35130466162915,32.845229169999996,602.7528071796987,0.12055056143593974
2012-07-03,601333.SH,buy,723.1339516460653,3.22090965,2329.1491230994448,0.465829824619889
2012-07-03,000100.SZ,buy,7399.559322794069,5.3372072699999995,39492.98181241278,7.898596362482556
2012-07-03,601818.SH,sell,303.9633831392158,3.04579634,925.8105598594411,0.18516211197188823
2012-07-03,600839.SH,buy,697.0549367248681,56.656914300000004,39492.98181241278,7.898596362482556
2012-07-03,000898.SZ,buy,167.42332097029004,7.929532785,1327.5887126074929,0.26551774252149857
2012-07-03,601618.SH,buy,15808.901113307653,2.4981484499999995,39492.98181241278,7.898596362482556
2012-07-03,600019.SH,buy,152.83191438538654,8.219457675000001,1256.1954516799085,0.2512390903359817
2012-08-02,601006.SH,sell,4879.930157817331,7.4008977,36115.86388115092,7.223172776230185
2012-08-02,600028.SH,sell,3853.6538559758633,9.9006472,38153.667258936635,7.630733451787328
2012-08-02,601333.SH,sell,12269.51529412772,3.0888148199999996,37898.26067471835,7.579652134943671
2012-08-02,000825.SZ,sell,1756.5773982994538,22.52425224,39565.59239837984,7.913118479675969
2012-08-02,000709.SZ,sell,1599.4040993493054,23.757385365,37997.659542602196,7.599531908520439
2012-08-02,000100.SZ,sell,7399.559322794069,4.93397178,36509.21688310185,7.30184337662037
2012-08-02,600839.SH,sell,697.0549367248681,54.44408434000001,37950.51776466209,7.590103552932418
2012-08-02,601988.SH,sell,112.4222012070206,3.438529875,386.5670974636014,0.07731341949272028
2012-08-02,601818.SH,sell,85.8750738553052,2.9599992599999996,254.1901550641487,0.05083803101282974
2012-08-02,601288.SH,sell,52.85466910582976,2.67616125,141.44761734259373,0.02828952346851875
2012-08-02,600900.SH,sell,73.2623959167819,15.396078110000001,1127.9535700605193,0.22559071401210387
2012-08-02,601857.SH,sell,66.72405952387011,10.0341804,669.5212502828508,0.13390425005657017
2012-08-02,601939.SH,buy,48.64265438893923,4.922730135,239.45466060682116,0.047890932121364235
2012-08-02,600005.SH,sell,33.44685143134144,13.533909659999999,452.66666568321676,0.09053333313664336
2012-08-02,601668.SH,buy,11669.533208762708,3.2671327499999996,38125.914123561226,7.625182824712246
2012-08-02,600009.SH,sell,37.92611068573513,32.74104129,1241.740355930764,0.24834807118615282
2012-08-02,600600.SH,buy,686.2910699749418,55.553562899999996,38125.914123561226,7.625182824712246
2012-08-02,601018.SH,buy,14684.724737269604,2.5962975,38125.914123561226,7.625182824712246
2012-08-02,600019.SH,sell,57.836306439057005,8.058118925,466.05183546866465,0.09321036709373294
2012-08-02,601398.SH,buy,94.14540615034723,4.6459218,437.39219480375226,0.08747843896075046
2012-08-02,601998.SH,buy,8489.547192763712,4.490924339999999,38125.91412356122,7.625182824712244
2012-08-02,000001.SZ,buy,70.00627094246273,544.60712748,38125.914123561226,7.625182824712246
2012-08-02,000898.SZ,buy,114.37632724297738,7.483369815,855.9203548406591,0.17118407096813182
2012-08-02,601899.SH,buy,6386.556906917964,5.969713365,38125.914123561226,7.625182824712246
2012-08-02,601618.SH,buy,384.7904709266055,2.3559773999999996,906.5576532384395,0.1813115306476879
2012-08-02,601328.SH,sell,55.24344476394096,5.638849165,311.5094523788721,0.06230189047577442
2012-08-02,600016.SH,buy,445.08193512276574,85.24259999999998,37939.941362895865,7.587988272579174
2012-09-04,600019.SH,sell,4729.917722182911,8.345225300000001,39472.229042079205,7.894445808415841
2012-09-04,601328.SH,sell,6759.2367993419375,5.49691017,37154.917503740944,7.430983500748189
2012-09-04,000898.SZ,sell,5098.2388668972535,7.111212615,36254.660544563056,7.250932108912611
2012-09-04,600005.SH,sell,2816.2036810433315,12.91166094,36361.867067611405,7.272373413522281
2012-09-04,601618.SH,sell,16193.691584234259,2.0695647,33513.8924654183,6.7027784930836605
2012-09-04,600600.SH,sell,686.2910699749418,51.28142645999999,35193.985035074686,7.038797007014938
2012-09-04,601998.SH,sell,8489.547192763712,4.4175901,37503.339632235766,7.500667926447154
2012-09-04,000001.SZ,sell,70.00627094246273,509.96914787000003,35701.038338084065,7.140207667616814
2012-09-04,601899.SH,sell,6386.556906917964,6.093041955,38913.55918184618,7.782711836369237
2012-09-04,601018.SH,sell,109.93784679344881,2.55220326,280.5837309836206,0.056116746196724125
2012-09-04,600900.SH,buy,24.065401457467807,14.89620438,358.48313859719036,0.07169662771943808
2012-09-04,600009.SH,sell,19.784183372619367,32.50643865,643.1133430424015,0.12862266860848032
2012-09-04,601668.SH,sell,48.4591741375791,3.2008987500000003,155.11290992300928,0.03102258198460186
2012-09-04,601288.SH,sell,58.807957348272744,2.6226380250000005,154.2319851141583,0.03084639702283166
2012-09-04,601939.SH,sell,90.87346149654637,4.85649054,441.3261060950317,0.08826522121900635
2012-09-04,601818.SH,sell,264.0243852579119,2.9492746249999997,778.6804198223836,0.15573608396447672
2012-09-04,601398.SH,sell,197.5029314130345,4.6412782,916.6660500034124,0.18333321000068248
2012-09-04,601988.SH,sell,266.61938919682154,3.438529875,916.7787350075231,0.18335574700150462
2012-09-04,600863.SH,buy,842.5323024866661,44.163440685,37209.12536606636,7.441825073213272
2012-09-04,600795.SH,buy,73.3483043411792,507.29360003999994,37209.12536606635,7.441825073213271
2012-09-04,601857.SH,sell,53.46178954717481,9.93271116,531.0205136687946,0.10620410273375892
2012-09-04,601169.SH,buy,3955.723975559298,9.406400849999999,37209.12536606636,7.441825073213272
2012-09-04,601009.SH,buy,3072.4802634592256,12.1104522,37209.12536606636,7.441825073213272
2012-09-04,601006.SH,buy,5005.993929496561,7.432914599999999,37209.12536606635,7.441825073213271
2012-09-04,600660.SH,buy,91.8258053032186,405.21425587500005,37209.12536606636,7.441825073213272
2012-09-04,600839.SH,buy,696.5473563232985,53.41937633999999,37209.12536606636,7.441825073213272
2012-09-04,600016.SH,sell,3.0367381812386984,84.14938426000002,255.5396481100688,0.05110792962201376
2012-09-04,600649.SH,buy,572.390957937265,65.00648699999999,37209.12536606636,7.441825073213272
2012-09-04,601718.SH,buy,12605.66414307676,2.9333659499999998,36977.02597443729,7.395405194887458
2012-10-09,600016.SH,sell,442.045196941527,82.25675105000002,36361.20171766742,7.272240343533484
2012-10-09,600863.SH,sell,842.5323024866661,42.864127215,36114.41179653532,7.222882359307064
2012-10-09,600795.SH,sell,73.3483043411792,484.57679040000005,35542.88589893101,7.108577179786202
2012-10-09,600660.SH,sell,91.8258053032186,400.2799099250001,36756.02507556294,7.351205015112588
2012-10-09,600839.SH,sell,696.5473563232985,52.82693332,36796.46074671317,7.359292149342635
2012-10-09,600649.SH,sell,572.390957937265,62.012778100000006,35495.55346101005,7.099110692202011
2012-10-09,601718.SH,sell,12605.66414307676,2.9910637199999996,37704.34468486178,7.540868936972357
2012-10-09,601018.SH,sell,134.04820436583591,2.5418284500000006,340.72753952849604,0.0681455079056992
2012-10-09,601288.SH,sell,301.01016435838324,2.6440473150000003,795.885116859492,0.1591770233718984
2012-10-09,601818.SH,buy,351.67084024944995,2.83413636,996.6831151027176,0.19933662302054353
2012-10-09,600009.SH,sell,12.274981310267338,32.424489644999994,398.0100043873317,0.07960200087746634
2012-10-09,600019.SH,buy,4184.240736498806,8.77508535,36717.069587723876,7.343413917544775
2012-10-09,601398.SH,sell,105.9397015227382,4.6412782,491.69562719199166,0.09833912543839833
2012-10-09,601857.SH,sell,90.01416557969209,10.04269614,903.9849132124947,0.18079698264249894
2012-10-09,600900.SH,sell,67.48979971351964,15.091900275000002,1018.5493268561622,0.20370986537123245
2012-10-09,601988.SH,buy,14.628864693427252,3.3919051049999998,49.61972083399015,0.00992394416679803
2012-10-09,601169.SH,buy,196.2060220230707,8.849272424999999,1736.2805403077018,0.3472561080615404
2012-10-09,601006.SH,sell,111.4190910424253,7.499248499999999,835.5594513712713,0.16711189027425427
2012-10-09,600028.SH,buy,3656.948367231212,10.040357669999999,36717.069587723876,7.343413917544775
2012-10-09,601998.SH,buy,8782.287453480989,4.18080936,36717.069587723876,7.343413917544775
2012-10-09,601166.SH,buy,1464.3079538080544,25.07469108,36717.069587723876,7.343413917544775
2012-10-09,601939.SH,sell,139.29363177784654,4.88101827,679.8947616023216,0.13597895232046434
2012-10-09,000651.SZ,buy,30.082422340469538,1220.5489695,36717.069587723876,7.343413917544775
2012-10-09,601668.SH,sell,153.73075897685356,3.2008987500000003,492.0765942455619,0.0984153188491124
2012-10-09,600276.SH,buy,97.8790555350191,375.12692973,36717.069587723876,7.343413917544775
2012-10-09,601009.SH,buy,86.00540887419193,11.6328135,1000.4848814247196,0.2000969762849439
2012-10-09,600600.SH,buy,715.2374404750673,51.084449459999995,36537.51087984833,7.307502175969666
2012-11-02,601668.SH,sell,11467.343275648276,3.2533725000000007,37307.53926105403,7.461507852210806
2012-11-02,601009.SH,sell,3158.4856723334174,11.898247900000001,37580.44551802117,7.516089103604235
2012-11-02,600028.SH,sell,3656.948367231212,10.646803935,38934.81226632909,7.786962453265819
2012-11-02,601998.SH,sell,8782.287453480989,4.176630640000001,36680.37086749628,7.336074173499257
2012-11-02,000651.SZ,sell,30.082422340469538,1333.5518905000001,40116.47118295259,8.023294236590518
2012-11-02,600276.SH,sell,97.8790555350191,373.26929199000006,36535.245760206475,7.307049152041295
2012-11-02,600600.SH,sell,715.2374404750673,49.436659305000006,35358.94966694612,7.0717899333892245
2012-11-02,601288.SH,sell,51.59173122384259,2.7082751849999998,139.72460542472254,0.02794492108494451
2012-11-02,601398.SH,sell,67.44161723796614,4.777060275000001,322.17267058924335,0.06443453411784868
2012-11-02,601857.SH,buy,79.09103601842533,10.041268125,794.1742989450412,0.15883485978900824
2012-11-02,601988.SH,sell,17.638775783591868,3.463537365,61.092558999327586,0.012218511799865517
2012-11-02,600900.SH,buy,45.95990635289225,15.13042143,695.392752002594,0.1390785504005188
2012-11-02,601018.SH,buy,58.98075504066977,2.58591231,152.5190605127625,0.030503812102552503
2012-11-02,600019.SH,buy,6.313052310805943,8.947521524999999,56.48617143938716,0.011297234287877432
2012-11-02,600009.SH,buy,52.07969585144679,31.66396407,1649.0496182167392,0.3298099236433479
2012-11-02,601939.SH,sell,248.05261228895088,5.150823300000001,1277.6751750037947,0.25553503500075897
2012-11-02,601818.SH,sell,76.06684800124141,2.9063760849999998,221.07886789213808,0.04421577357842762
2012-11-02,601006.SH,buy,67.68962649392184,7.555976099999999,511.4612000060001,0.10229224000120003
2012-11-02,600000.SH,buy,709.1764163405198,52.83435397499999,37468.877811656996,7.4937755623313995
2012-11-02,002142.SZ,buy,3766.6357628074493,9.9475713,37468.87781165699,7.493775562331398
2012-11-02,601158.SH,buy,6536.088439336681,5.732614874999999,37468.87781165699,7.493775562331398
2012-11-02,601166.SH,sell,51.54701138754749,26.513296720000003,1366.6812079472656,0.27333624158945313
2012-11-02,600016.SH,buy,426.37916572213925,87.87689649000001,37468.87781165699,7.493775562331398
2012-11-02,600036.SH,buy,1000.5523115813884,37.44819474,37468.87781165699,7.493775562331398
2012-11-02,601328.SH,buy,6793.5922328948855,5.515326284999999,37468.877811656996,7.4937755623313995
2012-11-02,600583.SH,buy,382.3146951080107,97.1021268,37123.570001881395,7.424714000376279
2012-11-02,601169.SH,sell,17.755578381010654,9.0604675,160.87384086484965,0.03217476817296993
2012-12-04,600009.SH,sell,1184.1206991798867,31.058672894999997,36777.21746402679,7.3554434928053585
2012-12-04,601169.SH,sell,4134.174419201358,9.1640157,37885.639284099634,7.577127856819927
2012-12-04,601166.SH,sell,1412.760942420507,25.94873914,36659.3651620503,7.33187303241006
2012-12-04,002142.SZ,sell,3766.6357628074493,8.919787875,33597.59200663127,6.719518401326254
2012-12-04,601158.SH,sell,6536.088439336681,5.189653875,33920.03669654631,6.784007339309262
2012-12-04,600583.SH,sell,382.3146951080107,88.81748904,33956.231242586684,6.7912462485173375
2012-12-04,601018.SH,sell,55.34585619195415,2.53145364,140.10546911603888,0.028021093823207777
2012-12-04,600019.SH,sell,64.51259362630717,8.862016775,571.7116869150922,0.11434233738301844
2012-12-04,601398.SH,sell,167.00861882361207,4.764716450000001,795.7487134006442,0.15914974268012885
2012-12-04,601857.SH,buy,22.71715263029133,9.742899014999999,221.33092398527003,0.044266184797054006
2012-12-04,601288.SH,sell,693.2905002883659,2.7832077,1929.5714587394325,0.3859142917478865
2012-12-04,601818.SH,buy,429.8942891337531,2.74825344,1181.4584589481915,0.2362916917896383
2012-12-04,601328.SH,sell,62.642220807637656,5.4323924450000005,340.29712705343263,0.06805942541068653
2012-12-04,600900.SH,sell,20.975227025706392,14.881315620000002,312.1389735706907,0.062427794714138146
2012-12-04,601988.SH,sell,142.0993604759161,3.4260261300000003,486.8361220467778,0.09736722440935557
2012-12-04,601939.SH,sell,104.90417352042138,5.101767840000001,535.1967387482655,0.1070393477496531
2012-12-04,600863.SH,buy,912.5814135214813,40.08005001,36576.30869213746,7.315261738427493
2012-12-04,600036.SH,buy,13.331976088252238,36.100351155,481.2890183759691,0.09625780367519382
2012-12-04,000825.SZ,buy,1762.0025871071339,20.758374,36576.30869213746,7.315261738427493
2012-12-04,601898.SH,buy,5033.461335164368,7.266631500000001,36576.30869213746,7.315261738427493
2012-12-04,601179.SH,buy,11276.033952468713,3.24372105,36576.30869213746,7.315261738427493
2012-12-04,600016.SH,sell,19.985186639210923,89.97287106000002,1798.1246205997595,0.3596249241199519
2012-12-04,600795.SH,buy,79.02758850766861,462.82961916000005,36576.30869213746,7.315261738427493
2012-12-04,600000.SH,buy,13.824857345980394,50.624289495,699.8735805099889,0.13997471610199777
2012-12-04,601006.SH,sell,271.1092147702494,7.7943009,2113.1067966820483,0.42262135933640965
2012-12-04,600642.SH,buy,1251.7993624180526,29.098531994999995,36425.5237986423,7.285104759728461
2013-01-07,601398.SH,sell,7674.104986361203,5.196750325000001,39880.40758195671,7.976081516391342
2013-01-07,601939.SH,sell,7167.136116395602,5.7517526850000005,41223.59440123888,8.244718880247776
2013-01-07,601288.SH,sell,13137.491447788672,3.0829377599999996,40502.068456064764,8.100413691212953
2013-01-07,601818.SH,sell,13317.94516985512,3.292462945,43848.84097528971,8.769768195057942
2013-01-07,600000.SH,sell,723.0012736865002,69.34046242500001,50133.24265128592,10.026648530257184
2013-01-07,600016.SH,sell,406.39397908292835,115.59621298000002,46977.60495985986,9.395520991971972
2013-01-07,600036.SH,sell,1013.8842876696406,49.12892325000001,49811.0433533027,9.96220867066054
2013-01-07,601328.SH,sell,6730.950012087248,6.52919377,43947.676885101486,8.789535377020298
2013-01-07,600863.SH,sell,912.5814135214813,45.688264440000005,41694.26094399843,8.338852188799686
2013-01-07,601898.SH,sell,5033.461335164368,8.34558512,42007.18002084309,8.401436004168618
2013-01-07,600795.SH,sell,79.02758850766861,526.97725956,41645.74202140656,8.329148404281312
2013-01-07,601018.SH,buy,1410.6006808157424,2.6378382599999997,3720.936445437813,0.7441872890875626
2013-01-07,601857.SH,buy,274.7782679814016,10.374064439999998,2850.5674587506483,0.5701134917501297
2013-01-07,600019.SH,buy,292.79383813193743,9.46483005,2771.243917605997,0.5542487835211994
2013-01-07,600642.SH,buy,90.34245144107601,31.161753089999994,2815.2291653521247,0.563045833070425
2013-01-07,601006.SH,buy,299.4497221392938,8.380488149999998,2509.5348479091435,0.5019069695818287
2013-01-07,600009.SH,buy,1233.6977721521523,33.878800935,41796.20123669576,8.359240247339152
2013-01-07,600900.SH,buy,127.09873909567932,16.184398155,2057.0165985229387,0.41140331970458777
2013-01-07,000825.SZ,buy,36.96422875347636,23.249378880000002,859.3953592965621,0.17187907185931242
2013-01-07,601179.SH,buy,583.3438770123367,3.52666245,2057.256946496826,0.4114513892993652
2013-01-07,601988.SH,buy,654.5687216928894,3.6922952249999996,2416.860965541009,0.48337219310820184
2013-01-07,600005.SH,buy,2855.4242455247113,14.637475079999998,41796.20123669576,8.359240247339152
2013-01-07,600600.SH,buy,816.1950956353829,51.2085915,41796.20123669576,8.359240247339152
2013-01-07,600085.SH,buy,225.57660148549405,185.28606673500002,41796.20123669576,8.359240247339152
2013-01-07,600839.SH,buy,752.0313890398086,55.57773498,41796.20123669576,8.359240247339152
2013-01-07,600050.SH,buy,8142.859789857475,5.13286515,41796.20123669576,8.359240247339152
2013-01-07,601899.SH,buy,6798.7035087566,6.147672299999999,41796.20123669575,8.35924024733915
2013-01-07,601088.SH,buy,1490.3201650989722,28.045115550000002,41796.20123669576,8.359240247339152
2013-01-07,600832.SH,buy,455.5463546958795,91.74961187999999,41796.20123669575,8.35924024733915
2013-01-07,000729.SZ,buy,967.8465056753446,43.18474158,41796.20123669576,8.359240247339152
2013-01-07,600997.SH,buy,1172.665526688743,35.354478404999995,41458.978039605114,8.291795607921022
2013-02-04,600900.SH,sell,2584.218593691718,18.086882035000002,46740.45685675571,9.348091371351142
2013-02-04,601179.SH,sell,11859.37782948105,3.8562709,45732.97361593294,9.146594723186588
2013-02-04,600009.SH,sell,1233.6977721521523,36.6038889,45158.1361880349,9.03162723760698
2013-02-04,600005.SH,sell,2855.4242455247113,15.40065582,43975.406025409255,8.795081205081852
2013-02-04,600600.SH,sell,816.1950956353829,50.769852375,41438.104514607396,8.28762090292148
2013-02-04,600085.SH,sell,225.57660148549405,209.03543000000002,47153.501889458894,9.43070037789178
2013-02-04,601088.SH,sell,1490.3201650989722,27.52672975,41023.64042565479,8.204728085130958
2013-02-04,600832.SH,sell,455.5463546958795,96.63931617000001,44023.688201546065,8.804737640309213
2013-02-04,601018.SH,sell,595.9029318739399,2.71820022,1619.7834805183884,0.32395669610367767
2013-02-04,600642.SH,sell,48.18458388398357,32.054574695,1544.5363432566446,0.30890726865132895
2013-02-04,600019.SH,sell,110.66449013795577,9.627633775000001,1065.4371829453376,0.2130874365890675
2013-02-04,601899.SH,sell,184.34957076599107,6.27082302,1156.0235320864958,0.23120470641729918
2013-02-04,601988.SH,sell,830.104824267663,3.9511834200000004,3279.896418508404,0.6559792837016809
2013-02-04,601857.SH,sell,141.2600481957703,10.661766450000002,1506.0816425790472,0.30121632851580943
2013-02-04,601898.SH,buy,4758.104705422337,8.7199578,41490.47223926421,8.298094447852842
2013-02-04,600839.SH,sell,29.54409303763756,57.40886121,1696.092736773062,0.3392185473546124
2013-02-04,600050.SH,sell,408.6926267659452,5.36281725,2191.7438687682225,0.4383487737536445
2013-02-04,000729.SZ,buy,2.160539883882614,42.80325093,92.4781307941006,0.018495626158820118
2013-02-04,601106.SH,buy,14745.73923685033,2.81372616,41490.47223926421,8.298094447852842
2013-02-04,600655.SH,buy,32.11144326487167,1292.077465875,41490.472239264214,8.298094447852844
2013-02-04,601600.SH,buy,7917.6077428811595,5.2402788299999985,41490.472239264214,8.298094447852844
2013-02-04,601618.SH,buy,18828.0571930621,2.2036512749999995,41490.47223926421,8.298094447852842
2013-02-04,601006.SH,sell,311.3101877876105,8.86386585,2759.411742287688,0.5518823484575376
2013-02-04,601398.SH,buy,7545.783081577385,5.498497875000001,41490.47223926421,8.298094447852842
2013-02-04,002001.SZ,buy,247.1134992314163,167.90046827999998,41490.472239264214,8.298094447852844
2013-02-04,000825.SZ,sell,56.25125529085617,23.80041384,1338.8031549418665,0.2677606309883733
2013-02-04,600219.SH,buy,2552.7693056681396,16.2531225,41490.472239264214,8.298094447852844
2013-02-04,601939.SH,buy,6651.903361439663,6.199448175,41238.13015435348,8.247626030870697
2013-03-04,601006.SH,sell,4679.294784529491,9.650672250000001,45158.340326628495,9.0316680653257
2013-03-04,600642.SH,sell,1293.957229975145,32.409946919999996,41937.08514024468,8.387417028048937
2013-03-04,600050.SH,sell,7734.16716309153,5.15712015,39886.02932024766,7.977205864049533
2013-03-04,601898.SH,sell,4758.104705422337,8.03370114,38225.1911961908,7.6450382392381595
2013-03-04,601106.SH,sell,14745.73923685033,2.80083888,41300.439768911936,8.260087953782387
2013-03-04,601600.SH,sell,7917.6077428811595,4.919309115,38949.15993854986,7.789831987709973
2013-03-04,601618.SH,sell,18828.0571930621,2.1608690249999998,40684.96558941634,8.136993117883268
2013-03-04,002001.SZ,sell,247.1134992314163,168.933381055,41745.718929495306,8.349143785899061
2013-03-04,600219.SH,sell,2552.7693056681396,15.382305,39267.476054425555,7.853495210885112
2013-03-04,601939.SH,sell,6651.903361439663,5.665905630000001,37689.05670579692,7.537811341159384
2013-03-04,601018.SH,buy,120.31014205458156,2.6274530699999996,316.1092520934464,0.06322185041868929
2013-03-04,600019.SH,sell,73.13312536862523,9.531931650000002,697.0999523646169,0.1394199904729234
2013-03-04,600839.SH,buy,4.57807043881687,55.57773498,254.43878556833633,0.05088775711366727
2013-03-04,601899.SH,buy,228.63880613125244,5.905001025,1350.112384559822,0.2700224769119644
2013-03-04,601857.SH,buy,17.853664466329263,10.339637235,184.60041389725444,0.03692008277945089
2013-03-04,601398.SH,buy,353.3280519091858,5.11545645,1807.4342621047792,0.36148685242095585
2013-03-04,600832.SH,buy,426.9675289660666,94.57523398500001,40380.55395596302,8.076110791192605
2013-03-04,000825.SZ,buy,39.38075556156035,22.674531599999998,892.9401864124758,0.17858803728249517
2013-03-04,600415.SH,buy,334.57615925775906,120.69166567500001,40380.55395596301,8.076110791192603
2013-03-04,600655.SH,sell,0.8375573295984584,1290.786034125,1081.1073038247196,0.21622146076494392
2013-03-04,000725.SZ,buy,3804.0009282843585,10.61528499,40380.55395596301,8.076110791192603
2013-03-04,600221.SH,buy,6423.742442953761,6.286141499999999,40380.55395596302,8.076110791192605
2013-03-04,601988.SH,buy,372.930210844157,3.7173277349999996,1386.3038159903824,0.2772607631980765
2013-03-04,600009.SH,buy,1121.3205279792296,36.011606805,40380.55395596302,8.076110791192605
2013-03-04,600096.SH,buy,1254.503824991452,32.18846618999999,40380.55395596302,8.076110791192605
2013-03-04,600535.SH,buy,166.76337462759443,242.142820905,40380.55395596302,8.076110791192605
2013-03-04,600895.SH,buy,317.45826334852825,127.19956799999997,40380.55395596302,8.076110791192605
2013-03-04,000729.SZ,sell,72.3864698735177,44.9709033,3255.284936910328,0.6510569873820656
2013-03-04,600037.SH,buy,1184.3736250147745,34.094438700000005,40380.55395596302,8.076110791192605
2013-03-04,000898.SZ,buy,5358.0289964926815,7.483369815,40096.11246024807,8.019222492049614
2013-04-02,000729.SZ,sell,897.6205756857095,45.733122,41050.99129754479,8.210198259508958
2013-04-02,600655.SH,sell,31.27388593527321,1469.915524575,45969.97045004584,9.193994090009168
2013-04-02,601398.SH,sell,7899.111133486571,5.023936775000001,39684.634913335125,7.936926982667026
2013-04-02,600832.SH,sell,426.9675289660666,91.32581425000001,38993.1572411365,7.7986314482273
2013-04-02,000725.SZ,sell,3804.0009282843585,11.492290980000002,43716.68555603397,8.743337111206793
2013-04-02,600221.SH,sell,6423.742442953761,6.8590687500000005,44060.89104851281,8.812178209702562
2013-04-02,600009.SH,sell,1121.3205279792296,36.38535822,40799.6490899638,8.15992981799276
2013-04-02,600096.SH,sell,1254.503824991452,29.03337605,36422.48130714021,7.284496261428043
2013-04-02,600535.SH,sell,166.76337462759443,271.64239086000003,45300.00179172162,9.060000358344324
2013-04-02,600895.SH,sell,317.45826334852825,117.4260576,37277.87231756024,7.455574463512049
2013-04-02,600037.SH,sell,1184.3736250147745,30.784400100000003,36460.23154034219,7.292046308068438
2013-04-02,000898.SZ,sell,5358.0289964926815,6.68575545,35822.471564558975,7.1644943129117955
2013-04-02,601857.SH,buy,85.72400190357016,9.972413715,854.8752122878491,0.17097504245756984
2013-04-02,601088.SH,buy,1645.6759742426773,24.185286599999998,39801.14508779337,7.960229017558674
2013-04-02,601899.SH,buy,355.3294692598899,5.53290507,1966.004221988454,0.3932008443976908
2013-04-02,600019.SH,buy,86.74063924017959,9.215755575,799.3805296567488,0.15987610593134977
2013-04-02,600219.SH,buy,2797.5565724727903,14.22711,39801.14508779336,7.960229017558673
2013-04-02,000402.SZ,buy,234.34033544226952,169.84333922999997,39801.14508779337,7.960229017558674
2013-04-02,601018.SH,buy,147.53516431764538,2.5651419300000002,378.44863614063206,0.07568972722812642
2013-04-02,601618.SH,buy,19307.07100903351,2.0614802249999995,39801.14508779337,7.960229017558674
2013-04-02,600415.SH,buy,18.028063711588082,112.952658105,2036.317716710166,0.40726354334203324
2013-04-02,601106.SH,buy,15786.212087525035,2.52126,39801.14508779337,7.960229017558674
2013-04-02,000825.SZ,buy,84.83893215302767,21.333221279999997,1809.8877127794458,0.36197754255588915
2013-04-02,600642.SH,buy,1226.8259473389105,32.442373079999996,39801.14508779336,7.960229017558673
2013-04-02,601898.SH,buy,5207.243109660595,7.643419799999999,39801.14508779336,7.960229017558673
2013-04-02,000709.SZ,buy,1843.125006570412,21.594381795,39801.14508779336,7.960229017558673
2013-04-02,601988.SH,buy,65.15518354825878,3.6422302049999997,237.31017753178716,0.047462035506357435
2013-04-02,600547.SH,buy,114.17957533185613,348.58375477499993,39801.14508779337,7.960229017558674
2013-04-02,600839.SH,buy,0.16127685277473355,54.768350489999996,8.832867198690735,0.0017665734397381472
2013-04-02,601808.SH,buy,2276.540892067042,17.483167215,39801.14508779337,7.960229017558674
2013-04-02,600022.SH,buy,4654.956056700572,8.550272999999999,39801.14508779337,7.960229017558674
2013-04-02,600508.SH,buy,934.1804013699491,42.241520205,39461.20029958372,7.892240059916744
2013-05-03,600839.SH,sell,727.2266432937627,58.75648706000001,42729.28285637721,8.545856571275444
2013-05-03,601899.SH,sell,7198.322213381752,4.9778698200000004,35832.310900628625,7.166462180125725
2013-05-03,600997.SH,sell,1172.665526688743,30.259862500000004,35484.69759609145,7.0969395192182905
2013-05-03,600219.SH,sell,2797.5565724727903,13.695648750000002,38314.35217484126,7.662870434968252
2013-05-03,000402.SZ,sell,234.34033544226952,162.33329275000003,38041.23827648314,7.608247655296629
2013-05-03,601106.SH,sell,15786.212087525035,2.45829024,38807.09110133282,7.761418220266565
2013-05-03,601898.SH,sell,5207.243109660595,7.14106768,37185.275472299974,7.437055094459995
2013-05-03,601808.SH,sell,2276.540892067042,16.105273335000003,36664.31332504445,7.332862665008891
2013-05-03,600508.SH,sell,934.1804013699491,40.034472750000006,37399.4198222293,7.47988396444586
2013-05-03,601398.SH,buy,7628.023026935903,5.028963225,38361.04728191384,7.672209456382768
2013-05-03,601857.SH,sell,30.441662096315618,9.67583966,294.54864142784936,0.058909728285569875
2013-05-03,000825.SZ,buy,5.378047273404592,20.50288632,110.26549187020032,0.022053098374040066
2013-05-03,601988.SH,sell,248.85028164070133,3.588574815,893.0178534014776,0.17860357068029553
2013-05-03,600019.SH,sell,182.22353826209178,9.2639657,1688.112608192656,0.3376225216385312
2013-05-03,600900.SH,buy,2287.488535896537,16.769940780000002,38361.04728191384,7.672209456382768
2013-05-03,601018.SH,sell,377.89071333029347,2.53145364,956.6128217821679,0.19132256435643358
2013-05-03,601618.SH,sell,685.8897764992397,2.0594197749999994,1412.534969192864,0.2825069938385728
2013-05-03,601288.SH,buy,13259.285660248977,2.89314585,38361.04728191384,7.672209456382768
2013-05-03,000709.SZ,buy,21.06465031253478,20.592110909999995,433.7656155160823,0.08675312310321646
2013-05-03,601939.SH,buy,6606.442490017931,5.806611855,38361.04728191384,7.672209456382768
2013-05-03,600642.SH,sell,22.443087172752282,31.841351360000004,714.6182242707146,0.1429236448541429
2013-05-03,600741.SH,buy,128.22522613134987,299.16926988,38361.04728191384,7.672209456382768
2013-05-03,600022.SH,sell,26.44354492068383,8.28547519,219.0973353759764,0.04381946707519528
2013-05-03,601328.SH,buy,6386.959570182648,6.006151575,38361.04728191384,7.672209456382768
2013-05-03,600068.SH,buy,1504.332152515571,25.50038382,38361.04728191384,7.672209456382768
2013-05-03,601088.SH,buy,41.955644056660184,22.746217425,954.3322019187016,0.19086644038374032
2013-05-03,601179.SH,buy,11609.25192834407,3.30435135,38361.04728191384,7.672209456382768
2013-05-03,600005.SH,buy,2902.114447402475,13.132202819999998,38111.15553014152,7.622231106028305
2013-05-03,600415.SH,sell,0.0946803287783069,108.79004776500003,10.300277490197914,0.002060055498039583
2013-06-04,600415.SH,sell,352.50954264056884,115.78500853500002,40815.32040330722,8.163064080661444
2013-06-04,601088.SH,sell,1687.6316182993376,22.812637975,38499.32914342618,7.699865828685236
2013-06-04,000709.SZ,sell,1864.1896568829468,20.75357802,38688.60548819727,7.7377210976394535
2013-06-04,600022.SH,sell,4628.512511779888,8.499018365,39337.81284024954,7.867562568049909
2013-06-04,600900.SH,sell,2287.488535896537,17.7827042,40677.7319947392,8.135546398947842
2013-06-04,600741.SH,sell,128.22522613134987,313.69843232000005,40224.05242128196,8.044810484256391
2013-06-04,600068.SH,sell,1504.332152515571,25.730668230000003,38707.47152409992,7.741494304819985
2013-06-04,601179.SH,sell,11609.25192834407,3.8158911,44299.64111102598,8.859928222205196
2013-06-04,601857.SH,buy,68.5424366420497,9.788801954999999,670.9483378021596,0.13418966756043194
2013-06-04,601018.SH,buy,362.81090813948396,2.54437155,923.1257526997665,0.18462515053995332
2013-06-04,601988.SH,buy,2.9857732924676985,3.6922952249999996,11.02435647071101,0.002204871294142202
2013-06-04,601288.SH,buy,183.50987052175626,2.93600727,538.7863139686351,0.10775726279372702
2013-06-04,600219.SH,buy,2755.124251549928,14.31547416,39440.91003065234,7.888182006130468
2013-06-04,000825.SZ,buy,11.61851796984478,20.949989759999998,243.40783249462407,0.048681566498924814
2013-06-04,600019.SH,buy,143.06769540744926,9.215755575,1318.4769115536023,0.2636953823107205
2013-06-04,601398.SH,sell,40.7876652108982,5.196750325000001,211.96331244072644,0.04239266248814529
2013-06-04,000898.SZ,buy,5929.28384957598,6.651884279999999,39440.91003065234,7.888182006130468
2013-06-04,601618.SH,buy,524.1715225464264,2.0614802249999995,1080.5692282375994,0.2161138456475199
2013-06-04,600005.SH,sell,21.87739155238301,13.689471840000001,299.4899355890011,0.05989798711780022
2013-06-04,601899.SH,buy,7889.715348639331,4.999028265,39440.91003065234,7.888182006130468
2013-06-04,601939.SH,buy,77.62162659640396,5.904820934999999,458.3418057351988,0.09166836114703977
2013-06-04,600655.SH,buy,29.062195061506376,1357.1208213,39440.91003065234,7.888182006130468
2013-06-04,601600.SH,buy,9412.691568456474,4.190184045,39440.91003065234,7.888182006130468
2013-06-04,600115.SH,buy,9613.988740351399,4.1024502,39440.91003065234,7.888182006130468
2013-06-04,601106.SH,buy,15581.009071229713,2.5313450399999997,39440.91003065234,7.888182006130468
2013-06-04,600642.SH,buy,17.537445458088285,32.30008197,566.4609258406558,0.11329218516813117
2013-06-04,601818.SH,buy,11700.393394001245,3.3709046099999997,39440.91003065234,7.888182006130468
2013-06-04,601328.SH,buy,49.96480855971171,6.096566759999998,304.6137910349018,0.060922758206980364
2013-07-02,000825.SZ,sell,1883.9318135275914,16.207252320000002,30533.35825551687,6.106671651103374
2013-07-02,601618.SH,sell,19145.352755080694,1.6333329250000002,31270.73501561276,6.254147003122553
2013-07-02,600547.SH,sell,114.17957533185613,281.827006005,32178.887862699365,6.435777572539873
2013-07-02,601398.SH,sell,7587.235361725005,5.213971710000001,39559.6305331458,7.91192610662916
2013-07-02,601939.SH,sell,6684.064116614335,5.60869425,37488.87197748615,7.497774395497231
2013-07-02,600219.SH,sell,2755.124251549928,10.771711450000002,29677.403446593045,5.935480689318609
2013-07-02,000898.SZ,sell,5929.28384957598,5.227045170000001,30992.634507485138,6.1985269014970275
2013-07-02,601899.SH,sell,7889.715348639331,3.91118343,30858.123939014822,6.171624787802965
2013-07-02,600655.SH,sell,29.062195061506376,1201.013762715,34904.09624357706,6.980819248715413
2013-07-02,601600.SH,sell,9412.691568456474,3.23879979,30485.823475251596,6.09716469505032
2013-07-02,600115.SH,sell,9613.988740351399,3.4822580000000007,33478.38920299859,6.695677840599718
2013-07-02,601106.SH,sell,15581.009071229713,2.02506696,31552.58667360758,6.310517334721516
2013-07-02,601818.SH,sell,11700.393394001245,3.1819482300000006,37230.04605034596,7.446009210069192
2013-07-02,600019.SH,buy,341.4742234307038,7.7102531999999995,2632.8527239240984,0.5265705447848197
2013-07-02,600900.SH,buy,2208.5702690404974,16.13254224,35629.85315530399,7.125970631060798
2013-07-02,601018.SH,buy,583.9508747563307,2.2151069999999997,1293.5136703288713,0.25870273406577426
2013-07-02,000729.SZ,buy,795.6050793311431,44.78334047999999,35629.85315530399,7.125970631060798
2013-07-02,601988.SH,sell,831.4284958834565,3.6130725600000004,3004.01148407859,0.6008022968157181
2013-07-02,000568.SZ,buy,60.3594019182002,590.295,35629.85315530399,7.125970631060798
2013-07-02,600005.SH,buy,186.94648292143623,11.624109149999999,2173.0863226873853,0.43461726453747707
2013-07-02,601088.SH,buy,1889.8849540551448,18.852921749999997,35629.85315530399,7.125970631060798
2013-07-02,600050.SH,buy,7765.179962961745,4.58841306,35629.85315530399,7.125970631060798
2013-07-02,601328.SH,buy,378.65413910379846,5.231164274999999,1980.8020050606708,0.3961604010121342
2013-07-02,601288.SH,sell,910.8167801306188,2.8421582100000005,2588.6853894540036,0.5177370778908007
2013-07-02,601390.SH,buy,13883.027164781053,2.566432575,35629.85315530399,7.125970631060798
2013-07-02,600741.SH,buy,139.02193184693476,256.28944068,35629.85315530399,7.125970631060798
2013-07-02,000527.SZ,buy,68.25144358883087,522.0380885999999,35629.85315530399,7.125970631060798
2013-07-02,600519.SH,buy,33.827667121166954,1053.275504565,35629.85315530398,7.125970631060796
2013-07-02,601006.SH,buy,4696.015688318804,7.587251729999999,35629.85315530398,7.125970631060796
2013-07-02,600839.SH,buy,737.7808498709138,48.293274569999994,35629.85315530399,7.125970631060798
2013-07-02,601857.SH,sell,64.45842500481207,8.977658925000002,578.6857545358944,0.11573715090717888
2013-07-02,000709.SZ,buy,2102.367618182051,16.947489509999997,35629.85315530399,7.125970631060798
2013-07-02,600642.SH,buy,19.98755086398273,28.46568573,568.9593414065224,0.11379186828130448
2013-08-02,600005.SH,sell,3067.183538771528,11.92493455,36575.96295268786,7.315192590537573
2013-08-02,000729.SZ,sell,795.6050793311431,47.22405616,37571.69894751516,7.5143397895030315
2013-08-02,000568.SZ,sell,60.3594019182002,576.60243456,34803.378094619766,6.960675618923953
2013-08-02,600050.SH,sell,7765.179962961745,4.792182710000001,37212.16115854373,7.442432231708746
2013-08-02,601390.SH,sell,13883.027164781053,2.982458025,41405.54577889425,8.28110915577885
2013-08-02,600741.SH,sell,139.02193184693476,258.4468319400001,35929.777856018896,7.185955571203779
2013-08-02,000527.SZ,sell,68.25144358883087,589.8203423000001,40256.08982003337,8.051217964006675
2013-08-02,600519.SH,sell,33.827667121166954,935.8808354949999,31658.665368204467,6.331733073640894
2013-08-02,601006.SH,sell,4696.015688318804,8.035490245,37734.78825385271,7.546957650770543
2013-08-02,600839.SH,sell,737.7808498709138,54.17455917,39968.95230582471,7.9937904611649415
2013-08-02,000709.SZ,sell,2102.367618182051,17.021574955000002,35785.60799585061,7.1571215991701225
2013-08-02,601398.SH,buy,7137.492514370501,5.16660201,36876.583171106584,7.375316634221317
2013-08-02,601857.SH,sell,68.51435522082771,9.4550701,647.808031469227,0.12956160629384542
2013-08-02,601288.SH,buy,438.6727458073672,2.84500179,1248.0247470461748,0.24960494940923497
2013-08-02,601988.SH,buy,458.84404148982014,3.5767975049999996,1641.192222784905,0.32823844455698103
2013-08-02,601018.SH,buy,482.4247458467608,2.2259124,1073.8352238471534,0.2147670447694307
2013-08-02,601939.SH,buy,6507.787152225499,5.666531849999999,36876.583171106584,7.375316634221317
2013-08-02,600019.SH,sell,37.881743458382665,8.038298840000001,304.50477449869504,0.06090095489973901
2013-08-02,600900.SH,sell,86.16939349422533,17.369370970000002,1496.7081618611046,0.29934163237222094
2013-08-02,601866.SH,buy,19044.598469566157,1.9363276799999998,36876.583171106584,7.375316634221317
2013-08-02,600436.SH,buy,172.42774183223972,213.86687999999998,36876.58317110659,7.375316634221319
2013-08-02,600221.SH,buy,5981.757500139499,6.16484088,36876.58317110659,7.375316634221319
2013-08-02,600795.SH,buy,75.37074272069894,489.269202345,36876.583171106584,7.375316634221317
2013-08-02,600009.SH,buy,1072.04572315111,34.39833057,36876.583171106584,7.375316634221317
2013-08-02,601106.SH,buy,18282.814530783515,2.0170079999999997,36876.58317110659,7.375316634221319
2013-08-02,600132.SH,buy,473.9851803935658,77.80113112499998,36876.583171106584,7.375316634221317
2013-08-02,002051.SZ,buy,494.80355199831655,74.52772524,36876.583171106584,7.375316634221317
2013-08-02,601328.SH,buy,172.08288719785818,5.280989175,908.7678644946352,0.18175357289892705
2013-08-02,601618.SH,buy,22554.939322620055,1.6349670749999998,36876.58317110659,7.375316634221319
2013-08-02,601088.SH,buy,35.110505111389095,19.165397909999996,672.9068012808607,0.13458136025617215
2013-09-03,601018.SH,sell,16578.212455685345,2.5043471999999998,41517.59994440072,8.303519988880144
2013-09-03,600019.SH,sell,4586.21469416652,8.25555016,37861.725452220766,7.572345090444154
2013-09-03,600642.SH,sell,1241.9078564882293,32.823440070000004,40763.68809990356,8.152737619980712
2013-09-03,601088.SH,sell,1924.995459166534,19.87809598,38265.24449837653,7.653048899675307
2013-09-03,601866.SH,sell,19044.598469566157,2.24671608,42787.80561871768,8.557561123743536
2013-09-03,600436.SH,sell,172.42774183223972,200.63363300000003,34594.80427378834,6.9189608547576675
2013-09-03,600221.SH,sell,5981.757500139499,6.15867912,36839.72501701253,7.367945003402507
2013-09-03,600009.SH,sell,1072.04572315111,43.50799512,46642.56009127536,9.328512018255072
2013-09-03,601106.SH,sell,18282.814530783515,2.1358915200000004,39050.108518033296,7.81002170360666
2013-09-03,600132.SH,sell,473.9851803935658,78.68588737500002,37295.94452186719,7.4591889043734385
2013-09-03,002051.SZ,sell,494.80355199831655,71.802081,35527.92471967084,7.105584943934168
2013-09-03,601618.SH,sell,22554.939322620055,1.76521695,39814.361198510436,7.9628722397020875
2013-09-03,601398.SH,buy,304.4996176913145,5.1271623,1561.2189601913208,0.3122437920382642
2013-09-03,601288.SH,buy,549.6445623895434,2.8221503699999997,1551.1796051161377,0.31023592102322756
2013-09-03,601939.SH,buy,352.24098045438103,5.562079649999999,1959.1923892813602,0.39183847785627207
2013-09-03,601988.SH,buy,511.8606653765114,3.5236109249999994,1803.5978325984445,0.3607195665196889
2013-09-03,601857.SH,buy,271.11138287642603,9.149822624999999,2480.6210649377604,0.4961242129875521
2013-09-03,601998.SH,buy,8859.052389956993,4.304151,38130.69920328578,7.6261398406571566
2013-09-03,601328.SH,buy,54.80368332776387,5.4181577249999995,296.9350001807775,0.0593870000361555
2013-09-03,600005.SH,buy,3099.6163978654954,12.301747799999998,38130.699203285774,7.626139840657155
2013-09-03,601800.SH,buy,8665.08500593297,4.40049915,38130.699203285774,7.626139840657155
2013-09-03,601668.SH,buy,11031.60076693817,3.4564973849999996,38130.699203285774,7.626139840657155
2013-09-03,600900.SH,buy,186.3970384661617,16.52601888,3080.4009768678743,0.616080195373575
2013-09-03,601009.SH,buy,2908.0071191289157,13.11231288,38130.699203285774,7.626139840657155
2013-09-03,000709.SZ,buy,2168.3282620722193,17.585298254999998,38130.699203285774,7.626139840657155
2013-09-03,601818.SH,buy,12854.969873106907,2.96622237,38130.699203285774,7.626139840657155
2013-09-03,000729.SZ,buy,780.9462131703733,48.826280940000004,38130.69920328578,7.6261398406571566
2013-09-03,600050.SH,buy,7875.526865029699,4.841669625000001,38130.699203285774,7.626139840657155
2013-09-03,600015.SH,buy,2127.981803306967,17.91871488,38130.69920328578,7.6261398406571566
2013-09-03,601669.SH,buy,12367.124331647563,3.0832308449999997,38130.699203285774,7.626139840657155
2013-09-03,600028.SH,buy,3861.526365011983,9.874514790000001,38130.69920328577,7.626139840657154
2013-09-03,600795.SH,buy,0.9515466933573071,495.62334782999994,471.60875777831495,0.094321751555663
2013-10-09,601988.SH,sell,10828.70175484979,3.7060560450000004,40131.77559806318,8.026355119612635
2013-10-09,601288.SH,sell,13520.296058837026,2.8535725,38581.14502535572,7.716229005071145
2013-10-09,601328.SH,sell,7042.46508837178,5.823836625,41014.166111943436,8.202833222388687
2013-10-09,601939.SH,sell,6860.02813267988,5.5826073,38296.843131704074,7.659368626340815
2013-10-09,601998.SH,sell,8859.052389956993,4.5028974250000005,39891.404194677445,7.97828083893549
2013-10-09,600005.SH,sell,3099.6163978654954,12.497748,38738.224637190695,7.747644927438139
2013-10-09,601800.SH,sell,8665.08500593297,4.482937410000001,38845.03373392699,7.769006746785398
2013-10-09,601009.SH,sell,2908.0071191289157,13.422245520000002,39031.9855268562,7.806397105371241
2013-10-09,000709.SZ,sell,2168.3282620722193,17.749770675,38487.329399903196,7.69746587998064
2013-10-09,601818.SH,sell,12854.969873106907,3.1163410500000004,40060.47031207635,8.01209406241527
2013-10-09,600050.SH,sell,7875.526865029699,5.357719800000001,42194.866220201555,8.438973244040312
2013-10-09,600015.SH,sell,2127.981803306967,19.12131456,40689.80943898856,8.137961887797712
2013-10-09,601669.SH,sell,12367.124331647563,3.3235973700000003,41103.34190312685,8.220668380625371
2013-10-09,601857.SH,buy,29.625918320916785,9.378006659999999,277.83205932217356,0.055566411864434714
2013-10-09,600900.SH,buy,85.05542766083121,16.452242010000003,1399.3524801400436,0.27987049602800873
2013-10-09,000729.SZ,sell,2.8063600505906003,50.563915394999995,141.90055216597102,0.028380110433194206
2013-10-09,600028.SH,buy,6.285545460336114,10.18280886,64.00450800344336,0.012800901600688672
2013-10-09,000869.SZ,buy,299.5504299169264,131.38916175,39357.67988863708,7.871535977727417
2013-10-09,601088.SH,buy,1994.5550499270128,19.732561349999997,39357.67988863709,7.871535977727418
2013-10-09,000027.SZ,buy,900.1872292624496,43.721659904999996,39357.67988863708,7.871535977727417
2013-10-09,600741.SH,buy,120.54621683676214,326.49452568,39357.67988863708,7.871535977727417
2013-10-09,002378.SZ,buy,1914.7476062349497,20.555022375,39357.67988863708,7.871535977727417
2013-10-09,002007.SZ,buy,112.50986443990973,349.815370275,39357.67988863708,7.871535977727417
2013-10-09,601398.SH,buy,339.2152477633178,5.06142945,1716.9140449183035,0.3433828089836607
2013-10-09,601099.SH,buy,6782.333813763538,5.802970035,39357.67988863709,7.871535977727418
2013-10-09,000539.SZ,buy,641.5392188513697,61.34882908499999,39357.67988863708,7.871535977727417
2013-10-09,601668.SH,buy,152.4821030745618,3.5215098749999996,536.9672317378371,0.10739344634756742
2013-10-09,601369.SH,buy,3296.4353193275647,11.939466749999998,39357.67988863708,7.871535977727417
2013-10-09,600886.SH,buy,267.4892402771549,147.13743195,39357.67988863708,7.871535977727417
2013-10-09,600839.SH,buy,681.5717500247413,57.745468305,39357.67988863708,7.871535977727417
2013-10-09,600549.SH,buy,181.29169111253645,217.095883695,39357.67988863708,7.871535977727417
2013-10-09,600068.SH,buy,1822.3431720378705,21.597293249999996,39357.67988863708,7.871535977727417
2013-10-09,600795.SH,buy,2.7487951227270027,493.505299335,1356.5449598519776,0.27130899197039554
2013-11-04,600795.SH,sell,79.07108453678325,543.794396785,42998.41271881579,8.599682543763159
2013-11-04,000729.SZ,sell,778.1398531197827,55.30185524,43032.57751370509,8.606515502741019
2013-11-04,000869.SZ,sell,299.5504299169264,119.79882062499999,35885.788221759496,7.177157644351899
2013-11-04,000027.SZ,sell,900.1872292624496,45.738989065,41173.65383568783,8.234730767137567
2013-11-04,600741.SH,sell,120.54621683676214,362.4474955950001,43691.67439593627,8.738334879187255
2013-11-04,002007.SZ,sell,112.50986443990973,334.673529525,37654.07343848388,7.530814687696776
2013-11-04,601099.SH,sell,6782.333813763538,5.6530720500000005,38341.02171635657,7.668204343271314
2013-11-04,000539.SZ,sell,641.5392188513697,63.552757725,40771.586546746854,8.154317309349372
2013-11-04,601369.SH,sell,3296.4353193275647,11.23655891,37040.58965862884,7.408117931725769
2013-11-04,600886.SH,sell,267.4892402771549,172.018457745,46013.086575857924,9.202617315171585
2013-11-04,600839.SH,sell,681.5717500247413,71.22947744500001,48547.999595536494,9.7095999191073
2013-11-04,600549.SH,sell,181.29169111253645,213.71009150000003,38743.86389584991,7.748772779169982
2013-11-04,600068.SH,sell,1822.3431720378705,22.62818025,41236.309774229696,8.24726195484594
2013-11-04,601398.SH,buy,219.48521974948395,5.06142945,1110.9089550797598,0.22218179101595198
2013-11-04,601288.SH,buy,13781.257569520327,2.9364074699999994,40467.387673133526,8.093477534626706
2013-11-04,600019.SH,buy,5004.697456406955,8.08588092,40467.387673133526,8.093477534626706
2013-11-04,601988.SH,buy,10716.297356661258,3.7762471799999995,40467.387673133526,8.093477534626706
2013-11-04,601939.SH,buy,7125.056430367374,5.679588374999999,40467.387673133526,8.093477534626706
2013-11-04,601857.SH,buy,123.82766974112157,9.36612072,1159.7849032716358,0.23195698065432718
2013-11-04,601818.SH,buy,12793.015090518265,3.1632408300000003,40467.387673133526,8.093477534626706
2013-11-04,601668.SH,buy,5.578533911045505,3.6190286099999995,20.188873825928876,0.004037774765185776
2013-11-04,000709.SZ,buy,2337.54047442326,17.311951649999994,40467.387673133526,8.093477534626706
2013-11-04,601111.SH,buy,9569.307008462269,4.2288733800000005,40467.387673133526,8.093477534626706
2013-11-04,600005.SH,buy,3331.9189814147426,12.14536965,40467.387673133526,8.093477534626706
2013-11-04,600881.SH,buy,231.67746180483718,174.67123196999998,40467.387673133526,8.093477534626706
2013-11-04,600028.SH,buy,38.954953102281465,10.36546014,403.78601363726784,0.08075720272745357
2013-11-04,601899.SH,buy,9684.881448521182,4.178408159999999,40467.38767313352,8.093477534626704
2013-11-04,600900.SH,buy,108.62916224673526,16.18172682,1757.8074281621275,0.3515614856324255
2013-11-04,601088.SH,buy,81.23368502360928,19.508059155,1584.7115328192076,0.31694230656384154
2013-11-04,600036.SH,buy,944.408698954586,42.849444014999996,40467.38767313352,8.093477534626704
2013-11-04,002378.SZ,buy,163.0736707929807,19.48843935,3178.0513428308705,0.6356102685661741
2013-11-04,601009.SH,buy,2934.253892137243,13.79137224,40467.387673133526,8.093477534626706
2013-11-04,601328.SH,buy,6893.587685036179,5.81594652,40092.73730710102,8.018547461420205
2013-12-03,601857.SH,sell,4323.551674853141,9.78422544,42302.60428825271,8.460520857650543
2013-12-03,600028.SH,sell,3906.7668635746004,11.290252050000001,44108.38259034521,8.821676518069042
2013-12-03,002378.SZ,sell,2077.8212770279306,19.086202125,39657.7168729807,7.93154337459614
2013-12-03,601111.SH,sell,9569.307008462269,4.383866970000001,41950.56892018726,8.390113784037453
2013-12-03,600881.SH,sell,231.67746180483718,195.29158536000003,45244.658808047505,9.048931761609502
2013-12-03,600036.SH,sell,944.408698954586,43.235071649999995,40831.577766184804,8.166315553236961
2013-12-03,601009.SH,sell,2934.253892137243,13.680676240000002,40142.57750428951,8.028515500857903
2013-12-03,601328.SH,sell,6893.587685036179,5.741617755000001,39580.34544805308,7.916069089610616
2013-12-03,601988.SH,buy,191.13281873302535,3.7762471799999995,721.764767746038,0.14435295354920763
2013-12-03,601398.SH,buy,179.62705998121513,5.03513631,904.4467319699643,0.18088934639399287
2013-12-03,601818.SH,buy,364.6645651161934,3.13040442,1141.5475664571097,0.22830951329142196
2013-12-03,601288.SH,sell,228.74918369067808,3.0362011399999997,694.5285322957061,0.13890570645914121
2013-12-03,000709.SZ,sell,31.129203658059478,17.840795139999997,555.3697453347777,0.11107394906695554
2013-12-03,601618.SH,buy,22148.790496715825,1.8583787249999997,41160.84104357886,8.232168208715773
2013-12-03,601939.SH,sell,67.55496450102031,5.8304333249999996,393.87471629594074,0.07877494325918816
2013-12-03,600005.SH,buy,74.03497892197413,12.0932436,895.3230350242985,0.1790646070048597
2013-12-03,000725.SZ,buy,4132.366533488101,9.96059781,41160.84104357887,8.232168208715773
2013-12-03,600900.SH,buy,16.154712187371686,16.35387285,264.1921090406219,0.05283842180812438
2013-12-03,600011.SH,buy,1998.9296471832138,20.591440575,41160.84104357886,8.232168208715773
2013-12-03,600432.SH,buy,977.9934129255171,42.087033,41160.84104357886,8.232168208715773
2013-12-03,601088.SH,sell,32.45776905676828,20.13778607,653.6276095746653,0.13072552191493306
2013-12-03,600132.SH,buy,452.31282061060506,91.00082767500001,41160.84104357886,8.232168208715773
2013-12-03,601668.SH,buy,329.4770250971196,3.5756869499999993,1178.1066989645929,0.23562133979291858
2013-12-03,600221.SH,buy,6544.495741194227,6.28938312,41160.84104357886,8.232168208715773
2013-12-03,600489.SH,buy,425.30684030448214,96.7791654,41160.84104357886,8.232168208715773
2013-12-03,601899.SH,buy,543.6890104673183,4.02677238,2189.311890659328,0.4378623781318656
2013-12-03,601800.SH,buy,8722.001980648785,4.65040404,40560.83324769711,8.112166649539423
2013-12-03,600019.SH,sell,44.112078984478536,8.295050400000001,365.9119184250303,0.07318238368500607
2014-01-03,601668.SH,sell,11519.138429020899,3.37727052,38903.2466321314,7.78064932642628
2014-01-03,600019.SH,sell,4960.585377422477,7.91979812,39286.83474621003,7.857366949242006
2014-01-03,601939.SH,sell,7057.501465866353,5.3217378,37558.172324456384,7.511634464891277
2014-01-03,601818.SH,sell,13157.679655634458,2.87578139,37838.610289255186,7.567722057851038
2014-01-03,000709.SZ,sell,2306.4112707652007,18.113868535,41778.03054628314,8.355606109256628
2014-01-03,600005.SH,sell,3405.9539603367166,11.300047150000001,38487.44034253413,7.697488068506826
2014-01-03,000725.SZ,sell,4132.366533488101,9.903925560000003,40926.65053430141,8.185330106860281
2014-01-03,600011.SH,sell,1998.9296471832138,18.539625549999997,37059.407159570386,7.411881431914078
2014-01-03,600432.SH,sell,977.9934129255171,37.717531799999996,36887.497652208716,7.377499530441743
2014-01-03,600132.SH,sell,452.31282061060506,78.06025035,35307.65201337847,7.061530402675695
2014-01-03,600489.SH,sell,425.30684030448214,93.8706412,39923.82580612774,7.984765161225548
2014-01-03,600221.SH,sell,307.1800826677119,6.189783560000001,1901.3782256560444,0.3802756451312089
2014-01-03,601857.SH,buy,4258.495184271921,9.06897222,38620.17452516583,7.724034905033166
2014-01-03,601398.SH,buy,54.14749470619333,4.693325489999999,254.13181712421718,0.05082636342484344
2014-01-03,600029.SH,buy,8886.348044154889,4.34601192,38620.17452516583,7.724034905033166
2014-01-03,601958.SH,buy,4174.656094873051,9.251103239999999,38620.17452516583,7.724034905033166
2014-01-03,601288.SH,buy,197.26400757795844,2.8107246599999995,554.4548106297946,0.11089096212595892
2014-01-03,601390.SH,buy,13613.13958728497,2.8369777800000002,38620.174525165836,7.724034905033167
2014-01-03,601988.SH,buy,271.3746144448514,3.4571277,938.1766966741158,0.18763533933482315
2014-01-03,600900.SH,sell,4.211425314195673,15.354818750000002,64.66567237863637,0.012933134475727276
2014-01-03,601009.SH,buy,2985.8349387470425,12.934464,38620.17452516583,7.724034905033166
2014-01-03,603993.SH,buy,5931.9886907693235,6.51049362,38620.174525165836,7.724034905033167
2014-01-03,000630.SZ,buy,764.0026357122329,50.54979226499999,38620.17452516583,7.724034905033166
2014-01-03,600050.SH,buy,8050.939621014098,4.79697729,38620.174525165836,7.724034905033167
2014-01-03,601618.SH,sell,277.0652843430669,1.76521695,489.08033617895126,0.09781606723579025
2014-01-03,601899.SH,sell,384.0491604797175,3.92175814,1506.1479212714985,0.3012295842542997
2014-01-03,000157.SZ,buy,123.00423876430882,313.974338715,38620.17452516583,7.724034905033166
2014-01-03,601088.SH,buy,60.02179029267362,18.373732275000002,1102.8243055037792,0.22056486110075585
2014-01-03,600219.SH,buy,3300.828103274396,11.70014715,38620.17452516583,7.724034905033166
2014-01-03,600674.SH,buy,417.5062471810505,92.50202789999999,38620.17452516583,7.724034905033166
2014-01-03,601800.SH,buy,101.64465388761704,4.346172,441.7651486760523,0.08835302973521046
2014-02-10,601088.SH,sell,2103.3527561865276,16.50212481,34709.78970204758,6.941957940409516
2014-02-10,601618.SH,sell,21871.72521237276,1.6942024749999998,37055.13098732183,7.411026197464365
2014-02-10,600029.SH,sell,8886.348044154889,4.198009945,37304.97746409352,7.4609954928187046
2014-02-10,601958.SH,sell,4174.656094873051,8.445595090000001,35257.45501729842,7.051491003459685
2014-02-10,601390.SH,sell,13613.13958728497,2.57843014,35100.52941188273,7.020105882376546
2014-02-10,603993.SH,sell,5931.9886907693235,6.13409142,36387.36093158514,7.277472186317029
2014-02-10,000630.SZ,sell,764.0026357122329,46.35495093,35415.304688831224,7.083060937766245
2014-02-10,600050.SH,sell,8050.939621014098,4.509414165,36305.0211685607,7.26100423371214
2014-02-10,000157.SZ,sell,123.00423876430882,296.72168494,36498.02498090778,7.299604996181556
2014-02-10,600219.SH,sell,3300.828103274396,11.344674825000002,37446.82148486955,7.4893642969739105
2014-02-10,600674.SH,sell,417.5062471810505,88.51428072,36955.265165337216,7.391053033067443
2014-02-10,601288.SH,sell,211.68604014722968,2.7051867300000003,572.650266732533,0.11453005334650662
2014-02-10,601328.SH,buy,7065.484165313712,5.184971189999999,36634.33184055278,7.326866368110557
2014-02-10,601939.SH,buy,7103.355900603999,5.1573273749999995,36634.331840552775,7.326866368110555
2014-02-10,601398.SH,sell,56.90469374162639,4.47849963,254.8476498671371,0.05096952997342742
2014-02-10,601988.SH,sell,150.5403438572946,3.32083875,499.9202073196284,0.09998404146392569
2014-02-10,601111.SH,buy,9218.814221134187,3.9738659400000005,36634.33184055278,7.326866368110557
2014-02-10,601818.SH,buy,13441.709737905354,2.7254220300000003,36634.33184055278,7.326866368110557
2014-02-10,601169.SH,buy,3754.4884265363553,9.7574763,36634.33184055278,7.326866368110557
2014-02-10,600900.SH,sell,38.18195652626428,14.789761420000001,564.7020275722607,0.11294040551445214
2014-02-10,600795.SH,buy,75.20115995010649,487.15115384999996,36634.33184055278,7.326866368110557
2014-02-10,601009.SH,sell,112.08949372423032,12.74386488,1428.4533624891992,0.28569067249783986
2014-02-10,601899.SH,sell,87.29826812661685,3.75344234,327.66901579511614,0.06553380315902323
2014-02-10,600221.SH,buy,127.08829874891848,5.7600786,732.0385899340521,0.14640771798681043
2014-02-10,601800.SH,sell,37.20241659738832,4.16815488,155.06543428819714,0.03101308685763943
2014-02-10,600036.SH,buy,906.0705606354583,40.43209594499999,36634.33184055278,7.326866368110557
2014-02-10,600000.SH,buy,547.4435382483382,66.91892274,36634.331840552775,7.326866368110555
2014-02-10,601106.SH,buy,17982.88141827679,2.03717808,36634.33184055278,7.326866368110557
2014-02-10,601857.SH,sell,151.62731488039677,8.91741906,1352.124307731072,0.27042486154621437
2014-02-10,601668.SH,buy,11307.628638594782,3.239789085,36634.33184055278,7.326866368110557
2014-02-10,002142.SZ,buy,3655.5002266145816,9.945110069999998,36354.35211459195,7.2708704229183905
2014-03-04,601899.SH,sell,9757.223030382167,4.10690552,40071.993123347645,8.01439862466953
2014-03-04,600221.SH,sell,6364.403957275434,5.84763472,37216.70955266922,7.443341910533845
2014-03-04,601857.SH,sell,4106.867869391524,9.17864838,37695.49611626457,7.539099223252914
2014-03-04,601009.SH,sell,2873.7454450228124,12.808472560000002,36808.28967699969,7.361657935399938
2014-03-04,601818.SH,sell,13441.709737905354,2.6570907900000007,35715.84314644164,7.143168629288329
2014-03-04,601169.SH,sell,3754.4884265363553,10.224885,38389.21239516518,7.677842479033036
2014-03-04,600795.SH,sell,75.20115995010649,503.59169819,37870.67984513194,7.574135969026389
2014-03-04,600000.SH,sell,547.4435382483382,64.37603587999999,35242.244860549166,7.048448972109834
2014-03-04,601106.SH,sell,17982.88141827679,1.9646172000000002,35329.478139906976,7.065895627981395
2014-03-04,601668.SH,sell,11307.628638594782,3.05253297,34516.90923182679,6.903381846365358
2014-03-04,002142.SZ,sell,3655.5002266145816,10.02528485,36647.43104105073,7.329486208210147
2014-03-04,601288.SH,buy,208.25866768518645,2.6507647199999997,552.0447289340963,0.11040894578681926
2014-03-04,600900.SH,buy,30.86295493747814,14.53404339,448.563526204922,0.08971270524098442
2014-03-04,601939.SH,buy,164.3496491704699,5.0137056,824.0007564040202,0.16480015128080405
2014-03-04,601398.SH,buy,145.84219455264662,4.37780781,638.4690983401158,0.12769381966802318
2014-03-04,600019.SH,buy,5018.674018800058,7.25554596,36413.22000166172,7.282644000332344
2014-03-04,000709.SZ,buy,2257.8411770182693,16.127449695,36413.22000166173,7.282644000332346
2014-03-04,601328.SH,buy,18.481042602318436,5.143820625,95.06316810930925,0.01901263362186185
2014-03-04,601800.SH,buy,204.39778867031285,4.0528053900000005,828.3844596271249,0.16567689192542498
2014-03-04,601111.SH,buy,24.90381856349088,3.94199001,98.1706039881336,0.019634120797626723
2014-03-04,000629.SZ,buy,2420.3742576891655,15.044458469999999,36413.22000166173,7.282644000332346
2014-03-04,600029.SH,buy,8799.080924033848,4.1382981149999996,36413.22000166173,7.282644000332346
2014-03-04,600036.SH,buy,47.547119290151144,38.2096953,1816.7609404694276,0.36335218809388553
2014-03-04,601088.SH,buy,2274.3264348754738,16.010551275,36413.22000166172,7.282644000332344
2014-03-04,600660.SH,buy,77.20180709690354,471.66279354,36413.22000166172,7.282644000332344
2014-03-04,601018.SH,buy,14977.375510459471,2.431215,36413.22000166172,7.282644000332344
2014-03-04,600664.SH,buy,1008.1165168250101,36.120051000000004,36413.22000166173,7.282644000332346
2014-03-04,601618.SH,buy,21864.1250092614,1.6654322999999995,36413.22000166172,7.282644000332344
2014-03-04,600219.SH,buy,3252.5060671481015,11.19543492,36413.22000166172,7.282644000332344
2014-03-04,601988.SH,sell,66.52113900821126,3.32083875,220.90597611260455,0.04418119522252091
2014-03-04,000157.SZ,buy,124.33203085715935,290.58705091499996,36129.27818105471,7.225855636210942
2014-04-02,601800.SH,sell,8990.842006609326,4.10302746,36889.671641639565,7.377934328327913
2014-04-02,601111.SH,sell,9243.718039697678,3.6726827400000004,33949.2436978243,6.78984873956486
2014-04-02,600036.SH,sell,953.6176799256094,38.483108820000005,36698.17294925316,7.3396345898506326
2014-04-02,600019.SH,sell,5018.674018800058,7.7025467999999995,38656.57150375152,7.731314300750304
2014-04-02,000709.SZ,sell,2257.8411770182693,17.658746209999997,39870.644327453294,7.974128865490659
2014-04-02,000629.SZ,sell,2420.3742576891655,15.02942153,36376.82497917131,7.275364995834262
2014-04-02,601088.SH,sell,2274.3264348754738,16.443104335,37396.986860506,7.479397372101199
2014-04-02,600660.SH,sell,77.20180709690354,492.17317031000005,37996.65815254408,7.599331630508816
2014-04-02,600664.SH,sell,1008.1165168250101,34.700730955,34982.3800216364,6.996476004327281
2014-04-02,601618.SH,sell,21864.1250092614,1.7347821749999999,37929.494338038385,7.5858988676076775
2014-04-02,600219.SH,sell,3252.5060671481015,11.321756290000003,36824.08102399719,7.364816204799438
2014-04-02,601939.SH,sell,226.66990212154306,5.256520425000001,1191.494970234642,0.23829899404692842
2014-04-02,601988.SH,sell,203.7756758648225,3.4403889449999996,701.0675825052385,0.1402135165010477
2014-04-02,601857.SH,buy,4098.501659706381,9.033314399999998,37023.054061049545,7.404610812209909
2014-04-02,600221.SH,buy,6497.772027399134,5.69780748,37023.054061049545,7.404610812209909
2014-04-02,002007.SZ,buy,114.95977612677626,322.05224565,37023.05406104955,7.404610812209911
2014-04-02,601398.SH,sell,154.9385309602463,4.53103335,702.0316509808836,0.1404063301961767
2014-04-02,600900.SH,buy,94.77507563845496,14.23893591,1349.4962278813625,0.26989924557627254
2014-04-02,601288.SH,sell,402.52537170094854,2.77367247,1116.473541963438,0.2232947083926876
2014-04-02,601158.SH,buy,6118.093073708492,6.05140419,37023.05406104955,7.404610812209911
2014-04-02,601390.SH,buy,13613.12282866386,2.71965915,37023.05406104955,7.404610812209911
2014-04-02,600029.SH,buy,365.688060628812,4.042430205,1478.2684618937808,0.29565369237875616
2014-04-02,601186.SH,buy,7944.3005120560265,4.660329,37023.05406104955,7.404610812209911
2014-04-02,601106.SH,buy,18447.670787048817,2.0069229600000003,37023.054061049545,7.404610812209909
2014-04-02,600050.SH,buy,8095.097333793525,4.573515615,37023.05406104955,7.404610812209911
2014-04-02,000598.SZ,buy,308.7551504466968,119.9107254,37023.05406104955,7.404610812209911
2014-04-02,601818.SH,buy,13639.113561197799,2.71447656,37023.05406104955,7.404610812209911
2014-04-02,000157.SZ,buy,5.2471244771595,285.90959335499997,1500.2032255477395,0.3000406451095479
2014-04-02,601328.SH,buy,61.44592263282469,5.184971189999999,318.5953385941649,0.06371906771883298
2014-04-02,600694.SH,buy,323.4366091926156,112.047345675,36240.213554154885,7.248042710830977
2014-04-02,601018.SH,sell,198.39637536899534,2.5043471999999998,496.8534071454924,0.09937068142909848
2014-05-06,601018.SH,sell,14778.979135090476,2.590704,38287.96036119544,7.657592072239088
2014-05-06,000157.SZ,sell,129.57915533431884,265.18040347000004,34361.852692856475,6.872370538571295
2014-05-06,002007.SZ,sell,114.95977612677626,306.93815415,35285.54148584994,7.0571082971699886
2014-05-06,601390.SH,sell,13613.12282866386,2.75955953,37566.22283489991,7.513244566979983
2014-05-06,601186.SH,sell,7944.3005120560265,4.89667044,38900.621483861614,7.780124296772323
2014-05-06,600050.SH,sell,8095.097333793525,4.643357160000001,37588.42816576708,7.517685633153416
2014-05-06,000598.SZ,sell,308.7551504466968,110.20878804,34027.53093183832,6.805506186367665
2014-05-06,601818.SH,sell,13639.113561197799,2.6570907900000007,36240.36302722278,7.248072605444556
2014-05-06,600694.SH,sell,323.4366091926156,117.22987574000001,37916.43350541727,7.583286701083455
2014-05-06,601857.SH,sell,11.174281611911358,8.905545,99.51306773754914,0.01990261354750983
2014-05-06,600208.SH,buy,1933.6310992852264,18.830300445000002,36410.85454933644,7.282170909867289
2014-05-06,601899.SH,buy,9690.960615933218,3.7571976599999997,36410.85454933644,7.282170909867289
2014-05-06,601939.SH,buy,41.83307933157293,5.144270849999999,215.20069057114807,0.04304013811422962
2014-05-06,600029.SH,buy,376.4290358475338,3.818738415,1437.4840197123892,0.28749680394247784
2014-05-06,000060.SZ,buy,288.0909586911883,126.38666175,36410.854549336436,7.282170909867288
2014-05-06,600900.SH,sell,7.110239291754124,14.028162410000002,99.74359155869024,0.01994871831173805
2014-05-06,601106.SH,buy,175.4558037312613,1.9564977599999998,343.27888697921236,0.06865577739584247
2014-05-06,601988.SH,sell,177.8785050914117,3.4403889449999996,611.971242469619,0.12239424849392382
2014-05-06,600221.SH,buy,305.78487669249387,5.35531632,1637.5747405605,0.3275149481121
2014-05-06,601288.SH,sell,0.8129551182619618,2.72801531,2.217754008961492,0.0004435508017922985
2014-05-06,601158.SH,buy,62.95621000336845,5.89480593,371.1146400581817,0.07422292801163634
2014-05-06,601398.SH,sell,64.55777257586419,4.49163306,289.96982558171294,0.05799396511634259
2014-05-06,600642.SH,buy,1165.281757939646,31.246395389999993,36410.85454933644,7.282170909867289
2014-05-06,600115.SH,buy,11556.893686956597,3.1505745000000003,36410.854549336436,7.282170909867288
2014-05-06,601328.SH,buy,33.80637893612191,5.07523635,171.57536323848024,0.03431507264769605
2014-05-06,601111.SH,buy,10352.882101326895,3.51697761,36410.85454933644,7.282170909867289
2014-05-06,600068.SH,buy,1809.4727216790884,20.122356149999998,36410.854549336436,7.282170909867288
2014-05-06,601991.SH,buy,4673.406575965411,7.791073589999999,36410.85454933644,7.282170909867289
2014-05-06,601009.SH,buy,2868.8590371733885,12.6111024,36179.47508895901,7.235895017791802
2014-06-04,600900.SH,sell,2594.7716255510904,14.9863031,38886.03405578835,7.7772068111576695
2014-06-04,600221.SH,sell,6803.556904091627,5.256650360000001,35763.91984917374,7.152783969834749
2014-06-04,601158.SH,sell,6181.04928371186,5.922377330000001,36606.50615346786,7.321301230693573
2014-06-04,601106.SH,sell,18623.126590780077,1.9343923200000002,36024.433051592765,7.204886610318553
2014-06-04,000060.SZ,sell,288.0909586911883,131.86153625000003,37988.116392755386,7.597623278551078
2014-06-04,600115.SH,sell,11556.893686956597,3.1206389000000003,36064.89200268118,7.212978400536237
2014-06-04,601111.SH,sell,10352.882101326895,3.48161832,36044.78398877981,7.208956797755962
2014-06-04,600068.SH,sell,1809.4727216790884,20.049620174999998,36279.24078668921,7.255848157337843
2014-06-04,601991.SH,sell,4673.406575965411,7.871482289999999,36786.637096681276,7.357327419336255
2014-06-04,601288.SH,sell,423.6540582536016,2.8535725,1208.9275701458755,0.2417855140291751
2014-06-04,600208.SH,buy,59.694856231515224,18.513292019999998,1105.148305505958,0.2210296611011916
2014-06-04,601939.SH,sell,103.99701486616016,5.2826073749999995,549.3753977099623,0.10987507954199247
2014-06-04,601328.SH,sell,136.3589947466955,5.23460139,713.7849834400549,0.142756996688011
2014-06-04,601857.SH,sell,18.099217066178774,9.05990778,163.97723750978184,0.03279544750195637
2014-06-04,601398.SH,sell,284.8174465177129,4.714901370000001,1342.8861687862664,0.2685772337572533
2014-06-04,601818.SH,buy,13585.669328968446,2.71447656,36877.98094539578,7.375596189079156
2014-06-04,601988.SH,sell,376.5205419159657,3.6130725600000004,1360.3960382729056,0.2720792076545811
2014-06-04,600795.SH,buy,76.03188429458739,485.03310535500003,36877.98094539578,7.375596189079156
2014-06-04,601006.SH,buy,4209.556605842158,8.76053808,36877.98094539578,7.375596189079156
2014-06-04,601009.SH,buy,16.729360562420155,12.788951280000001,213.95097717834477,0.042790195435668955
2014-06-04,600036.SH,buy,928.2083112625795,39.730285214999995,36877.98094539578,7.375596189079156
2014-06-04,002142.SZ,buy,3625.9314477943008,10.17062277,36877.98094539578,7.375596189079156
2014-06-04,600642.SH,sell,0.5899428830906123,31.653785190000004,18.673925295719528,0.0037347850591439055
2014-06-04,601800.SH,buy,9148.424488543451,4.03107453,36877.98094539578,7.375596189079156
2014-06-04,601668.SH,buy,11269.759366553197,3.2722953299999995,36877.98094539578,7.375596189079156
2014-06-04,601169.SH,buy,3446.827979102848,10.69910688,36877.98094539578,7.375596189079156
2014-06-04,601899.SH,buy,310.38298624530086,3.6898039799999998,1145.2523779721962,0.22905047559443925
2014-06-04,600029.SH,buy,413.96649984591573,3.70689252,1534.5293218094062,0.3069058643618812
2014-06-04,600015.SH,buy,1755.7930833868625,20.871230399999998,36645.56197809362,7.329112395618724
2014-07-02,601398.SH,sell,7819.090905019222,4.787674965,37435.265775019725,7.487053155003945
2014-07-02,601288.SH,sell,12919.35263587275,2.87640108,37161.23987472522,7.432247974945045
2014-07-02,601988.SH,sell,10203.568584101427,3.66408704,37386.763410757194,7.477352682151439
2014-07-02,600029.SH,sell,9955.16452035611,3.6872254650000005,36706.936127721565,7.341387225544313
2014-07-02,601818.SH,sell,13585.669328968446,2.78830515,37880.99175615976,7.576198351231953
2014-07-02,601006.SH,sell,4209.556605842158,8.82208675,37137.07355577508,7.427414711155016
2014-07-02,600036.SH,sell,928.2083112625795,39.846376845,36985.738161229805,7.397147632245962
2014-07-02,601668.SH,sell,11269.759366553197,3.1792095999999996,35828.927167835835,7.165785433567168
2014-07-02,601169.SH,sell,3446.827979102848,11.042875800000001,38062.89327719775,7.61257865543955
2014-07-02,600015.SH,sell,1755.7930833868625,20.79951504,36519.64464503302,7.303928929006604
2014-07-02,601857.SH,buy,8.090402409041932,9.114184815,73.7374227837294,0.01474748455674588
2014-07-02,600208.SH,buy,7.105054726435768,18.576693704999997,131.98842541025982,0.026397685082051967
2014-07-02,600674.SH,buy,380.9560564958296,97.4797155,37135.4880052154,7.42709760104308
2014-07-02,600068.SH,buy,1835.4563919639315,20.23229109,37135.4880052154,7.42709760104308
2014-07-02,600795.SH,buy,0.6240806226785965,484.77994884,302.5417723341654,0.06050835446683308
2014-07-02,601088.SH,buy,2163.0000553874743,17.168509965,37135.488005215404,7.427097601043081
2014-07-02,601939.SH,sell,87.38903612691745,5.386955175,470.7608204021599,0.09415216408043198
2014-07-02,600642.SH,buy,16.30404874158482,31.465925099999996,513.0219765294571,0.10260439530589142
2014-07-02,601800.SH,sell,45.92960562221729,4.0784697450000005,187.32250692999514,0.03746450138599903
2014-07-02,601009.SH,sell,1.715081175463867,12.873080240000002,22.078377589859883,0.004415675517971977
2014-07-02,600085.SH,buy,201.8696763642025,183.95773289999997,37135.4880052154,7.42709760104308
2014-07-02,601328.SH,sell,60.455289711739766,5.31682026,321.42990916354756,0.06428598183270952
2014-07-02,601111.SH,buy,10655.496285323705,3.4851016799999996,37135.4880052154,7.42709760104308
2014-07-02,002142.SZ,sell,24.04907666771445,10.306893975000001,247.87128341077917,0.049574256682155836
2014-07-02,601899.SH,buy,24.25890854970495,3.7066524,89.91934159714438,0.017983868319428876
2014-07-02,600600.SH,buy,596.2702641902242,62.27962425,37135.4880052154,7.42709760104308
2014-07-02,601618.SH,buy,21385.031279604293,1.7365178249999995,37135.488005215404,7.427097601043081
2014-07-02,600663.SH,buy,451.1645620357031,82.31029457999998,37135.4880052154,7.42709760104308
2014-07-02,600115.SH,buy,11990.99616865193,3.0969477,37135.488005215404,7.427097601043081
2014-07-02,601390.SH,buy,13349.437138673793,2.76232047,36875.42347113685,7.37508469422737
2014-08-04,601328.SH,sell,6982.403225026542,6.607194750000001,46134.09793077844,9.226819586155688
2014-08-04,600208.SH,sell,2000.4310102431773,21.57228846,43153.87479729504,8.630774959459007
2014-08-04,601899.SH,sell,10025.602510728224,4.0684747450000005,40788.91061830638,8.157782123661276
2014-08-04,601009.SH,sell,2883.8733165603444,14.43361958,41624.73036814493,8.324946073628986
2014-08-04,600795.SH,sell,76.65596491726598,522.411253705,40045.938736395416,8.009187747279084
2014-08-04,002142.SZ,sell,3601.8823711265863,11.644594790000001,41942.4606930135,8.3884921386027
2014-08-04,601800.SH,sell,9102.494882921234,4.512592575,41075.85082264586,8.215170164529171
2014-08-04,600674.SH,sell,380.9560564958296,103.0308588,39250.22966582664,7.850045933165329
2014-08-04,600068.SH,sell,1835.4563919639315,21.72527193,39875.78923107308,7.975157846214617
2014-08-04,601088.SH,sell,2163.0000553874743,19.778445830000003,42780.77942576817,8.556155885153634
2014-08-04,600085.SH,sell,201.8696763642025,207.11526056500003,41810.29062034403,8.362058124068806
2014-08-04,601111.SH,sell,10655.496285323705,3.8142119400000003,40642.32115810733,8.128464231621466
2014-08-04,600600.SH,sell,596.2702641902242,66.057204875,39387.94700248401,7.877589400496803
2014-08-04,601618.SH,sell,21385.031279604293,1.901358845,40660.61837407729,8.132123674815459
2014-08-04,600663.SH,sell,451.1645620357031,87.91836882499999,39665.652365824535,7.9331304731649075
2014-08-04,600115.SH,sell,11990.99616865193,3.3215384000000006,39828.554228430265,7.965710845686053
2014-08-04,601390.SH,sell,13349.437138673793,3.06854496,40963.34805071429,8.192669610142858
2014-08-04,601139.SH,buy,3664.5630033600737,11.1763854,40956.56844813367,8.191313689626735
2014-08-04,600642.SH,buy,44.750640764316536,33.4361097,1496.2873337409796,0.2992574667481959
2014-08-04,601158.SH,buy,6787.208921028544,6.034375679999999,40956.56844813368,8.191313689626737
2014-08-04,601398.SH,buy,8069.931692370037,5.075206334999999,40956.56844813367,8.191313689626735
2014-08-04,000157.SZ,buy,149.04102731575247,274.80063164999996,40956.56844813368,8.191313689626737
2014-08-04,000725.SZ,buy,3858.2636723099113,10.61528499,40956.56844813368,8.191313689626737
2014-08-04,600009.SH,buy,1070.415143030257,38.26232159999999,40956.56844813369,8.191313689626737
2014-08-04,000729.SZ,buy,776.9412170695615,52.7151444,40956.56844813368,8.191313689626737
2014-08-04,601333.SH,buy,12514.972744456449,3.272605485,40956.56844813368,8.191313689626737
2014-08-04,600664.SH,buy,1046.6780122456812,39.13005525,40956.56844813368,8.191313689626737
2014-08-04,600170.SH,buy,1292.9282782181383,31.67737077,40956.56844813368,8.191313689626737
2014-08-04,601018.SH,buy,15435.760680661499,2.653356015,40956.56844813368,8.191313689626737
2014-08-04,601857.SH,buy,144.01092797276206,9.708852,1398.180786070207,0.2796361572140414
2014-08-04,600875.SH,buy,1111.2616327908984,36.855918749999994,40956.56844813368,8.191313689626737
2014-08-04,600008.SH,buy,1852.8957716065659,22.104086519999996,40956.56844813369,8.191313689626737
2014-08-04,600018.SH,buy,7297.872183782475,5.61212466,40956.56844813368,8.191313689626737
2014-08-04,600583.SH,buy,302.7204127530845,135.29503370999998,40956.56844813367,8.191313689626735
2014-08-04,601939.SH,buy,117.18831937655007,5.8477224,685.284760236606,0.1370569520473212
2014-08-04,601988.SH,buy,10509.802312154614,3.89698752,40956.56844813368,8.191313689626737
2014-09-02,600642.SH,sell,1225.746504562457,33.785748675,41412.76334240691,8.282552668481383
2014-09-02,000157.SZ,sell,149.04102731575247,280.27339320000004,41772.23445179984,8.354446890359968
2014-09-02,000725.SZ,sell,3858.2636723099113,10.65139164,41095.87742415749,8.219175484831498
2014-09-02,600009.SH,sell,1070.415143030257,39.67009503,42463.47044556134,8.492694089112268
2014-09-02,000729.SZ,sell,776.9412170695615,51.4834454,39999.61072801032,7.9999221456020635
2014-09-02,601333.SH,sell,12514.972744456449,3.3779102,42274.454086221434,8.454890817244287
2014-09-02,600664.SH,sell,1046.6780122456812,43.0248768,45033.192526139326,9.006638505227865
2014-09-02,600170.SH,sell,1292.9282782181383,32.198472710000004,41630.315882194016,8.326063176438804
2014-09-02,601018.SH,sell,15435.760680661499,2.7401792250000003,42296.7507392205,8.4593501478441
2014-09-02,600875.SH,sell,1111.2616327908984,37.34927602,41504.817453543146,8.30096349070863
2014-09-02,600008.SH,sell,1852.8957716065659,23.9104388,44303.55094977757,8.860710189955515
2014-09-02,600583.SH,sell,302.7204127530845,148.20472056999998,44864.594182905945,8.97291883658119
2014-09-02,601939.SH,buy,385.8453883185715,5.6509240499999995,2180.382984431005,0.436076596886201
2014-09-02,601857.SH,buy,126.10669417190663,9.61176348,1212.107717625061,0.24242154352501222
2014-09-02,601398.SH,buy,423.66130504728284,4.91969862,2084.2859377885165,0.41685718755770335
2014-09-02,601288.SH,buy,13906.861736914234,3.0027006,41758.14208154941,8.351628416309882
2014-09-02,601009.SH,buy,2963.972909536605,14.088570765,41758.142081549406,8.351628416309882
2014-09-02,601988.SH,buy,413.70800848945527,3.8253517199999996,1582.5786418529121,0.31651572837058245
2014-09-02,601668.SH,buy,11590.081264947295,3.6029205599999994,41758.14208154941,8.351628416309882
2014-09-02,600011.SH,buy,1751.8341501885423,23.836812449999996,41758.142081549406,8.351628416309882
2014-09-02,600068.SH,buy,1864.5213640944507,22.396172489999998,41758.142081549406,8.351628416309882
2014-09-02,601158.SH,sell,33.81104605747905,6.18140775,208.99986213530792,0.041799972427061585
2014-09-02,600795.SH,buy,80.19776871317751,520.68957468,41758.142081549406,8.351628416309882
2014-09-02,601390.SH,buy,13458.079710579823,3.10283064,41758.142081549406,8.351628416309882
2014-09-02,601139.SH,buy,16.152352309803916,11.353023675,183.37803818014478,0.03667560763602896
2014-09-02,600016.SH,buy,364.4182128879847,114.588515625,41758.142081549406,8.351628416309882
2014-09-02,600518.SH,buy,131.3481538960489,317.91952032,41758.142081549406,8.351628416309882
2014-09-02,600000.SH,buy,561.2247364441656,74.40538409999999,41758.142081549406,8.351628416309882
2014-09-02,601991.SH,buy,4763.115222060462,8.7669813,41758.14208154941,8.351628416309882
2014-09-02,600383.SH,buy,364.72150195403526,114.49322800499999,41758.142081549406,8.351628416309882
2014-09-02,601328.SH,buy,6591.17536533203,6.187582245,40783.43966420986,8.156687932841972
2014-09-02,600018.SH,sell,106.57618263818391,5.80497606,618.6721887808453,0.12373443775616907
2014-10-09,601158.SH,sell,6753.397874971065,7.476559849999999,50492.18340308398,10.098436680616796
2014-10-09,601009.SH,sell,2963.972909536605,15.579416394999999,46176.96814117044,9.235393628234087
2014-10-09,601668.SH,sell,11590.081264947295,3.90588608,45269.53707882643,9.053907415765288
2014-10-09,600011.SH,sell,1751.8341501885423,24.442752510000005,42819.64857162472,8.563929714324944
2014-10-09,600068.SH,sell,1864.5213640944507,25.778494305,48064.553365859625,9.612910673171925
2014-10-09,601390.SH,sell,13458.079710579823,3.3944219400000004,45682.401039861004,9.136480207972202
2014-10-09,600518.SH,sell,131.3481538960489,348.67149704,45797.35745237568,9.159471490475138
2014-10-09,600383.SH,sell,364.72150195403526,107.14284178,39077.29817762516,7.815459635525032
2014-10-09,600600.SH,buy,668.8903218292444,62.733981314999994,41962.15295142015,8.39243059028403
2014-10-09,601988.SH,sell,27.970376004438094,3.85015396,107.6902539361763,0.021538050787235263
2014-10-09,601939.SH,sell,90.82725128630216,5.743576775,521.6732910250939,0.10433465820501879
2014-10-09,601857.SH,sell,10.113177014247611,9.671751705000002,97.81213703051617,0.019562427406103235
2014-10-09,601398.SH,sell,55.2268439485659,4.971273120000001,274.54772482394037,0.05490954496478807
2014-10-09,601288.SH,sell,203.1903925439708,3.0611686500000004,622.0000596367972,0.12440001192735946
2014-10-09,600015.SH,buy,1826.284976039504,22.97678265,41962.15295142015,8.39243059028403
2014-10-09,600900.SH,buy,2065.969377829731,20.311120485,41962.152951420154,8.39243059028403
2014-10-09,600795.SH,sell,7.1158905246157165,573.9797465600001,4084.377039867635,0.8168754079735271
2014-10-09,601186.SH,buy,7114.704386809165,5.8979475,41962.15295142015,8.39243059028403
2014-10-09,600036.SH,buy,967.5772115976808,43.36827329999999,41962.15295142015,8.39243059028403
2014-10-09,600000.SH,sell,16.351956627622688,76.98848650000001,1258.912392074315,0.251782478414863
2014-10-09,601991.SH,sell,243.51009752058724,9.28143696,2260.123619260783,0.45202472385215664
2014-10-09,601166.SH,buy,1181.7696560944382,35.507895075,41962.15295142015,8.39243059028403
2014-10-09,601328.SH,buy,53.16586750196121,6.31985835,336.00075166726316,0.06720015033345264
2014-10-09,601139.SH,sell,297.95715285483953,12.400446675000001,3694.8017854112622,0.7389603570822525
2014-10-09,600016.SH,sell,8.225818701203526,117.77083512499999,968.761538027582,0.1937523076055164
2014-10-09,600009.SH,buy,965.1662220731026,43.47660744,41962.15295142015,8.39243059028403
2014-10-09,000651.SZ,buy,23.90136863689734,1755.63808035,41962.15295142015,8.39243059028403
2014-10-09,000729.SZ,buy,762.6800817312387,54.6821274,41704.969394670006,8.340993878934002
2014-11-04,601139.SH,sell,3382.758202815038,12.528782475,42381.84168859154,8.47636833771831
2014-11-04,600795.SH,sell,73.08187818856179,668.14829873,48829.53257968065,9.76590651593613
2014-11-04,600000.SH,sell,544.8727798165429,79.724118,43439.50179308209,8.68790035861642
2014-11-04,601991.SH,sell,4519.605124539875,9.668163499999999,43696.28129948937,8.739256259897875
2014-11-04,600900.SH,sell,2065.969377829731,21.165202105,43726.65942450736,8.745331884901471
2014-11-04,601186.SH,sell,7114.704386809165,7.679908125,54640.27602722885,10.928055205445771
2014-11-04,601166.SH,sell,1181.7696560944382,37.048956255,43783.332292129235,8.756666458425848
2014-11-04,600009.SH,sell,965.1662220731026,45.96100800000001,44360.012454031654,8.87200249080633
2014-11-04,000651.SZ,sell,23.90136863689734,1768.238948245,42263.330940123386,8.452666188024677
2014-11-04,601857.SH,buy,179.21663904169938,9.6690321,1732.8514357483048,0.346570287149661
2014-11-04,601398.SH,buy,71.69051993502893,5.131754595,367.8981550945238,0.07357963101890477
2014-11-04,601939.SH,buy,200.41781305915657,5.819608349999999,1166.3531783678065,0.23327063567356132
2014-11-04,601288.SH,buy,267.7035644597543,3.1257620999999998,836.7776558232069,0.16735553116464139
2014-11-04,600028.SH,buy,3493.398899231808,12.492483119999997,43641.22678007994,8.728245356015988
2014-11-04,600519.SH,buy,45.80061406565332,952.8524381249999,43641.22678007993,8.728245356015986
2014-11-04,601328.SH,buy,139.59313909321324,6.437437109999999,898.6220539000426,0.17972441078000853
2014-11-04,600036.SH,buy,18.64524013992723,44.28128957999999,825.6352779247571,0.16512705558495144
2014-11-04,600600.SH,buy,49.714376443214924,60.77007985499999,3021.1466263957013,0.6042293252791403
2014-11-04,601988.SH,buy,69.0923200143663,3.9829504799999995,275.1912891655338,0.055038257833106764
2014-11-04,600015.SH,buy,22.494953057355698,23.621744969999998,531.370044232978,0.1062740088465956
2014-11-04,000729.SZ,buy,51.15575476334417,53.659296239999996,2744.9817992270755,0.5489963598454152
2014-11-04,000157.SZ,buy,145.53831703254872,299.86073544,43641.22678007994,8.728245356015988
2014-11-04,000063.SZ,buy,226.35963064145048,192.79597981499998,43641.22678007994,8.728245356015988
2014-11-04,000568.SZ,buy,90.77996447243473,480.73632804000005,43641.22678007993,8.728245356015986
2014-11-04,600016.SH,buy,17.733865402731823,116.78861512499999,2071.1135811982,0.41422271623964
2014-11-04,600166.SH,buy,559.4843885036628,78.0025818,43641.22678007994,8.728245356015988
2014-11-04,000858.SZ,buy,158.0395338588254,276.14120160000004,43641.22678007994,8.728245356015988
2014-11-04,600066.SH,buy,104.71825185389231,416.74900036500003,43641.22678007993,8.728245356015986
2014-12-02,601939.SH,sell,7504.106945459395,6.642327175000001,49844.73348793119,9.968946697586238
2014-12-02,601398.SH,sell,8510.056673403784,5.62092813,47834.416943429555,9.56688338868591
2014-12-02,600018.SH,sell,7191.296001144291,7.082566945000001,50932.83534941525,10.18656706988305
2014-12-02,601988.SH,sell,10964.632264653997,4.6946115200000005,51474.68894220835,10.29493778844167
2014-12-02,601288.SH,sell,13971.374908830017,3.442278,48093.356478417576,9.618671295683516
2014-12-02,600016.SH,sell,373.92625958951294,136.45298937500002,51023.355926801305,10.204671185360262
2014-12-02,601328.SH,sell,6783.934371927205,7.869903080000002,53388.90600814779,10.677781201629559
2014-12-02,600015.SH,sell,1848.7799290968596,27.410347970000004,50675.701176496856,10.135140235299371
2014-12-02,600036.SH,sell,986.222451737608,49.626734219999996,48942.99949417905,9.78859989883581
2014-12-02,000729.SZ,sell,813.8358364945828,58.63610728,47720.1654170049,9.544033083400981
2014-12-02,600519.SH,sell,45.80061406565332,973.6941593750001,44595.79041151512,8.919158082303024
2014-12-02,000157.SZ,sell,145.53831703254872,315.23222504000006,45878.36750674727,9.175673501349454
2014-12-02,000063.SZ,sell,226.35963064145048,197.729115985,44757.88966142512,8.951577932285025
2014-12-02,000568.SZ,sell,90.77996447243473,538.4511997200001,48880.580780721466,9.776116156144294
2014-12-02,600166.SH,sell,559.4843885036628,77.159401,43169.48028579391,8.633896057158783
2014-12-02,000858.SZ,sell,158.0395338588254,294.67418920000006,46570.17150139533,9.314034300279067
2014-12-02,600066.SH,sell,104.71825185389231,408.98934303000004,42828.6490289735,8.565729805794701
2014-12-02,600600.SH,buy,80.42449933913835,62.36970927,5016.052641967366,1.0032105283934734
2014-12-02,601857.SH,buy,386.22186656442335,10.1648799,3925.8988883811894,0.7851797776762379
2014-12-02,000581.SZ,buy,468.33695855743565,106.34194439999999,49803.86280737992,9.960772561475984
2014-12-02,000400.SZ,buy,334.62183538363155,148.83626094000002,49803.86280737992,9.960772561475984
2014-12-02,600028.SH,buy,355.737830952169,12.94719036,4605.805415591232,0.9211610831182465
2014-12-02,601238.SH,buy,5626.491092793756,8.851673625,49803.86280737992,9.960772561475984
2014-12-02,002038.SZ,buy,132.2951835925064,376.460136,49803.86280737992,9.960772561475984
2014-12-02,002310.SZ,buy,156.67005785776362,317.890115625,49803.86280737992,9.960772561475984
2014-12-02,000895.SZ,buy,164.1037535592081,303.49008921,49803.86280737992,9.960772561475984
2014-12-02,600352.SH,buy,396.3747234215597,125.64843282,49803.86280737992,9.960772561475984
2014-12-02,600267.SH,buy,441.2580076791785,112.86789574499998,49803.86280737992,9.960772561475984
2014-12-02,000423.SZ,buy,150.95515926952805,329.92488,49803.86280737993,9.960772561475986
2014-12-02,601933.SH,buy,1546.9877966536005,32.194089000000005,49803.86280737993,9.960772561475986
2014-12-02,600315.SH,buy,273.4447349032078,182.135022,49803.86280737992,9.960772561475984
2014-12-02,600518.SH,buy,146.877066908692,339.08535794999995,49803.86280737992,9.960772561475984
2014-12-02,600332.SH,buy,1316.5432257381196,37.82926517999999,49803.86280737992,9.960772561475984
2014-12-02,601088.SH,buy,2411.330353293804,20.65410189,49803.86280737992,9.960772561475984
2014-12-02,002603.SZ,buy,1191.8388556750963,41.78741326499999,49803.86280737993,9.960772561475986
2014-12-02,600216.SH,buy,833.5226572928804,59.751060599999995,49803.86280737992,9.960772561475984
2015-01-06,601857.SH,sell,4902.761514173877,14.984404050000002,73464.95948917119,14.692991897834238
2015-01-06,600028.SH,sell,3849.1367301839773,17.16597272,66074.17610588815,13.214835221177632
2015-01-06,000581.SZ,sell,468.33695855743565,112.6644396,52764.92097984191,10.552984195968383
2015-01-06,000400.SZ,sell,334.62183538363155,154.79590333000002,51798.08928215181,10.359617856430361
2015-01-06,601238.SH,sell,5626.491092793756,9.616439374999999,54106.81048782865,10.82136209756573
2015-01-06,002310.SZ,sell,156.67005785776362,340.2173062500001,53301.8650544,10.66037301088
2015-01-06,600352.SH,sell,396.3747234215597,181.56283317,71966.91778139354,14.393383556278708
2015-01-06,600267.SH,sell,441.2580076791785,113.76003153,50197.52486644833,10.039504973289667
2015-01-06,601933.SH,sell,1546.9877966536005,37.5568122,58099.930154611066,11.619986030922213
2015-01-06,600315.SH,sell,273.4447349032078,184.51569600000002,50454.84557820088,10.090969115640178
2015-01-06,600518.SH,sell,146.877066908692,346.51387639,50894.94180732426,10.178988361464853
2015-01-06,601088.SH,sell,2411.330353293804,29.120712360000002,70219.65762320605,14.04393152464121
2015-01-06,002603.SZ,sell,1191.8388556750963,38.254813025000004,45593.572579780775,9.118714515956155
2015-01-06,600216.SH,sell,833.5226572928804,61.463253,51231.0139664246,10.24620279328492
2015-01-06,600436.SH,buy,353.8292649580235,149.81116815,53007.575509017355,10.601515101803471
2015-01-06,600535.SH,buy,166.54333857901864,318.280970955,53007.57550901736,10.601515101803473
2015-01-06,002252.SZ,buy,174.40404437440003,303.93547178999995,53007.57550901736,10.601515101803473
2015-01-06,600600.SH,sell,1.9760345339652097,66.48440117000001,131.37547268191702,0.026275094536383405
2015-01-06,000999.SZ,buy,1219.441732836193,43.4687235,53007.57550901735,10.60151510180347
2015-01-06,002038.SZ,buy,13.542574749746123,363.700309275,4925.4386248624705,0.9850877249724942
2015-01-06,600079.SH,buy,313.8838627810209,168.876396,53007.57550901735,10.60151510180347
2015-01-06,002450.SZ,buy,388.60015833066785,136.40646915,53007.575509017355,10.601515101803471
2015-01-06,002001.SZ,buy,234.2987454197439,226.23926309999996,53007.575509017355,10.601515101803471
2015-01-06,000895.SZ,sell,7.520582982339748,338.41692689,2545.092581304649,0.5090185162609298
2015-01-06,000423.SZ,sell,2.049299634479154,355.8711754,729.286669668887,0.14585733393377742
2015-01-06,600276.SH,buy,90.9501633465028,582.8200143749999,53007.575509017355,10.601515101803471
2015-01-06,600597.SH,buy,1273.3333918122369,41.62898409,53007.57550901735,10.60151510180347
2015-01-06,600398.SH,buy,791.1533155414703,67.00038344999999,53007.57550901735,10.60151510180347
2015-01-06,603288.SH,buy,651.6323433086809,81.34583258999999,53007.575509017355,10.601515101803471
2015-01-06,002570.SZ,buy,1284.757145534059,41.258829105,53007.57550901735,10.60151510180347
2015-01-06,600085.SH,buy,223.44144126534803,237.23251698,53007.575509017355,10.601515101803471
2015-02-03,000895.SZ,sell,156.58317057686833,336.55179992000006,52698.34789482543,10.539669578965086
2015-02-03,000423.SZ,sell,148.9058596350489,353.0329952,52568.681629792096,10.51373632595842
2015-02-03,600332.SH,sell,1316.5432257381196,42.24332777,55615.16700822849,11.1230334016457
2015-02-03,600436.SH,sell,353.8292649580235,175.34478375,62042.115948486084,12.408423189697217
2015-02-03,000999.SZ,sell,1219.441732836193,46.10631531000001,56223.9650363183,11.244793007263661
2015-02-03,600079.SH,sell,313.8838627810209,188.36852862,59125.841389622896,11.825168277924579
2015-02-03,002450.SZ,sell,388.60015833066785,154.914054225,60199.62599948067,12.039925199896134
2015-02-03,002001.SZ,sell,234.2987454197439,218.55250908,51206.57868578119,10.241315737156238
2015-02-03,600597.SH,sell,1273.3333918122369,41.541219000000005,52895.82128928495,10.57916425785699
2015-02-03,600398.SH,sell,791.1533155414703,78.2338635,61894.98049564382,12.378996099128765
2015-02-03,603288.SH,sell,651.6323433086809,90.58468500000001,59027.91055442872,11.805582110885744
2015-02-03,600085.SH,sell,223.44144126534803,238.06246922,53193.021233704356,10.638604246740872
2015-02-03,002570.SZ,buy,108.60148186462372,41.826492795,4542.4190987370075,0.9084838197474016
2015-02-03,600600.SH,buy,96.28418177780303,65.23637188499998,6281.230689099697,1.2562461378199394
2015-02-03,002603.SZ,buy,1438.5324465788221,40.486893329999994,58241.70971638069,11.648341943276138
2015-02-03,002038.SZ,buy,9.870838166853726,374.28825059999997,3694.538749427392,0.7389077498854784
2015-02-03,002429.SZ,buy,1974.5200755267929,29.496640949999996,58241.70971638068,11.648341943276137
2015-02-03,600267.SH,buy,499.3996355401304,116.62345258500001,58241.70971638068,11.648341943276137
2015-02-03,603699.SH,buy,2885.057025261747,20.18736864,58241.70971638068,11.648341943276137
2015-02-03,002252.SZ,buy,11.282473711801291,313.862342745,3541.1436311448288,0.7082287262289658
2015-02-03,600276.SH,buy,0.2269044611012543,639.22195125,145.0423123724735,0.029008462474494703
2015-02-03,600519.SH,buy,53.55025082646701,1087.6085324999997,58241.709716380676,11.648341943276135
2015-02-03,002294.SZ,buy,250.3182198000698,232.67067719999997,58241.70971638068,11.648341943276137
2015-02-03,000963.SZ,buy,331.41588365080514,175.73602409999998,58241.70971638068,11.648341943276137
2015-02-03,002594.SZ,buy,1483.9104099440583,39.248804594999996,58241.70971638068,11.648341943276137
2015-02-03,600535.SH,buy,5.212452373115591,339.32623833,1768.721856243595,0.35374437124871905
2015-02-03,600277.SH,buy,1740.93246568753,33.454318799999996,58241.70971638068,11.648341943276137
2015-02-03,002416.SZ,buy,2310.7391738186166,25.204796099999996,58241.709716380676,11.648341943276135
2015-02-03,600518.SH,buy,161.09025807733792,361.5470631899999,58241.70971638068,11.648341943276137
2015-02-03,600256.SH,buy,185.50737364304877,313.95900105,58241.70971638069,11.648341943276138
2015-02-03,000536.SZ,buy,1619.4711600323533,35.963412719999994,58241.70971638068,11.648341943276137
2015-03-03,002252.SZ,sell,185.68651808620132,349.42270125,64883.08473538744,12.976616947077488
2015-03-03,002429.SZ,sell,1974.5200755267929,36.0389715,71159.67272808794,14.23193454561759
2015-03-03,600519.SH,sell,53.55025082646701,1158.8827687500002,62058.46294503307,12.411692589006615
2015-03-03,000963.SZ,sell,331.41588365080514,170.15851818000002,56393.235663336294,11.27864713266726
2015-03-03,002594.SZ,sell,1483.9104099440583,51.025474499999994,75717.23278288508,15.143446556577016
2015-03-03,600277.SH,sell,1740.93246568753,36.24187,63094.64810022692,12.618929620045385
2015-03-03,002416.SZ,sell,2310.7391738186166,28.509138299999996,65877.18268162267,13.175436536324534
2015-03-03,600518.SH,sell,161.09025807733792,515.8870974150001,83104.38566135113,16.620877132270227
2015-03-03,000536.SZ,sell,1619.4711600323533,39.957931040000005,64710.716933841584,12.942143386768317
2015-03-03,600600.SH,buy,96.67820288751037,63.57339081,6146.161174976167,1.2292322349952334
2015-03-03,000423.SZ,buy,180.32742768768819,348.80391480000003,62898.91272327956,12.579782544655913
2015-03-03,600597.SH,buy,1510.940372392824,41.62898409,62898.91272327955,12.579782544655911
2015-03-03,603699.SH,buy,132.4051382422034,20.858924249999998,2761.8287489048985,0.5523657497809797
2015-03-03,600267.SH,buy,26.09007783990529,119.77543779,3124.9504952498337,0.6249900990499667
2015-03-03,600648.SH,buy,309.62624581314384,203.14464156,62898.91272327956,12.579782544655913
2015-03-03,002294.SZ,buy,16.393788847874646,235.98577391999999,3868.700948746763,0.7737401897493527
2015-03-03,601808.SH,buy,2994.951633606908,21.001645575,62898.91272327955,12.579782544655911
2015-03-03,000895.SZ,buy,184.32194681272574,341.24483714999997,62898.91272327955,12.579782544655911
2015-03-03,600256.SH,buy,12.647493550387152,317.63103615,4017.2364811099133,0.8034472962219827
2015-03-03,000538.SZ,buy,60.851280131895926,1033.6497866099999,62898.91272327955,12.579782544655911
2015-03-03,002038.SZ,buy,2.870991538281476,396.91205685,1139.5311566582461,0.22790623133164922
2015-03-03,002570.SZ,buy,41.539018452980265,43.8649215,1822.1057836270309,0.3644211567254062
2015-03-03,600166.SH,buy,752.2012848331817,83.619789,62898.91272327955,12.579782544655911
2015-03-03,600535.SH,buy,15.586364181776284,335.95899554999994,5236.379254786058,1.0472758509572115
2015-03-03,600887.SH,buy,69.2568614647023,908.1975618449999,62898.91272327955,12.579782544655911
2015-03-03,002603.SZ,buy,0.7674861323296828,43.731624884999995,33.56341564348116,0.006712683128696232
2015-03-03,000001.SZ,buy,63.289307279953135,993.8315874599999,62898.91272327955,12.579782544655911
2015-03-03,600276.SH,buy,12.915699273729185,604.6287633,7809.203279029584,1.561840655805917
2015-04-02,002038.SZ,sell,158.57958804738774,499.03435800000005,79136.66291313262,15.827332582626525
2015-04-02,600276.SH,sell,104.09276708133325,728.4354400799999,75824.86059803591,15.164972119607183
2015-04-02,002570.SZ,sell,1434.8976458516631,54.02881208000001,77525.81526175392,15.505163052350785
2015-04-02,002603.SZ,sell,1439.2999327111518,50.984544975000006,73382.0521518262,14.67641043036524
2015-04-02,600267.SH,sell,525.4897133800357,147.392267,77453.1201402637,15.49062402805274
2015-04-02,002294.SZ,sell,266.71200864794446,285.24266732,76077.64475301458,15.215528950602916
2015-04-02,600256.SH,sell,198.1548671934359,371.23852787999994,73562.72118914804,14.712544237829608
2015-04-02,600648.SH,sell,309.62624581314384,225.57543585999997,69844.07535299541,13.968815070599083
2015-04-02,601808.SH,sell,2994.951633606908,24.493846950000002,73357.8869362201,14.67157738724402
2015-04-02,000895.SZ,sell,184.32194681272574,386.80660994500005,71296.94738509305,14.259389477018612
2015-04-02,600166.SH,sell,752.2012848331817,98.5854826,74156.12667761928,14.831225335523856
2015-04-02,600887.SH,sell,69.2568614647023,1030.465999255,71366.84095448955,14.273368190897912
2015-04-02,000001.SZ,sell,63.289307279953135,1142.6872305699999,72319.88326042338,14.463976652084677
2015-04-02,000729.SZ,buy,931.2787927697618,73.87988148,68802.76683466748,13.760553366933497
2015-04-02,600535.SH,sell,3.134046736987259,373.39037142000006,1170.222875171312,0.2340445750342624
2015-04-02,600600.SH,buy,23.778951441896623,67.91297952,1614.8994422805997,0.32297988845611997
2015-04-02,600111.SH,buy,189.1749200350492,363.69919872,68802.76683466748,13.760553366933497
2015-04-02,000869.SZ,buy,404.77180882776344,169.97914709999998,68802.76683466748,13.760553366933497
2015-04-02,600809.SH,buy,740.0489500930954,92.97056204999998,68802.76683466746,13.760553366933493
2015-04-02,600028.SH,buy,4409.405498090889,15.603637919999999,68802.76683466748,13.760553366933497
2015-04-02,000423.SZ,sell,5.534445013232447,393.49995160000003,2177.8038448398293,0.43556076896796586
2015-04-02,000858.SZ,buy,188.60986472634417,364.78880324999994,68802.76683466746,13.760553366933493
2015-04-02,603699.SH,sell,112.14245307300483,23.674087034999996,2654.8701943687192,0.5309740388737438
2015-04-02,600011.SH,buy,2076.4290812995546,33.13513929,68802.76683466748,13.760553366933497
2015-04-02,000937.SZ,buy,1446.7229207648818,47.55766694999999,68802.76683466748,13.760553366933497
2015-04-02,000999.SZ,buy,1349.3198428917956,50.99070261,68802.76683466748,13.760553366933497
2015-04-02,000538.SZ,buy,0.36780358257951146,1124.659858905,413.65392528862685,0.08273078505772538
2015-04-02,002304.SZ,buy,319.19051087160415,215.5539231,68802.76683466748,13.760553366933497
2015-04-02,601118.SH,buy,6690.36442702455,10.283859360000001,68802.76683466746,13.760553366933493
2015-04-02,600372.SH,buy,738.9937117253432,93.10331839499999,68802.76683466746,13.760553366933493
2015-04-02,600038.SH,buy,487.84981110784173,141.0326811,68802.76683466748,13.760553366933497
2015-05-05,603699.SH,sell,2905.319710430946,25.147999709999997,73062.9792353747,14.61259584707494
2015-05-05,000423.SZ,sell,174.79298267445574,486.15280200000007,84976.09829712413,16.995219659424826
2015-05-05,000538.SZ,sell,61.21908371447544,1128.6509922000002,69094.97957591758,13.818995915183516
2015-05-05,000729.SZ,sell,931.2787927697618,83.7097242,77957.09089606571,15.591418179213143
2015-05-05,600111.SH,sell,189.1749200350492,415.97806692000006,78692.61754592536,15.738523509185072
2015-05-05,000869.SZ,sell,404.77180882776344,200.02593700000003,80964.86033195826,16.192972066391654
2015-05-05,600809.SH,sell,740.0489500930954,97.04255445,71816.24053507454,14.36324810701491
2015-05-05,600028.SH,sell,4409.405498090889,19.6045928,86444.59928015304,17.28891985603061
2015-05-05,000858.SZ,sell,188.60986472634417,416.61914622,78578.4808109592,15.71569616219184
2015-05-05,600011.SH,sell,2076.4290812995546,49.94823339,103713.96437053343,20.742792874106687
2015-05-05,000937.SZ,sell,1446.7229207648818,54.588392150000004,78974.27813110675,15.79485562622135
2015-05-05,000999.SZ,sell,1349.3198428917956,60.984192650000004,82287.181245381,16.4574362490762
2015-05-05,002304.SZ,sell,319.19051087160415,247.56065775,79019.01281893284,15.803802563786569
2015-05-05,601118.SH,sell,6690.36442702455,12.635679,84537.29729290114,16.90745945858023
2015-05-05,600372.SH,sell,738.9937117253432,113.40335995499998,83804.36989527059,16.760873979054118
2015-05-05,600038.SH,sell,487.84981110784173,158.87162445,77505.49197832847,15.501098395665695
2015-05-05,601288.SH,buy,16155.063609729343,4.848623099999999,78329.81460010307,15.665962920020615
2015-05-05,600535.SH,buy,32.91063989087858,360.983731665,11880.205599292358,2.376041119858472
2015-05-05,601328.SH,buy,7624.494124687541,10.273444155,78329.81460010307,15.665962920020615
2015-05-05,600600.SH,buy,98.31140258014358,70.47872174999999,6928.861987298171,1.3857723974596343
2015-05-05,600398.SH,buy,730.7330813774358,107.19346995,78329.81460010307,15.665962920020615
2015-05-05,600276.SH,buy,93.01519067466391,842.1185188349999,78329.81460010307,15.665962920020615
2015-05-05,600016.SH,buy,391.41483110797066,200.11968984,78329.81460010307,15.665962920020615
2015-05-05,600104.SH,buy,409.5750775485006,191.24653547999998,78329.81460010305,15.665962920020611
2015-05-05,600585.SH,buy,814.4827217063599,96.17124158999998,78329.81460010307,15.665962920020615
2015-05-05,600000.SH,buy,564.6697425395591,138.71792430000002,78329.81460010307,15.665962920020615
2015-05-05,601398.SH,buy,10279.667763750902,7.619878034999999,78329.81460010305,15.665962920020611
2015-05-05,000069.SZ,buy,203.6405734948917,384.64738757999993,78329.81460010307,15.665962920020615
2015-05-05,601998.SH,buy,7795.887628798866,10.04758128,78329.81460010307,15.665962920020615
2015-05-05,600166.SH,buy,708.5025851704439,110.55685079999999,78329.81460010305,15.665962920020611
2015-05-05,601988.SH,buy,11342.79150905653,6.905691119999999,78329.81460010307,15.665962920020615
2015-05-05,000002.SZ,buy,43.462109572404415,1802.2552372799998,78329.81460010307,15.665962920020615
2015-05-05,002570.SZ,buy,1520.1295402869782,51.528381315,78329.81460010307,15.665962920020615
2015-06-02,600600.SH,sell,1112.1059017649861,83.05012416500001,92360.53322621141,18.47210664524228
2015-06-02,601328.SH,sell,7624.494124687541,10.865164700000001,82841.38441891248,16.568276883782495
2015-06-02,600398.SH,sell,730.7330813774358,110.50761854999999,80751.57261872377,16.150314523744754
2015-06-02,600276.SH,sell,93.01519067466391,983.417895075,91472.80302327775,18.29456060465555
2015-06-02,600104.SH,sell,409.5750775485006,174.317027885,71395.91021402301,14.279182042804603
2015-06-02,600585.SH,sell,814.4827217063599,102.96559145,83863.69516630111,16.772739033260223
2015-06-02,000069.SZ,sell,203.6405734948917,442.13602140000006,90036.83296064573,18.007366592129145
2015-06-02,601998.SH,sell,7795.887628798866,9.73337088,75880.26562990314,15.176053125980628
2015-06-02,600166.SH,sell,708.5025851704439,140.03474760000003,99214.98068829064,19.84299613765813
2015-06-02,000002.SZ,sell,43.462109572404415,1848.51528,80340.37364562383,16.068074729124767
2015-06-02,002570.SZ,sell,1520.1295402869782,66.840033265,101605.50903989079,20.32110180797816
2015-06-02,000538.SZ,buy,64.28590891735989,1288.5110235450002,82833.10229862804,16.56662045972561
2015-06-02,601398.SH,buy,973.7536798584473,7.365410865,7172.09593346314,1.434419186692628
2015-06-02,601288.SH,buy,1805.660089178866,4.61480625,8332.771464918189,1.6665542929836379
2015-06-02,600016.SH,buy,41.11998757168775,191.62752588,7879.721482578873,1.5759442965157748
2015-06-02,600535.SH,sell,28.49462870672073,438.97880080000004,12508.537938917521,2.501707587783504
2015-06-02,000895.SZ,buy,196.89221695663736,420.702776265,82833.10229862804,16.56662045972561
2015-06-02,000001.SZ,buy,60.58913973538111,1367.1278823300001,82833.10229862804,16.56662045972561
2015-06-02,000858.SZ,buy,186.4198419879654,444.33629712,82833.10229862804,16.56662045972561
2015-06-02,600000.SH,buy,26.197963020443648,140.2827063,3675.1211520551574,0.7350242304110315
2015-06-02,600809.SH,buy,817.6304556910048,101.30872905,82833.10229862804,16.56662045972561
2015-06-02,601988.SH,buy,1541.633436056912,6.43289484,9917.16577598198,1.983433155196396
2015-06-02,002142.SZ,buy,3538.8511791968804,23.406777539999997,82833.10229862804,16.56662045972561
2015-06-02,600036.SH,buy,1060.543452888776,78.10439267999999,82833.10229862803,16.566620459725605
2015-06-02,000166.SZ,buy,4245.728535661812,19.50975,82833.10229862804,16.56662045972561
2015-06-02,002252.SZ,buy,180.5461773376701,458.79178125,82833.10229862804,16.56662045972561
2015-06-02,601939.SH,buy,8834.554940900229,9.376035674999999,82833.10229862806,16.566620459725613
2015-07-02,600535.SH,sell,188.62411958108106,375.23244992,70777.89050441209,14.155578100882419
2015-07-02,600597.SH,sell,1510.940372392824,51.2641551,77457.0815971975,15.4914163194395
2015-07-02,601988.SH,sell,12884.424945113442,6.841537520000001,88149.27668561757,17.629855337123516
2015-07-02,000538.SZ,sell,64.28590891735989,1336.395378045,85911.3915505816,17.18227831011632
2015-07-02,000895.SZ,sell,196.89221695663736,327.8169595250001,64544.60791686152,12.908921583372305
2015-07-02,000858.SZ,sell,186.4198419879654,491.69253075,91661.24388907783,18.33224877781557
2015-07-02,600809.SH,sell,817.6304556910048,109.57895311499999,89595.0893695607,17.91901787391214
2015-07-02,002142.SZ,sell,3538.8511791968804,24.078054950000002,85208.65315257479,17.04173063051496
2015-07-02,000166.SZ,sell,4245.728535661812,15.652170000000002,66454.86481402976,13.290972962805952
2015-07-02,601939.SH,sell,8834.554940900229,9.530732250000002,84199.77768963466,16.839955537926933
2015-07-02,601398.SH,buy,371.80766029850713,7.280588475,2706.978566486026,0.5413957132972053
2015-07-02,601288.SH,buy,1090.8525578924932,4.442520149999999,4846.134469116441,0.9692268938232883
2015-07-02,600519.SH,buy,54.062955587279184,1564.49435625,84581.18889849269,16.916237779698537
2015-07-02,000002.SZ,buy,47.914622554664234,1765.24794288,84581.18889849269,16.916237779698537
2015-07-02,600028.SH,buy,5105.3278369398395,16.567239479999998,84581.1888984927,16.91623777969854
2015-07-02,002252.SZ,buy,3.295175420109021,460.3933816499999,1517.0769547939512,0.3034153909587903
2015-07-02,600000.SH,buy,35.51645649730812,135.12002625,4798.984534223256,0.9597969068446511
2015-07-02,000001.SZ,buy,10.17837696402035,1195.9142583,12172.466137624202,2.4344932275248405
2015-07-02,601318.SH,buy,983.808720175497,85.97320512,84581.18889849269,16.916237779698537
2015-07-02,601857.SH,buy,6317.738277491801,13.3878906,84581.18889849268,16.916237779698537
2015-07-02,600016.SH,buy,41.55874967940918,178.52005542,7419.070295954035,1.483814059190807
2015-07-02,600036.SH,buy,23.69909675789316,78.06289193999999,1850.0200292870177,0.37000400585740356
2015-07-02,600104.SH,buy,553.6908475303187,152.75887126499998,84581.18889849269,16.916237779698537
2015-08-04,000001.SZ,sell,70.76751669940145,1097.59430831,77674.02354249592,15.534804708499186
2015-08-04,002252.SZ,sell,183.8413527577791,594.4665180500001,109287.52884751873,21.857505769503746
2015-08-04,000002.SZ,sell,47.914622554664234,1861.069669665,89172.45076993213,17.834490153986426
2015-08-04,600028.SH,sell,5105.3278369398395,14.0753588,71859.32109655613,14.371864219311227
2015-08-04,601318.SH,sell,983.808720175497,72.45275550000001,71279.65266164321,14.255930532328643
2015-08-04,601857.SH,sell,6317.738277491801,13.230881250000001,83589.24491807359,16.71784898361472
2015-08-04,600104.SH,sell,553.6908475303187,146.372777,81045.26695249634,16.209053390499268
2015-08-04,601398.SH,buy,39.94627391129164,7.151974199999999,285.6947203996909,0.05713894407993818
2015-08-04,601288.SH,sell,525.391588516158,4.498749500000001,2363.6051461412717,0.4727210292282544
2015-08-04,600519.SH,buy,4.048212978342218,1435.6132679099999,5811.668263033545,1.1623336526067092
2015-08-04,601988.SH,buy,12698.595691035473,6.56536104,83370.86541263617,16.674173082527233
2015-08-04,600000.SH,buy,31.72337341833262,126.7671519,4021.4816969021936,0.8042963393804388
2015-08-04,600015.SH,buy,2268.690969696501,36.74844504,83370.86541263617,16.674173082527233
2015-08-04,600036.SH,sell,4.989169228841446,77.22528804000001,385.29003077758534,0.07705800615551707
2015-08-04,600016.SH,buy,5.900755465767542,173.8114623,1025.618936179774,0.2051237872359548
2015-08-04,601328.SH,buy,7839.6124667526,10.634564624999998,83370.86541263617,16.674173082527233
2015-08-04,601818.SH,buy,14881.70260101547,5.60223972,83370.86541263618,16.674173082527236
2015-08-04,601939.SH,buy,9236.171470145924,9.026561025000001,83370.86541263617,16.674173082527233
2015-09-02,600036.SH,sell,1079.2533804178277,70.73251605,76338.30705242076,15.267661410484152
2015-09-02,600015.SH,sell,2268.690969696501,34.361370720000004,77955.33145885776,15.591066291771554
2015-09-02,601328.SH,sell,7839.6124667526,9.877059000000001,77432.31487125097,15.486462974250195
2015-09-02,601818.SH,sell,14881.70260101547,4.99094328,74273.73359149668,14.854746718299337
2015-09-02,601939.SH,sell,9236.171470145924,7.903176435,72995.09271247657,14.599018542495315
2015-09-02,000002.SZ,buy,45.124012884239576,1755.8226625949999,79229.76444937661,15.845952889875324
2015-09-02,002252.SZ,buy,164.2582887403025,482.34865379999997,79229.7644493766,15.84595288987532
2015-09-02,600016.SH,buy,13.811968941360705,160.55623799999998,2217.5977725977173,0.4435195545195435
2015-09-02,600519.SH,buy,2.6775112488010575,1304.2360621349999,3492.106727458457,0.6984213454916914
2015-09-02,601398.SH,buy,587.1209821868867,6.470833799999999,3799.1622962241045,0.7598324592448209
2015-09-02,601857.SH,buy,7199.106305881296,11.0055,79229.7644493766,15.84595288987532
2015-09-02,600485.SH,buy,877.9899225365335,90.239947425,79229.7644493766,15.84595288987532
2015-09-02,601988.SH,buy,852.0695063178376,5.85076392,4985.257524896617,0.9970515049793234
2015-09-02,600000.SH,sell,8.32582881962068,121.89552175000001,1014.8812479688496,0.20297624959376992
2015-09-02,601288.SH,buy,1610.5247406651038,3.93712758,6340.841374744928,1.2681682749489855
2015-09-02,000538.SZ,buy,72.19320403009723,1097.46846,79229.76444937661,15.845952889875324
2015-09-02,002304.SZ,buy,381.6127035204492,207.61825725,79229.7644493766,15.84595288987532
2015-09-02,600276.SH,buy,96.33067097373478,822.477033,79229.76444937661,15.845952889875324
2015-09-02,601166.SH,buy,1547.574664400275,51.196085249999996,79229.76444937661,15.845952889875324
2015-09-02,600315.SH,buy,475.4567194498803,166.639278,79229.76444937661,15.845952889875324
2015-10-09,600016.SH,sell,493.80629276619584,159.0902151,78559.74933390766,15.711949866781532
2015-10-09,601398.SH,sell,12252.296360006036,6.508744000000001,79747.06041941114,15.949412083882228
2015-10-09,002252.SZ,sell,164.2582887403025,564.1331923,92663.552788802,18.5327105577604
2015-10-09,600485.SH,sell,877.9899225365335,55.528861680000006,48753.78096496509,9.750756192993018
2015-10-09,000538.SZ,sell,72.19320403009723,1092.2186175000002,78850.76149864824,15.770152299729649
2015-10-09,002304.SZ,sell,381.6127035204492,213.35278024500002,81418.13127289874,16.283626254579747
2015-10-09,600276.SH,sell,96.33067097373478,933.5565482200001,89930.1286819564,17.98602573639128
2015-10-09,000002.SZ,sell,0.19276966623699737,1672.542420445,322.4154441564024,0.06448308883128048
2015-10-09,600519.SH,sell,5.629892261008713,1362.3529427700003,7669.900289263271,1.5339800578526541
2015-10-09,601166.SH,sell,119.6508605888866,52.62635366,6296.788505074102,1.2593577010148205
2015-10-09,600028.SH,buy,6165.160414729114,12.193053479999998,75172.13064957105,15.034426129914209
2015-10-09,600600.SH,buy,1450.6797559323488,51.81855632999999,75172.13064957106,15.034426129914213
2015-10-09,601988.SH,sell,218.5821962526395,5.636700240000001,1232.0823180769803,0.24641646361539607
2015-10-09,601601.SH,buy,2851.7745503361766,26.359773299999997,75172.13064957105,15.034426129914209
2015-10-09,601009.SH,buy,2873.038872110583,26.164675799999998,75172.13064957106,15.034426129914213
2015-10-09,601318.SH,buy,1096.6420150231722,68.54755665,75172.13064957106,15.034426129914213
2015-10-09,601857.SH,sell,134.4901182241229,10.63735866,1430.6196237757977,0.2861239247551595
2015-10-09,600015.SH,buy,2208.914953498509,34.03124711999999,75172.13064957105,15.034426129914209
2015-10-09,600887.SH,buy,71.96791742677506,1044.5228004,75172.13064957105,15.034426129914209
2015-10-09,600036.SH,buy,972.9822284884938,77.25951044999998,75172.13064957105,15.034426129914209
2015-10-09,600000.SH,sell,74.6173825079008,130.649092775,9748.693329902395,1.9497386659804792
2015-10-09,000963.SZ,buy,328.0088646854053,229.17713129999999,75172.13064957106,15.034426129914213
2015-10-09,000423.SZ,buy,186.01753823176452,404.11313558999996,75172.13064957106,15.034426129914213
2015-10-09,000001.SZ,buy,81.2761554136412,924.89771775,75172.13064957106,15.034426129914213
2015-10-09,600050.SH,buy,7943.75358075082,9.46304916,75172.13064957105,15.034426129914209
2015-10-09,601288.SH,sell,1154.8473050979644,3.9588995600000008,4571.924488019518,0.9143848976039037
2015-11-03,600000.SH,sell,575.164324148122,134.166883,77168.00458375516,15.433600916751033
2015-11-03,600315.SH,sell,475.4567194498803,207.89600000000002,98845.55014675233,19.76911002935047
2015-11-03,601601.SH,sell,2851.7745503361766,28.61680444,81608.6746139393,16.32173492278786
2015-11-03,601009.SH,sell,2873.038872110583,29.246889239999998,84027.44967483274,16.80548993496655
2015-11-03,601318.SH,sell,1096.6420150231722,73.05899223,80119.56045466948,16.023912090933898
2015-11-03,600887.SH,sell,71.96791742677506,1009.1364593599999,72625.44937956861,14.525089875913723
2015-11-03,000423.SZ,sell,186.01753823176452,441.58604652500003,82142.74929207793,16.428549858415586
2015-11-03,600050.SH,sell,7943.75358075082,9.75903804,77523.39337493347,15.504678674986694
2015-11-03,601939.SH,buy,10380.549198737885,7.969792905,82730.82735410464,16.546165470820927
2015-11-03,601288.SH,buy,1706.57960058872,4.00145973,6828.8095477952465,1.3657619095590494
2015-11-03,601166.SH,buy,124.82488201276186,53.31454395,6654.981658122957,1.3309963316245914
2015-11-03,600015.SH,buy,177.217935364451,34.69397832,6148.395207449424,1.2296790414898848
2015-11-03,601988.SH,buy,1111.2413647867909,5.7316644,6369.262570355862,1.2738525140711725
2015-11-03,600036.SH,buy,105.11844367699203,76.78605383999998,8071.630475758516,1.6143260951517033
2015-11-03,000001.SZ,buy,5.020410092327917,959.31251655,4816.1422397841125,0.9632284479568225
2015-11-03,601857.SH,buy,646.1772016615542,10.736105369999999,6937.426524730185,1.387485304946037
2015-11-03,601006.SH,buy,6370.638224438184,12.986269889999999,82730.82735410465,16.54616547082093
2015-11-03,000963.SZ,buy,9.209330696627724,245.5002888,2260.8933456768114,0.4521786691353623
2015-11-03,000002.SZ,buy,2.9478802989452415,1729.04541066,5097.018902066298,1.0194037804132596
2015-11-03,601628.SH,buy,2807.30517091256,29.469837554999998,82730.82735410464,16.546165470820927
2015-11-03,601998.SH,buy,10384.1601464765,7.96702152,82730.82735410464,16.546165470820927
2015-11-03,600028.SH,buy,583.1927037062009,12.267250559999999,7154.171021127806,1.4308342042255613
2015-11-03,600016.SH,buy,517.0800870255686,159.9961581,82730.82735410462,16.546165470820924
2015-11-03,600600.SH,buy,86.080650568323,53.87014161,4637.176835996486,0.9274353671992973
2015-11-03,601328.SH,buy,8689.521081630754,9.520757999999999,82730.82735410464,16.546165470820927
2015-11-03,600519.SH,buy,1.5167272943659387,1460.72243622,2215.517588507583,0.44310351770151657
2015-11-03,000538.SZ,buy,74.25820591339175,1114.0967699999999,82730.82735410464,16.546165470820927
2015-12-02,601988.SH,sell,14443.324365887462,5.9490240000000005,85923.68329244929,17.18473665848986
2015-12-02,000002.SZ,sell,47.87912351694782,2124.75305202,101731.31382067743,20.34626276413549
2015-12-02,601857.SH,sell,7710.793389318727,10.5619164,81440.75515565704,16.28815103113141
2015-12-02,601166.SH,sell,1552.7486858241502,55.271780285000006,85823.18420069493,17.164636840138986
2015-12-02,600028.SH,sell,6748.353118435314,12.18086652,82200.78856548632,16.440157713097264
2015-12-02,000001.SZ,sell,86.29656550596913,1005.6267351,86782.13342011101,17.356426684022203
2015-12-02,601006.SH,sell,6370.638224438184,12.714399620000002,80998.84021995433,16.19976804399087
2015-12-02,601628.SH,sell,2807.30517091256,30.502840950000003,85630.78312645838,17.126156625291678
2015-12-02,601998.SH,sell,10384.1601464765,8.98562494,93308.1683931333,18.66163367862666
2015-12-02,601328.SH,sell,8689.521081630754,9.617938624999999,83575.28044376819,16.715056088753638
2015-12-02,600315.SH,buy,408.3736794844907,208.10399999999998,84984.19619544045,16.996839239088093
2015-12-02,600519.SH,buy,1.120537539542574,1471.42470468,1648.786618204286,0.3297573236408572
2015-12-02,601398.SH,buy,12641.642655788497,6.722559599999999,84984.19619544045,16.996839239088093
2015-12-02,600036.SH,buy,75.29257561698847,73.73010663,5551.329628687898,1.1102659257375795
2015-12-02,000538.SZ,buy,0.5897915254262517,1136.2124223,670.1284577565735,0.13402569155131472
2015-12-02,600016.SH,buy,14.445647943635647,159.9961581,2311.2481722468688,0.4622496344493738
2015-12-02,601288.SH,buy,496.25917438707916,4.0143261599999995,1992.1461858820535,0.3984292371764107
2015-12-02,600887.SH,buy,86.80050963839491,979.0748527799999,84984.19619544047,16.996839239088093
2015-12-02,600398.SH,buy,836.0847120751063,101.64543732,84984.19619544045,16.996839239088093
2015-12-02,603288.SH,buy,656.406247500267,129.4689021,84984.19619544044,16.99683923908809
2015-12-02,600535.SH,buy,305.9507741642681,277.77081599999997,84984.19619544047,16.996839239088093
2015-12-02,600600.SH,buy,120.74398191101498,51.30566001,6194.849684180124,1.238969936836025
2015-12-02,600886.SH,buy,230.68917774903883,368.39264427,84984.19619544047,16.996839239088093
2015-12-02,601939.SH,sell,179.5491480145598,8.328393720000001,1495.3559967558103,0.2990711993511621
2015-12-02,600674.SH,buy,472.1487128887982,179.99455229999998,84984.19619544045,16.996839239088093
2015-12-02,000895.SZ,buy,271.1069253255517,313.47113724,84984.19619544045,16.996839239088093
2015-12-02,000963.SZ,buy,5.496193657995778,248.144640315,1363.8509983649465,0.2727701996729893
2015-12-02,600795.SH,buy,91.33332650849836,930.4839694799999,84984.19619544045,16.996839239088093
2015-12-02,600015.SH,sell,84.41622491134828,36.9103356,3115.8311915629456,0.6231662383125891
2015-12-02,600066.SH,buy,115.57010607932243,730.0848900149999,84375.98818594399,16.875197637188798
2016-01-05,600600.SH,sell,1657.5043884116867,48.85258149000001,80973.36820491456,16.194673640982913
2016-01-05,600015.SH,sell,2301.7166639516117,37.14205968,85490.49769894127,17.098099539788254
2016-01-05,000963.SZ,sell,342.7143890400288,245.613661735,84175.33602139482,16.835067204278964
2016-01-05,600016.SH,sell,531.5257349692042,166.9234965,88724.13416079189,17.744826832158378
2016-01-05,000538.SZ,sell,74.847997438818,1127.6015172,84398.71547139289,16.879743094278577
2016-01-05,600315.SH,sell,408.3736794844907,190.22484000000003,77682.81784014853,15.536563568029708
2016-01-05,600887.SH,sell,86.80050963839491,984.70056342,85472.5107460706,17.094502149214122
2016-01-05,600398.SH,sell,836.0847120751063,85.80591558,71741.01422204518,14.348202844409037
2016-01-05,603288.SH,sell,656.406247500267,119.47213405,78422.25519260937,15.684451038521875
2016-01-05,600535.SH,sell,305.9507741642681,285.201328,87257.56709427736,17.451513418855473
2016-01-05,600886.SH,sell,230.68917774903883,318.78760646,73540.85081084158,14.708170162168317
2016-01-05,600674.SH,sell,472.1487128887982,170.04943275,80288.62080038273,16.057724160076546
2016-01-05,000895.SZ,sell,271.1069253255517,302.84810020000003,82104.2172859066,16.420843457181324
2016-01-05,600795.SH,sell,91.33332650849836,820.8747573,74973.22223106526,14.994644446213051
2016-01-05,600066.SH,sell,115.57010607932243,735.89492847,85047.45494651329,17.00949098930266
2016-01-05,601857.SH,buy,8097.105128209048,10.119377159999999,81937.66069651752,16.387532139303502
2016-01-05,601398.SH,sell,113.5643901884321,6.538329200000001,742.5213684492192,0.14850427368984384
2016-01-05,601988.SH,buy,14483.713982093122,5.6572271999999995,81937.66069651752,16.387532139303502
2016-01-05,600900.SH,buy,2365.3497967233056,34.640821755,81937.6606965175,16.387532139303502
2016-01-05,601288.SH,sell,627.6354187922306,3.9846067000000005,2500.880294876828,0.5001760589753657
2016-01-05,601939.SH,sell,80.55780235095393,8.09379108,652.018022092554,0.13040360441851082
2016-01-05,600028.SH,buy,6989.396202902664,11.72313864,81937.6606965175,16.387532139303502
2016-01-05,600276.SH,buy,89.98209882095352,910.5995722499999,81937.6606965175,16.387532139303502
2016-01-05,601166.SH,buy,1416.7750887439768,57.83392250999999,81937.6606965175,16.387532139303502
2016-01-05,601818.SH,buy,16892.886208817523,4.850423999999999,81937.66069651752,16.387532139303502
2016-01-05,600519.SH,sell,0.882774580006261,1439.250015,1270.53332751563,0.254106665503126
2016-01-05,600009.SH,buy,1023.3486855170397,80.06817407999999,81937.6606965175,16.387532139303502
2016-01-05,002252.SZ,buy,166.82564765242518,491.15745599999997,81937.66069651752,16.387532139303502
2016-01-05,601088.SH,buy,4513.7076907157925,18.153072,81937.66069651752,16.387532139303502
2016-01-05,600036.SH,sell,43.90906278134785,73.82840733,3241.736172499892,0.6483472344999784
2016-01-05,601328.SH,buy,8847.24253548463,9.261378375,81937.66069651752,16.387532139303502
2016-01-05,601006.SH,buy,6940.516986758025,11.805699899999999,81937.66069651752,16.387532139303502
2016-01-05,000001.SZ,buy,84.50344242083722,969.63695619,81937.66069651752,16.387532139303502
2016-01-05,300003.SZ,buy,1108.9602212640127,73.88692499999999,81937.6606965175,16.387532139303502
2016-02-02,601857.SH,sell,8097.105128209048,9.103366040000001,73710.9118464481,14.74218236928962
2016-02-02,002252.SZ,sell,166.82564765242518,497.06654240000006,82923.44786223167,16.584689572446333
2016-02-02,601088.SH,sell,4513.7076907157925,16.93025064,76418.20251951397,15.283640503902795
2016-02-02,601006.SH,sell,6940.516986758025,9.564565325,66383.02810911929,13.276605621823858
2016-02-02,601398.SH,sell,701.8882788674281,5.9466252,4173.866526697675,0.8347733053395351
2016-02-02,601166.SH,sell,19.548510957192548,50.333650585,983.9479199763736,0.19678958399527471
2016-02-02,600900.SH,sell,176.2324246657931,32.124899515,5661.448933673411,1.1322897867346824
2016-02-02,601288.SH,sell,1947.574926787785,3.7789495800000004,7359.787451603232,1.4719574903206465
2016-02-02,601939.SH,buy,84.6048914550313,6.89834745,583.6339372263419,0.11672678744526839
2016-02-02,600016.SH,buy,445.409588519061,157.9425318,70349.11809869671,14.069823619739342
2016-02-02,600036.SH,buy,6.956314721498805,63.055812149999994,438.63607433510816,0.08772721486702163
2016-02-02,601988.SH,buy,480.2183795101207,4.70443104,2259.154250545912,0.4518308501091824
2016-02-02,601318.SH,buy,1080.8455040318854,65.087117295,70349.11809869672,14.069823619739346
2016-02-02,600000.SH,buy,520.6416846643909,135.12002625,70349.11809869672,14.069823619739346
2016-02-02,600009.SH,sell,65.10719929051109,73.3902865,4778.236009143206,0.9556472018286412
2016-02-02,601328.SH,buy,8.75811969205913,7.949222624999999,69.62024320857446,0.013924048641714894
2016-02-02,601818.SH,sell,113.915542464756,4.19142324,477.46825208398513,0.09549365041679703
2016-02-02,000001.SZ,sell,1.0107141228732957,842.3198294000001,851.3445475508051,0.17026890951016105
2016-02-02,601169.SH,buy,3700.0532069428086,19.013001749999997,70349.11809869672,14.069823619739346
2016-02-02,600519.SH,sell,6.116771736889543,1384.4214430000002,8468.189954486239,1.6936379908972479
2016-02-02,600028.SH,sell,323.4987522533575,10.55016228,3412.9643336504373,0.6825928667300875
2016-02-02,600276.SH,sell,9.886535394714343,877.9970218800001,8680.348633270405,1.7360697266540812
2016-03-02,000001.SZ,sell,83.49272829796392,838.0222792500001,69968.7664690607,13.993753293812143
2016-03-02,300003.SZ,sell,1108.9602212640127,71.28234099999999,79049.28064757679,15.809856129515358
2016-03-02,601169.SH,sell,3700.0532069428086,19.77260875,73159.70441506294,14.631940883012588
2016-03-02,601398.SH,buy,155.03542344594806,5.9673822,925.1556262408131,0.18503112524816265
2016-03-02,600900.SH,buy,171.88694368577652,30.280992930000004,5204.907326508307,1.0409814653016614
2016-03-02,002252.SZ,buy,138.3251650181838,516.516129,71447.17877847851,14.289435755695703
2016-03-02,601288.SH,sell,86.60272672223539,3.8560710000000005,333.94626303453697,0.06678925260690739
2016-03-02,600016.SH,buy,1.2837136252359034,160.05848925,205.4692634848994,0.04109385269697988
2016-03-02,601166.SH,buy,24.79107077302586,50.27808648,1246.4476002579947,0.24928952005159896
2016-03-02,601939.SH,buy,430.6027640457476,6.72221943,2894.60626708003,0.5789212534160061
2016-03-02,600519.SH,sell,3.2105257948086043,1500.9321585,4818.781411122007,0.9637562822244015
2016-03-02,600036.SH,buy,6.693417834260321,63.658393289999985,426.0922249476435,0.0852184449895287
2016-03-02,601988.SH,buy,43.90572859038249,4.763980800000001,209.16604801459326,0.041833209602918656
2016-03-02,600276.SH,buy,1.764697663773978,873.3922779000001,1541.2733123683631,0.3082546624736726
2016-03-02,601328.SH,buy,138.14047468752025,7.949222624999999,1098.1093868142757,0.21962187736285516
2016-03-02,600028.SH,sell,155.0828911741131,10.970192160000002,1701.289116908389,0.3402578233816778
2016-03-02,600600.SH,buy,1650.9796329115813,43.275627,71447.17877847851,14.289435755695703
2016-03-02,600104.SH,buy,519.9460700282323,137.412672,71447.1787784785,14.2894357556957
2016-03-02,000423.SZ,buy,169.19438489504049,422.27866381499996,71447.17877847851,14.289435755695703
2016-03-02,601318.SH,buy,24.358960914010787,64.690379025,1575.7904141825181,0.31515808283650365
2016-03-02,600009.SH,sell,59.10913137904182,79.43590218,4695.387178170335,0.939077435634067
2016-03-02,601818.SH,buy,410.71480605610947,4.15923858,1708.2608667257882,0.3416521733451577
2016-04-05,600519.SH,sell,47.58598027561786,1665.4178745000002,79250.54212661843,15.850108425323686
2016-04-05,600036.SH,sell,1123.1339175568855,69.35656436999999,77896.70984916438,15.579341969832878
2016-04-05,600028.SH,sell,6510.814559475194,11.9832054,78020.42818750176,15.604085637500352
2016-04-05,601166.SH,sell,1422.0176485598101,54.67215025,77744.76254021363,15.548952508042728
2016-04-05,600009.SH,sell,899.1323548474868,85.19086326,76597.86149445405,15.31957229889081
2016-04-05,600016.SH,sell,446.6933021442969,171.56169624,76635.46061492241,15.327092122984483
2016-04-05,601318.SH,sell,1105.2044649458962,69.80018245,77143.47329777818,15.428694659555637
2016-04-05,600000.SH,sell,520.6416846643909,146.76548055000004,76412.22704413092,15.282445408826185
2016-04-05,002252.SZ,sell,138.3251650181838,503.3332075,69623.64898656926,13.924729797313852
2016-04-05,600600.SH,sell,1650.9796329115813,45.85833936000001,75711.18428250754,15.14223685650151
2016-04-05,600104.SH,sell,519.9460700282323,149.03544499999998,77490.39392265875,15.498078784531751
2016-04-05,000423.SZ,sell,169.19438489504049,447.63517045000003,75737.35732167435,15.147471464334872
2016-04-05,601939.SH,buy,686.5460310659141,7.07447547,4856.953055801668,0.9713906111603335
2016-04-05,601288.SH,buy,1053.9164247242738,4.09152474,4312.1251256517135,0.8624250251303427
2016-04-05,600795.SH,buy,112.28088977902854,712.90811592,80045.95758618842,16.009191517237685
2016-04-05,601988.SH,buy,863.26408731236,5.04684216,4356.757591061939,0.8713515182123879
2016-04-05,600066.SH,buy,113.32954360473596,706.3114792499999,80045.95758618842,16.009191517237685
2016-04-05,601857.SH,buy,8357.127222452675,9.57816669,80045.95758618842,16.009191517237685
2016-04-05,601398.SH,buy,598.8026932767295,6.367182,3812.6857301831133,0.7625371460366227
2016-04-05,601818.SH,buy,425.410927918783,4.5472725,1934.4594137245642,0.3868918827449129
2016-04-05,600015.SH,buy,2368.2732608957326,33.79929119999999,80045.95758618842,16.009191517237685
2016-04-05,000001.SZ,buy,87.60515132607027,913.7129081399999,80045.95758618844,16.00919151723769
2016-04-05,601006.SH,buy,8046.063767237056,9.948461745,80045.95758618844,16.00919151723769
2016-04-05,600221.SH,buy,7935.0440618931,10.087651305,80045.95758618842,16.009191517237685
2016-04-05,000858.SZ,buy,179.37579941593307,446.2472521199999,80045.95758618842,16.009191517237685
2016-04-05,601607.SH,buy,521.7615747215157,153.414819075,80045.95758618842,16.009191517237685
2016-04-05,600027.SH,buy,9191.881714903297,8.70833199,80045.95758618844,16.00919151723769
2016-04-05,600276.SH,buy,4.798011135789426,924.3075228,4434.837787288338,0.8869675574576678
2016-04-05,600900.SH,buy,66.09269581409697,33.002583044999994,2181.229682272659,0.4362459364545318
2016-04-05,601998.SH,buy,10446.387204243529,7.662549359999999,80045.95758618842,16.009191517237685
2016-04-05,601009.SH,buy,2817.5386690333635,28.409887844999997,80045.95758618842,16.009191517237685
2016-04-05,601328.SH,buy,321.91283408306003,8.529012374999999,2745.5985455657406,0.5491197091131481
2016-05-04,600276.SH,sell,86.65827222580258,933.1652839500001,80866.49120820747,16.173298241641497
2016-05-04,600795.SH,sell,112.28088977902854,689.0723314800001,77369.65450068412,15.473930900136825
2016-05-04,600066.SH,sell,113.32954360473596,714.55466394,80980.15394495567,16.196030788991134
2016-05-04,601857.SH,sell,8357.127222452675,9.40513508,78599.91040791263,15.719982081582526
2016-05-04,601006.SH,sell,8046.063767237056,9.46388569,76147.02774758227,15.229405549516454
2016-05-04,000858.SZ,sell,179.37579941593307,494.0910309,88627.97365192999,17.725594730386
2016-05-04,601607.SH,sell,521.7615747215157,162.82356749000002,84955.0809753574,16.99101619507148
2016-05-04,600027.SH,sell,9191.881714903297,8.25151218,75846.92392764385,15.16938478552877
2016-05-04,601998.SH,sell,10446.387204243529,7.604196000000001,79436.37579295984,15.887275158591969
2016-05-04,601009.SH,sell,2817.5386690333635,30.324220305000004,85439.6633176242,17.087932663524843
2016-05-04,601398.SH,buy,72.1682430056718,6.322759799999999,456.30246571289274,0.09126049314257856
2016-05-04,601288.SH,buy,287.2341210373008,4.027192589999999,1156.7471238365806,0.23134942476731613
2016-05-04,601166.SH,buy,1401.9390068899856,57.02184667499999,79941.15109858252,15.988230219716504
2016-05-04,600660.SH,buy,83.29681515954796,959.71437738,79941.15109858252,15.988230219716504
2016-05-04,601988.SH,buy,121.26430800092236,5.002179839999999,606.5858767937644,0.12131717535875289
2016-05-04,601318.SH,buy,1135.8994489382965,70.37696089499998,79941.15109858252,15.988230219716504
2016-05-04,601939.SH,buy,200.67501502968506,6.942379455,1393.1621014739019,0.2786324202947804
2016-05-04,600015.SH,sell,19.873825428260854,34.030336319999996,676.3129632886848,0.13526259265773696
2016-05-04,600900.SH,buy,22.347478353796355,32.659081379999996,729.8481141944235,0.1459696228388847
2016-05-04,601818.SH,buy,263.1034307623197,4.4745161399999995,1177.2605474353718,0.23545210948707437
2016-05-04,601328.SH,buy,339.49307799489975,8.284890375,2812.662934259069,0.5625325868518138
2016-05-04,600104.SH,buy,525.4238212555622,152.146035,79941.15109858252,15.988230219716504
2016-05-04,600016.SH,buy,456.4862087723639,175.12281765000003,79941.15109858253,15.988230219716506
2016-05-04,601601.SH,buy,2547.5969570330913,31.379041679999993,79941.15109858252,15.988230219716504
2016-05-04,600000.SH,buy,540.5263558337299,147.89501055,79941.15109858253,15.988230219716506
2016-05-04,601668.SH,buy,12354.01538095614,6.4708638149999995,79941.15109858252,15.988230219716504
2016-05-04,600011.SH,buy,2603.429388279314,30.706095375,79941.15109858253,15.988230219716506
2016-05-04,600036.SH,buy,1049.3240628893323,76.1834727,79941.15109858252,15.988230219716504
2016-05-04,600221.SH,buy,89.2591333976693,9.836245664999998,877.9747639444812,0.17559495278889625
2016-05-04,000001.SZ,sell,0.5455881704452128,917.9567120400001,500.8263230698067,0.10016526461396134
2016-06-02,600221.SH,sell,8024.3031952907695,10.10896299,81117.38402173313,16.223476804346628
2016-06-02,600660.SH,sell,83.29681515954796,976.6820047050002,81354.50041556916,16.270900083113833
2016-06-02,600016.SH,sell,456.4862087723639,168.92807371000004,77113.33592309635,15.422667184619272
2016-06-02,601601.SH,sell,2547.5969570330913,31.06082182,79130.45515157905,15.826091030315812
2016-06-02,601668.SH,sell,12354.01538095614,6.302497175,77861.14703838262,15.572229407676526
2016-06-02,600011.SH,sell,2603.429388279314,30.269107875000007,78803.48499877183,15.760696999754368
2016-06-02,600036.SH,sell,1049.3240628893323,76.62330917999999,80402.68210078306,16.080536420156612
2016-06-02,002252.SZ,buy,160.3399689347568,498.5025267,79929.87964497576,15.985975928995154
2016-06-02,601939.SH,sell,309.82437022234814,7.1260551900000015,2207.825561411446,0.44156511228228923
2016-06-02,601288.SH,sell,191.25329185851191,4.061728120000001,776.818873584285,0.155363774716857
2016-06-02,601398.SH,sell,205.87606539654257,6.4199884,1321.7219516834448,0.264344390336689
2016-06-02,600900.SH,sell,10.20232706602245,32.758422595000006,334.21214148116997,0.06684242829623399
2016-06-02,601857.SH,buy,8663.78069063445,9.225750569999999,79929.87964497576,15.985975928995154
2016-06-02,601169.SH,buy,3666.105347389439,21.80239575,79929.87964497578,15.985975928995156
2016-06-02,600015.SH,buy,27.392848487910527,33.66674496,922.2280437704054,0.1844456087540811
2016-06-02,601166.SH,buy,0.7831417945418413,57.02184667499999,44.656191333149216,0.008931238266629844
2016-06-02,600104.SH,buy,9.396103214573296,149.55473999999998,1405.2317732686734,0.2810463546537347
2016-06-02,601988.SH,buy,93.51422156461894,4.9724049599999995,464.99057913845013,0.09299811582769003
2016-06-02,000001.SZ,buy,1.732724162447155,900.80735859,1560.8506759390918,0.3121701351878184
2016-06-02,601006.SH,buy,8580.784427365836,9.314985165,79929.87964497578,15.985975928995156
2016-06-02,601318.SH,sell,12.738251188345114,71.143340535,906.2417421128048,0.18124834842256096
2016-06-02,600028.SH,buy,6704.965713722903,11.92099752,79929.87964497576,15.985975928995154
2016-06-02,601328.SH,sell,106.68992425628814,8.368063874999999,892.7881009955308,0.17855762019910618
2016-06-02,600000.SH,sell,3.8599927121151123,148.89251650000003,574.7240285784792,0.11494480571569585
2016-06-02,600276.SH,buy,89.49001846923257,893.1708922649999,79929.87964497578,15.985975928995156
2016-06-02,600383.SH,buy,557.3264145569724,141.91977442499999,79095.63903501956,15.819127807003913
2016-06-02,601818.SH,sell,98.75181325549916,4.494271739999999,443.8174835879472,0.08876349671758944
2016-07-04,601818.SH,sell,17779.448017834482,4.6032972,81844.08327804302,16.368816655608605
2016-07-04,600000.SH,sell,536.6663631216148,146.90113269,78836.89661918806,15.767379323837613
2016-07-04,601169.SH,sell,3666.105347389439,21.309340000000002,78122.28532333967,15.624457064667936
2016-07-04,600028.SH,sell,6704.965713722903,11.762915600000001,78869.94579141628,15.773989158283257
2016-07-04,600276.SH,sell,89.49001846923257,949.2027612000002,84944.17263083457,16.988834526166915
2016-07-04,600383.SH,sell,557.3264145569724,132.02668363499998,73581.95821614224,14.71639164322845
2016-07-04,601288.SH,sell,286.97322832207635,4.138849540000001,1187.7390140331408,0.23754780280662818
2016-07-04,601601.SH,buy,2588.060666103955,31.011497999999996,80259.63817076146,16.051927634152293
2016-07-04,601398.SH,sell,312.1740979647468,6.6122922,2064.186353014331,0.41283727060286624
2016-07-04,601166.SH,buy,25.8114579532894,56.221856880000004,1451.1680949139743,0.29023361898279487
2016-07-04,600015.SH,buy,72.422582286578,32.8051944,2375.836890861188,0.4751673781722376
2016-07-04,601006.SH,buy,81.54157775723434,9.27179358,756.0366771525962,0.15120733543051926
2016-07-04,601939.SH,sell,339.8181800202481,7.37906862,2507.541668692924,0.5015083337385848
2016-07-04,601857.SH,buy,158.56281644129635,9.10356951,1443.487621174712,0.28869752423494244
2016-07-04,601318.SH,buy,11.30349591191935,70.79574017999998,800.2393597059342,0.16004787194118686
2016-07-04,002252.SZ,sell,1.819140887304208,506.14857911,920.7555753099296,0.18415111506198592
2016-07-04,601328.SH,sell,232.19502301451962,8.611941875000001,1999.6500418653304,0.3999300083730661
2016-07-04,600050.SH,buy,13566.362327596631,5.91607656,80259.63817076146,16.051927634152293
2016-07-04,000001.SZ,sell,0.6111760015659472,909.89184649,556.1040605952148,0.11122081211904297
2016-07-04,601988.SH,sell,136.96759270612142,5.030763360000001,689.051546893359,0.1378103093786718
2016-07-04,600900.SH,sell,21.118692345124657,33.180771315,700.7345011754223,0.14014690023508447
2016-07-04,600795.SH,buy,118.34413367329985,678.18856482,80259.63817076146,16.051927634152293
2016-07-04,600027.SH,buy,9913.77956807183,8.09576586,80259.63817076146,16.051927634152293
2016-07-04,601333.SH,buy,17018.522423458242,4.71601683,80259.63817076146,16.051927634152293
2016-07-04,600104.SH,sell,6.422442583150387,151.84603900000005,975.2224669563146,0.19504449339126292
2016-07-04,600009.SH,buy,1058.590407369043,75.50033129999998,79923.9264673647,15.98478529347294
2016-08-02,601939.SH,sell,10873.228399726155,7.890642704999999,85796.760352098,17.1593520704196
2016-08-02,600900.SH,sell,2418.1234705000356,36.335673075,87864.1438790737,17.57282877581474
2016-08-02,600104.SH,sell,528.397481886985,181.13782578000001,95712.77101663541,19.142554203327084
2016-08-02,601601.SH,sell,2588.060666103955,30.6362742,79288.53621299542,15.857707242599083
2016-08-02,600050.SH,sell,13566.362327596631,6.499628560000001,88176.31603975515,17.63526320795103
2016-08-02,600027.SH,sell,9913.77956807183,8.59520025,85210.92062193587,17.042184124387177
2016-08-02,601333.SH,sell,17018.522423458242,4.990343579999999,84928.27411699087,16.985654823398175
2016-08-02,600009.SH,sell,1058.590407369043,80.8019788,85536.19965411679,17.107239930823358
2016-08-02,601857.SH,buy,441.6957954265734,9.0909432,4015.4313879017986,0.8030862775803598
2016-08-02,601288.SH,buy,560.2866610530823,4.222380135,2365.743267536013,0.4731486535072026
2016-08-02,601169.SH,buy,3970.8056405688085,21.195382395000003,84162.74396807884,16.832548793615768
2016-08-02,600028.SH,buy,7042.876774625229,11.95005204,84162.74396807882,16.832548793615764
2016-08-02,601166.SH,buy,45.405123520595076,57.139315380000006,2594.4176727111385,0.5188835345422277
2016-08-02,601006.SH,buy,202.64612427069662,9.5003478,1925.2086608936393,0.3850417321787279
2016-08-02,600015.SH,buy,9.080148756935118,34.274048459999996,311.21345851920296,0.06224269170384059
2016-08-02,601988.SH,buy,76.6912273214778,5.2554264,403.0451007136957,0.08060902014273914
2016-08-02,601318.SH,buy,35.77466980103165,71.96806604999999,2574.6337991575856,0.5149267598315171
2016-08-02,601398.SH,buy,372.66164729576764,6.73392528,2509.4756876114134,0.5018951375222827
2016-08-02,600023.SH,buy,11216.76415601812,7.503299775,84162.74396807882,16.832548793615764
2016-08-02,600000.SH,buy,574.8856926879995,146.39909296499997,84162.74396807884,16.832548793615768
2016-08-02,600036.SH,buy,1092.023150212791,77.07047598,84162.74396807884,16.832548793615768
2016-08-02,000725.SZ,buy,7696.649406951605,10.934984759999999,84162.74396807882,16.832548793615764
2016-08-02,002252.SZ,buy,8.276180616604321,504.91757262,4178.789027500548,0.8357578055001097
2016-08-02,600795.SH,sell,0.6893195436903078,715.11940143,492.9457794778137,0.09858915589556275
2016-08-02,000001.SZ,sell,1.216105488856833,967.4799380400001,1176.5576630093128,0.23531153260186258
2016-08-02,601328.SH,buy,23.407143289693376,9.017226359999999,211.0675094841202,0.04221350189682404
2016-08-02,000157.SZ,buy,333.50956344882917,252.35481435,84162.74396807882,16.832548793615764
2016-08-02,601628.SH,buy,3443.532355069542,24.299923889999995,83677.5741409423,16.735514828188464
2016-09-02,601398.SH,sell,12506.807830395466,7.02306671,87836.14572201773,17.567229144403544
2016-09-02,601988.SH,sell,16025.604341686883,5.438239520000001,87151.0748628452,17.43021497256904
2016-09-02,601328.SH,sell,9340.06923796105,9.21584977,86076.67493844742,17.215334987689484
2016-09-02,600015.SH,sell,2457.2950149988956,35.922589720000005,88272.40064480658,17.654480128961318
2016-09-02,000001.SZ,sell,86.96500582764943,987.37400603,85866.98618846852,17.173397237693706
2016-09-02,601318.SH,sell,1170.2393634629022,76.43694241000001,89449.51883092894,17.88990376618579
2016-09-02,002252.SZ,sell,166.79700866405693,553.81279508,92374.31757922434,18.47486351584487
2016-09-02,601006.SH,sell,8864.972129393767,9.70690412,86051.43448649754,17.21028689729951
2016-09-02,601169.SH,sell,3970.8056405688085,22.533777475,89477.25070105237,17.895450140210475
2016-09-02,600023.SH,sell,11216.76415601812,7.697999075000001,86346.64009752066,17.269328019504133
2016-09-02,600000.SH,sell,574.8856926879995,151.71756327,87220.25645340934,17.44405129068187
2016-09-02,600036.SH,sell,1092.023150212791,82.85407224000001,90478.56497548296,18.095712995096594
2016-09-02,000725.SZ,sell,7696.649406951605,11.347833245000002,87340.29401531497,17.468058803062995
2016-09-02,601628.SH,sell,3443.532355069542,25.126390519999998,86523.5387217326,17.304707744346523
2016-09-02,601857.SH,buy,16.93822990878148,9.444479880000001,159.97277157630094,0.03199455431526019
2016-09-02,600028.SH,buy,11.176677726354857,12.42604992,138.88195536743757,0.027776391073487516
2016-09-02,600600.SH,buy,1823.0047524397883,48.048582284999995,87592.79385354921,17.518558770709845
2016-09-02,600795.SH,buy,2.7728053642290678,727.8455308949999,2018.1739923958094,0.4036347984791619
2016-09-02,601991.SH,buy,9256.326391332608,9.463019144999999,87592.79385354923,17.518558770709845
2016-09-02,601985.SH,buy,12880.102533513988,6.800628614999999,87592.79385354921,17.518558770709845
2016-09-02,600011.SH,buy,2779.284537921779,31.51631028,87592.7938535492,17.51855877070984
2016-09-02,601288.SH,buy,356.093405756465,4.3174176300000005,1537.4039479397056,0.3074807895879411
2016-09-02,600115.SH,buy,9990.074780213301,8.7679818,87592.79385354921,17.518558770709845
2016-09-02,000729.SZ,buy,1476.913156936429,59.308019189999996,87592.79385354921,17.518558770709845
2016-09-02,600018.SH,buy,13096.92571751571,6.68804235,87592.79385354921,17.518558770709845
2016-09-02,601166.SH,buy,17.000435210421838,58.79074068,999.4681779030515,0.1998936355806103
2016-09-02,601016.SH,buy,9018.327274063111,9.71275395,87592.79385354921,17.518558770709845
2016-09-02,601888.SH,buy,1797.9858501524207,48.71717641499999,87592.79385354921,17.518558770709845
2016-09-02,300146.SZ,buy,258.1980170166558,339.24657852,87592.79385354921,17.518558770709845
2016-09-02,600098.SH,buy,2109.1575162947133,41.5297545,87592.7938535492,17.51855877070984
2016-09-02,000157.SZ,sell,1.209062862770043,263.51554631500005,318.60686081202584,0.06372137216240517
2016-09-02,002594.SZ,buy,1496.3482940306449,58.53770422499999,87592.79385354921,17.518558770709845
2016-09-02,601808.SH,buy,6460.6625255885165,13.557865544999999,87592.79385354921,17.518558770709845
2016-09-02,002304.SZ,buy,324.9836216017704,266.87889276,86731.26909821529,17.346253819643056
2016-10-11,600028.SH,sell,7054.0534523515835,12.62184592,89035.17578702574,17.80703515740515
2016-10-11,000157.SZ,sell,332.3005005860591,288.04324633000004,95716.91494589255,19.143382989178512
2016-10-11,600600.SH,sell,1823.0047524397883,51.94247577000001,94691.38018219857,18.938276036439714
2016-10-11,600011.SH,sell,2779.284537921779,30.70633915,85341.65361577718,17.068330723155437
2016-10-11,600115.SH,sell,9990.074780213301,8.263666100000002,82554.64229771362,16.510928459542725
2016-10-11,000729.SZ,sell,1476.913156936429,62.362892955,92104.57710985764,18.42091542197153
2016-10-11,600018.SH,sell,13096.92571751571,6.7462252000000005,88354.81031803257,17.670962063606513
2016-10-11,601016.SH,sell,9018.327274063111,9.542166530000001,86054.38067115117,17.210876134230237
2016-10-11,601888.SH,sell,1797.9858501524207,47.48144740000001,85370.97056995645,17.07419411399129
2016-10-11,300146.SZ,sell,258.1980170166558,331.9277131200001,85703.07732045742,17.140615464091486
2016-10-11,600098.SH,sell,2109.1575162947133,43.032473,90762.26387269932,18.152452774539864
2016-10-11,002594.SZ,sell,1496.3482940306449,56.90841156,85154.80455379983,17.030960910759966
2016-10-11,601808.SH,sell,6460.6625255885165,13.857477795000001,89528.4874893315,17.9056974978663
2016-10-11,002304.SZ,sell,324.9836216017704,262.360754,85262.94800109116,17.052589600218234
2016-10-11,600000.SH,buy,572.0141282253696,153.630967095,87879.08371126687,17.575816742253373
2016-10-11,600016.SH,buy,486.1683800923614,180.7585341,87879.08371126687,17.575816742253373
2016-10-11,601169.SH,buy,3819.17432456171,23.009969235000003,87879.08371126687,17.575816742253373
2016-10-11,601166.SH,buy,3.017723138960617,58.864137359999994,177.63566936622811,0.035527133873245624
2016-10-11,600837.SH,buy,255.29122248093933,344.23072935,87879.08371126685,17.57581674225337
2016-10-11,601857.SH,buy,224.13577155579273,9.251773575,2073.6534084921195,0.4147306816984239
2016-10-11,600027.SH,buy,10703.277953032002,8.21048319,87879.08371126687,17.575816742253373
2016-10-11,601117.SH,buy,14633.926141289596,6.005161080000001,87879.08371126687,17.575816742253373
2016-10-11,600795.SH,buy,1.6026650991622062,720.6391394999999,1154.9431979669343,0.2309886395933869
2016-10-11,601766.SH,buy,8502.319403198298,10.335895365,87879.08371126687,17.575816742253373
2016-10-11,601021.SH,buy,955.2658461506971,91.9943742,87879.08371126685,17.57581674225337
2016-10-11,601398.SH,buy,12640.55419564619,6.95215434,87879.08371126687,17.575816742253373
2016-10-11,601288.SH,buy,260.4124020308485,4.276687275,1113.7024060175138,0.22274048120350276
2016-10-11,600578.SH,buy,4265.6548839047055,20.601545624999996,87879.08371126685,17.57581674225337
2016-10-11,601988.SH,buy,16475.683922607062,5.333865599999999,87879.08371126687,17.575816742253373
2016-10-11,601985.SH,buy,89.7399995786966,6.780358484999999,608.4693675873118,0.12169387351746237
2016-10-11,600023.SH,buy,11468.977753894727,7.66232925,87879.08371126687,17.575816742253373
2016-10-11,600871.SH,buy,9093.721645594806,9.66370944,87879.08371126685,17.57581674225337
2016-10-11,601991.SH,buy,60.541106923107506,9.43881705,571.4364322517002,0.11428728645034006
2016-10-11,600958.SH,buy,5285.432126915752,16.462987379999998,87014.00240326057,17.402800480652115
2016-11-02,600795.SH,sell,122.03028459300083,724.71831957,88437.58278688842,17.687516557377684
2016-11-02,601991.SH,sell,9316.867498255715,9.477738760000001,88302.83621000244,17.66056724200049
2016-11-02,601985.SH,sell,12969.842533092684,6.874830865,89165.47376069537,17.833094752139075
2016-11-02,600016.SH,sell,486.1683800923614,177.86532285000004,86472.4958845894,17.29449917691788
2016-11-02,600837.SH,sell,255.29122248093933,350.09246620000005,89375.53367756495,17.87510673551299
2016-11-02,601117.SH,sell,14633.926141289596,6.37277202,93258.6750559569,18.65173501119138
2016-11-02,601766.SH,sell,8502.319403198298,10.63294087,90404.6594720612,18.08093189441224
2016-11-02,601021.SH,sell,955.2658461506971,87.35757936,83449.71196500708,16.689942393001417
2016-11-02,600023.SH,sell,11468.977753894727,7.77021295,89116.39946657473,17.823279893314947
2016-11-02,600871.SH,sell,9093.721645594806,9.70330592,88239.16307853222,17.647832615706445
2016-11-02,600958.SH,sell,5285.432126915752,16.487752,87144.89412141943,17.428978824283888
2016-11-02,600011.SH,buy,2850.4334437605826,30.996810659999998,88354.34575517852,17.670869151035706
2016-11-02,601288.SH,buy,45.93247737365553,4.29026406,197.06245686295753,0.03941249137259151
2016-11-02,601166.SH,sell,28.478542728308504,60.27176904000002,1716.452149916382,0.3432904299832764
2016-11-02,601398.SH,buy,192.21811276857693,6.8898031799999995,1324.3449646065399,0.264868992921308
2016-11-02,000001.SZ,buy,92.23110847563163,957.9668640599999,88354.34575517851,17.670869151035703
2016-11-02,601857.SH,buy,51.526638555191866,9.251773575,476.7127929935003,0.09534255859870006
2016-11-02,601169.SH,sell,59.05572101492991,23.490518865000006,1387.2495285873883,0.2774499057174777
2016-11-02,600000.SH,buy,16.26600323056273,150.293179035,2444.669335714853,0.4889338671429706
2016-11-02,600900.SH,buy,2420.1468544420495,36.507844799999994,88354.34575517852,17.670869151035706
2016-11-02,000876.SZ,buy,652.7616923798873,135.354673515,88354.34575517851,17.670869151035703
2016-11-02,600009.SH,buy,1102.2288622060705,80.159709825,88354.34575517851,17.670869151035703
2016-11-02,601988.SH,buy,149.49297482498088,5.31817776,795.0302139904533,0.15900604279809066
2016-11-02,600642.SH,buy,1840.7282744058784,47.999667839999994,88354.34575517852,17.670869151035706
2016-11-02,600153.SH,buy,581.3716104686204,151.97567986499996,88354.34575517851,17.670869151035703
2016-11-02,601328.SH,buy,9798.395008371348,9.017226359999999,88354.34575517852,17.670869151035706
2016-11-02,600578.SH,sell,43.49183524938539,20.9199348,909.8463577494841,0.18196927154989684
2016-11-02,601939.SH,buy,10783.633073951385,8.19337464,88354.34575517852,17.670869151035706
2016-11-02,600027.SH,buy,65.37290620740009,8.21048319,536.7431474973051,0.10734862949946103
2016-11-02,600018.SH,buy,13134.283016319823,6.727001819999999,88354.34575517852,17.670869151035706
2016-11-02,600015.SH,buy,2442.81488502343,35.88977592,87672.07883753147,17.534415767506296
2016-12-02,601166.SH,sell,1465.4783457794858,62.17817536000001,91120.76957015961,18.224153914031923
2016-12-02,601857.SH,sell,9556.639942522084,9.83677915,94006.55653065843,18.801311306131687
2016-12-02,601169.SH,sell,3760.11860354678,25.605420885,96279.41942133376,19.255883884266755
2016-12-02,600578.SH,sell,4222.16304865532,21.743172975,91803.22149556597,18.360644299113197
2016-12-02,600011.SH,sell,2850.4334437605826,33.214744319999994,94676.41803568484,18.93528360713697
2016-12-02,000876.SZ,sell,652.7616923798873,142.50170350500002,93019.65314694073,18.60393062938815
2016-12-02,600009.SH,sell,1102.2288622060705,80.28605689,88493.60913687655,17.698721827375312
2016-12-02,600153.SH,sell,581.3716104686204,163.32350739499998,94951.65052161476,18.990330104322954
2016-12-02,601939.SH,sell,10783.633073951385,8.65025271,93281.1512215936,18.65623024431872
2016-12-02,600018.SH,sell,13134.283016319823,6.953801360000001,91333.1951015097,18.26663902030194
2016-12-02,600015.SH,sell,2442.81488502343,40.352813499999996,98574.45347037441,19.714890694074885
2016-12-02,600016.SH,buy,505.8154478081316,182.891950275,92509.57372885165,18.501914745770332
2016-12-02,601288.SH,buy,566.7681358623493,4.37172477,2477.7542983961575,0.4955508596792315
2016-12-02,600000.SH,sell,4.382616748446955,158.38646715000002,694.1471836589335,0.13882943673178672
2016-12-02,000559.SZ,buy,242.56597205172977,381.37902421499996,92509.57372885165,18.501914745770332
2016-12-02,601398.SH,buy,335.2875813887198,7.03009329,2357.102976141168,0.4714205952282336
2016-12-02,600900.SH,buy,138.33906619917806,36.1818819,5005.367755374943,1.0010735510749886
2016-12-02,000001.SZ,sell,0.2254439502869359,1005.1739616,226.6103886286728,0.045322077725734565
2016-12-02,000729.SZ,buy,1520.8714554428032,60.826688145,92509.57372885165,18.501914745770332
2016-12-02,300146.SZ,buy,271.242966177884,341.05796375999995,92509.57372885165,18.501914745770332
2016-12-02,601988.SH,buy,186.7300719109475,5.506431839999999,1028.2164134559307,0.20564328269118615
2016-12-02,600600.SH,buy,1819.566780426269,50.841538065,92509.57372885165,18.501914745770332
2016-12-02,600373.SH,buy,1038.137102548236,89.1111333,92509.57372885164,18.50191474577033
2016-12-02,601258.SH,buy,6348.847282839833,14.5710819,92509.57372885167,18.501914745770335
2016-12-02,601328.SH,buy,65.6859740238068,9.38495013,616.4595904539024,0.12329191809078048
2016-12-02,002385.SZ,buy,1308.9709979519967,70.67350909499999,92509.57372885164,18.50191474577033
2016-12-02,600867.SH,buy,179.56367731297996,515.19090672,92509.57372885165,18.501914745770332
2016-12-02,600027.SH,sell,110.50862886272121,8.6770593,958.8899258035235,0.1917779851607047
2016-12-02,002236.SZ,buy,156.41018025634023,591.45493968,92509.57372885164,18.50191474577033
2016-12-02,600642.SH,buy,12.766181448534477,49.94560032,637.6145962411016,0.12752291924822032
2016-12-02,601098.SH,buy,4566.424072072359,20.10102549,91789.80667087609,18.35796133417522
2017-01-04,600000.SH,sell,583.8975147074855,150.88395028499997,88100.76358065927,17.620152716131855
2017-01-04,600027.SH,sell,10658.142230376681,8.136789570000001,86723.06053570553,17.344612107141106
2017-01-04,601988.SH,sell,16811.906969342992,5.42256736,91163.69799131583,18.232739598263166
2017-01-04,600642.SH,sell,1853.494455854413,47.7896932,88577.93139318335,17.71558627863667
2017-01-04,601328.SH,sell,9864.080982395155,9.2637658,91378.53605314264,18.27570721062853
2017-01-04,600016.SH,sell,505.8154478081316,176.31529825,89183.00153974803,17.836600307949606
2017-01-04,000559.SZ,sell,242.56597205172977,351.28578924,85209.97893495967,17.041995786991933
2017-01-04,000729.SZ,sell,1520.8714554428032,55.97488855500001,85130.61022489157,17.026122044978315
2017-01-04,300146.SZ,sell,271.242966177884,309.69579464000003,84002.80595097043,16.800561190194088
2017-01-04,600600.SH,sell,1819.566780426269,48.097889025,87517.32107851922,17.503464215703843
2017-01-04,600373.SH,sell,1038.137102548236,79.52900560500001,82562.01144731713,16.512402289463427
2017-01-04,601258.SH,sell,6348.847282839833,14.054569200000001,89230.31347690441,17.846062695380883
2017-01-04,002385.SZ,sell,1308.9709979519967,67.39793417499999,88221.94115695271,17.644388231390543
2017-01-04,600867.SH,sell,179.56367731297996,491.96637376,88339.29118667754,17.66785823733551
2017-01-04,002236.SZ,sell,156.41018025634023,567.6275642400001,88782.72964124575,17.75654592824915
2017-01-04,601098.SH,sell,4566.424072072359,18.085782585,82587.35295841107,16.517470591682216
2017-01-04,600009.SH,buy,1112.5311433166194,78.801571095,87669.20198546622,17.533840397093247
2017-01-04,601288.SH,sell,464.6138451950996,4.23172308,1966.1171319996502,0.3932234263999301
2017-01-04,600637.SH,buy,1113.9322886102254,78.70245156,87669.2019854662,17.533840397093243
2017-01-04,600690.SH,buy,252.28669859977063,347.4983123249999,87669.2019854662,17.533840397093243
2017-01-04,600900.SH,sell,3.3340855199869615,34.3004412,114.3606043340842,0.02287212086681684
2017-01-04,600177.SH,buy,384.50570356363704,228.0049455,87669.20198546622,17.533840397093247
2017-01-04,601928.SH,buy,7648.931056557827,11.461627949999999,87669.2019854662,17.533840397093243
2017-01-04,600018.SH,buy,13108.350306045268,6.68804235,87669.2019854662,17.533840397093243
2017-01-04,600352.SH,buy,549.8559417769671,159.440310315,87669.20198546622,17.533840397093247
2017-01-04,600958.SH,buy,5441.144575199594,16.112272109999996,87669.20198546619,17.53384039709324
2017-01-04,000001.SZ,sell,0.5260423154533364,958.0564321500001,503.97822390314826,0.10079564478062966
2017-01-04,600030.SH,buy,1049.9535960414896,83.49816822,87669.20198546622,17.533840397093247
2017-01-04,600369.SH,buy,2717.0107306585596,32.266785330000005,87669.2019854662,17.533840397093243
2017-01-04,000963.SZ,buy,363.59686173555076,241.11649800000004,87669.20198546622,17.533840397093247
2017-01-04,601398.SH,sell,434.8832268590195,6.88291682,2993.265076883821,0.5986530153767643
2017-01-04,600089.SH,buy,280.91048925468306,312.089456745,87669.20198546619,17.53384039709324
2017-01-04,601888.SH,buy,1920.6023615867387,45.64672195499999,87669.2019854662,17.533840397093243
2017-01-04,000540.SZ,buy,245.78335608457814,356.69299737,87669.2019854662,17.533840397093243
2017-01-04,601018.SH,buy,15107.617358867603,5.80298004,87669.2019854662,17.533840397093243
2017-01-04,600999.SH,buy,3505.7764017195827,24.727827735,86690.23493915,17.33804698783
2017-02-06,600637.SH,sell,1113.9322886102254,78.28605739000001,87205.36707471416,17.44107341494283
2017-02-06,600177.SH,sell,384.50570356363704,228.4255301,87830.91916299725,17.56618383259945
2017-02-06,601928.SH,sell,7648.931056557827,11.352121100000002,86831.59163959541,17.366318327919082
2017-02-06,600018.SH,sell,13108.350306045268,6.9278543400000006,90812.74155797604,18.16254831159521
2017-02-06,600352.SH,sell,549.8559417769671,165.67985863,91100.05470047344,18.22001094009469
2017-02-06,000963.SZ,sell,363.59686173555076,255.89698750000005,93043.34158258147,18.608668316516297
2017-02-06,600089.SH,sell,280.91048925468306,319.224977665,89673.64465819042,17.934728931638084
2017-02-06,601888.SH,sell,1920.6023615867387,47.60750434,91435.0852646549,18.28701705293098
2017-02-06,000540.SZ,sell,245.78335608457814,328.61001280000005,80766.87178898019,16.15337435779604
2017-02-06,601018.SH,sell,15107.617358867603,5.922957039999999,89481.76859333106,17.896353718666212
2017-02-06,600999.SH,sell,3505.7764017195827,24.688149750000004,86551.13279566923,17.310226559133845
2017-02-06,000001.SZ,sell,4.5024684624101265,969.57405046,4365.476584167394,0.8730953168334789
2017-02-06,600009.SH,sell,76.62534498390842,81.40687620000001,6237.829972887324,1.2475659945774649
2017-02-06,601288.SH,sell,1219.8537513404513,4.326665585,5277.899244657878,1.0555798489315755
2017-02-06,601398.SH,sell,883.2741209520464,7.1164999700000005,6285.820255257015,1.257164051051403
2017-02-06,600900.SH,sell,153.57424987710957,35.114533949999995,5392.688211155546,1.0785376422311093
2017-02-06,600895.SH,buy,252.69179714246798,333.83865590999994,84358.28991752387,16.871657983504775
2017-02-06,600886.SH,buy,284.67137669368356,296.3356938,84358.28991752387,16.871657983504775
2017-02-06,600030.SH,sell,53.14190653701594,84.60045861,4495.829664441306,0.8991659328882612
2017-02-06,600016.SH,buy,472.2644323344474,178.62511792500004,84358.28991752387,16.871657983504775
2017-02-06,600252.SH,buy,509.69191634332753,165.50839284,84358.28991752387,16.871657983504775
2017-02-06,601328.SH,buy,8823.333917773267,9.560818020000001,84358.28991752386,16.87165798350477
2017-02-06,601988.SH,buy,15147.336133155733,5.5691831999999994,84358.28991752387,16.871657983504775
2017-02-06,600674.SH,buy,553.7368896947678,152.34363375,84358.28991752386,16.87165798350477
2017-02-06,600048.SH,buy,496.28593603808673,169.97920713,84358.28991752387,16.871657983504775
2017-02-06,600690.SH,sell,14.853890508184545,355.17558336999997,5275.739226558551,1.0551478453117102
2017-02-06,600008.SH,buy,2809.3390770470623,30.0278064,84358.28991752387,16.871657983504775
2017-02-06,601939.SH,buy,9537.268751523981,8.84512035,84358.28991752386,16.87165798350477
2017-02-06,002252.SZ,buy,157.11868209615716,536.90807988,84358.28991752387,16.871657983504775
2017-02-06,600369.SH,buy,1.5929309880401712,31.051718100000002,49.46324399337787,0.009892648798675576
2017-02-06,601211.SH,buy,4245.500326117707,19.70754885,83668.40506965564,16.73368101393113
2017-03-02,601288.SH,sell,19490.83731764707,4.42160809,86180.84396458219,17.23616879291644
2017-03-02,600009.SH,sell,1035.905798332711,81.436371445,84360.40937505191,16.872081875010384
2017-03-02,600690.SH,sell,237.43280809158608,377.50489313,89632.04684417,17.926409368834
2017-03-02,600030.SH,sell,996.8116895044736,85.63154281,85358.52286331076,17.071704572662153
2017-03-02,600895.SH,sell,252.69179714246798,355.6360130400001,89866.30326365979,17.97326065273196
2017-03-02,600886.SH,sell,284.67137669368356,306.48795936,87248.34933104893,17.449669866209785
2017-03-02,601328.SH,sell,8823.333917773267,10.094310320000002,89065.47062298474,17.813094124596947
2017-03-02,601988.SH,sell,15147.336133155733,5.767354880000001,87360.06296655607,17.472012593311216
2017-03-02,600048.SH,sell,496.28593603808673,176.46850161,87578.83550275747,17.515767100551496
2017-03-02,601939.SH,sell,9537.268751523981,9.146324550000001,87230.95532201165,17.44619106440233
2017-03-02,601211.SH,sell,4245.500326117707,19.8428736,84242.92633991245,16.84858526798249
2017-03-02,600837.SH,buy,256.71588452812244,335.01982619999995,86004.91101739084,17.20098220347817
2017-03-02,600177.SH,buy,373.4847835408164,230.27688089999995,86004.91101739084,17.20098220347817
2017-03-02,600016.SH,buy,18.603139632124694,175.3280202,3261.651641204579,0.6523303282409159
2017-03-02,000008.SZ,buy,447.1516907887761,192.339451665,86004.91101739083,17.200982203478166
2017-03-02,601398.SH,sell,52.24370729505488,7.28779428,380.74139119089523,0.07614827823817905
2017-03-02,600900.SH,buy,28.15877079315877,35.421301799999995,997.420318581502,0.1994840637163004
2017-03-02,002252.SZ,buy,13.407887293976279,504.67435107,6766.616819307177,1.3533233638614355
2017-03-02,600637.SH,buy,1072.0628034656515,80.223761835,86004.91101739084,17.20098220347817
2017-03-02,600085.SH,buy,259.1027699573064,331.93358385000005,86004.91101739084,17.20098220347817
2017-03-02,600000.SH,buy,558.1307820678389,154.09454877,86004.91101739084,17.20098220347817
2017-03-02,600252.SH,buy,7.002651749071875,166.56708191999996,1166.411267544886,0.23328225350897722
2017-03-02,000876.SZ,buy,635.4040742291752,135.354673515,86004.91101739084,17.20098220347817
2017-03-02,601169.SH,buy,3412.541883777875,25.202595,86004.91101739084,17.20098220347817
2017-03-02,600674.SH,buy,3.558404037790369,154.43291786999998,549.5347185163564,0.10990694370327128
2017-03-02,000001.SZ,sell,0.6314372342689184,995.75045571,628.7539137755375,0.1257507827551075
2017-03-02,601857.SH,buy,8246.856177555228,10.428811799999998,86004.91101739084,17.20098220347817
2017-03-02,600100.SH,buy,299.13007179505,287.51676654,86004.91101739083,17.200982203478166
2017-03-02,601928.SH,buy,7373.515616756208,11.65792605,85959.89978866401,17.191979957732805
2017-04-06,600958.SH,sell,5441.144575199594,15.364523895,83600.59584180379,16.72011916836076
2017-04-06,600369.SH,sell,2718.6036616466,28.323231300000003,76999.6403218436,15.399928064368721
2017-04-06,600674.SH,sell,557.2952937325582,157.75722193000001,87917.35733391173,17.583471466782346
2017-04-06,600008.SH,sell,2809.3390770470623,37.298461440000004,104784.02523712505,20.95680504742501
2017-04-06,002252.SZ,sell,170.52656939013343,491.433510325,83802.47059907297,16.760494119814595
2017-04-06,600837.SH,sell,256.71588452812244,315.85359420000003,81084.63481643965,16.216926963287932
2017-04-06,000008.SZ,sell,447.1516907887761,195.88890655000003,87592.05577059707,17.518411154119416
2017-04-06,600085.SH,sell,259.1027699573064,342.86458195000006,88837.1629034989,17.767432580699783
2017-04-06,000876.SZ,sell,635.4040742291752,134.557357665,85498.29327785334,17.099658655570668
2017-04-06,601169.SH,sell,3412.541883777875,24.673856900000004,84200.57010559173,16.840114021118346
2017-04-06,601857.SH,sell,8246.856177555228,10.039077950000001,82790.83200891598,16.558166401783197
2017-04-06,600100.SH,sell,299.13007179505,294.91932657,88219.2393306319,17.643847866126382
2017-04-06,601928.SH,sell,7373.515616756208,11.057968250000002,81536.10158096933,16.307220316193867
2017-04-06,600900.SH,buy,44.979107357313524,36.23620905,1629.872337082006,0.32597446741640124
2017-04-06,601288.SH,buy,19702.796142294752,4.548222975,89612.71008612636,17.922542017225272
2017-04-06,600016.SH,buy,51.7852267825758,165.2427801,8557.134841661804,1.7114269683323609
2017-04-06,600637.SH,buy,94.35251734715902,76.87687923,7253.527081144024,1.450705416228805
2017-04-06,601398.SH,buy,64.00547568945898,7.560078149999999,483.88639824023494,0.096777279648047
2017-04-06,601166.SH,buy,1495.3298637337607,59.92838921999999,89612.71008612636,17.922542017225272
2017-04-06,600023.SH,buy,10798.732397316811,8.29844715,89612.71008612636,17.922542017225272
2017-04-06,600157.SH,buy,442.3456970578654,202.585242,89612.71008612635,17.922542017225272
2017-04-06,600177.SH,buy,19.24750965326954,228.32950769999997,4394.774403582031,0.8789548807164062
2017-04-06,601318.SH,buy,1077.4907384785677,83.1679632,89612.71008612635,17.922542017225272
2017-04-06,600252.SH,buy,41.76564908143983,160.5678438,6706.220217914244,1.341244043582849
2017-04-06,601988.SH,buy,15564.68715645763,5.7574372799999995,89612.71008612635,17.922542017225272
2017-04-06,600221.SH,buy,8265.430664384075,10.841868225,89612.71008612635,17.922542017225272
2017-04-06,600871.SH,buy,9824.491721115395,9.121358399999998,89612.71008612635,17.922542017225272
2017-04-06,600959.SH,buy,6480.80215065047,13.82741025,89612.71008612636,17.922542017225272
2017-04-06,000001.SZ,buy,6.649304402977766,964.2554867999999,6411.628253974708,1.2823256507949417
2017-04-06,300251.SZ,buy,380.2032741156942,235.69683952499994,89612.71008612635,17.922542017225272
2017-04-06,601939.SH,buy,9608.735722330912,9.326170755,89612.71008612635,17.922542017225272
2017-04-06,600795.SH,buy,113.04701009553852,792.7030534499999,89612.71008612635,17.922542017225272
2017-04-06,600000.SH,buy,37.71776853891875,149.180583015,5626.758700660724,1.125351740132145
2017-05-03,600016.SH,sell,542.6527987491479,152.09616387500003,82535.40900577781,16.50708180115556
2017-05-03,600637.SH,sell,1166.4153208128105,72.375764015,84420.2000026285,16.8840400005257
2017-05-03,600000.SH,sell,595.8485506067577,140.41747614,83667.54963787798,16.733509927575597
2017-05-03,600023.SH,sell,10798.732397316811,7.842426825,84688.26862871392,16.937653725742784
2017-05-03,600157.SH,sell,442.3456970578654,183.66235288500002,81242.25151020299,16.2484503020406
2017-05-03,601318.SH,sell,1077.4907384785677,84.96549600000002,91549.5350302378,18.309907006047563
2017-05-03,600221.SH,sell,8265.430664384075,10.391511645000001,85890.31899988721,17.178063799977444
2017-05-03,600871.SH,sell,9824.491721115395,7.880857600000001,77425.42024648935,15.48508404929787
2017-05-03,300251.SZ,sell,380.2032741156942,212.28888246,80712.92816965377,16.142585633930754
2017-05-03,601939.SH,sell,9608.735722330912,9.161826795,88033.57240692503,17.606714481385005
2017-05-03,600795.SH,sell,113.04701009553852,796.71020562,90065.70665794272,18.013141331588546
2017-05-03,601818.SH,buy,17509.321362994804,4.920098819999999,86147.59137707151,17.229518275414303
2017-05-03,000001.SZ,sell,0.7854317286989085,933.97413932,733.5729228061828,0.14671458456123657
2017-05-03,600030.SH,buy,1034.928486816208,83.24013926999999,86147.5913770715,17.2295182754143
2017-05-03,601988.SH,sell,85.27792430974598,5.5636168,474.4536923588312,0.09489073847176624
2017-05-03,601377.SH,buy,5086.684053082909,16.93590372,86147.5913770715,17.2295182754143
2017-05-03,000166.SZ,buy,10665.425418731234,8.07727662,86147.5913770715,17.2295182754143
2017-05-03,600816.SH,buy,307.18752045139473,280.43974979999996,86147.59137707151,17.229518275414303
2017-05-03,601288.SH,sell,635.0800860265879,4.516550595000001,2868.371340416037,0.5736742680832074
2017-05-03,601928.SH,buy,8027.946138912299,10.730962799999999,86147.5913770715,17.2295182754143
2017-05-03,600900.SH,sell,201.4220281410709,37.882449300000005,7630.3597689572925,1.5260719537914587
2017-05-03,601211.SH,buy,4539.999404585829,18.975242880000003,86147.59137707151,17.229518275414303
2017-05-03,601166.SH,buy,20.201441145038245,56.88242699999999,1149.1070012274342,0.22982140024548686
2017-05-03,600177.SH,sell,9.180366284425176,224.53467650000002,2061.310573824914,0.41226211476498287
2017-05-03,600959.SH,sell,51.24102246217934,13.394599350000002,686.3529661652428,0.13727059323304858
2017-05-03,601328.SH,buy,9086.457049760527,9.480878070000001,86147.5913770715,17.2295182754143
2017-05-03,600252.SH,sell,5.778161539594528,155.82428887999998,900.3779129410832,0.18007558258821665
2017-05-03,000156.SZ,buy,5521.553386150915,15.602057129999997,86147.59137707151,17.229518275414303
2017-05-03,601398.SH,sell,387.8409921436207,7.505805220000001,2911.058943361568,0.5822117886723136
2017-05-03,600061.SH,buy,980.2759645306553,87.88095852,86147.5913770715,17.2295182754143
2017-06-02,601398.SH,sell,11473.823318243203,8.268843510000002,94875.249479942,18.9750498959884
2017-06-02,000001.SZ,sell,92.20958918749118,961.19760078,88631.63589592595,17.72632717918519
2017-06-02,600252.SH,sell,552.6820556342448,140.31236872,77548.1283750797,15.509625675015942
2017-06-02,601166.SH,sell,1515.531304878799,60.711708959999996,92010.49550157067,18.402099100314135
2017-06-02,601818.SH,sell,17509.321362994804,5.106185630000001,89405.84513477609,17.881169026955217
2017-06-02,600030.SH,sell,1034.928486816208,84.44579598,87395.35985157163,17.479071970314326
2017-06-02,000166.SZ,sell,10665.425418731234,7.7535712750000005,82695.13616232935,16.53902723246587
2017-06-02,600816.SH,sell,307.18752045139473,267.8176242,82270.23191118146,16.454046382236292
2017-06-02,601928.SH,sell,8027.946138912299,10.371611600000001,83262.73929851802,16.652547859703606
2017-06-02,601328.SH,sell,9086.457049760527,9.950562230000001,90415.35632386434,18.08307126477287
2017-06-02,000156.SZ,sell,5521.553386150915,13.635728725,75290.40411415904,15.058080822831808
2017-06-02,600061.SH,sell,980.2759645306553,88.48805383999999,86742.71232744656,17.348542465489313
2017-06-02,000876.SZ,buy,635.9959461387899,130.88150805,83240.10854433141,16.64802170886628
2017-06-02,601988.SH,sell,1282.8792066810588,5.861387840000001,7519.452582229206,1.5038905164458414
2017-06-02,600177.SH,sell,20.551667938256294,229.2361246,4711.184712231945,0.942236942446389
2017-06-02,600886.SH,buy,242.39930339743444,343.40077458,83240.10854433142,16.648021708866285
2017-06-02,601288.SH,sell,1930.8205578633256,4.85563097,9375.352098273841,1.8750704196547683
2017-06-02,600663.SH,buy,369.9452075082373,225.00658707,83240.10854433141,16.64802170886628
2017-06-02,600115.SH,buy,8996.865021863916,9.25212375,83240.10854433141,16.64802170886628
2017-06-02,601899.SH,buy,14096.663722413856,5.904951,83240.10854433141,16.64802170886628
2017-06-02,600705.SH,buy,288.5834057048501,288.44384984999994,83240.10854433141,16.64802170886628
2017-06-02,601766.SH,buy,7133.322583688282,11.66919168,83240.10854433141,16.64802170886628
2017-06-02,600959.SH,sell,599.1473069233223,14.271860500000003,8550.946783360341,1.7101893566720683
2017-06-02,600999.SH,buy,3240.631283546162,25.686386775,83240.10854433141,16.64802170886628
2017-06-02,002465.SZ,buy,1202.2594977627973,69.236390895,83240.10854433141,16.64802170886628
2017-06-02,600221.SH,buy,8150.124584496518,10.213354124999999,83240.10854433141,16.64802170886628
2017-06-02,600900.SH,sell,227.67865338671558,40.677501074999995,9261.398667892674,1.8522797335785348
2017-06-02,601788.SH,buy,4691.812825440377,17.74156635,83240.10854433142,16.648021708866285
2017-06-02,601211.SH,sell,469.9387861615128,20.444492640000004,9607.660054929584,1.9215320109859169
2017-06-02,600023.SH,buy,9995.976221848157,8.3273616,83240.10854433142,16.648021708866285
2017-06-02,600018.SH,buy,10062.396355422614,8.272394129999999,83240.10854433141,16.64802170886628
2017-07-04,600900.SH,sell,2045.6147818668167,41.5730031,85042.349667955,17.008469933591
2017-07-04,600177.SH,sell,363.0002589714045,238.1562623,86450.78489056174,17.29015697811235
2017-07-04,601377.SH,sell,5086.684053082909,16.694288680000003,84918.57200611854,16.983714401223708
2017-07-04,601211.SH,sell,4070.0606184243165,21.3205344,86775.86742520091,17.355173485040183
2017-07-04,000876.SZ,sell,635.9959461387899,137.03996574,87156.86266963866,17.431372533927732
2017-07-04,600886.SH,sell,242.39930339743444,343.92824985000004,83367.9681823388,16.67359363646776
2017-07-04,600663.SH,sell,369.9452075082373,224.83576587999997,83176.91406375004,16.63538281275001
2017-07-04,600115.SH,sell,8996.865021863916,9.161916750000001,82428.52834130415,16.48570566826083
2017-07-04,601899.SH,sell,14096.663722413856,6.189463720000001,87250.78868292073,17.450157736584146
2017-07-04,600705.SH,sell,288.5834057048501,271.85390505,78452.52577349194,15.69050515469839
2017-07-04,002465.SZ,sell,1202.2594977627973,70.345059875,84573.01635541141,16.91460327108228
2017-07-04,601788.SH,sell,4691.812825440377,17.214128629999998,80765.46948501439,16.15309389700288
2017-07-04,600018.SH,sell,10062.396355422614,8.22520534,82765.27623581863,16.553055247163726
2017-07-04,601818.SH,buy,16259.072865136206,5.136787109999999,83519.39591418242,16.703879182836484
2017-07-04,601988.SH,buy,280.3318250402548,5.7731251199999996,1618.3907010753398,0.32367814021506797
2017-07-04,601857.SH,buy,8478.95205475513,9.850202640000001,83519.3959141824,16.70387918283648
2017-07-04,601766.SH,buy,120.95626309437029,11.521047645,1393.542870071395,0.278708574014279
2017-07-04,600221.SH,sell,17.566554424049286,10.266664100000002,180.349913666083,0.036069982733216606
2017-07-04,600688.SH,buy,3922.2139933957424,21.29394165,83519.39591418243,16.703879182836488
2017-07-04,601998.SH,buy,10172.448692842603,8.210353125,83519.39591418243,16.703879182836488
2017-07-04,601328.SH,buy,8439.2300842167,9.89656581,83519.39591418242,16.703879182836484
2017-07-04,000001.SZ,buy,84.77254069017387,985.2175626,83519.39591418242,16.703879182836484
2017-07-04,600023.SH,buy,207.1350401924545,8.1912936,1696.7039290641953,0.3393407858128391
2017-07-04,600837.SH,buy,264.160103887451,316.16960579999994,83519.39591418242,16.703879182836484
2017-07-04,600016.SH,buy,522.6094210419401,159.8122662,83519.39591418242,16.703879182836484
2017-07-04,601939.SH,buy,8387.23604137467,9.957916469999999,83519.39591418242,16.703879182836484
2017-07-04,601288.SH,buy,351.32319181739683,4.779028319999999,1678.9834831681314,0.3357966966336263
2017-07-04,600208.SH,buy,2801.4197128309693,29.813239170000003,83519.39591418242,16.703879182836484
2017-07-04,600919.SH,buy,8799.264783890148,9.491633444999998,83519.39591418242,16.703879182836484
2017-07-04,600999.SH,buy,18.837880350502203,25.64145432,483.03064849302785,0.09660612969860558
2017-07-04,601169.SH,buy,3621.771024829421,23.060374425,83519.39591418242,16.703879182836484
2017-07-04,601198.SH,buy,4731.349361444858,17.652341760000002,83519.39591418242,16.703879182836484
2017-07-04,600674.SH,buy,486.495073982,170.10254877,82754.05204838791,16.55081040967758
2017-08-02,600999.SH,sell,3259.469163896664,27.202392000000003,88665.35790822931,17.733071581645863
2017-08-02,601818.SH,sell,16259.072865136206,5.57383169,90625.33558571528,18.125067117143058
2017-08-02,600688.SH,sell,3922.2139933957424,23.034477,90346.14801995238,18.069229603990475
2017-08-02,601998.SH,sell,10172.448692842603,9.107863790000003,92649.27710517401,18.529855421034803
2017-08-02,000001.SZ,sell,84.77254069017387,1174.127092775,99533.73674770423,19.906747349540847
2017-08-02,600837.SH,sell,264.160103887451,326.64075792,86285.45654602294,17.257091309204586
2017-08-02,601939.SH,sell,8387.23604137467,11.0172886,92404.60002414629,18.480920004829258
2017-08-02,600208.SH,sell,2801.4197128309693,28.994475510000004,81225.69525690879,16.24513905138176
2017-08-02,600919.SH,sell,8799.264783890148,9.06456545,79761.51154545236,15.952302309090474
2017-08-02,601169.SH,sell,3621.771024829421,24.439863955000003,88515.59112299199,17.7031182245984
2017-08-02,601198.SH,sell,4731.349361444858,18.5251328,87648.8752439612,17.529775048792242
2017-08-02,600674.SH,sell,486.495073982,182.05067912500002,88566.75860939022,17.713351721878045
2017-08-02,600023.SH,buy,451.27530105536204,8.34186885,3764.479376648096,0.7528958753296192
2017-08-02,600221.SH,buy,357.49227086779246,10.468431599999999,3742.3833851081577,0.7484766770216316
2017-08-02,600415.SH,buy,312.4122184727544,284.29729761,88817.94945214898,17.7635898904298
2017-08-02,601985.SH,buy,11039.55185356966,8.045430705,88817.949452149,17.7635898904298
2017-08-02,601766.SH,buy,459.986681599793,11.521047645,5299.528474776659,1.0599056949553318
2017-08-02,000876.SZ,buy,646.688313410399,137.342747055,88817.94945214898,17.7635898904298
2017-08-02,601618.SH,buy,15887.175101035944,5.590543875,88817.949452149,17.7635898904298
2017-08-02,600021.SH,buy,3785.7692291965304,23.461004639999995,88817.94945214901,17.763589890429802
2017-08-02,600276.SH,buy,61.329297108805214,1448.21404515,88817.949452149,17.7635898904298
2017-08-02,600895.SH,buy,271.9578299108325,326.587212,88817.94945214901,17.763589890429802
2017-08-02,601328.SH,sell,184.16634500819507,10.755859380000002,1980.8673094367114,0.3961734618873423
2017-08-02,601988.SH,sell,806.7832987061743,6.49511082,5240.1469328217645,1.0480293865643528
2017-08-02,601166.SH,buy,1288.6890633029648,68.92116336,88817.94945214901,17.763589890429802
2017-08-02,601390.SH,buy,8988.098630305352,9.881728395,88817.949452149,17.7635898904298
2017-08-02,601857.SH,buy,48.41295800311793,10.422888839999999,504.6028796820865,0.1009205759364173
2017-08-02,601288.SH,sell,808.2404721555289,5.32309712,4302.342529598536,0.8604685059197072
2017-08-02,600016.SH,sell,6.148912518836203,171.92169615,1057.1314697162888,0.2114262939432578
2017-08-02,002411.SZ,buy,795.0210651154387,111.71773094999999,88817.949452149,17.7635898904298
2017-08-02,600028.SH,buy,5480.110021946326,16.207329615,88817.94945214898,17.7635898904298
2017-09-04,601288.SH,sell,16679.978218066706,5.25193272,87602.12337235184,17.52042467447037
2017-09-04,601988.SH,sell,13670.078551800907,6.888753900000001,94169.80693702487,18.833961387404976
2017-09-04,601328.SH,sell,8255.063739208506,10.755859380000002,88790.3047518637,17.75806095037274
2017-09-04,600016.SH,sell,516.4605085231038,164.80769493000003,85116.66593206837,17.023333186413673
2017-09-04,000876.SZ,sell,646.688313410399,132.926753375,85962.17794719881,17.192435589439764
2017-09-04,600276.SH,sell,61.329297108805214,1576.6444834000001,96694.49795739733,19.338899591479468
2017-09-04,600895.SH,sell,271.9578299108325,333.44629345000004,90683.33035847265,18.13666607169453
2017-09-04,601166.SH,sell,1288.6890633029648,66.53055808,85737.2025731387,17.14744051462774
2017-09-04,002411.SZ,sell,795.0210651154387,113.22414960500001,90015.58401575687,18.003116803151375
2017-09-04,000961.SZ,buy,2664.398224613123,33.257370375,88610.87858245109,17.722175716490217
2017-09-04,600376.SH,buy,1004.7985916260618,88.18770181499998,88610.87858245107,17.722175716490217
2017-09-04,600535.SH,buy,292.7264909473693,302.70877874999996,88610.87858245109,17.722175716490217
2017-09-04,600023.SH,buy,13.97968590575683,8.311753799999998,116.19570744998074,0.02323914148999615
2017-09-04,600170.SH,buy,1639.4299311551545,54.049811399999996,88610.87858245107,17.722175716490217
2017-09-04,601985.SH,buy,182.49725571715496,7.901578814999999,1442.016449570309,0.28840328991406183
2017-09-04,600415.SH,buy,3.397107187922386,280.77779874,953.8322783086791,0.19076645566173583
2017-09-04,601618.SH,buy,160.91387791093442,5.525411324999999,889.1153633587443,0.17782307267174888
2017-09-04,601857.SH,buy,85.25427761787697,10.29562524,877.7460924605812,0.17554921849211624
2017-09-04,600085.SH,buy,253.15026643627402,350.0327289,88610.87858245107,17.722175716490217
2017-09-04,600028.SH,buy,164.1898012975133,15.709850999999999,2579.3973141035403,0.5158794628207081
2017-09-04,600221.SH,sell,70.91593291949131,10.5217365,746.1587598305632,0.14923175196611266
2017-09-04,601766.SH,sell,24.380704231066268,11.519567335000001,280.8551640644873,0.05617103281289747
2017-09-04,600021.SH,buy,36.855045797823585,23.19671256,854.9159037577497,0.17098318075154995
2017-09-04,600208.SH,buy,3081.020894306473,28.760232929999997,88610.87858245107,17.722175716490217
2017-09-04,600900.SH,buy,2077.3427774277175,42.65587728,88610.87858245107,17.722175716490217
2017-09-04,600919.SH,buy,9876.727995897121,8.9716836,88610.87858245107,17.722175716490217
2017-09-04,601390.SH,buy,29.189470575005025,9.83363436,287.03858079657834,0.05740771615931567
2017-09-04,002465.SZ,buy,1201.4044001660448,73.75607960999999,88610.87858245107,17.722175716490217
2017-10-10,600415.SH,sell,315.80932566067673,275.80918642,87103.11317432008,17.420622634864017
2017-10-10,601985.SH,sell,11222.049109286814,7.69864875,86394.61434764955,17.27892286952991
2017-10-10,601618.SH,sell,16048.088978946878,5.584956125,89627.87283751435,17.92557456750287
2017-10-10,600021.SH,sell,3822.624274994354,22.747020799999998,86953.31389388148,17.390662778776296
2017-10-10,601390.SH,sell,9017.288100880358,9.7565193,87977.34538989956,17.595469077979914
2017-10-10,000961.SZ,sell,2664.398224613123,34.30458912500001,91401.08636073268,18.280217272146537
2017-10-10,600376.SH,sell,1004.7985916260618,87.46971326500001,87889.44469860746,17.577888939721493
2017-10-10,600535.SH,sell,292.7264909473693,284.38043865,83245.68790008813,16.649137580017626
2017-10-10,600085.SH,sell,253.15026643627402,354.04708790000007,89627.11463287195,17.92542292657439
2017-10-10,600208.SH,sell,3081.020894306473,28.534245740000003,87914.60732821548,17.582921465643096
2017-10-10,600900.SH,sell,2077.3427774277175,43.267955199999996,89882.37422878604,17.97647484575721
2017-10-10,600919.SH,sell,9876.727995897121,8.565505105,84599.16406955321,16.91983281391064
2017-10-10,002465.SZ,sell,1201.4044001660448,76.43072552,91824.2099476112,18.36484198952224
2017-10-10,600023.SH,buy,208.18412390316342,8.085890925,1683.3541181976645,0.33667082363953293
2017-10-10,000876.SZ,buy,672.9812774168588,130.59241357499997,87886.24930865421,17.57724986173084
2017-10-10,600016.SH,buy,539.1219329941607,163.01738795999998,87886.24930865421,17.57724986173084
2017-10-10,600221.SH,buy,33.62076962853499,10.404599699999999,349.8106495908242,0.06996212991816485
2017-10-10,600028.SH,sell,18.80275534568336,15.61812703,293.6638215028943,0.05873276430057886
2017-10-10,600895.SH,buy,268.6253046788368,327.17040345,87886.24930865421,17.57724986173084
2017-10-10,600170.SH,buy,13.146881145172754,53.21827584,699.6543472194987,0.13993086944389976
2017-10-10,601766.SH,buy,22.720267030883143,11.403098700000001,259.0814474435164,0.05181628948870329
2017-10-10,600705.SH,buy,306.75863179142755,286.49967825,87886.24930865421,17.57724986173084
2017-10-10,600837.SH,buy,272.7821161051582,322.18479189,87886.24930865421,17.57724986173084
2017-10-10,600926.SH,buy,4437.590617077599,19.804947525,87886.24930865421,17.57724986173084
2017-10-10,601857.SH,sell,26.882838891451197,10.23322083,275.0980269135325,0.055019605382706505
2017-10-10,600518.SH,buy,98.83695052048013,889.2043799999999,87886.2493086542,17.57724986173084
2017-10-10,601166.SH,buy,1317.4093816825846,66.71141904000001,87886.24930865421,17.57724986173084
2017-10-10,600977.SH,buy,4997.162896399334,17.58722922,87886.24930865421,17.57724986173084
2017-10-10,600015.SH,buy,2228.987028993875,39.428784539999995,87886.24930865421,17.57724986173084
2017-10-10,601818.SH,buy,16445.131580889018,5.34421077,87886.24930865421,17.57724986173084
2017-10-10,600674.SH,buy,517.4510095422053,169.84457985,87886.2493086542,17.57724986173084
2017-10-10,601998.SH,buy,10184.641372453258,8.629292490000001,87886.2493086542,17.57724986173084
2017-10-10,600177.SH,buy,374.550106655519,232.50534457499998,87084.90160854445,17.41698032170889
2017-11-02,600959.SH,sell,5830.413821264969,13.23981678,77193.61074512785,15.43872214902557
2017-11-02,601766.SH,sell,7712.605091182262,13.193449975,101755.86944744349,20.3511738894887
2017-11-02,601857.SH,sell,8585.736451484672,10.720517059999999,92043.53410080528,18.408706820161058
2017-11-02,600028.SH,sell,5625.497067898156,16.20347421,91152.59665811839,18.23051933162368
2017-11-02,600170.SH,sell,1652.5768123003272,53.44198564,88316.98627195106,17.663397254390212
2017-11-02,000876.SZ,sell,672.9812774168588,132.39856759999998,89101.75715161032,17.820351430322066
2017-11-02,600895.SH,sell,268.6253046788368,331.89267065,89154.76977402909,17.830953954805818
2017-11-02,600705.SH,sell,306.75863179142755,304.16229277499997,93304.4087742026,18.66088175484052
2017-11-02,600926.SH,sell,4437.590617077599,18.381044880000005,81567.55229157026,16.313510458314052
2017-11-02,600518.SH,sell,98.83695052048013,936.28466348,92539.52095745715,18.50790419149143
2017-11-02,601166.SH,sell,1317.4093816825846,65.73127792,86595.00220179332,17.319000440358664
2017-11-02,600977.SH,sell,4997.162896399334,16.972869320000004,84816.19281133862,16.963238562267726
2017-11-02,600015.SH,sell,2228.987028993875,37.79873118,84252.88151264633,16.850576302529266
2017-11-02,002252.SZ,buy,190.8285213210138,485.4142858499999,92630.89039685139,18.52617807937028
2017-11-02,601169.SH,buy,4054.246526837687,22.847868225,92630.89039685139,18.52617807937028
2017-11-02,601818.SH,buy,1113.8312787315385,5.27887812,5879.77956666754,1.175955913333508
2017-11-02,600177.SH,buy,29.01863087713305,229.678531875,6664.956536882462,1.3329913073764925
2017-11-02,600016.SH,buy,21.887525649917063,165.22575159,3616.3828759529497,0.72327657519059
2017-11-02,600023.SH,buy,694.593818685692,8.0106033,5564.115536123206,1.1128231072246413
2017-11-02,600221.SH,buy,456.0373254241314,10.404599699999999,4744.885819296719,0.9489771638593438
2017-11-02,600157.SH,buy,521.143882142238,177.74532824999997,92630.89039685139,18.52617807937028
2017-11-02,601788.SH,buy,5314.185961890059,17.430871079999996,92630.89039685139,18.52617807937028
2017-11-02,601328.SH,buy,8980.016440024412,10.315225035,92630.89039685139,18.52617807937028
2017-11-02,002411.SZ,buy,838.8178718386775,110.430277545,92630.89039685139,18.52617807937028
2017-11-02,601985.SH,buy,11617.33681549234,7.973504759999999,92630.89039685139,18.52617807937028
2017-11-02,600688.SH,buy,4344.818111322927,21.319854599999996,92630.89039685139,18.52617807937028
2017-11-02,600837.SH,buy,22.68780205397403,313.706244735,7117.305183643211,1.4234610367286424
2017-11-02,601229.SH,buy,4018.847366817833,23.049118799999995,92630.89039685139,18.52617807937028
2017-11-02,601998.SH,buy,940.9522926528482,8.331263550000001,7839.321538067608,1.5678643076135217
2017-11-02,600674.SH,sell,4.74578186209455,180.615796925,857.1631730544177,0.17143263461088354
2017-11-02,601997.SH,buy,6130.43566426656,15.110001224999996,92630.89039685138,18.526178079370275
2017-11-02,600000.SH,buy,606.0926112862645,152.83289825999998,92630.89039685138,18.526178079370275
2017-11-02,600871.SH,buy,12415.915406002307,7.395695999999999,91824.33590450963,18.36486718090193
2017-12-04,600221.SH,sell,8908.792463073436,10.1391279,90327.3862176576,18.065477243531518
2017-12-04,600016.SH,sell,561.0094586440778,176.29194993,98901.45139353815,19.780290278707632
2017-12-04,600837.SH,sell,295.46991815913225,308.83188681,91250.5323206811,18.25010646413622
2017-12-04,601818.SH,sell,17558.962859620555,5.44329699,95578.64968129437,19.115729936258873
2017-12-04,600674.SH,sell,512.7052276801107,178.82219417500002,91683.07377875036,18.336614755750073
2017-12-04,601998.SH,sell,11125.593665106106,8.62066751,95910.04383824203,19.182008767648405
2017-12-04,601788.SH,sell,5314.185961890059,17.55425848,93286.59398580554,18.657318797161107
2017-12-04,601985.SH,sell,11617.33681549234,7.53441091,87529.78924779013,17.505957849558026
2017-12-04,600688.SH,sell,4344.818111322927,21.1316289,91813.08396647497,18.362616793294993
2017-12-04,601229.SH,sell,4018.847366817833,20.088270840000003,80731.69436925747,16.146338873851494
2017-12-04,601997.SH,sell,6130.43566426656,14.57648811,89360.22256930146,17.872044513860292
2017-12-04,600000.SH,sell,606.0926112862645,156.948356565,95125.2392675686,19.02504785351372
2017-12-04,600871.SH,sell,12415.915406002307,7.28979328,90509.45669172409,18.101891338344817
2017-12-04,002252.SZ,sell,7.913463002454752,476.98734702,3774.6217232818162,0.7549243446563633
2017-12-04,600820.SH,buy,569.3004387361674,153.30437388,87276.24731005744,17.45524946201149
2017-12-04,600023.SH,sell,689.2261081271653,8.017639175,5525.966244953146,1.1051932489906293
2017-12-04,002411.SZ,sell,49.74106285872113,110.568837925,5499.811517443173,1.0999623034886348
2017-12-04,600649.SH,buy,715.6932612538831,121.94644275,87276.24731005744,17.45524946201149
2017-12-04,300070.SZ,buy,281.61275270716885,309.91582047,87276.24731005746,17.45524946201149
2017-12-04,600177.SH,sell,9.15564272387863,221.21233850000004,2025.341137419702,0.4050682274839404
2017-12-04,600895.SH,buy,283.07595927359824,308.31387989999996,87276.24731005744,17.45524946201149
2017-12-04,601169.SH,sell,231.80232958440348,22.825031775,5290.895538283032,1.0581791076566065
2017-12-04,600170.SH,buy,1652.8807156448822,52.802508059999994,87276.24731005746,17.45524946201149
2017-12-04,000157.SZ,buy,305.1500377606454,286.01093399999996,87276.24731005744,17.45524946201149
2017-12-04,002131.SZ,buy,671.1940776858142,130.031313165,87276.24731005746,17.45524946201149
2017-12-04,600489.SH,buy,775.5362800502147,112.5366402,87276.24731005744,17.45524946201149
2017-12-04,600015.SH,buy,2242.1082891649057,38.92597325999999,87276.24731005746,17.45524946201149
2017-12-04,000625.SZ,buy,893.4555509238445,97.68392755500001,87276.24731005744,17.45524946201149
2017-12-04,601328.SH,sell,701.3819479874396,10.538737995,7391.6805842623435,1.4783361168524687
2017-12-04,000415.SZ,buy,710.9274392972028,122.76393129,87276.24731005746,17.45524946201149
2018-01-03,600177.SH,sell,394.4130948087734,221.44767077500003,87341.86116856213,17.468372233712426
2018-01-03,601169.SH,sell,3822.444197253283,22.328160335000007,85348.1469078617,17.06962938157234
2018-01-03,601328.SH,sell,8278.634492036972,10.471931415,86693.29261046453,17.338658522092906
2018-01-03,600820.SH,sell,569.3004387361674,145.59660528,82888.21126440058,16.577642252880118
2018-01-03,300070.SZ,sell,281.61275270716885,314.09831228,88454.09034184674,17.69081806836935
2018-01-03,600895.SH,sell,283.07595927359824,283.34195815000004,80207.29660577099,16.041459321154196
2018-01-03,000157.SZ,sell,305.1500377606454,294.8163181,89963.21060066944,17.992642120133887
2018-01-03,002131.SZ,sell,671.1940776858142,115.56440889000001,77566.14683822986,15.513229367645973
2018-01-03,600489.SH,sell,775.5362800502147,118.36574752000001,91796.93151702374,18.359386303404747
2018-01-03,600015.SH,sell,2242.1082891649057,38.0917446,85405.81631641253,17.081163263282505
2018-01-03,000625.SZ,sell,893.4555509238445,93.744894105,83756.89600888024,16.75137920177605
2018-01-03,000415.SZ,sell,710.9274392972028,122.64122871000002,87189.01467906291,17.43780293581258
2018-01-03,002411.SZ,sell,6.452297242589284,110.02947774,709.9428958253411,0.14198857916506824
2018-01-03,002252.SZ,sell,1.3748580131673798,474.34009131000005,652.1502755041001,0.13043005510082004
2018-01-03,600170.SH,buy,1.2922692643905125,52.10956176,67.33958504330718,0.013467917008661437
2018-01-03,002468.SZ,buy,1588.7618240597578,54.217044975,86137.97126961093,17.227594253922188
2018-01-03,601988.SH,buy,13215.343566650407,6.518027385,86137.97126961092,17.227594253922184
2018-01-03,601618.SH,buy,16327.193455027795,5.27573655,86137.97126961092,17.227594253922184
2018-01-03,601006.SH,buy,5891.037691706563,14.62186728,86137.97126961092,17.227594253922184
2018-01-03,600649.SH,sell,8.844129254533536,121.82455725000001,1077.4321306953207,0.21548642613906413
2018-01-03,002426.SZ,buy,2804.922091471494,30.709577115,86137.97126961092,17.227594253922184
2018-01-03,600739.SH,buy,161.49669292616485,533.37297321,86137.97126961093,17.227594253922188
2018-01-03,600023.SH,sell,221.6975893273386,8.077809075,1790.8307989739988,0.35816615979479977
2018-01-03,600221.SH,buy,8487.108279382019,10.1492721,86137.97126961092,17.227594253922184
2018-01-03,000723.SZ,buy,1968.5066957800384,43.758028079999995,86137.97126961093,17.227594253922188
2018-01-03,601991.SH,buy,8474.076636125421,10.1648799,86137.9712696109,17.22759425392218
2018-01-03,601985.SH,buy,11343.907173132868,7.593324764999998,86137.97126961093,17.227594253922188
2018-01-03,601009.SH,buy,2375.2276409952347,36.265143509999994,86137.97126961093,17.227594253922188
2018-01-03,601818.SH,buy,16157.501540346793,5.3311442399999995,86137.97126961092,17.227594253922184
2018-01-03,601390.SH,buy,9006.272732263298,9.56421972,86137.97126961092,17.227594253922184
2018-01-03,000876.SZ,buy,648.2216808506366,132.88350855,86137.97126961093,17.227594253922188
2018-02-02,600023.SH,sell,10660.220494136081,8.799847875,93808.31866235484,18.761663732470968
2018-02-02,600649.SH,sell,706.8491319993495,121.68767572500002,86014.82796123458,17.202965592246915
2018-02-02,601988.SH,sell,13215.343566650407,7.512022110000001,99273.95306392413,19.854790612784825
2018-02-02,601618.SH,sell,16327.193455027795,4.890903325,79854.72475711368,15.970944951422737
2018-02-02,601006.SH,sell,5891.037691706563,15.371030640000003,90551.32086061647,18.110264172123294
2018-02-02,002426.SZ,sell,2804.922091471494,26.44551063,74177.59698633122,14.835519397266244
2018-02-02,000723.SZ,sell,1968.5066957800384,39.457231515000004,77671.82443422066,15.534364886844132
2018-02-02,601991.SH,sell,8474.076636125421,9.501916665,80519.97000928728,16.10399400185746
2018-02-02,601009.SH,sell,2375.2276409952347,46.28730477,109942.88571687457,21.988577143374915
2018-02-02,601818.SH,sell,16157.501540346793,6.135130900000001,99128.38696697922,19.825677393395846
2018-02-02,000876.SZ,sell,648.2216808506366,141.729849625,91872.36135062548,18.374472270125096
2018-02-02,600074.SH,buy,3031.800422340366,27.505475865,83391.11334417974,16.67822266883595
2018-02-02,002411.SZ,sell,15.414913355721119,108.660332655,1674.9896130806592,0.33499792261613187
2018-02-02,002252.SZ,sell,5.433795051805448,473.37745287,2572.2360610412725,0.5144472122082545
2018-02-02,600900.SH,buy,1814.3803207277278,45.96120911999999,83391.11334417976,16.678222668835954
2018-02-02,601985.SH,sell,714.0302982285318,7.84235686,5599.680407560372,1.1199360815120745
2018-02-02,600170.SH,sell,69.64104009715248,52.6112812,3663.9043436117645,0.7327808687223529
2018-02-02,002468.SZ,buy,29.937335717101334,51.5527635,1543.352388043828,0.3086704776087656
2018-02-02,601866.SH,buy,24319.980924622818,3.4289136,83391.11334417976,16.678222668835954
2018-02-02,600233.SH,buy,1073.083996262106,77.7116364,83391.11334417974,16.67822266883595
2018-02-02,002352.SZ,buy,495.7081768305408,168.22622107499998,83391.11334417974,16.67822266883595
2018-02-02,002007.SZ,buy,152.1014237461928,548.25991296,83391.11334417974,16.67822266883595
2018-02-02,000008.SZ,buy,462.0632108108292,180.47555268,83391.11334417976,16.678222668835954
2018-02-02,600739.SH,sell,0.9618977018982331,519.30073974,499.5141881499585,0.0999028376299917
2018-02-02,601018.SH,buy,13543.306965526051,6.157367144999999,83391.11334417974,16.67822266883595
2018-02-02,600886.SH,buy,265.5826825314668,313.99303806,83391.11334417974,16.67822266883595
2018-02-02,601390.SH,sell,322.03010740823487,9.599517840000003,3091.3337610824674,0.6182667522164935
2018-02-02,000625.SZ,buy,900.0122193529448,92.655534615,83391.11334417974,16.67822266883595
2018-03-02,002411.SZ,sell,767.2095983816461,107.87203699999999,82760.46218338006,16.552092436676013
2018-03-02,600170.SH,sell,1584.5319448121204,52.472830460000004,83144.87609858048,16.628975219716096
2018-03-02,600739.SH,sell,160.53479522426662,524.4155210700001,84186.93828739953,16.83738765747991
2018-03-02,601390.SH,sell,8684.242624855064,8.47807884,73625.69363920977,14.725138727841955
2018-03-02,600074.SH,sell,3031.800422340366,22.786620990000003,69084.48714119186,13.816897428238372
2018-03-02,601866.SH,sell,24319.980924622818,3.1736124,77182.19303014645,15.43643860602929
2018-03-02,600233.SH,sell,1073.083996262106,76.65125520000001,82253.23524852254,16.45064704970451
2018-03-02,002352.SZ,sell,495.7081768305408,170.93028210500003,84731.53850739959,16.946307701479917
2018-03-02,002007.SZ,sell,152.1014237461928,554.5170827600001,84342.83777938144,16.86856755587629
2018-03-02,000008.SZ,sell,462.0632108108292,165.74812448,76586.1105831018,15.317222116620362
2018-03-02,000625.SZ,sell,900.0122193529448,87.90892355000001,79119.10538516387,15.823821077032775
2018-03-02,600518.SH,buy,82.47442614132201,933.6645990000001,77003.45201099254,15.400690402198508
2018-03-02,601985.SH,sell,170.5459254273512,7.359908205,1255.2023558820802,0.25104047117641604
2018-03-02,600900.SH,sell,169.50543340603082,46.797709440000006,7932.466021036701,1.5864932042073403
2018-03-02,601669.SH,buy,9339.094196233225,8.245280580000001,77003.45201099254,15.400690402198508
2018-03-02,600816.SH,buy,243.666564869721,316.0197709199999,77003.45201099252,15.400690402198505
2018-03-02,601018.SH,sell,1052.6961683211814,6.162797060000001,6487.552851203042,1.2975105702406085
2018-03-02,600795.SH,buy,102.90353406725283,748.3071665999998,77003.45201099252,15.400690402198505
2018-03-02,002468.SZ,sell,153.597712889942,52.5399169,8070.011071267611,1.6140022142535224
2018-03-02,600649.SH,buy,669.8369555911753,114.958500525,77003.45201099254,15.400690402198508
2018-03-02,002602.SZ,buy,743.2235639018438,103.607387805,77003.45201099254,15.400690402198508
2018-03-02,600482.SH,buy,1055.3266080656715,72.96646499999999,77003.45201099252,15.400690402198505
2018-03-02,600886.SH,sell,14.820719882803797,306.97665489,4549.615012684822,0.9099230025369646
2018-03-02,600085.SH,buy,219.305032367143,351.12487469999996,77003.45201099252,15.400690402198505
2018-03-02,000166.SZ,buy,11010.725254110075,6.993494999999999,77003.45201099254,15.400690402198508
2018-03-02,600061.SH,buy,1074.2665774232864,71.6800221,77003.45201099254,15.400690402198508
2018-04-03,002468.SZ,sell,1465.1014468869173,52.042215875000004,76247.12577766381,15.249425155532762
2018-04-03,601985.SH,sell,10459.330949476984,6.826135225,71396.80742415754,14.279361484831508
2018-04-03,600886.SH,sell,250.761962648663,312.785529,78434.7131401403,15.686942628028062
2018-04-03,600518.SH,sell,82.47442614132201,976.2588663800001,80516.38977006807,16.103277954013613
2018-04-03,601669.SH,sell,9339.094196233225,7.604305945000001,71017.32951733132,14.203465903466265
2018-04-03,600816.SH,sell,243.666564869721,286.3303632,69769.13601884358,13.953827203768716
2018-04-03,600795.SH,sell,102.90353406725283,725.2809781000001,74633.97583824382,14.926795167648764
2018-04-03,600649.SH,sell,669.8369555911753,108.13640475000001,72433.76014631511,14.486752029263021
2018-04-03,002602.SZ,sell,743.2235639018438,106.10789951,78861.89123196091,15.772378246392183
2018-04-03,600482.SH,sell,1055.3266080656715,72.60767799999999,76624.81454326447,15.324962908652894
2018-04-03,600085.SH,sell,219.305032367143,369.8673738,81113.77638275918,16.222755276551837
2018-04-03,600061.SH,sell,1074.2665774232864,73.7025303,79176.16497281707,15.835232994563416
2018-04-03,000157.SZ,buy,280.14231043691655,271.7103873,76117.57566793142,15.223515133586286
2018-04-03,600919.SH,buy,10312.28968656052,7.381248779999999,76117.5756679314,15.223515133586282
2018-04-03,601390.SH,buy,9187.95027027586,8.28450018,76117.5756679314,15.223515133586282
2018-04-03,601328.SH,buy,7415.202808201748,10.265069969999999,76117.57566793142,15.223515133586286
2018-04-03,601229.SH,buy,3933.051685204099,19.35331182,76117.5756679314,15.223515133586282
2018-04-03,601018.SH,sell,96.6305610234824,6.13962865,593.2757609253458,0.11865515218506917
2018-04-03,000166.SZ,sell,9.039164732310374,6.91663995,62.52064790212899,0.012504129580425799
2018-04-03,601668.SH,buy,7162.314388731282,10.6275111,76117.5756679314,15.223515133586282
2018-04-03,600015.SH,buy,2059.6460652068604,36.95662907999999,76117.57566793142,15.223515133586286
2018-04-03,600900.SH,buy,34.24825765056893,45.362830079999995,1553.5978923388182,0.31071957846776366
2018-04-03,601166.SH,buy,1210.840589189926,62.86341599999999,76117.5756679314,15.223515133586282
2018-04-03,601818.SH,buy,14419.271280302151,5.27887812,76117.5756679314,15.223515133586282
2018-04-03,600170.SH,buy,1476.4285406552337,51.55520472,76117.57566793142,15.223515133586286
2018-04-03,000008.SZ,buy,505.1253532511696,150.69046758,76117.57566793142,15.223515133586286
2018-04-03,601006.SH,buy,5856.452598468863,12.99721536,76117.5756679314,15.223515133586282
2018-04-03,601169.SH,buy,3569.4597218160357,21.324677010000002,76117.57566793142,15.223515133586286
2018-04-03,600016.SH,buy,479.3255323171928,158.80142103,76117.5756679314,15.223515133586282
2018-05-03,600157.SH,sell,521.143882142238,108.56994787000001,56580.564116952206,11.316112823390442
2018-05-03,000166.SZ,sell,11001.686089377765,6.6511527599999996,73173.89479801852,14.634778959603704
2018-05-03,601229.SH,sell,3933.051685204099,20.1147376,79112.30261511826,15.822460523023652
2018-05-03,601668.SH,sell,7162.314388731282,10.285494680000003,73667.94654178307,14.733589308356613
2018-05-03,600015.SH,sell,2059.6460652068604,35.45462382,73023.97644425243,14.604795288850488
2018-05-03,601166.SH,sell,1210.840589189926,61.04977984,73921.55139138087,14.784310278276175
2018-05-03,000008.SZ,sell,505.1253532511696,127.8376492,64574.0377109491,12.914807542189822
2018-05-03,601006.SH,sell,5856.452598468863,13.477497880000003,78930.3274801846,15.78606549603692
2018-05-03,600016.SH,sell,479.3255323171928,154.63150557,74118.82872034922,14.823765744069846
2018-05-03,000157.SZ,buy,5.148838406936469,272.36041215,1402.3397506069662,0.28046795012139325
2018-05-03,601018.SH,buy,718.9475323979829,5.9254512450000005,4260.088550937306,0.8520177101874612
2018-05-03,600919.SH,buy,361.97502471280563,7.279297829999999,2634.924011906122,0.5269848023812244
2018-05-03,600795.SH,buy,109.95525832060568,706.1839155,77648.63485065928,15.529726970131856
2018-05-03,600170.SH,buy,76.62343155042466,50.03072286,3833.525668481476,0.7667051336962952
2018-05-03,600900.SH,buy,40.250989839211094,45.19186463999999,1819.0172844396427,0.36380345688792853
2018-05-03,000876.SZ,buy,623.1816696639415,124.60031902499999,77648.63485065928,15.529726970131856
2018-05-03,600674.SH,buy,493.7068613743124,157.27679909999998,77648.63485065926,15.529726970131852
2018-05-03,601169.SH,buy,106.42350304339251,21.1381638,2249.5974395010294,0.4499194879002059
2018-05-03,601328.SH,buy,142.0403247809818,10.281788324999999,1460.4285530123066,0.2920857106024613
2018-05-03,601727.SH,buy,12480.072995270946,6.22180935,77648.63485065928,15.529726970131856
2018-05-03,000630.SZ,buy,1154.9903391296498,67.22881761,77648.63485065926,15.529726970131852
2018-05-03,600663.SH,buy,442.5929808607995,175.4402763,77648.63485065928,15.529726970131856
2018-05-03,600688.SH,buy,4027.1188957799186,19.281435899999998,77648.63485065928,15.529726970131856
2018-05-03,601866.SH,buy,26458.37763039717,2.93474664,77648.63485065926,15.529726970131852
2018-05-03,601390.SH,buy,128.16431134838413,8.34062823,1068.970873310842,0.21379417466216843
2018-05-03,000783.SZ,buy,2172.5354066015275,35.74102158,77648.63485065928,15.529726970131856
2018-05-03,601818.SH,buy,410.1675102634174,5.239678529999999,2149.1458972307823,0.4298291794461565
2018-06-04,600900.SH,sell,1719.3741348114772,48.10713439999999,82714.16258725944,16.542832517451888
2018-06-04,601018.SH,sell,13112.92776857937,5.850023525,76710.93592781507,15.342187185563015
2018-06-04,000157.SZ,sell,285.291148843853,272.737563,77809.61268114275,15.56192253622855
2018-06-04,600919.SH,sell,10674.264711273325,7.27202217,77623.48962882826,15.524697925765652
2018-06-04,000876.SZ,sell,623.1816696639415,125.70821445,78339.05497142382,15.667810994284764
2018-06-04,600674.SH,sell,493.7068613743124,166.80505575000004,82352.80053569972,16.470560107139946
2018-06-04,601727.SH,sell,12480.072995270946,6.924386075,86416.84366343768,17.28336873268754
2018-06-04,000630.SZ,sell,1154.9903391296498,65.33231750000002,75458.19554545097,15.091639109090195
2018-06-04,600663.SH,sell,442.5929808607995,155.6849186,68905.05219824493,13.781010439648986
2018-06-04,600688.SH,sell,4027.1188957799186,18.9617144,76361.0783566222,15.272215671324439
2018-06-04,601866.SH,sell,26458.37763039717,2.94188832,77837.59211701472,15.567518423402944
2018-06-04,000783.SZ,sell,2172.5354066015275,33.035254110000004,71770.25922005365,14.35405184401073
2018-06-04,002468.SZ,buy,1451.8440357473946,50.53470472499999,73368.50965324692,14.673701930649385
2018-06-04,600023.SH,buy,9228.310144390067,7.9503732,73368.50965324692,14.673701930649385
2018-06-04,601328.SH,sell,286.5703391123361,10.087793580000001,2890.8624271158474,0.5781724854231695
2018-06-04,002385.SZ,buy,1393.7260476607205,52.64198784,73368.5096532469,14.673701930649381
2018-06-04,601818.SH,sell,676.3090609308067,5.18222759,3504.7874749226175,0.7009574949845235
2018-06-04,601169.SH,sell,124.2668368127189,20.651219225000002,2566.2616894167586,0.5132523378833518
2018-06-04,601166.SH,buy,1208.8708037821264,60.691770719999994,73368.50965324692,14.673701930649385
2018-06-04,601988.SH,buy,11853.392708945543,6.189663284999999,73368.5096532469,14.673701930649381
2018-06-04,600015.SH,buy,2102.039776695241,34.903483019999996,73368.50965324693,14.673701930649386
2018-06-04,600016.SH,buy,472.161786848756,155.38849541999997,73368.50965324692,14.673701930649385
2018-06-04,600000.SH,buy,558.5793879667158,131.34840137999998,73368.50965324692,14.673701930649385
2018-06-04,601997.SH,buy,5413.366443979469,13.553213219999998,73368.50965324692,14.673701930649385
2018-06-04,002174.SZ,buy,1139.1701204631818,64.40522652,73368.5096532469,14.673701930649381
2018-06-04,601099.SH,buy,9558.523299553855,7.675715939999999,73368.50965324692,14.673701930649385
2018-06-04,600170.SH,sell,4.030658305481938,47.350153080000005,190.85228777774321,0.03817045755554865
2018-06-04,600795.SH,sell,5.6249161767215945,703.0027228,3954.331387757047,0.7908662775514095
2018-06-04,600177.SH,buy,370.77856855353593,197.876889,73368.50965324692,14.673701930649385
2018-06-04,600219.SH,buy,4001.0914325097406,18.33712398,73368.50965324692,14.673701930649385
2018-07-03,600170.SH,sell,1549.0213139001764,43.028494990000006,66652.05584455696,13.330411168911393
2018-07-03,600795.SH,sell,104.33034214388408,651.0201271,67921.1526028979,13.584230520579581
2018-07-03,002468.SZ,sell,1451.8440357473946,36.23627280000001,52609.41654239556,10.521883308479111
2018-07-03,600023.SH,sell,9228.310144390067,6.964665925,64272.09720796533,12.854419441593066
2018-07-03,002385.SZ,sell,1393.7260476607205,39.925387320000006,55645.05227082705,11.12901045416541
2018-07-03,601166.SH,sell,1208.8708037821264,54.996687900000005,66483.89030702774,13.296778061405549
2018-07-03,600000.SH,sell,558.5793879667158,113.29061635500001,63281.80314594791,12.656360629189583
2018-07-03,601997.SH,sell,5413.366443979469,12.157238340000001,65811.58608121666,13.162317216243334
2018-07-03,002174.SZ,sell,1139.1701204631818,61.47509707500001,70030.59374041355,14.00611874808271
2018-07-03,601099.SH,sell,9558.523299553855,6.442297239999999,61578.84827119149,12.315769654238299
2018-07-03,600177.SH,sell,370.77856855353593,187.19299668,69407.1513522572,13.881430270451443
2018-07-03,600219.SH,sell,4001.0914325097406,16.44953112,65816.07803303436,13.163215606606872
2018-07-03,002558.SZ,buy,689.0041738258254,95.19285264000001,65588.27278734675,13.11765455746935
2018-07-03,601669.SH,buy,10532.01835354843,6.2275122,65588.27278734675,13.11765455746935
2018-07-03,601633.SH,buy,1903.1684893019788,34.462672725,65588.27278734675,13.11765455746935
2018-07-03,601998.SH,buy,7890.229097138191,8.312594220000001,65588.27278734675,13.11765455746935
2018-07-03,601328.SH,sell,260.30982641202667,9.3529212,2434.657294017364,0.4869314588034729
2018-07-03,600688.SH,buy,3536.4673377475783,18.546268499999996,65588.27278734677,13.117654557469354
2018-07-03,600900.SH,buy,1387.5970239507499,47.26752195,65588.27278734675,13.11765455746935
2018-07-03,600015.SH,buy,0.5550245675163437,31.215800099999996,17.325535950179134,0.0034651071900358267
2018-07-03,601229.SH,buy,3225.6165326582586,20.333561699999997,65588.27278734675,13.11765455746935
2018-07-03,000776.SZ,buy,953.1873051593551,68.80942751999999,65588.27278734675,13.11765455746935
2018-07-03,600518.SH,buy,64.39164313465801,1018.58361729,65588.27278734675,13.11765455746935
2018-07-03,600016.SH,buy,6.498509100110164,137.11930539,891.0710538776996,0.17821421077553992
2018-07-03,002352.SZ,buy,431.65191978351953,151.9471356,65588.27278734677,13.117654557469354
2018-07-03,601988.SH,sell,299.6489111729971,5.675021070000001,1700.513884509317,0.3401027769018634
2018-07-03,601169.SH,buy,14.937670673367473,18.40263672,274.8925268449794,0.05497850536899588
2018-07-03,601818.SH,buy,116.89459499239513,4.59941856,537.6471697717052,0.10752943395434104
2018-07-03,600919.SH,buy,10260.472871866257,6.392324564999998,65588.27278734675,13.11765455746935
2018-08-02,600221.SH,sell,8487.108279382019,7.700148,65351.9898432669,13.070397968653381
2018-08-02,601328.SH,sell,7010.362967458367,9.84623442,69025.67714688192,13.805135429376385
2018-08-02,601818.SH,sell,14270.024324627157,4.946835345,70591.46070307537,14.118292140615074
2018-08-02,601988.SH,sell,11553.743797772546,6.113591675,70634.87189714512,14.126974379429024
2018-08-02,600015.SH,sell,2102.5948012627573,31.825379350000002,66915.87716952512,13.383175433905025
2018-08-02,002558.SZ,sell,689.0041738258254,96.84177489000001,66724.38709991102,13.344877419982206
2018-08-02,601669.SH,sell,10532.01835354843,6.5253357,68724.9553554648,13.744991071092961
2018-08-02,601633.SH,sell,1903.1684893019788,29.604780205000004,56342.88481886698,11.268576963773397
2018-08-02,601998.SH,sell,7890.229097138191,8.360777520000001,65968.45006300289,13.193690012600578
2018-08-02,601229.SH,sell,3225.6165326582586,21.303293025000002,68716.25418150338,13.743250836300676
2018-08-02,600518.SH,sell,64.39164313465801,934.6119902349999,60181.20174458459,12.03624034891692
2018-08-02,002352.SZ,sell,431.65191978351953,146.33475602000001,63165.67836708595,12.633135673417192
2018-08-02,600919.SH,sell,10260.472871866257,6.54248712,67129.0116092944,13.42580232185888
2018-08-02,600688.SH,buy,171.51682519880129,18.81364212,3226.8561668488455,0.6453712333697691
2018-08-02,000157.SZ,buy,261.581516540755,266.5101884999999,69714.13928139246,13.942827856278493
2018-08-02,600900.SH,buy,22.021002102749467,49.4901327,1089.82231625205,0.21796446325041002
2018-08-02,601333.SH,buy,12840.323523306797,5.4293133,69714.13928139245,13.94282785627849
2018-08-02,000776.SZ,buy,53.72503443642101,69.28144341,3722.1479330072034,0.7444295866014408
2018-08-02,600415.SH,buy,406.96389287290117,171.3030087,69714.13928139245,13.94282785627849
2018-08-02,601198.SH,buy,5487.5960521339985,12.703948800000001,69714.13928139245,13.94282785627849
2018-08-02,600018.SH,buy,8485.802412239831,8.21538564,69714.13928139246,13.942827856278493
2018-08-02,600660.SH,buy,37.650662999056465,1851.6045596099998,69714.13928139246,13.942827856278493
2018-08-02,601985.SH,buy,11758.195151480535,5.928983009999999,69714.13928139245,13.94282785627849
2018-08-02,600177.SH,buy,394.42110214622414,176.75053109999996,69714.13928139245,13.94282785627849
2018-08-02,000166.SZ,buy,11250.718456591403,6.19641666,69714.13928139245,13.94282785627849
2018-08-02,600663.SH,buy,442.6435131432501,157.49499814499998,69714.13928139245,13.94282785627849
2018-08-02,000423.SZ,buy,142.79297010432037,488.21828715,69714.13928139245,13.94282785627849
2018-08-02,600547.SH,buy,260.4553215637968,267.66256439999995,69714.13928139246,13.942827856278493
2018-08-02,601169.SH,buy,92.35733388839138,19.066248359999996,1760.9078657835141,0.35218157315670284
2018-08-02,000623.SZ,buy,197.5585611410672,352.8783509999999,69714.13928139245,13.94282785627849
2018-08-02,600016.SH,buy,3.066831682761218,144.81774268499998,444.13164149231955,0.08882632829846392
2018-09-04,601390.SH,sell,9316.114581624244,8.196699600000002,76361.39266475363,15.272278532950727
2018-09-04,600688.SH,sell,3707.9841629463795,19.570609800000003,72567.51119760322,14.513502239520644
2018-09-04,600900.SH,sell,1409.6180260534993,47.338698810000004,66729.48317249335,13.34589663449867
2018-09-04,000157.SZ,sell,261.581516540755,260.65336812,68182.10332428527,13.636420664857056
2018-09-04,601333.SH,sell,12840.323523306797,4.7686744700000006,61231.32297213358,12.246264594426718
2018-09-04,600415.SH,sell,406.96389287290117,161.97823037,65919.29119203879,13.183858238407758
2018-09-04,601198.SH,sell,5487.5960521339985,10.540577075,57842.429143984125,11.568485828796826
2018-09-04,600018.SH,sell,8485.802412239831,7.416449920000002,62934.52862139192,12.586905724278385
2018-09-04,600660.SH,sell,37.650662999056465,1936.9150580000003,72926.13610655592,14.585227221311184
2018-09-04,601985.SH,sell,11758.195151480535,6.100957995,71736.2547161954,14.34725094323908
2018-09-04,000166.SZ,sell,11250.718456591403,6.26088799,70439.48806374444,14.08789761274889
2018-09-04,600663.SH,sell,442.6435131432501,150.835214665,66766.22932503188,13.353245865006375
2018-09-04,000423.SZ,sell,142.79297010432037,453.24126600000005,64719.66654598233,12.943933309196465
2018-09-04,600547.SH,sell,260.4553215637968,247.74016795,64525.24510768628,12.905049021537256
2018-09-04,600739.SH,buy,173.28058386671404,412.71589481999996,71515.65122548293,14.303130245096586
2018-09-04,000627.SZ,buy,419.9745950885709,170.28566027999997,71515.65122548293,14.303130245096586
2018-09-04,601212.SH,buy,18349.26050176819,3.8974677599999996,71515.65122548293,14.303130245096586
2018-09-04,600177.SH,buy,16.20753866905559,174.27849569999998,2824.625458242588,0.5649250916485177
2018-09-04,601988.SH,buy,11686.120878233676,6.1197083249999995,71515.65122548293,14.303130245096586
2018-09-04,600919.SH,buy,10850.478051563821,6.5910138599999994,71515.65122548293,14.303130245096586
2018-09-04,600674.SH,buy,479.09205153830436,149.27329935,71515.65122548293,14.303130245096586
2018-09-04,601328.SH,buy,7217.393583685522,9.908791919999999,71515.65122548293,14.303130245096586
2018-09-04,600518.SH,buy,77.14628757729102,927.01351512,71515.65122548293,14.303130245096586
2018-09-04,601009.SH,buy,2005.4088668429308,35.66138178,71515.65122548294,14.30313024509659
2018-09-04,600795.SH,buy,109.79334046015265,651.3660202499999,71515.65122548293,14.303130245096586
2018-09-04,000623.SZ,buy,13.904250755704016,338.4161234999999,4705.422640917297,0.9410845281834594
2018-09-04,601169.SH,buy,133.35402575458065,18.8710308,2516.5279273186848,0.5033055854637369
2018-09-04,000776.SZ,sell,25.899781082476533,72.876993275,1887.4981717716146,0.37749963435432293
2018-09-04,601229.SH,buy,3152.5611843663123,22.6849368,71515.65122548294,14.30313024509659
2018-09-04,001965.SZ,buy,8465.191920142872,8.44820199,71515.65122548293,14.303130245096586
2018-09-04,601377.SH,buy,6789.053849938549,10.53396435,71515.65122548293,14.303130245096586
2018-09-04,600025.SH,buy,25101.80898646159,2.8490237999999994,71515.65122548293,14.303130245096586
2018-09-04,600016.SH,buy,7.495436770077092,146.283014955,1096.455089131444,0.21929101782628882
2018-10-09,601169.SH,sell,3792.2654183630484,19.04719164,72232.00617330577,14.446401234661154
2018-10-09,600016.SH,sell,489.22256440170446,148.088548685,72448.25954620236,14.489651909240473
2018-10-09,000623.SZ,sell,211.46281189677123,327.13884874999997,69177.70083734754,13.835540167469508
2018-10-09,600739.SH,sell,173.28058386671404,406.82224712,70494.39651092222,14.098879302184445
2018-10-09,000627.SZ,sell,419.9745950885709,164.96865441,69282.64383814613,13.856528767629227
2018-10-09,601988.SH,sell,11686.120878233676,6.2169199850000005,72651.6784350167,14.53033568700334
2018-10-09,601328.SH,sell,7217.393583685522,9.95154174,71824.19350205465,14.364838700410932
2018-10-09,601009.SH,sell,2005.4088668429308,36.25930128000001,72714.72429244126,14.542944858488251
2018-10-09,601229.SH,sell,3152.5611843663123,22.604841925000002,71263.14723149128,14.252629446298258
2018-10-09,601377.SH,sell,6789.053849938549,10.428842970000002,70801.97651588309,14.160395303176617
2018-10-09,600674.SH,sell,12.278026114495292,153.57003656999998,1885.536919410457,0.3771073838820914
2018-10-09,000776.SZ,buy,0.5110458797492197,73.11213779999999,37.36365678234717,0.0074727313564694345
2018-10-09,601212.SH,buy,158.32131957580842,3.8773777199999997,613.8715571242393,0.12277431142484786
2018-10-09,601018.SH,buy,15174.18706299703,4.725861749999999,71711.1102283625,14.3422220456725
2018-10-09,600795.SH,buy,3.0297414671798086,636.03976095,1927.0360385253475,0.38540720770506953
2018-10-09,601727.SH,buy,12218.597869798308,5.86901304,71711.1102283625,14.3422220456725
2018-10-09,600518.SH,sell,3.7212596432037355,976.33974592,3633.213694547885,0.7266427389095771
2018-10-09,600919.SH,buy,2.7063763386545188,6.612004349999999,17.89457212392075,0.00357891442478415
2018-10-09,600177.SH,sell,12.428510311202077,180.03125934000002,2237.5203630458855,0.44750407260917713
2018-10-09,600208.SH,buy,3527.965329944914,20.32647816,71711.1102283625,14.3422220456725
2018-10-09,600415.SH,buy,454.5636724880179,157.75811963999996,71711.1102283625,14.3422220456725
2018-10-09,600900.SH,buy,1521.9037067438383,47.1193479,71711.1102283625,14.3422220456725
2018-10-09,600025.SH,buy,450.95570445170995,2.808323459999999,1266.429484232563,0.2532858968465126
2018-10-09,000630.SZ,buy,1270.6520745732355,56.436464130000005,71711.1102283625,14.3422220456725
2018-10-09,002493.SZ,buy,668.9776221379226,107.195080755,71711.1102283625,14.3422220456725
2018-10-09,001965.SZ,sell,113.05628673179467,8.58332619,970.3989868491626,0.19407979736983252
2018-10-09,600219.SH,buy,4211.5300938647015,17.02732941,71711.1102283625,14.3422220456725
2018-10-09,000157.SZ,buy,289.23147239693657,247.93674642,71711.1102283625,14.3422220456725
2018-10-09,300024.SZ,buy,189.1805665805544,379.06171614000004,71711.1102283625,14.3422220456725
2018-11-02,000776.SZ,sell,981.5236043930487,70.2298675,68932.27268464622,13.786454536929243
2018-11-02,600177.SH,sell,398.2001305040776,183.98256270000002,73261.88047761464,14.652376095522929
2018-11-02,601212.SH,sell,18507.581821343996,3.3918232400000004,62774.4461378361,12.554889227567221
2018-11-02,600518.SH,sell,73.42502793408728,560.85693125,41180.93584405772,8.236187168811544
2018-11-02,001965.SZ,sell,8352.135633411077,8.614090800000001,71946.05472011854,14.38921094402371
2018-11-02,600025.SH,sell,25552.7646909133,3.0393095850000003,77662.76264834237,15.532552529668473
2018-11-02,601018.SH,sell,15174.18706299703,4.53323225,68788.11416151092,13.757622832302186
2018-11-02,601727.SH,sell,12218.597869798308,5.97419141,72996.24243599335,14.59924848719867
2018-11-02,600415.SH,sell,454.5636724880179,147.65091761,67116.74335502736,13.423348671005472
2018-11-02,000630.SZ,sell,1270.6520745732355,55.062764845000004,69965.61638203748,13.993123276407497
2018-11-02,002493.SZ,sell,668.9776221379226,101.43634645500002,67858.6458498244,13.57172916996488
2018-11-02,600219.SH,sell,4211.5300938647015,16.3094412,68687.70242791683,13.737540485583366
2018-11-02,000157.SZ,sell,289.23147239693657,234.04216038,67692.35864966738,13.538471729933477
2018-11-02,300024.SZ,sell,189.1805665805544,354.73358448000005,67108.70049707737,13.421740099415475
2018-11-02,600900.SH,sell,27.32515162365065,46.06567564,1258.7515715089103,0.2517503143017821
2018-11-02,601988.SH,buy,10797.579708040223,6.3782875500000005,68870.0682219256,13.77401364438512
2018-11-02,601328.SH,buy,6566.20711728033,10.488561659999998,68870.06822192558,13.774013644385118
2018-11-02,600674.SH,sell,10.792380377431265,150.97657395000002,1629.3966141497804,0.3258793228299561
2018-11-02,000876.SZ,buy,634.8957428373925,108.47461019999999,68870.06822192558,13.774013644385118
2018-11-02,600926.SH,buy,4203.231538973773,16.385028419999998,68870.0682219256,13.77401364438512
2018-11-02,600170.SH,buy,1583.085270229935,43.50370098,68870.06822192558,13.774013644385118
2018-11-02,600016.SH,buy,443.4108513738181,155.31886062,68870.0682219256,13.77401364438512
2018-11-02,601989.SH,buy,9767.274780382375,7.051103790000001,68870.06822192558,13.774013644385118
2018-11-02,601998.SH,buy,8229.047167796049,8.369142479999999,68870.06822192558,13.774013644385118
2018-11-02,601288.SH,buy,11928.474950478665,5.77358535,68870.0682219256,13.77401364438512
2018-11-02,600795.SH,sell,3.147941768813242,627.7485687,1976.1159397234587,0.39522318794469175
2018-11-02,601169.SH,buy,3436.229572846641,20.042336159999998,68870.06822192558,13.774013644385118
2018-11-02,600919.SH,sell,812.8877358917815,6.8570297700000005,5573.995404677844,1.1147990809355688
2018-11-02,601398.SH,buy,7187.878240751415,9.581418314999999,68870.06822192558,13.774013644385118
2018-11-02,600000.SH,buy,502.9529558516709,136.9314315,68870.0682219256,13.77401364438512
2018-11-02,600208.SH,sell,245.50101260962947,20.97412769,5149.169586498669,1.0298339172997337
2018-12-04,600674.SH,sell,456.02164504637784,151.34706861,69017.53920047922,13.803507840095845
2018-12-04,600208.SH,sell,3282.4643173352847,20.840534520000002,68408.31091609424,13.68166218321885
2018-12-04,600900.SH,sell,1494.5785551201875,43.519629300000005,65043.50467856019,13.008700935712039
2018-12-04,000876.SZ,sell,634.8957428373925,133.42925200000002,84713.66406477765,16.94273281295553
2018-12-04,600170.SH,sell,1583.085270229935,43.604127029999994,69029.05122242795,13.805810244485592
2018-12-04,601989.SH,sell,9767.274780382375,7.21217211,70443.26676178013,14.088653352356028
2018-12-04,601288.SH,sell,11928.474950478665,5.3942515250000005,64345.194192543844,12.86903883850877
2018-12-04,600000.SH,sell,502.9529558516709,135.562185,68181.40164746104,13.636280329492209
2018-12-04,601009.SH,buy,2001.101840744645,34.34420352,68726.24888278071,13.745249776556143
2018-12-04,601988.SH,buy,132.60899901025638,6.292094475,834.3883500077146,0.16687767000154294
2018-12-04,600016.SH,buy,13.01020574603178,150.67883176499996,1960.3626028343583,0.3920725205668717
2018-12-04,600919.SH,buy,103.4497243931679,6.779928269999999,701.3817109369476,0.14027634218738952
2018-12-04,601328.SH,buy,46.223787598821886,10.40071776,480.76056861353453,0.0961521137227069
2018-12-04,601006.SH,buy,5205.568639482493,13.202447925,68726.24888278071,13.745249776556143
2018-12-04,601169.SH,buy,46.070886822874186,19.749509819999997,909.8774317244622,0.18197548634489244
2018-12-04,601618.SH,buy,19807.125330536863,3.46977402,68726.24888278072,13.745249776556145
2018-12-04,601998.SH,buy,260.86826953674637,8.100538245000001,2113.1733942893825,0.42263467885787653
2018-12-04,601398.SH,buy,281.70627131595154,9.207011205,2593.672796524736,0.5187345593049473
2018-12-04,601766.SH,buy,6551.920113552825,10.48948212,68726.24888278072,13.745249776556145
2018-12-04,600015.SH,buy,2047.3937489401198,33.567675449999996,68726.24888278071,13.745249776556143
2018-12-04,601985.SH,buy,12172.228618796893,5.646151665,68726.24888278072,13.745249776556145
2018-12-04,600926.SH,buy,95.94427165214044,15.996854429999997,1534.806547011666,0.30696130940233324
2018-12-04,000338.SZ,buy,473.9162712102707,145.017702615,68726.24888278071,13.745249776556143
2018-12-04,601390.SH,buy,8353.041246186584,8.22769179,68726.24888278072,13.745249776556145
2018-12-04,601933.SH,buy,1054.0021578337942,65.205036225,68726.24888278071,13.745249776556143
2018-12-04,601991.SH,buy,8644.525046444953,7.950263145,68726.24888278072,13.745249776556145
2018-12-04,600795.SH,sell,2.834775205330341,643.0595094,1822.9291527990135,0.3645858305598027
2019-01-03,002252.SZ,sell,176.10640525358622,187.42757933000001,33007.19724118766,6.601439448237533
2019-01-03,600795.SH,sell,106.84036495318887,648.1631563,69249.98816830279,13.849997633660559
2019-01-03,601328.SH,sell,6612.430904879152,9.95154174,65803.88215277085,13.16077643055417
2019-01-03,601998.SH,sell,8489.915437332795,7.513401420000001,63788.14270253615,12.75762854050723
2019-01-03,601618.SH,sell,19807.125330536863,3.39985922,67341.43767672131,13.468287535344263
2019-01-03,601766.SH,sell,6551.920113552825,10.47899788,68657.55697984941,13.731511395969882
2019-01-03,000338.SZ,sell,473.9162712102707,142.06151371,67325.26285992995,13.465052571985991
2019-01-03,601390.SH,sell,8353.041246186584,7.83240184,65424.375626227695,13.08487512524554
2019-01-03,601933.SH,sell,1054.0021578337942,70.01427535000002,73795.19729806944,14.75903945961389
2019-01-03,601238.SH,buy,4138.146675884779,16.44473826,68050.73896641425,13.610147793282852
2019-01-03,600016.SH,buy,38.84374869599807,137.49138133499997,5340.680664442379,1.0681361328884758
2019-01-03,601988.SH,buy,228.80216131345762,6.10246971,1396.258258997909,0.27925165179958183
2019-01-03,601009.SH,buy,190.13935529059182,31.07565006,5908.704067644441,1.1817408135288883
2019-01-03,601006.SH,sell,237.5411405442178,13.693299925000002,3252.7220819985523,0.6505444163997105
2019-01-03,000630.SZ,buy,1316.529973519359,51.68947182,68050.73896641425,13.610147793282852
2019-01-03,600926.SH,buy,217.23015408995275,15.077494979999997,3275.2865577958883,0.6550573115591777
2019-01-03,601166.SH,buy,1162.325490724424,58.547058899999996,68050.73896641425,13.610147793282852
2019-01-03,600919.SH,buy,815.9838093196182,6.213185039999999,5069.858396946864,1.0139716793893727
2019-01-03,601997.SH,buy,6163.682601405128,11.04059754,68050.73896641425,13.610147793282852
2019-01-03,601288.SH,buy,12961.863495814863,5.250073724999999,68050.73896641425,13.610147793282852
2019-01-03,600015.SH,buy,128.09176094725376,31.30132284,4009.441562554094,0.8018883125108188
2019-01-03,601398.SH,buy,255.00811273967818,8.81558559,2248.0458440010025,0.4496091688002005
2019-01-03,601985.SH,buy,139.9706284768601,5.530924079999999,774.1669195353992,0.15483338390707985
2019-01-03,601727.SH,buy,12418.0891803181,5.479968614999999,68050.73896641425,13.610147793282852
2019-01-03,601991.SH,buy,29.773610265354108,7.850573325,233.73991053813512,0.046747982107627026
2019-01-03,601838.SH,buy,8349.258154618912,8.15051322,68050.73896641425,13.610147793282852
2019-01-03,601857.SH,buy,7268.2045753969505,9.362799059999999,68050.73896641425,13.610147793282852
2019-01-03,601169.SH,buy,302.29742316769716,17.99255178,5439.102039305362,1.0878204078610725
2019-01-03,603260.SH,buy,1551.139576334079,43.611774989999994,67647.95018116577,13.529590036233154
2019-02-11,601398.SH,sell,7724.592624807045,9.554840190000002,73807.24806288395,14.761449612576792
2019-02-11,601009.SH,sell,2191.241196035237,33.91999152,74326.8827877899,14.865376557557981
2019-02-11,601006.SH,sell,4968.027498938276,14.566982865000002,72369.17144988268,14.473834289976535
2019-02-11,601238.SH,sell,4138.146675884779,16.60443363,68711.58183093394,13.742316366186788
2019-02-11,000630.SZ,sell,1316.529973519359,52.955099205,69716.97535407369,13.943395070814738
2019-02-11,601166.SH,sell,1162.325490724424,64.67864450000002,75177.6372078531,15.03552744157062
2019-02-11,601727.SH,sell,12418.0891803181,5.541118055,68810.09816566078,13.762019633132155
2019-02-11,601838.SH,sell,8349.258154618912,7.96803399,66527.17276728817,13.305434553457633
2019-02-11,603260.SH,sell,1551.139576334079,48.75654953,75628.21358147573,15.125642716295149
2019-02-11,601857.SH,buy,174.6791451930556,9.57202362,1672.0329037093377,0.3344065807418676
2019-02-11,600688.SH,buy,3901.3236079798116,18.24887988,71194.78589503179,14.23895717900636
2019-02-11,600919.SH,sell,63.65143134069861,6.532002365,415.77130005307845,0.0831542600106157
2019-02-11,600023.SH,buy,10162.697271049106,7.005501000000001,71194.78589503179,14.23895717900636
2019-02-11,600926.SH,sell,45.63438399412788,15.9196362,726.4827913976187,0.14529655827952376
2019-02-11,600016.SH,sell,1.640144536297117,144.18506140500003,236.4843406790751,0.047296868135815025
2019-02-11,601988.SH,buy,132.8590764761825,6.30933309,838.252167518019,0.16765043350360379
2019-02-11,601898.SH,buy,13289.459132381722,5.357237279999999,71194.7858950318,14.238957179006361
2019-02-11,601997.SH,sell,68.28526853180672,11.67651882,797.334223140395,0.159466844628079
2019-02-11,601991.SH,buy,606.6147750094358,7.67611614,4656.445465212399,0.9312890930424798
2019-02-11,600015.SH,buy,25.418641923908794,32.37035709,822.8105158197723,0.16456210316395445
2019-02-11,601169.SH,sell,104.48304671419261,19.3397253,2020.6734219595528,0.4041346843919106
2019-02-11,000157.SZ,buy,277.96022066711924,256.1330025,71194.7858950318,14.238957179006361
2019-02-11,600998.SH,buy,4680.664502057901,15.210401399999999,71194.78589503179,14.23895717900636
2019-02-11,000709.SZ,buy,2359.199265440258,30.17752122,71194.78589503179,14.23895717900636
2019-02-11,601985.SH,buy,212.9629215617,5.688052604999999,1211.3443007574383,0.24226886015148769
2019-02-11,601117.SH,buy,11729.900418675388,6.069513239999999,71194.7858950318,14.238957179006361
2019-02-11,600606.SH,buy,88.70870153668827,802.568233575,71194.78589503179,14.23895717900636
2019-02-11,600208.SH,buy,3648.238332630859,19.256663519999996,70252.89801223828,14.050579602447657
2019-02-11,601288.SH,sell,88.54161780141973,5.52873425,489.523074889119,0.09790461497782381
2019-03-04,600919.SH,sell,10896.07879438278,7.71677968,84082.63943217194,16.81652788643439
2019-03-04,600926.SH,sell,4470.771580721738,18.532089319999997,82852.73826325283,16.570547652650568
2019-03-04,600016.SH,sell,493.6246612795508,164.190433715,81048.44722790942,16.209689445581883
2019-03-04,601169.SH,sell,3680.11483612302,21.48497214,79067.16472610374,15.81343294522075
2019-03-04,600015.SH,sell,2200.904151811282,36.908896320000004,81232.94314946016,16.24658862989203
2019-03-04,601985.SH,sell,12525.162168835453,6.38350665,79954.45599708954,15.990891199417907
2019-03-04,601997.SH,sell,6095.397332873321,14.2956486,87137.65834813422,17.427531669626845
2019-03-04,601288.SH,sell,12873.321878013443,5.782757175,74443.29445616672,14.888658891233346
2019-03-04,000709.SZ,sell,2359.199265440258,33.67107604,79436.77786015108,15.887355572030216
2019-03-04,601117.SH,sell,11729.900418675388,6.799408595,79756.38572523554,15.951277145047108
2019-03-04,600606.SH,sell,88.70870153668827,876.3489563250001,77739.7780086227,15.54795560172454
2019-03-04,600208.SH,sell,3648.238332630859,24.781533035000002,90408.93875964497,18.081787751928996
2019-03-04,600900.SH,buy,1656.1480467139288,48.18620106000001,79803.48276408366,15.960696552816733
2019-03-04,600023.SH,buy,479.67289357345834,7.50366996,3599.3070821334363,0.7198614164266873
2019-03-04,600688.SH,buy,197.19029634648462,19.48429728,3842.1143547462043,0.7684228709492409
2019-03-04,600998.SH,buy,299.49891011687504,16.0348134,4802.409137227463,0.9604818274454927
2019-03-04,601857.SH,buy,306.99392950371436,10.304309579999998,3163.360488786968,0.6326720977573936
2019-03-04,601991.SH,buy,227.27542362774827,8.398867335,1908.8561315553823,0.38177122631107646
2019-03-04,600170.SH,buy,1551.7950665339426,51.426560429999995,79803.48276408366,15.960696552816733
2019-03-04,600674.SH,buy,464.2542191830652,171.89608508999996,79803.48276408366,15.960696552816733
2019-03-04,601390.SH,buy,9287.732149472859,8.59235403,79803.48276408367,15.960696552816735
2019-03-04,002493.SZ,buy,714.5608123157799,111.681863025,79803.48276408366,15.960696552816733
2019-03-04,600028.SH,buy,4539.450974526603,17.5799856,79803.48276408366,15.960696552816733
2019-03-04,000157.SZ,sell,2.2048861436861826,289.31159184,637.8991200558085,0.1275798240111617
2019-03-04,601898.SH,buy,11.999514591149302,6.003800399999999,72.042690502148,0.014408538100429602
2019-03-04,000898.SZ,buy,6342.586042774093,12.582167940000001,79803.48276408367,15.960696552816735
2019-03-04,601988.SH,buy,525.6015380708176,6.7575370800000005,3551.7718828185816,0.7103543765637164
2019-03-04,600025.SH,buy,21969.267815099025,3.6325053449999993,79803.48276408366,15.960696552816733
2019-03-04,600153.SH,buy,641.1030152311505,124.4784081,79803.48276408366,15.960696552816733
2019-03-04,001965.SZ,buy,8657.271841215465,9.21808674,79803.48276408366,15.960696552816733
2019-03-04,601006.SH,buy,5325.487071361502,14.985198854999998,79803.48276408367,15.960696552816735
2019-03-04,600352.SH,buy,395.73344316556984,199.93062535499996,79119.23476597971,15.823846953195943
2019-04-02,601991.SH,sell,9508.188855347491,8.739038295,83092.42652297394,16.61848530459479
2019-04-02,600688.SH,sell,4098.513904326296,19.394298000000003,79487.80001764769,15.89756000352954
2019-04-02,601898.SH,sell,13301.458646972871,6.05547075,80546.5937690788,16.10931875381576
2019-04-02,000157.SZ,sell,275.7553345234331,320.01683154000006,88246.34843444184,17.649269686888367
2019-04-02,600998.SH,sell,4980.163412174776,16.451170300000005,81929.51641551635,16.38590328310327
2019-04-02,600170.SH,sell,1551.7950665339426,55.980215890000004,86869.82284160703,17.37396456832141
2019-04-02,601390.SH,sell,9287.732149472859,8.413001395,78137.70352990151,15.627540705980303
2019-04-02,002493.SZ,sell,714.5608123157799,131.83801801500002,94206.28124690083,18.84125624938017
2019-04-02,000898.SZ,sell,6342.586042774093,12.743265180000002,80825.2558700371,16.16505117400742
2019-04-02,600025.SH,sell,21969.267815099025,4.3302537899999995,95132.50521985756,19.026501043971514
2019-04-02,600153.SH,sell,641.1030152311505,133.31904713000003,85471.24310278687,17.094248620557376
2019-04-02,001965.SZ,sell,8657.271841215465,9.4344804,81676.86150341922,16.335372300683844
2019-04-02,600352.SH,sell,395.73344316556984,368.12420582,145679.0594817395,29.135811896347903
2019-04-02,601288.SH,buy,15185.507125334583,5.65392555,85857.72672563625,17.171545345127253
2019-04-02,601398.SH,buy,8913.362054328702,9.63247383,85857.72672563625,17.171545345127253
2019-04-02,601857.SH,buy,760.4480213623763,10.095085019999997,7676.787428943962,1.5353574857887926
2019-04-02,601988.SH,buy,1160.9897755111688,6.6196281599999995,7685.320611445811,1.5370641222891621
2019-04-02,600000.SH,buy,605.20342265932,141.8658975,85857.72672563627,17.171545345127253
2019-04-02,600660.SH,buy,45.38459742787192,1891.781167875,85857.72672563625,17.171545345127253
2019-04-02,600016.SH,buy,542.546915982583,158.24940516,85857.72672563625,17.171545345127253
2019-04-02,601006.SH,buy,691.1789492963876,14.278825845,9869.223844733204,1.973844768946641
2019-04-02,601169.SH,buy,4181.984282546997,20.53038006,85857.72672563627,17.171545345127253
2019-04-02,600900.SH,buy,57.29887331303874,50.142098520000005,2873.0857507473875,0.5746171501494776
2019-04-02,600023.SH,buy,439.5556988983682,7.75275444,3407.7673962616273,0.6815534792523255
2019-04-02,601328.SH,buy,7720.298117218355,11.121037739999998,85857.72672563627,17.171545345127253
2019-04-02,601229.SH,buy,3661.1042558737463,23.4513198,85857.72672563625,17.171545345127253
2019-04-02,601818.SH,buy,15010.2796215506,5.719928534999999,85857.72672563627,17.171545345127253
2019-04-02,600886.SH,buy,223.45304837307995,384.2316198,85857.72672563625,17.171545345127253
2019-04-02,600028.SH,buy,530.9107259355775,16.943867700000002,8995.681100763384,1.7991362201526768
2019-04-02,600015.SH,buy,2376.1347494269266,36.133357649999994,85857.72672563625,17.171545345127253
2019-04-02,600674.SH,buy,28.637541086113476,174.30670979999996,4991.715563482758,0.9983431126965516
2019-04-02,601766.SH,buy,7830.790984645749,10.964119319999998,85857.72672563627,17.171545345127253
2019-04-02,601939.SH,buy,7012.294031689838,12.12794094,85044.68787024885,17.00893757404977
2019-05-07,600000.SH,sell,605.20342265932,145.6677297,88158.60858545269,17.63172171709054
2019-05-07,600660.SH,sell,45.38459742787192,1791.419092375,81302.83433204307,16.260566866408617
2019-05-07,601229.SH,sell,3661.1042558737463,23.619284450000002,86472.6628205876,17.29453256411752
2019-05-07,601818.SH,sell,15010.2796215506,5.56347687,83509.34348672912,16.701868697345827
2019-05-07,600886.SH,sell,223.45304837307995,357.80078011500007,79951.67502696285,15.990335005392572
2019-05-07,600015.SH,sell,2376.1347494269266,32.93606373,78260.52553819284,15.652105107638569
2019-05-07,601766.SH,sell,7830.790984645749,9.77960775,76582.06420207169,15.316412840414339
2019-05-07,601939.SH,sell,7012.294031689838,12.132740595,85078.34446235951,17.015668892471904
2019-05-07,601857.SH,buy,154.58614216228202,9.54587055,1475.6593019050413,0.29513186038100825
2019-05-07,600900.SH,sell,57.99036399009958,49.914350340000006,2894.551344545951,0.5789102689091902
2019-05-07,601328.SH,sell,77.35552319053814,10.81155152,836.3332243310579,0.16726664486621157
2019-05-07,600023.SH,buy,493.3881485527419,7.14561102,3525.559791435869,0.7051119582871739
2019-05-07,601006.SH,sell,40.825662532852746,13.827712685000002,564.5255316790572,0.11290510633581144
2019-05-07,601169.SH,sell,107.92691522122337,20.28233376,2189.0097162040765,0.43780194324081534
2019-05-07,601288.SH,sell,117.38711281438624,5.483906675,643.7399715217907,0.12874799430435815
2019-05-07,600016.SH,sell,0.6236901312566687,152.47997187500002,95.10025367273191,0.019020050734546382
2019-05-07,601988.SH,sell,318.3139760532395,6.526904915,2077.6050548150815,0.4155210109630163
2019-05-07,601398.SH,sell,386.7009541012967,9.690852150000001,3747.461772459603,0.7494923544919206
2019-05-07,600919.SH,buy,10759.13871235986,7.68251934,82657.29123944732,16.531458247889464
2019-05-07,600028.SH,buy,149.76320669389932,15.845118600000001,2373.0157719811486,0.47460315439622974
2019-05-07,600893.SH,buy,1085.987857269169,76.11253725,82657.29123944731,16.531458247889464
2019-05-07,600011.SH,buy,2721.4580783115534,30.372428625,82657.29123944732,16.531458247889464
2019-05-07,600674.SH,buy,24.568686079918706,159.84296153999998,3927.1315441607785,0.7854263088321557
2019-05-07,601985.SH,buy,13941.225856109735,5.928983009999999,82657.29123944731,16.531458247889464
2019-05-07,600398.SH,buy,1224.1637437556897,67.52143384499999,82657.29123944732,16.531458247889464
2019-05-07,601333.SH,buy,19706.318934400533,4.1944561799999995,82657.29123944732,16.531458247889464
2019-05-07,601088.SH,buy,2697.805705696409,30.638711699999995,82657.29123944731,16.531458247889464
2019-05-07,001965.SZ,buy,10033.858068190972,8.19157374,82193.0882622803,16.438617652456063
2019-06-04,601988.SH,sell,12660.127282368865,6.678858900000002,84555.20377498213,16.911040754996428
2019-06-04,600023.SH,sell,11575.314012073675,7.231782300000002,83710.15098945641,16.74203019789128
2019-06-04,600674.SH,sell,517.4604463490973,168.01932831,86943.35662256811,17.388671324513624
2019-06-04,600919.SH,sell,10759.13871235986,7.622416884999999,82010.64058914894,16.40212811782979
2019-06-04,600893.SH,sell,1085.987857269169,75.39576326,81878.88338990092,16.375776677980184
2019-06-04,600011.SH,sell,2721.4580783115534,30.022681150000007,81705.46814823952,16.341093629647904
2019-06-04,601985.SH,sell,13941.225856109735,5.724226455,79802.73386067337,15.960546772134675
2019-06-04,600398.SH,sell,1224.1637437556897,70.59653407500001,86421.71744942812,17.284343489885625
2019-06-04,601333.SH,sell,19706.318934400533,4.036020980000001,79535.11665781181,15.907023331562364
2019-06-04,001965.SZ,sell,10033.858068190972,8.347464180000001,83757.27081142814,16.75145416228563
2019-06-04,601857.SH,buy,191.54193155080785,9.323569454999998,1785.8545023588124,0.3571709004717625
2019-06-04,601328.SH,buy,190.42304887327958,10.541267999999999,2007.300391550338,0.40146007831006764
2019-06-04,600016.SH,buy,6.981519345879498,150.43461972,1050.2622078652055,0.2100524415730411
2019-06-04,600028.SH,buy,39.219510232511816,15.70054635,615.767738229851,0.12315354764597021
2019-06-04,600015.SH,buy,2569.5268131714206,32.11378887,82517.24157399093,16.503448314798188
2019-06-04,601939.SH,buy,6949.485173253031,11.873863964999998,82517.24157399093,16.503448314798188
2019-06-04,601288.SH,sell,267.5786250045385,5.5735618250000005,1491.3660095112862,0.29827320190225726
2019-06-04,601991.SH,buy,10379.183691031263,7.950263145,82517.24157399092,16.503448314798185
2019-06-04,601818.SH,buy,15464.666282694752,5.335856595,82517.24157399093,16.503448314798188
2019-06-04,601006.SH,sell,137.85885027820166,14.130141395000003,1947.965046983125,0.389593009396625
2019-06-04,601398.SH,sell,14.26118209523257,9.690852150000001,138.20300716912607,0.027640601433825216
2019-06-04,601390.SH,buy,11261.413667032804,7.327431884999999,82517.24157399093,16.503448314798188
2019-06-04,601169.SH,buy,301.4868011032038,18.8710308,5689.366709412033,1.1378733418824065
2019-06-04,601998.SH,buy,10011.908967357123,8.241908895,82517.24157399093,16.503448314798188
2019-06-04,601898.SH,buy,15238.7364192047,5.41496613,82517.24157399093,16.503448314798188
2019-06-04,600900.SH,sell,81.24888622343194,52.4011863,4257.53802366156,0.851507604732312
2019-06-04,601088.SH,buy,69.79312292910762,29.835810449999997,2082.334386426404,0.4164668772852808
2019-06-04,600795.SH,buy,128.7022269657102,641.1485140499999,82517.24157399092,16.503448314798185
2019-06-04,600926.SH,buy,4931.601423357649,16.732341989999995,82517.24157399093,16.503448314798188
2019-06-04,000898.SZ,buy,7378.502806246666,11.10446946,81934.3590724904,16.386871814498083
2019-07-02,600900.SH,sell,1574.2076698134358,52.72684339,83003.00126958986,16.600600253917975
2019-07-02,601006.SH,sell,5837.981507846835,14.5723102,85072.87747420781,17.014575494841562
2019-07-02,601991.SH,sell,10379.183691031263,7.768034040000001,80625.85221934371,16.125170443868743
2019-07-02,601390.SH,sell,11261.413667032804,7.490872690000001,84357.8160891688,16.87156321783376
2019-07-02,601898.SH,sell,15238.7364192047,5.628704239999999,85774.34029501991,17.15486805900398
2019-07-02,000898.SZ,sell,7378.502806246666,11.310821760000001,83456.93009711587,16.691386019423174
2019-07-02,600016.SH,sell,6.04649819731019,156.62742711,947.0474556699482,0.18940949113398967
2019-07-02,601988.SH,buy,12552.23083010016,6.775886249999999,85052.48828850174,17.01049765770035
2019-07-02,601857.SH,buy,441.62886506797275,9.153414419999999,4042.4120218014154,0.8084824043602832
2019-07-02,601818.SH,buy,8.698573295962678,5.500548899999999,47.84692777467688,0.009569385554935377
2019-07-02,601288.SH,buy,215.19392527346625,5.6681326499999996,1219.7477139241942,0.24394954278483885
2019-07-02,601398.SH,sell,50.24853966205492,10.047883545000001,504.8914748306415,0.10097829496612831
2019-07-02,600015.SH,sell,11.183580113937719,33.23509414,371.68733790895203,0.07433746758179041
2019-07-02,600028.SH,sell,130.11833308128902,16.57674748,2156.938750007059,0.4313877500014118
2019-07-02,601169.SH,buy,20.93402743466968,19.359074699999997,405.26340087961967,0.08105268017592394
2019-07-02,600919.SH,buy,11055.80749246711,7.693014584999999,85052.48828850174,17.01049765770035
2019-07-02,601088.SH,sell,177.1300631570561,32.82188085000001,5813.741827893871,1.1627483655787743
2019-07-02,600795.SH,sell,0.5793800229708388,663.6347366400001,384.4967089587298,0.07689934179174597
2019-07-02,601229.SH,buy,3656.642189979109,23.25972405,85052.48828850174,17.01049765770035
2019-07-02,600926.SH,sell,13.084746362393377,17.287092129999998,226.19721586437663,0.04523944317287533
2019-07-02,600674.SH,buy,507.9407101853416,167.44570100999996,85052.48828850174,17.01049765770035
2019-07-02,601838.SH,buy,9278.35769400441,9.16676109,85052.48828850174,17.01049765770035
2019-07-02,601998.SH,sell,93.5237081034053,8.572621545,801.7433550555434,0.16034867101110867
2019-07-02,601328.SH,buy,18.330578453051327,10.83993726,198.70232037058423,0.03974046407411685
2019-07-02,601985.SH,buy,13923.695106908046,5.8975573049999985,82115.78979033828,16.42315795806766
2019-07-02,601939.SH,sell,204.91860167191308,12.606543575,2583.31528130504,0.5166630562610081
2019-08-02,601088.SH,sell,2590.4687654684603,31.679452350000002,82064.63181982141,16.412926363964285
2019-08-02,601939.SH,sell,6744.566571581117,12.804344624999999,86359.75472877936,17.271950945755872
2019-08-02,601998.SH,sell,9918.385259253719,8.59520025,85250.50745993387,17.050101491986776
2019-08-02,600926.SH,sell,4918.516676995256,17.559615800000003,86367.26315392941,17.273452630785883
2019-08-02,601229.SH,sell,3656.642189979109,23.57252784,86196.29982420111,17.239259964840222
2019-08-02,600674.SH,sell,507.9407101853416,179.869370325,91362.9757034707,18.27259514069414
2019-08-02,601838.SH,sell,9278.35769400441,8.82794382,81908.82046453567,16.381764092907137
2019-08-02,601985.SH,sell,13923.695106908046,5.935530750000001,82644.52046067726,16.528904092135452
2019-08-02,601288.SH,buy,108.05500327754775,5.558527874999999,600.6267477514655,0.1201253495502931
2019-08-02,601988.SH,buy,194.2492255822651,6.59519595,1281.1117058507912,0.25622234117015824
2019-08-02,601328.SH,buy,105.75066642456987,10.56439956,1117.1922938454327,0.22343845876908655
2019-08-02,600016.SH,buy,4.211244287904576,153.6659946,647.1250420044255,0.1294250084008851
2019-08-02,600015.SH,buy,8.160638704621988,32.755159395,267.30302153489953,0.05346060430697991
2019-08-02,601169.SH,buy,38.25014676629017,18.956273399999997,725.0802396919223,0.14501604793838446
2019-08-02,601398.SH,buy,46.99671930586632,9.879497279999999,464.30396055122975,0.09286079211024595
2019-08-02,601006.SH,buy,6015.8937614558745,13.964278649999999,84007.61681376645,16.80152336275329
2019-08-02,000898.SZ,buy,8306.676849488491,10.113264105,84007.61681376645,16.80152336275329
2019-08-02,601857.SH,buy,648.5717281670994,8.45134356,5481.302498043086,1.0962604996086174
2019-08-02,600023.SH,buy,12089.196329249842,6.948982754999999,84007.61681376645,16.80152336275329
2019-08-02,601898.SH,buy,15561.294710101947,5.398497899999999,84007.61681376645,16.80152336275329
2019-08-02,600221.SH,buy,13695.035800552605,6.13416555,84007.61681376645,16.80152336275329
2019-08-02,601228.SH,buy,20609.311857356624,4.07619708,84007.61681376645,16.80152336275329
2019-08-02,600028.SH,buy,220.53053180332253,15.71361288,3465.3314049779383,0.6930662809955876
2019-08-02,600068.SH,buy,2356.69721887881,35.64633426,84007.61681376645,16.80152336275329
2019-08-02,600795.SH,sell,1.0779733822174127,661.04241345,712.5861262158578,0.14251722524317156
2019-08-02,601818.SH,sell,308.4084706318303,5.53786968,1707.9259185671835,0.3415851837134367
2019-08-02,600919.SH,buy,167.08380500510603,7.490543399999999,1251.5484928278838,0.2503096985655768
2019-08-02,601390.SH,buy,11485.854577002052,7.272384375,83529.54935931195,16.70590987186239
2019-09-03,601006.SH,sell,6015.8937614558745,13.914779130000001,83709.8329602034,16.741966592040683
2019-09-03,000898.SZ,sell,8306.676849488491,9.307863740000002,77317.41624725139,15.463483249450277
2019-09-03,601898.SH,sell,15561.294710101947,5.944136445000001,92498.4590177027,18.49969180354054
2019-09-03,600221.SH,sell,13695.035800552605,6.06386655,83044.86949202341,16.608973898404685
2019-09-03,601228.SH,sell,20609.311857356624,3.9299540400000006,80993.64839543858,16.198729679087716
2019-09-03,600068.SH,sell,2356.69721887881,34.980501,82438.44942168743,16.487689884337488
2019-09-03,601390.SH,sell,11485.854577002052,7.102377035000001,81576.86977504902,16.315373955009807
2019-09-03,601328.SH,buy,185.00779452116942,10.06573035,1862.2385722982988,0.3724477144596598
2019-09-03,600919.SH,sell,150.76812233826612,7.39502064,1114.933376545523,0.22298667530910463
2019-09-03,601288.SH,buy,181.67017369722345,5.35497615,972.8394473149888,0.19456788946299777
2019-09-03,600028.SH,buy,32.39234425092684,15.228250319999999,493.27872670472675,0.09865574534094536
2019-09-03,601988.SH,buy,67.02247785121688,6.39643662,428.70503169066257,0.08574100633813252
2019-09-03,601857.SH,buy,97.6255262750063,8.159917920000002,796.6162813008549,0.159323256260171
2019-09-03,600016.SH,sell,8.27804666776938,151.9669785,1257.989739982906,0.2515979479965812
2019-09-03,601398.SH,buy,64.4463187442656,9.55965744,616.0847304642301,0.12321694609284603
2019-09-03,600795.SH,buy,0.8299902753186459,640.9444520700001,531.9776622375381,0.10639553244750762
2019-09-03,600015.SH,sell,2.6572006939456125,31.936033995000003,84.86045169338468,0.016972090338676936
2019-09-03,601939.SH,buy,6733.820362019605,12.163038479999999,81903.71618065199,16.3807432361304
2019-09-03,601169.SH,buy,93.22996260956633,18.1008459,1687.541186458522,0.33750823729170437
2019-09-03,600926.SH,buy,4833.312754661801,16.9456686,81903.71618065199,16.3807432361304
2019-09-03,601229.SH,buy,3497.9163104458707,23.41500165,81903.71618065197,16.380743236130396
2019-09-03,601998.SH,buy,9856.4547334005,8.30965275,81903.71618065197,16.380743236130396
2019-09-03,600208.SH,buy,4111.939024633517,19.918514279999997,81903.71618065197,16.380743236130396
2019-09-03,601838.SH,buy,9324.884130723665,8.783349480000002,81903.71618065197,16.380743236130396
2019-09-03,600023.SH,buy,528.6866881223893,6.495436095,3434.0505969761753,0.6868101193952351
2019-09-03,601818.SH,buy,11.494470162215874,5.400538919999999,62.07633347582553,0.012415266695165105
2019-09-03,600177.SH,buy,354.65912517723086,229.78699608,81496.05500683657,16.299211001367315
2019-10-09,601857.SH,sell,10044.279864679263,8.162606655,81987.50566811344,16.39750113362269
2019-10-09,600028.SH,sell,5382.148960361553,15.44023602,83101.65024278,16.620330048556
2019-10-09,601818.SH,sell,15176.4508555211,5.8090540200000005,88160.82285159729,17.632164570319457
2019-10-09,601939.SH,sell,6733.820362019605,12.451121324999999,83843.61430826152,16.768722861652304
2019-10-09,600926.SH,sell,4833.312754661801,17.875058000000003,86395.74582171947,17.279149164343895
2019-10-09,601998.SH,sell,9856.4547334005,8.4041958,82835.5754733346,16.56711509466692
2019-10-09,600208.SH,sell,4111.939024633517,19.7623139,81261.42974246739,16.252285948493476
2019-10-09,601838.SH,sell,9324.884130723665,8.72119722,81324.15355768935,16.264830711537872
2019-10-09,600795.SH,buy,7.119303821674456,614.99528397,4378.338275479388,0.8756676550958777
2019-10-09,600221.SH,buy,14351.729884570297,5.780889,82965.7574206837,16.59315148413674
2019-10-09,601988.SH,buy,21.160135159993704,6.46871274,136.87883588957322,0.027375767177914647
2019-10-09,601398.SH,sell,124.41675268361514,9.81636936,1221.3207989141374,0.2442641597828275
2019-10-09,601985.SH,buy,14622.517240882944,5.6738355,82965.7574206837,16.59315148413674
2019-10-09,601006.SH,buy,6177.362411299785,13.43061195,82965.7574206837,16.59315148413674
2019-10-09,600023.SH,buy,557.8992185537617,6.301058954999999,3515.3558670556818,0.7030711734111363
2019-10-09,601288.SH,sell,24.8198217788381,5.427834725,134.71789051948872,0.026943578103897744
2019-10-09,600016.SH,sell,6.544386830360891,155.83054575,1019.8153713742504,0.20396307427485008
2019-10-09,601229.SH,sell,76.94454668658979,24.24455166,1865.4860370983079,0.37309720741966157
2019-10-09,600089.SH,buy,336.5673100688855,246.50569124999998,82965.7574206837,16.59315148413674
2019-10-09,000709.SZ,buy,3249.0586866304625,25.53532128,82965.7574206837,16.59315148413674
2019-10-09,600177.SH,sell,0.1258763768974363,233.94376960000005,29.44799411497661,0.005889598822995322
2019-10-09,601328.SH,buy,75.50329328569009,10.102668809999999,762.7847661296237,0.15255695322592475
2019-10-09,600015.SH,sell,1.8027811023614757,32.372915445000004,58.36128019259195,0.01167225603851839
2019-10-09,600011.SH,buy,3093.308298419674,26.821043819999996,82965.7574206837,16.59315148413674
2019-10-09,601169.SH,sell,1.1220758781324147,18.3220344,20.55871283855231,0.004111742567710462
2019-10-09,600000.SH,buy,551.8005204239939,150.35461974,82965.75742068372,16.593151484136744
2019-10-09,601225.SH,buy,8174.149582841009,10.14977235,82965.7574206837,16.59315148413674
2019-10-09,600919.SH,buy,63.605928604503355,7.413434865,471.538408737326,0.0943076817474652
2019-11-04,600016.SH,sell,532.2470577896701,159.43654185,84859.6303038221,16.97192606076442
2019-11-04,601169.SH,sell,4526.836229361371,19.2449727,87118.83965143054,17.423767930286107
2019-11-04,601328.SH,sell,8217.957975585578,10.443135820000002,85821.25130209245,17.16425026041849
2019-11-04,600015.SH,sell,2562.0438899657975,32.984549475,84507.86344569831,16.901572689139662
2019-11-04,600919.SH,sell,11135.729103738453,7.96725438,88721.18647625366,17.74423729525073
2019-11-04,601229.SH,sell,3420.9717637592807,24.16701045,82674.66036392546,16.534932072785093
2019-11-04,600221.SH,sell,14351.729884570297,5.5184394,79199.15165317018,15.839830330634037
2019-11-04,600011.SH,sell,3093.308298419674,26.516095319999998,82022.45769504308,16.404491539008617
2019-11-04,600000.SH,sell,551.8005204239939,162.02244825,89404.07126471962,17.880814252943924
2019-11-04,601225.SH,sell,8174.149582841009,9.693300925,79234.49171244111,15.846898342488224
2019-11-04,600023.SH,buy,197.8512831140477,6.301058954999999,1246.6725992240104,0.2493345198448021
2019-11-04,600795.SH,buy,3.7835921988213133,607.21053354,2297.4370377440714,0.4594874075488143
2019-11-04,600089.SH,buy,7.93104358340467,244.609493625,1940.0085548544218,0.3880017109708844
2019-11-04,601988.SH,sell,230.12467736668083,6.678858900000002,1536.9702495400852,0.30739404990801705
2019-11-04,601288.SH,sell,576.2704405934862,5.72503605,3299.169046947092,0.6598338093894184
2019-11-04,600028.SH,buy,5526.15595862386,15.23843541,84209.97064107632,16.841994128215266
2019-11-04,000709.SZ,buy,104.18832073906772,25.129998719999996,2618.252366811721,0.5236504733623443
2019-11-04,601006.SH,sell,33.19474800954435,13.701525810000001,454.8186966092181,0.09096373932184362
2019-11-04,601985.SH,buy,902.8166385337912,5.427612450000001,4900.138827373155,0.9800277654746311
2019-11-04,601766.SH,buy,9613.111564659986,8.759907765,84209.9706410763,16.841994128215262
2019-11-04,600688.SH,buy,5703.265972373156,14.765218919999999,84209.97064107632,16.841994128215266
2019-11-04,600019.SH,buy,5927.983906477311,14.205499199999998,84209.97064107632,16.841994128215266
2019-11-04,601390.SH,buy,12392.35543082478,6.79531596,84209.9706410763,16.841994128215262
2019-11-04,600170.SH,buy,1642.6592093828788,51.264419399999994,84209.9706410763,16.841994128215262
2019-11-04,601857.SH,buy,10620.138101566683,7.929272654999999,84209.9706410763,16.841994128215262
2019-11-04,601618.SH,buy,26892.073300145523,3.131404919999999,84209.9706410763,16.841994128215262
2019-11-04,000898.SZ,buy,9520.177208203533,8.845420500000001,84209.97064107632,16.841994128215266
2019-11-04,601398.SH,sell,465.402433333272,10.544165280000001,4907.280178780202,0.9814560357560405
2019-11-04,603993.SH,buy,7178.268325045613,11.496945599999998,82528.16043525252,16.505632087050504
2019-11-04,600177.SH,sell,4.5292941496191785,240.52343812000004,1089.4014011232066,0.21788028022464134
2019-12-03,601398.SH,sell,7983.77523050336,10.2956496,82198.15225842183,16.439630451684366
2019-12-03,600795.SH,sell,138.77775985633636,591.0496873200001,82024.55157005767,16.404910314011534
2019-12-03,600023.SH,sell,13373.633519040039,6.31094295,84400.23817286943,16.880047634573888
2019-12-03,600177.SH,sell,350.0039546507142,246.73756950000003,86359.12508590546,17.271825017181094
2019-12-03,601985.SH,sell,15525.333879416736,5.1441266500000005,79864.28375925553,15.972856751851106
2019-12-03,000709.SZ,sell,3353.2470073695304,25.40856936,85201.20916796115,17.04024183359223
2019-12-03,601766.SH,sell,9613.111564659986,8.315410215000002,79936.9661027083,15.987393220541662
2019-12-03,600688.SH,sell,5703.265972373156,14.194539180000001,80955.23229881156,16.191046459762312
2019-12-03,600019.SH,sell,5927.983906477311,13.310461440000001,78904.20120410682,15.780840240821366
2019-12-03,601390.SH,sell,12392.35543082478,6.4862952300000005,80380.47591942338,16.076095183884675
2019-12-03,600170.SH,sell,1642.6592093828788,51.510931649999996,84614.9062587645,16.9229812517529
2019-12-03,601857.SH,sell,10620.138101566683,7.465635315000001,79286.07806123329,15.857215612246659
2019-12-03,601618.SH,sell,26892.073300145523,3.01493178,81077.76642269822,16.215553284539645
2019-12-03,000898.SZ,sell,9520.177208203533,9.131132150000001,86929.99617952453,17.385999235904908
2019-12-03,603993.SH,sell,7178.268325045613,11.6869536,83892.0888431578,16.778417768631563
2019-12-03,601228.SH,buy,21755.821276614814,3.811905,82931.12390343439,16.58622478068688
2019-12-03,601988.SH,buy,82.96321716425712,6.54098886,542.6614792611666,0.10853229585223333
2019-12-03,600089.SH,sell,5.754289596052911,244.74386685000002,1408.327086712714,0.2816654173425428
2019-12-03,601328.SH,buy,8178.92860099249,10.13960727,82931.12390343439,16.58622478068688
2019-12-03,600028.SH,sell,124.18286075211961,15.347222550000001,1905.8620008584403,0.3811724001716881
2019-12-03,600016.SH,buy,522.162077266317,158.8225716,82931.12390343437,16.586224780686877
2019-12-03,600015.SH,buy,2552.2948130204313,32.492768265,82931.12390343439,16.58622478068688
2019-12-03,601288.SH,sell,63.03939589628175,5.662467350000001,356.9585210264195,0.0713917042052839
2019-12-03,601006.SH,sell,238.93834572967805,14.039176900000001,3354.49770389231,0.670899540778462
2019-12-03,601318.SH,buy,414.176943750578,200.23114554000003,82931.12390343439,16.58622478068688
2019-12-03,601169.SH,buy,4374.864307635192,18.956273399999997,82931.12390343439,16.58622478068688
2019-12-03,601828.SH,buy,7476.105867616082,11.092823639999999,82931.12390343437,16.586224780686877
2019-12-03,600415.SH,buy,530.2401773020403,156.40294239,82931.12390343439,16.58622478068688
2019-12-03,601229.SH,buy,3472.7237447369503,23.88071439,82931.12390343437,16.586224780686877
2019-12-03,000630.SZ,buy,1458.158808585217,56.87386271999999,82931.12390343437,16.586224780686877
2019-12-03,600900.SH,buy,1497.759749369606,55.37011121999999,82931.12390343439,16.58622478068688
2019-12-03,600919.SH,buy,10801.407754252681,7.677806984999999,82931.12390343439,16.58622478068688
2019-12-03,601939.SH,buy,6597.72649089396,12.569651684999998,82931.12390343439,16.58622478068688
2019-12-03,002736.SZ,buy,6719.086857556464,12.342618224999999,82931.12390343437,16.586224780686877
2019-12-03,600000.SH,buy,546.2675679812015,150.22741617,82064.36527528573,16.412873055057148
2020-01-03,601228.SH,sell,21755.821276614814,3.9389455420000004,85694.99523007068,17.13899904601414
2020-01-03,601318.SH,sell,414.176943750578,208.72572093200003,86449.38117775181,17.289876235550363
2020-01-03,601828.SH,sell,7476.105867616082,11.848232920000001,88578.64365409403,17.715728730818807
2020-01-03,600415.SH,sell,530.2401773020403,165.533002095,87772.2483801918,17.55444967603836
2020-01-03,000630.SZ,sell,1458.158808585217,62.6856764825,91405.67133508055,18.28113426701611
2020-01-03,600900.SH,sell,1497.759749369606,56.9145285,85244.2899416493,17.04885798832986
2020-01-03,002736.SZ,sell,6719.086857556464,13.93271016,93615.08972619941,18.72301794523988
2020-01-03,600000.SH,sell,546.2675679812015,159.73004702400002,87255.34432132344,17.451068864264688
2020-01-03,600919.SH,buy,72.1888168019487,7.994351178,577.1027526390848,0.11542055052781695
2020-01-03,600023.SH,buy,13437.249768870795,6.464636703,86866.9380432204,17.37338760864408
2020-01-03,601988.SH,buy,207.98573378919608,6.7408677495,1402.004325255684,0.2804008650511368
2020-01-03,601328.SH,buy,77.80781169722768,10.528031385,819.1630835465832,0.16383261670931665
2020-01-03,600016.SH,buy,7.115414255076411,164.23697744999998,1168.6141305583928,0.23372282611167858
2020-01-03,601288.SH,buy,206.47253543615525,5.854529802,1208.799612005472,0.24175992240109442
2020-01-03,600028.SH,sell,4.878654126681759,16.090292829000003,78.49897350971878,0.015699794701943756
2020-01-03,002024.SZ,buy,96.25790718784252,902.4395042550001,86866.93804322042,17.373387608644084
2020-01-03,600015.SH,buy,25.825219331137294,33.717260205,870.7556400391522,0.17415112800783045
2020-01-03,601939.SH,buy,127.51593796914005,12.925422481499998,1648.197371375882,0.3296394742751764
2020-01-03,600089.SH,buy,2.3494766849506203,254.8489608,598.7616915834946,0.11975233831669892
2020-01-03,601169.SH,buy,42.93887105897863,19.6765583625,844.8892024118551,0.16897784048237102
2020-01-03,601857.SH,buy,11033.987836682818,7.8726693674999995,86866.9380432204,17.37338760864408
2020-01-03,600104.SH,buy,387.30581009116463,224.28514052699995,86866.93804322042,17.373387608644084
2020-01-03,601398.SH,buy,8186.953520895815,10.610410554,86866.9380432204,17.37338760864408
2020-01-03,601006.SH,buy,75.57073228800927,14.534340538499999,1098.3707578177439,0.21967415156354878
2020-01-03,600170.SH,buy,1623.7420700165048,53.497990627499995,86866.93804322042,17.373387608644084
2020-01-03,601989.SH,buy,9685.585582659956,8.968682099999999,86866.9380432204,17.37338760864408
2020-01-03,601998.SH,buy,9495.75937617083,9.1479717,86866.9380432204,17.37338760864408
2020-01-03,601229.SH,buy,25.890432573874556,24.70482624,639.6186380160068,0.12792372760320136
2020-02-04,600089.SH,sell,341.0935407411879,215.57161027500004,73530.08383197921,14.706016766395843
2020-02-04,600023.SH,sell,13437.249768870795,5.487021117,73730.47323619743,14.746094647239486
2020-02-04,002024.SZ,sell,96.25790718784252,803.5062518970001,77343.83021995265,15.46876604399053
2020-02-04,601857.SH,sell,11033.987836682818,6.7929368325000015,74953.18238515973,14.990636477031947
2020-02-04,600104.SH,sell,387.30581009116463,191.312172062,74096.31578077319,14.819263156154639
2020-02-04,600170.SH,sell,1623.7420700165048,44.363417195000004,72034.74686921512,14.406949373843023
2020-02-04,601989.SH,sell,9685.585582659956,6.888204175,66716.29104779812,13.343258209559625
2020-02-04,600900.SH,buy,1449.83942521141,52.32136760999999,75857.58154195726,15.171516308391453
2020-02-04,601288.SH,sell,372.3516784811849,5.238789295,1950.6719872025133,0.39013439744050266
2020-02-04,600025.SH,buy,19189.995369806176,3.9529755000000004,75857.58154195726,15.171516308391453
2020-02-04,601988.SH,sell,613.7722848737292,6.1744572269999995,3789.7107200708997,0.75794214401418
2020-02-04,600015.SH,sell,91.31555786825477,30.494325210000007,2784.606318367136,0.5569212636734272
2020-02-04,600085.SH,buy,235.0185391935228,322.77275572499997,75857.58154195726,15.171516308391453
2020-02-04,601398.SH,sell,262.86880925768145,9.570008602,2515.656765793509,0.5031313531587018
2020-02-04,601169.SH,sell,59.66609016522242,17.400622336500003,1038.2271012605925,0.2076454202521185
2020-02-04,002352.SZ,buy,564.1654912010057,134.459804304,75857.58154195725,15.17151630839145
2020-02-04,601229.SH,buy,53.932889553689165,21.367734528,1152.4236663111744,0.2304847332622349
2020-02-04,600196.SH,buy,204.30467807275596,371.29635139799996,75857.58154195726,15.171516308391453
2020-02-04,601328.SH,sell,245.3698268475799,9.4657577535,2322.611340957432,0.4645222681914864
2020-02-04,601006.SH,sell,78.94608820434767,12.849235168500002,1014.3968529708072,0.20287937059416145
2020-02-04,600919.SH,sell,185.68511739919404,7.095320565000001,1317.495432096941,0.2634990864193882
2020-02-04,600016.SH,sell,12.752656811085187,146.81555550000002,1872.2883938203304,0.3744576787640661
2020-02-04,600036.SH,buy,440.85477695898646,172.06931966399998,75857.58154195725,15.17151630839145
2020-02-04,002179.SZ,buy,271.7198995037389,274.18055776799997,74500.31360260003,14.900062720520006
2020-02-04,600028.SH,sell,56.31942858317277,14.199140878000001,799.6875006209302,0.15993750012418606
2020-02-04,601939.SH,sell,48.52472643236513,11.3580571305,551.1466150606866,0.11022932301213732
2020-03-03,600025.SH,sell,19189.995369806176,3.9911474280000006,76590.10066353384,15.318020132706769
2020-03-03,600085.SH,sell,235.0185391935228,301.51916999749994,70862.5948716559,14.172518974331181
2020-03-03,002352.SZ,sell,564.1654912010057,175.68022594500002,99112.72096456459,19.82254419291292
2020-03-03,600196.SH,sell,204.30467807275596,387.4695073305001,79161.83295816719,15.832366591633438
2020-03-03,002179.SZ,sell,271.7198995037389,307.525130515,83560.69755840999,16.712139511681997
2020-03-03,601398.SH,buy,344.26231671683047,9.544037633999999,3285.6525067134567,0.6571305013426914
2020-03-03,601288.SH,buy,52.77141014377151,5.431876581,286.64778690629834,0.05732955738125967
2020-03-03,601988.SH,sell,185.59735299619882,6.5174826285,1209.6275240483083,0.24192550480966166
2020-03-03,600015.SH,buy,51.18529018976609,31.093348905000003,1591.522086674071,0.31830441733481424
2020-03-03,601328.SH,buy,34.91714316783415,9.807692395499998,342.4565995197517,0.06849131990395034
2020-03-03,600028.SH,buy,24.01726284297498,14.709883265999999,353.2911327890012,0.07065822655780024
2020-03-03,601229.SH,sell,82.0549905538469,22.716060287999998,1863.9661123524565,0.37279322247049135
2020-03-03,601169.SH,buy,42.82836232687847,17.931333186000003,767.9696346939883,0.15359392693879767
2020-03-03,600900.SH,buy,29.690660377453703,53.33761548,1583.6290265598973,0.31672580531197947
2020-03-03,600016.SH,buy,8.474223571536443,150.31421955,1273.796302447714,0.2547592604895428
2020-03-03,601006.SH,buy,225.04177213700186,12.879880722000001,2898.511182592087,0.5797022365184175
2020-03-03,601857.SH,buy,11242.786282026942,7.0143204075000005,78860.50525518264,15.772101051036529
2020-03-03,600674.SH,buy,443.1948721582659,177.936411744,78860.50525518265,15.77210105103653
2020-03-03,600919.SH,buy,270.0975865190982,7.201522962,1945.1139712980673,0.3890227942596135
2020-03-03,600795.SH,buy,140.04761337346932,563.0978162039999,78860.50525518265,15.77210105103653
2020-03-03,601998.SH,buy,154.7314932267405,8.177286599999999,1265.2837661610156,0.2530567532322031
2020-03-03,600023.SH,buy,13749.441745500486,5.735542337999999,78860.50525518265,15.77210105103653
2020-03-03,601939.SH,buy,54.91047201987302,11.7230575995,643.7186263047046,0.1287437252609409
2020-03-03,600036.SH,buy,19.203530576529317,171.529147713,3293.9652328726092,0.6587930465745219
2020-03-03,600027.SH,buy,13421.235382391045,5.8544047395,78573.34403261522,15.714668806523045
2020-04-02,600028.SH,sell,5364.792278004861,13.517086076000002,72516.35900165184,14.503271800330369
2020-04-02,600919.SH,sell,10958.009040174533,6.556296212,71843.95316115805,14.36879063223161
2020-04-02,601939.SH,sell,6731.628174450608,11.216743822500002,75506.94874113581,15.101389748227163
2020-04-02,600036.SH,sell,460.0583075355158,155.75743232500002,71657.50070151714,14.33150014030343
2020-04-02,600674.SH,sell,443.1948721582659,177.183913725,78527.0019918526,15.70540039837052
2020-04-02,600027.SH,sell,13421.235382391045,5.796796152000001,77800.16561973067,15.560033123946136
2020-04-02,600795.SH,buy,1.7887010241286707,524.1740040239998,937.5905778193545,0.1875181155638709
2020-04-02,601988.SH,sell,240.4529121678709,6.264727069500001,1506.371867798167,0.3012743735596334
2020-04-02,601857.SH,buy,1020.8453148372218,6.06208953,6188.455694824276,1.2376911389648553
2020-04-02,600023.SH,sell,92.458542217688,5.4384634080000005,502.83239860791946,0.10056647972158389
2020-04-02,601229.SH,buy,47.235306072341466,21.134914176,998.3141399160285,0.1996628279832057
2020-04-02,601288.SH,sell,435.0194295770426,5.270065649,2292.580952461547,0.4585161904923094
2020-04-02,601328.SH,sell,230.35111071796118,9.502661292500003,2188.9485835039522,0.4377897167007905
2020-04-02,600177.SH,buy,320.26196983160764,231.98368187399998,74295.55092575625,14.859110185151252
2020-04-02,601998.SH,buy,222.65390376413566,7.5301632,1676.6202324610358,0.3353240464922072
2020-04-02,601600.SH,buy,25379.121662391317,2.9274279825,74295.55092575625,14.859110185151252
2020-04-02,601169.SH,buy,115.85245426722369,16.4598688215,1906.9161998873296,0.3813832399774659
2020-04-02,600016.SH,sell,17.331407792510674,146.30041319999998,2535.592121382011,0.5071184242764022
2020-04-02,600900.SH,sell,56.06558241382875,52.17677856,2925.3214784437732,0.5850642956887546
2020-04-02,601006.SH,buy,73.65075075063005,11.990386197,883.1009451990419,0.1766201890398084
2020-04-02,000709.SZ,buy,3474.912350417254,21.380553934499996,74295.55092575625,14.859110185151252
2020-04-02,600010.SH,buy,7886.44946377682,9.420658975499999,74295.55092575625,14.859110185151252
2020-04-02,601398.SH,sell,129.88561611392058,9.126130651999999,1185.3531024711556,0.23707062049423114
2020-04-02,600015.SH,buy,97.7216886001212,28.207046475000002,2756.4402119590964,0.5512880423918193
2020-04-02,601898.SH,buy,16101.638432886288,4.6141609275,74295.55092575625,14.859110185151252
2020-04-02,002294.SZ,buy,383.1298366669483,193.09218784499996,73979.37839071853,14.795875678143707
2020-05-07,601006.SH,sell,6200.546484531857,12.4582487595,77247.95054914108,15.449590109828216
2020-05-07,601857.SH,sell,12263.631596864165,5.9890389825,73447.3677006382,14.689473540127642
2020-05-07,601600.SH,sell,25379.121662391317,2.9041222125000004,73704.07095349056,14.740814190698114
2020-05-07,000709.SZ,sell,3474.912350417254,20.853042263000003,72462.49410347168,14.492498820694335
2020-05-07,600010.SH,sell,7886.44946377682,9.411243024500001,74221.29250404137,14.844258500808275
2020-05-07,002294.SZ,sell,383.1298366669483,207.107064665,79348.89585767254,15.869779171534509
2020-05-07,601328.SH,buy,97.99432097526169,9.475228246499999,928.5185581013868,0.18570371162027738
2020-05-07,601288.SH,sell,45.34973299155725,5.332618357,241.83281863582673,0.04836656372716535
2020-05-07,601229.SH,buy,56.493516292205605,20.979700607999998,1185.2170581036437,0.23704341162072876
2020-05-07,601398.SH,buy,134.3383182507169,9.06416982,1217.6653299577033,0.24353306599154068
2020-05-07,601998.SH,buy,46.28064780329442,7.559577899999999,349.862162331468,0.0699724324662936
2020-05-07,600900.SH,sell,6.119175510829738,52.85359998,323.4204546568071,0.06468409093136143
2020-05-07,601988.SH,buy,206.21179802831102,6.216778836,1281.9731417159105,0.2563946283431821
2020-05-07,600015.SH,sell,1.7679941493090459,28.440982395000002,50.28349047496158,0.010056698094992317
2020-05-07,600795.SH,buy,4.108148917391457,513.794320776,2110.743582657803,0.4221487165315606
2020-05-07,600085.SH,buy,255.8591825473788,292.873805721,74934.45252131489,14.986890504262979
2020-05-07,600016.SH,sell,9.65897130357778,150.42155160000002,1452.9174503440445,0.2905834900688089
2020-05-07,601939.SH,buy,6705.591453180856,11.174920668,74934.4525213149,14.98689050426298
2020-05-07,600177.SH,sell,9.287022246488185,240.89029260100003,2237.1535063485353,0.4474307012697071
2020-05-07,601838.SH,buy,9022.139700990867,8.305618734,74934.4525213149,14.98689050426298
2020-05-07,601169.SH,sell,89.97025180302676,16.922019757500003,1522.478378598069,0.3044956757196138
2020-05-07,000898.SZ,buy,9737.417754441525,7.695515835,74934.4525213149,14.98689050426298
2020-05-07,601577.SH,buy,9303.178239294426,8.054715345,74934.45252131489,14.986890504262979
2020-05-07,600023.SH,sell,471.3990673564779,5.681251952999999,2678.136872061368,0.5356273744122737
2020-05-07,601668.SH,buy,7896.959224260392,9.489026142,74934.4525213149,14.98689050426298
2020-05-07,601898.SH,buy,460.03420954183423,4.50849312,2074.0610686839977,0.41481221373679955
2020-06-02,600900.SH,sell,1417.3453276642051,54.4533597,77179.21494641333,15.435842989282666
2020-06-02,600795.SH,sell,145.94446331498943,474.39587540400004,69235.45143468138,13.847090286936277
2020-06-02,600177.SH,sell,310.9749475851195,231.38627498700004,71955.33473599837,14.391066947199675
2020-06-02,601898.SH,sell,16561.672642428122,4.4922577475,74399.30223950653,14.879860447901308
2020-06-02,000898.SZ,sell,9737.417754441525,7.393271515,71991.37331356779,14.39827466271356
2020-06-02,601229.SH,sell,35.2094029706651,20.984574463999998,738.8543384709046,0.14777086769418094
2020-06-02,600015.SH,buy,17.977678039080097,28.032119055000003,503.95241112395223,0.10079048222479045
2020-06-02,601988.SH,sell,207.50985195138338,6.264727069500001,1299.992586707769,0.2599985173415538
2020-06-02,601288.SH,sell,162.0977563385801,5.348256534000001,866.940384484551,0.17338807689691021
2020-06-02,601328.SH,sell,83.58291864236323,9.484209523,792.7179129480355,0.1585435825896071
2020-06-02,601766.SH,buy,10411.417252698217,7.135177806,74287.3133104578,14.85746266209156
2020-06-02,601169.SH,sell,11.431555131292615,16.819462062,192.27260784043756,0.03845452156808751
2020-06-02,601838.SH,sell,329.14501981302817,8.5429264,2811.861679189242,0.5623723358378484
2020-06-02,601398.SH,sell,151.0524829418093,9.14388577,1381.206649294778,0.2762413298589556
2020-06-02,600016.SH,buy,3.429224872070096,148.25158875,508.38803546540726,0.10167760709308146
2020-06-02,600170.SH,buy,1597.7802040236336,46.49407542,74287.31331045782,14.857462662091564
2020-06-02,601998.SH,buy,69.79338535842635,7.441919099999999,519.3967275525333,0.10387934551050666
2020-06-02,600919.SH,buy,11281.500485346336,6.584878794000001,74287.3133104578,14.85746266209156
2020-06-02,601668.SH,buy,185.36603459341038,9.19761651,1704.9257001695823,0.3409851400339165
2020-06-02,600050.SH,buy,9377.581286859753,7.92179892,74287.3133104578,14.85746266209156
2020-06-02,601939.SH,sell,126.19279996446753,11.2874004765,1424.3886704498,0.28487773408996003
2020-06-02,601577.SH,sell,97.47884792378058,8.06724436,786.3856861324166,0.15727713722648332
2020-06-02,600023.SH,sell,38.74647641726575,5.648880147,218.87420139969615,0.043774840279939234
2020-06-02,600085.SH,buy,2.4614067559375337,287.7773937885,708.3372212771098,0.14166744425542196
2020-06-02,600219.SH,buy,5169.817111629721,14.319624234,74029.83839704083,14.805967679408168
2020-07-02,601998.SH,sell,9989.218806323428,7.7283339,77200.01833542688,15.440003667085376
2020-07-02,600023.SH,sell,13146.837659509054,5.745995564999999,75541.670885314,15.108334177062801
2020-07-02,600085.SH,sell,258.32058930331635,312.60692934450003,80752.80620857142,16.150561241714286
2020-07-02,601668.SH,sell,8082.325258853803,9.191909746000002,74292.00431720026,14.858400863440053
2020-07-02,601766.SH,sell,10411.417252698217,6.825497544,71063.10288785091,14.212620577570183
2020-07-02,600050.SH,sell,9377.581286859753,7.756783668000001,72739.86937125617,14.547973874251234
2020-07-02,600219.SH,sell,5169.817111629721,14.661307679000002,75796.27931776244,15.159255863552488
2020-07-02,601328.SH,buy,14.537103117034535,9.567579398999998,139.08488830367827,0.027816977660735657
2020-07-02,601988.SH,sell,21.920866978831054,6.3369429435,138.9112833169056,0.027782256663381123
2020-07-02,600170.SH,buy,37.485383032246624,45.897997530000005,1720.5040178251597,0.344100803565032
2020-07-02,601288.SH,buy,257.95382042731245,5.306645997,1368.8696085814545,0.2737739217162909
2020-07-02,601989.SH,buy,11067.30837056051,6.77708685,75004.11002302055,15.00082200460411
2020-07-02,600015.SH,buy,11.44198752832833,28.181059488,322.4473311967747,0.06448946623935495
2020-07-02,601577.SH,sell,131.11217981891429,8.262751557500001,1083.3473680059542,0.21666947360119085
2020-07-02,600016.SH,buy,5.718802573332794,147.99375990000001,846.3470949533157,0.16926941899066314
2020-07-02,601169.SH,buy,6.653545591933188,16.973170344,112.93176272345231,0.022586352544690463
2020-07-02,601006.SH,buy,6005.861342693328,12.488485121999998,75004.11002302056,15.000822004604114
2020-07-02,601916.SH,buy,18883.28128706945,3.971985,75004.11002302055,15.00082200460411
2020-07-02,601939.SH,buy,94.81645734262604,11.245648014,1066.2725052096182,0.21325450104192364
2020-07-02,600919.SH,sell,6.158409696691306,6.650049312,40.95372816649615,0.00819074563329923
2020-07-02,600177.SH,buy,327.5340151960153,228.996398979,75004.11002302056,15.000822004604114
2020-07-02,601838.SH,buy,7.906215587650996,8.626298993999999,68.2013795701009,0.01364027591402018
2020-07-02,601077.SH,buy,15026.515910275763,4.991450478,75004.11002302056,15.000822004604114
2020-07-02,601229.SH,sell,60.12090964633024,21.553122048,1295.793303244136,0.2591586606488272
2020-07-02,601857.SH,buy,12971.979593721144,5.78200956,75004.11002302056,15.000822004604114
2020-07-02,601398.SH,sell,61.37958379871189,9.302468439000002,570.9816410864732,0.11419632821729465
2020-07-02,600482.SH,buy,1639.6420778954318,45.5186269395,74634.25605802877,14.926851211605754
2020-08-04,601838.SH,sell,8700.90089676549,9.451014129,82232.33731035942,16.446467462071883
2020-08-04,601577.SH,sell,9074.58721155173,9.261267049999999,84042.17553469542,16.808435106939083
2020-08-04,600919.SH,sell,11275.342075649645,7.054132169500001,79537.75325795707,15.907550651591414
2020-08-04,601989.SH,sell,11067.30837056051,8.387104350000001,92822.67017751948,18.564534035503897
2020-08-04,601916.SH,sell,18883.28128706945,4.355321250000001,82242.75625930095,16.44855125186019
2020-08-04,600177.SH,sell,327.5340151960153,253.3052869985,82966.09772099771,16.593219544199542
2020-08-04,601077.SH,sell,15026.515910275763,5.531201016000001,83114.68006985747,16.622936013971493
2020-08-04,600482.SH,sell,1639.6420778954318,58.94451000150001,96647.89885938754,19.32957977187751
2020-08-04,601288.SH,buy,953.4294407627183,5.3192382899999995,5071.5183881183375,1.0143036776236676
2020-08-04,601398.SH,buy,546.4045439186417,9.3304739055,5098.2133388795155,1.0196426677759032
2020-08-04,601988.SH,buy,745.5435158413036,6.3846057075000004,4760.001386430004,0.9520002772860008
2020-08-04,601006.SH,buy,434.31287526345477,12.469389579000001,5415.616440835651,1.0831232881671302
2020-08-04,601328.SH,buy,732.7703145744441,9.362006664,6860.200568227323,1.3720401136454647
2020-08-04,600028.SH,buy,6163.152447005644,13.021363427999999,80252.64787462799,16.050529574925598
2020-08-04,600016.SH,buy,18.10161285656511,152.89028694,2767.5607837170332,0.5535121567434067
2020-08-04,600795.SH,buy,146.15848933824475,549.079620609,80252.647874628,16.0505295749256
2020-08-04,601229.SH,buy,86.09124731049258,22.526755749,1939.3565002902194,0.3878713000580439
2020-08-04,601169.SH,buy,128.06539826654156,17.6494213005,2260.2801680225143,0.45205603360450286
2020-08-04,600170.SH,buy,3.643535322823461,49.001318415,178.53803450997222,0.03570760690199445
2020-08-04,601939.SH,buy,369.87282104711267,11.400465384,4216.722292830034,0.8433444585660069
2020-08-04,600015.SH,buy,79.95903198197206,29.273701535999994,2340.696837347728,0.4681393674695456
2020-08-04,601857.SH,buy,143.99859522724262,6.122929935,881.6933093148319,0.1763386618629664
2020-08-04,601658.SH,buy,16450.169849917944,4.878530046,80252.64787462799,16.050529574925598
2020-08-04,601166.SH,buy,1175.5639810259358,68.267358621,80252.647874628,16.0505295749256
2020-08-04,600674.SH,buy,421.10034692732006,190.57844159999996,80252.64787462799,16.050529574925598
2020-08-04,600900.SH,buy,1365.191703346079,58.784892757499996,80252.647874628,16.0505295749256
2020-08-04,600000.SH,buy,572.0287503467371,140.294780334,80252.647874628,16.0505295749256
2020-08-04,003816.SZ,buy,25258.777561613417,3.1582703459999997,79774.04814905384,15.954809629810768
2020-09-02,601229.SH,sell,3564.9818333687112,22.6391577585,80708.18613182082,16.141637226364164
2020-09-02,600170.SH,sell,1638.9091223787036,49.263150103,80737.82610091807,16.147565220183616
2020-09-02,600795.SH,sell,146.15848933824475,540.5425025455,79004.8755951646,15.800975119032922
2020-09-02,601166.SH,sell,1175.5639810259358,70.57014427650002,82959.71974725703,16.591943949451405
2020-09-02,600674.SH,sell,421.10034692732006,202.88216817,85433.75140175389,17.086750280350778
2020-09-02,600900.SH,sell,1365.191703346079,62.522123300000004,85354.68400474059,17.070936800948118
2020-09-02,600028.SH,sell,15.50722277576101,13.073228116000003,202.72946079315443,0.040545892158630886
2020-09-02,601288.SH,buy,121.36927065511684,5.286301829999999,641.5945975699093,0.12831891951398186
2020-09-02,601328.SH,buy,124.74916993367667,9.244491936,1153.2426954745674,0.2306485390949135
2020-09-02,601398.SH,buy,67.62439157042895,9.274378871999998,627.174228412641,0.12543484568252822
2020-09-02,601988.SH,buy,410.06971861574993,6.194020462499999,2539.980228157572,0.5079960456315145
2020-09-02,601816.SH,buy,12837.971191184317,6.2621885294999995,80393.79593548588,16.078759187097177
2020-09-02,601857.SH,buy,291.72038136653276,6.0001986,1750.380223866936,0.3500760447733872
2020-09-02,601006.SH,sell,56.82510369435635,12.590461620000001,715.4542871163139,0.1430908574232628
2020-09-02,600016.SH,buy,3.7781689425223424,152.06829614999998,574.5397136562198,0.11490794273124395
2020-09-02,601939.SH,sell,10.19391249656278,11.426048118,116.47613469640784,0.023295226939281568
2020-09-02,002468.SZ,buy,2122.447953856148,37.8778644675,80393.79593548586,16.078759187097173
2020-09-02,601169.SH,buy,8.08691534383478,17.6494213005,142.72937592481784,0.02854587518496357
2020-09-02,003816.SZ,buy,805.8783469747574,3.0864914744999994,2487.336647421741,0.49746732948434824
2020-09-02,000709.SZ,buy,3557.7970814237874,22.5965096085,80393.79593548588,16.078759187097177
2020-09-02,600000.SH,buy,11.439963040585035,137.880529812,1577.3481650655629,0.3154696330131126
2020-09-02,600015.SH,buy,22.068722137670647,29.091594527999998,642.0143161802118,0.12840286323604239
2020-09-02,600019.SH,buy,6164.720599667413,13.040947214999997,80393.79593548586,16.078759187097173
2020-09-02,600968.SH,buy,31546.505788404495,2.5484215739999994,80393.79593548588,16.078759187097177
2020-09-02,601898.SH,buy,16095.369054280494,4.994840172,80393.79593548586,16.078759187097173
2020-09-02,601658.SH,buy,110.9265434988502,4.836833208,536.5331892438951,0.10730663784877903
2020-10-12,002468.SZ,sell,2122.447953856148,34.457032865,73133.2589002733,14.626651780054662
2020-10-12,000709.SZ,sell,3557.7970814237874,21.662869147000006,77072.09262646204,15.414418525292408
2020-10-12,600019.SH,sell,6164.720599667413,13.1057688375,80793.4031270155,16.1586806254031
2020-10-12,600968.SH,sell,31546.505788404495,2.403873462,75833.80808357496,15.166761616714993
2020-10-12,601898.SH,sell,16095.369054280494,4.832782400000001,77785.41628703143,15.557083257406287
2020-10-12,601328.SH,buy,9.561370136959304,8.91153354,85.20647066386724,0.017041294132773447
2020-10-12,600028.SH,sell,79.47720247004037,12.781270168,1015.819596966423,0.2031639193932846
2020-10-12,601398.SH,sell,235.32957757926937,9.190390506000002,2162.770715565508,0.43255414311310164
2020-10-12,601857.SH,buy,85.176000425002,5.7539005125,490.0942324981192,0.09801884649962385
2020-10-12,600016.SH,buy,4.575927210813111,145.49236982999997,665.7624940707814,0.13315249881415628
2020-10-12,601288.SH,sell,346.91543109061774,5.21521109,1809.2372035159206,0.36184744070318414
2020-10-12,600000.SH,buy,29.040602067159472,126.74815240499997,3680.842656741286,0.7361685313482573
2020-10-12,601006.SH,sell,79.9577926730801,12.304314765,983.8258489641885,0.1967651697928377
2020-10-12,601169.SH,sell,0.27390451386637316,17.016297595000005,4.6608407205640106,0.0009321681441128021
2020-10-12,601658.SH,sell,83.79517939836724,4.707033306,394.4267003103596,0.07888534006207193
2020-10-12,601988.SH,sell,297.8329676255774,6.1116716355,1820.257300354031,0.36405146007080624
2020-10-12,600015.SH,buy,7.457673016286991,27.99895248,208.80703239439774,0.04176140647887955
2020-10-12,601939.SH,sell,190.67629138437377,11.333604363000001,2161.049647954598,0.43220992959091964
2020-10-12,601998.SH,buy,9926.08847724272,7.816038065999999,77582.68538461307,15.516537076922614
2020-10-12,601816.SH,buy,277.67445513531385,5.9193311865,1643.6470619768584,0.3287294123953717
2020-10-12,600170.SH,buy,1603.6412074188283,48.379079450999996,77582.68538461305,15.516537076922612
2020-10-12,601077.SH,buy,14708.79207682995,5.2745789714999995,77582.68538461305,15.516537076922612
2020-10-12,003816.SZ,buy,133.5030410354866,2.9634419805,395.6285163289752,0.07912570326579504
2020-10-12,601916.SH,buy,17458.947073713636,4.44372075,77582.68538461305,15.516537076922612
2020-10-12,601229.SH,buy,3503.390494318161,22.0675772745,77311.34045611478,15.462268091222956
2020-11-03,600016.SH,sell,533.6124156410597,140.41993491,74929.82067148546,14.985964134297094
2020-11-03,600015.SH,sell,2772.8485518272305,27.743561279999998,76928.69371777802,15.385738743555605
2020-11-03,601939.SH,sell,6843.217727725189,11.592446877,79329.63797639891,15.865927595279782
2020-11-03,601658.SH,sell,16477.30121401843,4.9048953255,80819.43770149448,16.163887540298894
2020-11-03,600000.SH,sell,612.5093154544816,124.745594001,76407.83838751519,15.28156767750304
2020-11-03,601816.SH,sell,13115.64564631963,5.580974117,73198.0788798536,14.63961577597072
2020-11-03,601998.SH,sell,9926.08847724272,7.792885608,77352.87203803942,15.470574407607884
2020-11-03,601077.SH,sell,14708.79207682995,4.60933418,67797.73806624548,13.559547613249096
2020-11-03,601916.SH,sell,17458.947073713636,4.166415750000001,72741.23206633693,14.548246413267387
2020-11-03,601229.SH,sell,3503.390494318161,21.1820486775,74208.98798693807,14.841797597387615
2020-11-03,600028.SH,sell,196.5929880664096,12.947554984,2545.398522458694,0.5090797044917388
2020-11-03,601857.SH,sell,72.14668609550779,5.664641262500001,408.6850950092485,0.08173701900184971
2020-11-03,600170.SH,buy,21.5939084951467,46.82348204099999,1011.1019866174986,0.20222039732349972
2020-11-03,601006.SH,sell,27.47338946016211,12.113550195,332.8002822524577,0.06656005645049154
2020-11-03,601328.SH,sell,134.84607147296785,8.863494036000002,1195.2073502786807,0.23904147005573614
2020-11-03,600674.SH,buy,379.2766347737851,200.50440209999996,76046.63488581784,15.209326977163569
2020-11-03,601288.SH,sell,385.8577091616967,5.24811463,2025.0254885497852,0.4050050977099571
2020-11-03,601988.SH,sell,173.20471744254914,6.0735926845,1051.974904779956,0.2103949809559912
2020-11-03,601992.SH,buy,11325.455372496268,6.714664654500001,76046.63488581782,15.209326977163565
2020-11-03,000709.SZ,buy,3643.1435421796286,20.873905736999998,76046.63488581784,15.209326977163569
2020-11-03,601169.SH,sell,90.28728892002167,17.016297595000005,1536.3553773088352,0.3072710754617671
2020-11-03,601398.SH,sell,217.21129861540882,9.246429472500001,2008.4289532775147,0.401685790655503
2020-11-03,003816.SZ,buy,1287.5757900422568,2.768613615,3564.7998626553735,0.7129599725310748
2020-11-03,601668.SH,buy,7876.767311742032,9.654548862,76046.63488581784,15.209326977163569
2020-11-03,601186.SH,buy,7405.032528809375,10.269588228,76046.63488581784,15.209326977163569
2020-11-03,601298.SH,buy,12519.003760303547,6.07449573,76046.63488581784,15.209326977163569
2020-11-03,601088.SH,buy,2505.442061606656,30.352581706500004,76046.63488581784,15.209326977163569
2020-11-03,601766.SH,buy,11464.0995083263,6.633459071999999,76046.63488581782,15.209326977163565
2020-11-03,601390.SH,buy,11789.050606901606,6.450615696,76046.63488581782,15.209326977163565
2020-11-03,601828.SH,buy,6887.972856223062,10.9635640425,75516.73153220318,15.103346306440637
2020-12-02,601398.SH,sell,8221.855723045635,10.161732592000002,83548.29926759457,16.709659853518914
2020-12-02,600028.SH,sell,5871.5750336934325,13.938439294,81840.59216730192,16.368118433460385
2020-12-02,000709.SZ,sell,3643.1435421796286,23.080066194,84083.99410774946,16.81679882154989
2020-12-02,601668.SH,sell,7876.767311742032,10.381006900000001,81768.77581288849,16.3537551625777
2020-12-02,601186.SH,sell,7405.032528809375,10.795351624000002,79939.92993565513,15.987985987131028
2020-12-02,601298.SH,sell,12519.003760303547,6.606405145,82705.6108523437,16.54112217046874
2020-12-02,601088.SH,sell,2505.442061606656,35.790785655,89671.73979798512,17.934347959597027
2020-12-02,601766.SH,sell,11464.0995083263,7.061171648000001,80949.97441804442,16.189994883608886
2020-12-02,601390.SH,sell,11789.050606901606,6.82746456,80489.32521466722,16.097865042933446
2020-12-02,601828.SH,buy,516.5237677135026,10.9400622975,5650.802196925138,1.1301604393850275
2020-12-02,600177.SH,buy,293.86579837504297,275.47586609850003,80952.93532409215,16.19058706481843
2020-12-02,600170.SH,buy,65.50491852935443,47.912400227999996,3138.497873480962,0.6276995746961924
2020-12-02,600068.SH,buy,1886.798432826504,42.90491973899999,80952.93532409212,16.190587064818423
2020-12-02,601006.SH,sell,55.51927865114672,13.010143674000002,722.3137919282599,0.14446275838565198
2020-12-02,601988.SH,buy,133.39435161785207,6.403664231999999,854.2126382060704,0.1708425276412141
2020-12-02,601229.SH,buy,3650.5377524714304,22.1756192685,80952.93532409213,16.190587064818427
2020-12-02,600637.SH,buy,1743.2632423631721,46.43758518899999,80952.93532409215,16.19058706481843
2020-12-02,601816.SH,buy,13676.027370916247,5.9193311865,80952.93532409215,16.19058706481843
2020-12-02,601857.SH,buy,133.16246017560803,5.9768119125000005,795.886978275381,0.15917739565507621
2020-12-02,601328.SH,buy,75.84880915155546,9.362006664,710.0970567333264,0.1420194113466653
2020-12-02,600674.SH,buy,11.212527430625737,207.45257445,2326.067681574553,0.4652135363149106
2020-12-02,003816.SZ,buy,728.7467402903713,2.8711548599999994,2092.344745093857,0.4184689490187714
2020-12-02,600016.SH,buy,545.1143531773976,148.50633606,80952.93532409213,16.190587064818427
2020-12-02,601169.SH,sell,23.744266866515225,18.211058915500004,432.4082428114634,0.08648164856229269
2020-12-02,600050.SH,buy,10257.812875201811,7.891831944,80952.93532409213,16.190587064818427
2020-12-02,601992.SH,buy,195.88764650126367,7.0311808335,1377.3214655991085,0.27546429311982173
2020-12-02,600795.SH,buy,139.96026700540753,578.3994061755,80952.93532409213,16.190587064818427
2020-12-02,601288.SH,buy,154.46864259015473,5.533325279999999,854.7252450113876,0.17094504900227753
2020-12-02,600015.SH,buy,2644.727954629609,30.411870335999996,80431.12363019015,16.086224726038033
2021-01-05,601169.SH,sell,4443.916497090636,17.450756257000002,77549.70361718994,15.509940723437989
2021-01-05,601857.SH,sell,13553.890344820022,5.8038216375000005,78664.36205556878,15.732872411113757
2021-01-05,003816.SZ,sell,28214.481479956292,2.86828514,80927.17796176384,16.185435592352768
2021-01-05,600170.SH,sell,1690.7400344433295,46.6212777,78824.46066429003,15.764892132858007
2021-01-05,600674.SH,sell,390.48916220441083,199.31239395000003,77829.329730491,15.5658659460982
2021-01-05,601992.SH,sell,11521.343018997532,6.6627819425000006,76764.19622032519,15.352839244065038
2021-01-05,601828.SH,sell,7404.496623936565,10.036954012500003,74318.59210016283,14.863718420032567
2021-01-05,600068.SH,sell,1886.798432826504,41.0394570065,77433.18316391489,15.486636632782979
2021-01-05,600637.SH,sell,1743.2632423631721,43.639561304,76075.24313411745,15.21504862682349
2021-01-05,600050.SH,sell,10257.812875201811,6.803080758000001,69784.72939045011,13.956945878090023
2021-01-05,600795.SH,sell,139.96026700540753,588.4723796185,82362.7513767128,16.47255027534256
2021-01-05,601288.SH,buy,305.0307049192475,5.154555989999999,1572.2978471754293,0.31445956943508585
2021-01-05,601988.SH,buy,141.055984440004,6.022493742,849.5087835615735,0.16990175671231472
2021-01-05,601328.SH,buy,166.01982072371248,8.735261448,1450.226539571717,0.2900453079143434
2021-01-05,601229.SH,buy,10.711248795287666,21.0411783315,225.3772960547123,0.04507545921094246
2021-01-05,601916.SH,buy,18138.79834281956,4.244121,76983.25496152569,15.396650992305139
2021-01-05,601668.SH,buy,8315.514113042524,9.257786580000001,76983.25496152569,15.396650992305139
2021-01-05,600015.SH,buy,88.85975194126071,28.181059488,2504.1619555455914,0.5008323911091183
2021-01-05,601998.SH,buy,9888.24974853492,7.785326717999999,76983.25496152569,15.396650992305139
2021-01-05,600208.SH,buy,3665.693635102098,21.0010062555,76983.25496152569,15.396650992305139
2021-01-05,601766.SH,buy,11804.243766912214,6.521659199999999,76983.25496152569,15.396650992305139
2021-01-05,601398.SH,buy,8250.733643459058,9.3304739055,76983.25496152569,15.396650992305139
2021-01-05,601186.SH,buy,7879.185269792642,9.770458788000001,76983.25496152569,15.396650992305139
2021-01-05,601077.SH,buy,16571.9162397572,4.6454045415,76983.25496152569,15.396650992305139
2021-01-05,688009.SH,buy,12750.052622635912,6.03787743,76983.25496152569,15.396650992305139
2021-01-05,600016.SH,sell,3.3807151981124233,142.06227333,480.27208652513224,0.09605441730502645
2021-01-05,600000.SH,buy,592.9404567136337,129.83302807199996,76983.25496152569,15.396650992305139
2021-01-05,600177.SH,sell,8.743302873290409,269.91546975250003,2359.9527022325638,0.4719905404465128
2021-01-05,601390.SH,buy,12122.46795629614,6.318725783999999,76598.55084116218,15.319710168232438
2021-01-05,601816.SH,sell,58.38631722143637,5.6514918405,329.9697953737923,0.06599395907475847
2021-01-05,601006.SH,buy,26.82147082454452,12.297529692,329.83783384794793,0.06596756676958959
2021-02-02,600177.SH,sell,285.12249550175255,279.35085470000007,79649.2128126115,15.9298425625223
2021-02-02,601229.SH,sell,3661.249001266718,22.344822,81809.95723098259,16.36199144619652
2021-02-02,601668.SH,sell,8315.514113042524,9.095609920000001,75634.6726564896,15.12693453129792
2021-02-02,601766.SH,sell,11804.243766912214,7.758618750000001,91584.62701953574,18.31692540390715
2021-02-02,601186.SH,sell,7879.185269792642,9.57217152,75420.91284031264,15.084182568062529
2021-02-02,688009.SH,sell,12750.052622635912,5.9826072,76278.5566205605,15.2557113241121
2021-02-02,600000.SH,sell,592.9404567136337,138.68272395000002,82230.5976772038,16.44611953544076
2021-02-02,601390.SH,sell,12122.46795629614,6.37017332,77222.2219477526,15.444444389550519
2021-02-02,601288.SH,sell,48.36709970915503,5.23166286,253.04035919430316,0.05060807183886064
2021-02-02,601988.SH,buy,80.0129077131645,6.06092895,484.95254873239696,0.0969905097464794
2021-02-02,601328.SH,buy,50.36692969302383,8.79581571,443.0182314583644,0.08860364629167289
2021-02-02,600016.SH,buy,12.195490648189601,140.83442201999998,1717.5448766880972,0.3435089753376195
2021-02-02,601169.SH,buy,4519.5300493860295,17.249340359999998,77958.91208910722,15.591782417821445
2021-02-02,601006.SH,buy,134.8312267807921,12.2237088,1648.137653315164,0.3296275306630328
2021-02-02,600208.SH,buy,135.8057425422966,20.5212555,2786.904341077688,0.5573808682155377
2021-02-02,601998.SH,sell,267.6027938953149,8.1007476,2167.782690400767,0.43355653808015343
2021-02-02,601398.SH,sell,134.0875036981101,9.60185667,1287.4889917473483,0.2574977983494697
2021-02-02,600919.SH,buy,11475.979827632016,6.793224915000001,77958.91208910722,15.591782417821445
2021-02-02,601916.SH,buy,472.7584630895204,4.19159475,1981.6118919041025,0.3963223783808205
2021-02-02,601857.SH,buy,13676.47741204287,5.700218685,77958.91208910722,15.591782417821445
2021-02-02,600068.SH,buy,1888.7011417789752,41.27646791999999,77958.91208910722,15.591782417821445
2021-02-02,601077.SH,buy,1486.0609779727781,4.31991888,6419.662875575869,1.283932575115174
2021-02-02,601319.SH,buy,12696.418557288827,6.14022858,77958.91208910722,15.591782417821445
2021-02-02,600027.SH,buy,13721.876846969051,5.68135926,77958.91208910722,15.591782417821445
2021-02-02,003816.SZ,buy,27845.958049870704,2.7996491249999997,77958.91208910721,15.591782417821442
2021-02-02,600795.SH,buy,140.6160258209777,554.4098664,77958.91208910721,15.591782417821442
2021-02-02,600015.SH,sell,17.70851040810631,28.69614475,508.16597797790024,0.10163319559558005
2021-02-02,601816.SH,buy,865.8085971934227,5.3551562399999995,4636.540311906004,0.9273080623812008
2021-03-02,601816.SH,sell,14483.449650888233,5.762877120000001,83466.3406117758,16.69326812235516
2021-03-02,600015.SH,sell,2715.8791961627635,28.4687585,77317.70895073185,15.463541790146369
2021-03-02,600208.SH,sell,3801.499377644395,21.594117540000003,82090.02438908991,16.418004877817985
2021-03-02,600919.SH,sell,11475.979827632016,7.042297090000001,80817.25934503166,16.163451869006334
2021-03-02,601857.SH,sell,13676.47741204287,6.0425971899999995,82641.4439791087,16.52828879582174
2021-03-02,600068.SH,sell,1888.7011417789752,42.86953451,80967.73877657019,16.19354775531404
2021-03-02,601988.SH,buy,78.0711851879402,6.1752861,482.111904701613,0.09642238094032261
2021-03-02,601328.SH,buy,43.50747453884141,8.972123819999998,390.35444865798246,0.0780708897315965
2021-03-02,601006.SH,sell,9.327977295866305,12.535858935,116.93420752986276,0.023386841505972554
2021-03-02,601288.SH,sell,1.56869354413542,5.36327702,8.413338036683854,0.0016826676073367708
2021-03-02,601916.SH,buy,0.058825147149170455,4.29664725,0.2527509067293286,5.055018134586572e-05
2021-03-02,600016.SH,buy,9.492087846228758,141.93040974,1347.2159173033217,0.26944318346066437
2021-03-02,601169.SH,buy,116.36560607548175,17.249340359999998,2007.2299453936682,0.4014459890787337
2021-03-02,600837.SH,buy,288.1382564067519,277.33769954999997,79911.60118419661,15.982320236839323
2021-03-02,003816.SZ,buy,509.3690674734377,2.8201593749999994,1436.5019509702227,0.2873003901940445
2021-03-02,601989.SH,buy,11422.067906263037,6.996246375,79911.60118419661,15.982320236839323
2021-03-02,600705.SH,buy,375.4751062022891,212.82796079999997,79911.60118419661,15.982320236839323
2021-03-02,600795.SH,buy,0.9008928512721393,565.0715946,509.0689600320884,0.10181379200641769
2021-03-02,000166.SZ,buy,11483.733803703828,6.9586776,79911.60118419662,15.982320236839326
2021-03-02,601211.SH,buy,4274.489921764651,18.695002829999996,79911.60118419661,15.982320236839323
2021-03-02,601319.SH,buy,7.917012970618683,6.294505679999999,49.833683112192965,0.009966736622438594
2021-03-02,600027.SH,buy,134.21100833282378,5.771254185,774.5658435138791,0.15491316870277583
2021-03-02,601077.SH,sell,112.90940111633834,4.451773000000001,502.647023335885,0.10052940466717701
2021-03-02,600369.SH,buy,3519.248409234227,22.707007829999995,79911.60118419662,15.982320236839326
2021-03-02,601398.SH,sell,123.26998209627456,9.994150424999999,1231.9787439572247,0.24639574879144494
2021-03-02,601998.SH,buy,311.6144805110095,8.016706349999998,2498.1217846645604,0.49962435693291213
2021-04-02,601328.SH,sell,8912.858941021186,9.62854332,85817.84841867181,17.163569683734362
2021-04-02,600016.SH,sell,563.4212164737035,137.13525807,77264.91392323465,15.452982784646931
2021-04-02,601998.SH,sell,9932.261435150613,8.330882475,82744.50272721458,16.548900545442915
2021-04-02,601398.SH,sell,7993.376157664674,10.27436025,82126.82625760767,16.425365251521534
2021-04-02,600027.SH,sell,13856.087855301876,6.57373149,91086.20106260451,18.217240212520903
2021-04-02,003816.SZ,sell,28355.327117344143,2.8992996250000003,82210.5892780682,16.442117855613642
2021-04-02,600795.SH,sell,141.51691867224986,617.7621644,87423.79797818784,17.48475959563757
2021-04-02,600837.SH,sell,288.1382564067519,255.46540339999999,73609.35590792351,14.721871181584703
2021-04-02,600705.SH,sell,375.4751062022891,204.43773000000002,76761.27838350492,15.352255676700985
2021-04-02,601169.SH,buy,26.62251497879789,17.35805469,462.11507098731795,0.0924230141974636
2021-04-02,601989.SH,buy,344.16040591738056,6.8782374,2367.2169755801083,0.4734433951160217
2021-04-02,601319.SH,buy,564.887075040042,6.099088019999999,3445.2959920295602,0.6890591984059121
2021-04-02,600233.SH,buy,1431.2047130113835,56.50900038,80875.94767141806,16.175189534283614
2021-04-02,601988.SH,sell,197.98578795118405,6.340478175,1255.3245674646605,0.25106491349293214
2021-04-02,601211.SH,buy,104.72331004008845,18.480765765,1935.3669629863475,0.3870733925972695
2021-04-02,600208.SH,buy,3863.805739171274,20.931680609999997,80875.94767141806,16.175189534283614
2021-04-02,002958.SZ,buy,17335.148271850238,4.66543155,80875.94767141808,16.175189534283618
2021-04-02,601006.SH,sell,275.8710691532235,13.260916225,3658.303136942079,0.7316606273884159
2021-04-02,601916.SH,buy,504.68538372667444,4.23361575,2136.643989340043,0.4273287978680086
2021-04-02,600369.SH,buy,121.19925651573651,22.23096993,2694.3770271396947,0.538875405427939
2021-04-02,600482.SH,buy,1658.838459650583,48.7545651,80875.94767141808,16.175189534283618
2021-04-02,000166.SZ,buy,521.5294061801925,6.741218925,3515.7439028859258,0.7031487805771852
2021-04-02,601288.SH,sell,355.63445911260965,5.56069826,1977.5759179835295,0.3955151835967059
2021-04-02,601077.SH,buy,388.8974779002084,4.41428604,1716.7047076860986,0.3433409415372197
2021-04-02,600637.SH,buy,1741.5332524665873,46.439508149999995,80875.94767141808,16.175189534283618
2021-04-02,000783.SZ,buy,2055.5546631672714,39.34507270499999,80875.94767141806,16.175189534283614
2021-04-02,600015.SH,buy,2762.9938614142106,29.271128249999997,80875.94767141808,16.175189534283618
2021-04-02,002024.SZ,buy,132.28436792193241,611.3794769699999,80875.94767141808,16.175189534283618
2021-04-02,601933.SH,buy,1298.4673748094554,61.886157614999995,80357.15661539322,16.071431323078645
2021-05-07,601319.SH,sell,13269.222645299487,6.206015440000001,82349.00061352627,16.469800122705255
2021-05-07,601989.SH,sell,11766.228312180418,7.0566199250000015,83029.80114983147,16.605960229966296
2021-05-07,601211.SH,sell,4379.213231804739,18.710110265,81935.56244101367,16.387112488202735
2021-05-07,600369.SH,sell,3640.4476657499636,21.35273829,77733.52626520037,15.546705253040075
2021-05-07,600233.SH,sell,1431.2047130113835,58.678246200000004,83980.58251268232,16.796116502536464
2021-05-07,600208.SH,sell,3863.805739171274,21.594117540000003,83435.47528339109,16.687095056678217
2021-05-07,002958.SZ,sell,17335.148271850238,4.586955375,79515.5515419854,15.903110308397082
2021-05-07,600482.SH,sell,1658.838459650583,49.37066232,81897.95343483788,16.37959068696758
2021-05-07,600637.SH,sell,1741.5332524665873,42.91723065000001,74741.78428075323,14.948356856150646
2021-05-07,000783.SZ,sell,2055.5546631672714,39.36102964,80908.74802356718,16.18174960471344
2021-05-07,002024.SZ,sell,132.28436792193241,601.087635835,79514.49797212167,15.902899594424333
2021-05-07,601933.SH,sell,1298.4673748094554,48.11583005,62476.83553180141,12.495367106360282
2021-05-07,601169.SH,sell,109.09599092434432,17.41310909,1899.7003912472576,0.37994007824945153
2021-05-07,601916.SH,sell,37.47128460194658,4.155921,155.72769857420644,0.03114553971484129
2021-05-07,601988.SH,buy,61.60778745304074,6.1943456249999995,381.6199286756728,0.07632398573513456
2021-05-07,600015.SH,buy,17.716588520536806,28.542764249999998,505.68040945593833,0.10113608189118767
2021-05-07,601077.SH,sell,181.43644711666923,4.367974920000001,792.5098505795177,0.15850197011590353
2021-05-07,601288.SH,buy,474.1889602444324,5.286301829999999,2506.7059683059397,0.501341193661188
2021-05-07,601818.SH,buy,13907.195477224639,5.70309012,79313.98912306852,15.862797824613704
2021-05-07,601398.SH,buy,8284.254609238624,9.57406464,79313.98912306852,15.862797824613704
2021-05-07,688009.SH,buy,13644.091031416514,5.813065079999999,79313.98912306852,15.862797824613704
2021-05-07,600016.SH,buy,615.8943764331749,128.7785571,79313.9891230685,15.8627978246137
2021-05-07,600705.SH,buy,402.67411294571644,196.968184875,79313.9891230685,15.8627978246137
2021-05-07,601006.SH,sell,91.73765294998073,13.203674860000001,1211.2741419710655,0.2422548283942131
2021-05-07,600050.SH,buy,11649.084809718297,6.8086026,79313.9891230685,15.8627978246137
2021-05-07,000166.SZ,buy,107.0512120150765,6.552754739999999,701.4803369545374,0.1402960673909075
2021-05-07,601669.SH,buy,17176.982751827127,4.617457575,79313.98912306852,15.862797824613704
2021-05-07,601800.SH,buy,9102.431692118276,8.71349457,79313.98912306852,15.862797824613704
2021-05-07,601668.SH,buy,8465.430215782935,9.369162239999998,79313.98912306852,15.862797824613704
2021-05-07,601998.SH,buy,9931.640183800422,7.985990999999999,79313.98912306852,15.862797824613704
2021-05-07,601328.SH,buy,8365.167689569278,9.48145836,79313.98912306852,15.862797824613704
2021-05-07,000728.SZ,buy,3905.763333040039,20.13614304,78647.00915448139,15.729401830896279
2021-06-02,000166.SZ,sell,12112.314421899096,6.864825870000001,83148.92938902702,16.629785877805404
2021-06-02,601818.SH,sell,13907.195477224639,5.75783964,80075.40139999274,16.01508027999855
2021-06-02,601398.SH,sell,8284.254609238624,9.67657929,80163.2465848455,16.032649316969103
2021-06-02,600705.SH,sell,402.67411294571644,203.41554134999998,81910.17267248395,16.382034534496793
2021-06-02,601998.SH,sell,9931.640183800422,8.024035975,79691.8381255702,15.93836762511404
2021-06-02,000728.SZ,sell,3905.763333040039,21.22680129,82906.862156209,16.5813724312418
2021-06-02,601988.SH,sell,172.4731798426632,6.359518650000001,1096.8464038342208,0.21936928076684417
2021-06-02,600015.SH,sell,14.391216812484831,29.059962749999997,418.2082244979829,0.08364164489959658
2021-06-02,601186.SH,buy,8414.271370130293,9.55679601,80413.47505711841,16.082695011423684
2021-06-02,601916.SH,sell,24.220245390167204,4.2188895,102.18253896399983,0.020436507792799968
2021-06-02,601077.SH,sell,9.327550447975227,4.430823480000001,41.328729535773164,0.008265745907154632
2021-06-02,601288.SH,buy,21.0989357612365,5.35217475,112.92519123316202,0.022585038246632407
2021-06-02,003816.SZ,buy,28513.80520191999,2.8201593749999994,80413.47505711841,16.082695011423684
2021-06-02,601800.SH,buy,186.9962251116383,8.662389029999998,1619.8340490584658,0.3239668098116932
2021-06-02,600016.SH,buy,8.96868885691873,128.7785571,1154.9748100728425,0.2309949620145685
2021-06-02,688009.SH,sell,18.99248974705306,5.90008848,112.05736996310587,0.022411473992621174
2021-06-02,601169.SH,sell,12.356485450864275,17.70272421,218.74345414152776,0.043748690828305556
2021-06-02,601669.SH,sell,62.521459704585624,4.697150250000001,293.67269008175936,0.058734538016351874
2021-06-02,600050.SH,buy,6.354869592981008,6.9040503,43.87433931988141,0.008774867863976282
2021-06-02,600068.SH,buy,1800.1732327166128,44.669853765,80413.47505711841,16.082695011423684
2021-06-02,601006.SH,buy,163.40559247265932,13.044989235,2131.624194744638,0.4263248389489276
2021-06-02,601328.SH,buy,86.91227956118115,9.52063794,827.4603462420679,0.1654920692484136
2021-06-02,601668.SH,buy,210.67511170449265,9.27471504,1953.951627079338,0.3907903254158676
2021-06-02,600011.SH,buy,4034.785405734208,19.930050045,80413.4750571184,16.08269501142368
2021-06-02,601989.SH,buy,11493.80264029344,6.996246375,80413.4750571184,16.08269501142368
2021-06-02,600027.SH,buy,13022.259580722375,6.1488128699999995,80071.43730642654,16.01428746128531
2021-07-02,601006.SH,sell,6168.520244156962,12.5931003,77680.7941372491,15.536158827449821
2021-07-02,600050.SH,sell,11655.439679311277,6.96147752,81139.08131324146,16.227816262648293
2021-07-02,601186.SH,sell,8414.271370130293,9.273041160000002,78025.88474662781,15.605176949325562
2021-07-02,600068.SH,sell,1800.1732327166128,48.11650971,86618.05283169099,17.3236105663382
2021-07-02,600011.SH,sell,4034.785405734208,20.101114415,81103.68308063551,16.220736616127102
2021-07-02,600027.SH,sell,13022.259580722375,6.1965501750000005,80693.08488382067,16.138616976764137
2021-07-02,601916.SH,buy,136.81716316202537,4.17058425,570.6075058132232,0.11412150116264463
2021-07-02,601328.SH,sell,96.71983610938888,9.56983269,925.5926493710721,0.18511852987421443
2021-07-02,601988.SH,buy,179.49628942929635,6.24320004,1120.6312413448345,0.2241262482689669
2021-07-02,600015.SH,buy,69.50099489816459,28.224104999999998,1961.6033776102615,0.3923206755220523
2021-07-02,601989.SH,sell,25.78111741950046,6.97241205,179.75657375818992,0.035951314751637986
2021-07-02,600016.SH,buy,7.493319685747498,126.57292483500001,948.451389348744,0.18969027786974882
2021-07-02,003816.SZ,buy,608.3976410774437,2.7483734999999996,1672.1039541997575,0.3344207908399515
2021-07-02,601169.SH,sell,15.006329869776827,17.66652232,265.109661585695,0.053021932317139
2021-07-02,601998.SH,buy,10172.01401484804,7.863129599999999,79983.86449176645,15.99677289835329
2021-07-02,600000.SH,buy,595.7334664849824,134.26115703,79983.86449176646,15.996772898353294
2021-07-02,601818.SH,buy,13987.551535772676,5.7182176799999995,79983.86449176646,15.996772898353294
2021-07-02,601077.SH,buy,47.234100012488824,4.400098949999999,207.83471386914704,0.04156694277382941
2021-07-02,688009.SH,buy,22.640081864315906,5.86469088,132.7770816321069,0.02655541632642138
2021-07-02,601319.SH,buy,13203.129446052752,6.057947459999999,79983.86449176646,15.996772898353294
2021-07-02,601800.SH,buy,41.180951404219776,8.578176945,353.2574879088434,0.07065149758176868
2021-07-02,601288.SH,buy,19.806932900346204,5.31657696,105.3050831062466,0.02106101662124932
2021-07-02,601398.SH,buy,8209.907537311332,9.742358744999999,79983.86449176646,15.996772898353294
2021-07-02,601668.SH,buy,25.018668710356536,9.19877709,230.14115655512757,0.046028231311025514
2021-07-02,601669.SH,sell,91.44897540058008,4.697150250000001,429.5495776650787,0.08590991553301575
2021-07-02,600705.SH,buy,405.4013820815757,196.45657919999996,79643.76872669853,15.928753745339707
2021-08-03,601669.SH,sell,17023.01231672196,6.876699930000001,117062.14760679106,23.412429521358213
2021-08-03,601800.SH,sell,9330.608868634134,8.74020771,81551.45957263043,16.310291914526086
2021-08-03,601668.SH,sell,8701.123996197784,8.893780885,77385.89027539866,15.477178055079733
2021-08-03,601989.SH,sell,11468.021522873938,6.5682142500000005,75324.42238584731,15.064884477169462
2021-08-03,600000.SH,sell,595.7334664849824,128.50437567000003,76554.35717637755,15.310871435275512
2021-08-03,601319.SH,sell,13203.129446052752,5.35200266,70663.18391559865,14.13263678311973
2021-08-03,600705.SH,sell,405.4013820815757,205.45991865,83293.73498307812,16.658746996615623
2021-08-03,601988.SH,buy,74.92946749626,6.081038999999999,455.64901409398936,0.09112980281879787
2021-08-03,601288.SH,buy,248.157018406353,5.1242008199999995,1271.606397206589,0.2543212794413178
2021-08-03,003816.SZ,sell,157.30132420001976,2.70456704,425.43197677972785,0.08508639535594557
2021-08-03,601006.SH,buy,6450.403209290064,12.148271099999999,78361.24689076573,15.672249378153147
2021-08-03,601077.SH,buy,425.89073834066863,4.2121550249999995,1793.9178136026073,0.3587835627205215
2021-08-03,601328.SH,buy,296.2233043696177,9.063569520000001,2684.8405125981503,0.5369681025196301
2021-08-03,601398.SH,buy,453.1853915604811,9.051413445,4101.968346248128,0.8203936692496256
2021-08-03,601169.SH,buy,160.75329004340713,16.73082123,2689.5345578505835,0.5379069115701167
2021-08-03,601916.SH,buy,454.35073819087825,3.9914347200000004,1813.5113114727017,0.36270226229454033
2021-08-03,600015.SH,buy,132.04661450874252,26.420883839999995,3488.788263400744,0.6977576526801489
2021-08-03,601818.SH,buy,720.6702563787035,5.331264299999999,3842.0836099036283,0.7684167219807256
2021-08-03,600028.SH,buy,5804.202736161237,13.500777014999999,78361.24689076573,15.672249378153147
2021-08-03,600016.SH,buy,50.64332486531271,114.805374,5814.125851765725,1.1628251703531451
2021-08-03,601998.SH,buy,394.28266568810596,7.42114872,2926.0302997894755,0.5852060599578951
2021-08-03,601186.SH,buy,8408.086862053058,9.319747544999998,78361.24689076573,15.672249378153147
2021-08-03,601939.SH,buy,6941.871866654538,11.28820128,78361.24689076575,15.67224937815315
2021-08-03,601816.SH,buy,16364.558437769912,4.7884730399999995,78361.24689076573,15.672249378153147
2021-08-03,601229.SH,buy,3815.75564262453,20.536232984999998,78361.24689076575,15.67224937815315
2021-08-03,688009.SH,buy,547.5092939539808,5.5239606,3024.419767935608,0.6048839535871217
2021-08-03,000166.SZ,buy,12003.22526244474,6.49440558,77953.81312241807,15.590762624483615
2021-09-02,601998.SH,sell,10566.296680536147,7.542946640000001,79701.01204369329,15.94020240873866
2021-09-02,600028.SH,sell,5804.202736161237,14.47250013,84001.32485363986,16.800264970727973
2021-09-02,601186.SH,sell,8408.086862053058,10.668463100000002,89701.36442940785,17.940272885881573
2021-09-02,601816.SH,sell,16364.558437769912,4.9458458400000005,80936.58327288122,16.187316654576247
2021-09-02,000166.SZ,sell,12003.22526244474,7.06560543,84810.05359184272,16.962010718368546
2021-09-02,601328.SH,buy,24.169182391416893,9.357296309999999,226.15820120692223,0.04523164024138445
2021-09-02,601988.SH,buy,235.83229638002481,6.182389649999998,1458.0071482755975,0.29160142965511954
2021-09-02,601006.SH,sell,91.22316167656363,12.7532202,1163.389068201417,0.23267781364028342
2021-09-02,601288.SH,buy,273.8839922154929,5.211644519999999,1427.386007145596,0.28547720142911925
2021-09-02,601169.SH,buy,99.0277873933535,16.96265709,1679.7743999348804,0.3359548799869761
2021-09-02,600016.SH,buy,18.84810409739874,115.666414305,2180.092617393491,0.4360185234786982
2021-09-02,601916.SH,buy,1208.0020897674337,3.8927454,4702.444578132565,0.940488915626513
2021-09-02,601398.SH,buy,133.29171405311874,9.22889214,1230.1348521519549,0.24602697043039098
2021-09-02,600015.SH,buy,23.46560084872732,27.13884264,636.8292488866612,0.12736584977733223
2021-09-02,601077.SH,sell,26.23083189567644,4.3625676250000005,114.43377800489543,0.022886755600979088
2021-09-02,601229.SH,buy,72.75127709871961,20.877083324999997,1518.8344739901333,0.3037668947980267
2021-09-02,600000.SH,buy,625.8715144112942,129.61917719999997,81124.95073090988,16.224990146181977
2021-09-02,002252.SZ,buy,478.1712567155677,169.65668595,81124.9507309099,16.22499014618198
2021-09-02,002024.SZ,buy,172.77299088464608,469.546485915,81124.9507309099,16.22499014618198
2021-09-02,601607.SH,buy,418.28601060332755,193.94612460000002,81124.9507309099,16.22499014618198
2021-09-02,600029.SH,buy,8175.74133223951,9.8707329,80700.55895002636,16.14011179000527
2021-09-02,003816.SZ,sell,638.4532383188985,2.863037765,1827.9157324935513,0.36558314649871027
2021-09-02,601939.SH,buy,56.10657483855586,11.600677439999998,650.8742769653065,0.1301748553930613
2021-10-11,688009.SH,sell,14195.247917487757,5.593301950000001,79398.30785761772,15.879661571523545
2021-10-11,003816.SZ,sell,28326.448280478515,3.50748538,99354.60321110452,19.870920642220906
2021-10-11,002024.SZ,sell,172.77299088464608,453.23591867500005,78306.92524582997,15.661385049165995
2021-10-11,600029.SH,sell,8175.74133223951,10.319907465,84372.89400648756,16.874578801297513
2021-10-11,601916.SH,buy,124.50273963743813,3.9256418400000004,488.7531639153536,0.09775063278307072
2021-10-11,601988.SH,buy,59.91769929124305,6.24320004,374.0781826117966,0.07481563652235933
2021-10-11,601288.SH,buy,331.5749502283417,5.17666704,1716.453116136697,0.3432906232273394
2021-10-11,601328.SH,sell,67.79092750239003,9.55753884,647.9144226037168,0.12958288452074337
2021-10-11,601398.SH,buy,51.40766165828704,9.307771559999999,478.4907711491065,0.0956981542298213
2021-10-11,600000.SH,buy,15.041359035320509,128.49205392,1932.6951161964819,0.3865390232392964
2021-10-11,601077.SH,buy,460.95469369369823,4.3227102749999995,1992.5735907392268,0.3985147181478454
2021-10-11,600015.SH,buy,37.82610626522516,27.186706559999998,1028.3672513400538,0.2056734502680108
2021-10-11,601229.SH,buy,3.229255052193828,21.161125274999996,68.33467070440025,0.013666934140880051
2021-10-11,601169.SH,sell,7.0513874111618176,17.215907740000002,121.3960351095593,0.024279207021911862
2021-10-11,601998.SH,buy,11017.372509733754,7.46965296,82295.94917875537,16.459189835751076
2021-10-11,600016.SH,buy,22.71402682483115,113.65732025999999,2581.615421224065,0.516323084244813
2021-10-11,600050.SH,buy,12177.095931810993,6.7582574399999995,82295.94917875537,16.459189835751076
2021-10-11,601006.SH,sell,10.56451072011655,12.9589173,136.9046207369538,0.02738092414739076
2021-10-11,600848.SH,buy,1954.88605566741,42.097568265,82295.94917875537,16.459189835751076
2021-10-11,601319.SH,buy,15036.345014600656,5.473135200000001,82295.94917875537,16.459189835751076
2021-10-11,601818.SH,buy,156.88276198100732,5.540018625,869.1334233162224,0.1738266846632445
2021-10-11,601607.SH,buy,3.057968610593477,195.4534779,597.6906002495258,0.11953812004990516
2021-10-11,601939.SH,sell,16.489667766364633,11.784184960000001,194.31729488779092,0.038863458977558184
2021-10-11,002252.SZ,buy,13.537007516494388,166.99445550000002,2260.605199316388,0.45212103986327756
2021-11-02,601328.SH,sell,8607.961692279716,9.850972050000001,84796.7900381182,16.95935800762364
2021-11-02,002252.SZ,sell,491.7082642320621,161.26662635000002,79296.13292111905,15.85922658422381
2021-11-02,601607.SH,sell,421.34397921392105,184.81758498000002,77871.77668418022,15.574355336836046
2021-11-02,601319.SH,sell,15036.345014600656,5.22582578,78577.31941427459,15.71546388285492
2021-11-02,601988.SH,sell,153.4152213932259,6.216710089999999,953.7379547948511,0.19074759095897023
2021-11-02,601288.SH,sell,235.91753221916701,5.17149296,1220.0458570119954,0.24400917140239908
2021-11-02,601916.SH,buy,592.2320170906609,3.7611596400000002,2227.479160197184,0.44549583203943677
2021-11-02,601998.SH,sell,12.95483186907179,7.36527552,95.4159060309903,0.01908318120619806
2021-11-02,601006.SH,sell,94.23460544352871,12.9589173,1221.1784587408183,0.24423569174816367
2021-11-02,600016.SH,sell,3.4522352238287417,112.39681348,388.02023854176514,0.07760404770835304
2021-11-02,601398.SH,sell,149.739951033622,9.318168585000002,1395.302107640935,0.279060421528187
2021-11-02,688009.SH,buy,15361.685886409767,5.2777375499999994,81074.94643400985,16.21498928680197
2021-11-02,600000.SH,buy,20.209312526241618,122.71554711000002,2479.9968433747167,0.4959993686749434
2021-11-02,601939.SH,sell,34.58245489326173,11.66712352,403.4777728645131,0.08069555457290262
2021-11-02,600050.SH,buy,91.83101154711771,6.61274472,607.2550367404617,0.12145100734809235
2021-11-02,601229.SH,sell,10.860715539479786,20.884592480000002,226.82161808323872,0.045364323616647745
2021-11-02,601169.SH,sell,91.9614785534148,17.293109120000004,1590.2998834607424,0.3180599766921485
2021-11-02,601077.SH,buy,10.154957419726438,4.256377124999999,43.223328466672626,0.008644665693334526
2021-11-02,600015.SH,sell,29.085728162312854,27.016085200000003,785.7825101370836,0.15715650202741674
2021-11-02,601818.SH,sell,305.0011139967278,5.566565325,1697.808625260557,0.3395617250521114
2021-11-02,600848.SH,buy,23.319713161942943,41.01243597,956.3982428929512,0.19127964857859026
2021-11-02,601766.SH,buy,10630.477514863247,7.626651419999999,81074.94643400985,16.21498928680197
2021-11-02,601901.SH,buy,9557.930563348073,8.482479119999999,81074.94643400985,16.21498928680197
2021-11-02,000728.SZ,buy,4075.315779095033,19.838594339999997,80848.5365488674,16.169707309773482
2021-12-02,600000.SH,sell,661.1221859728564,120.48164904000002,79653.09118293932,15.930618236587863
2021-12-02,600848.SH,sell,1978.2057688293528,39.609435375000004,78355.61355889845,15.67112271177969
2021-12-02,601766.SH,sell,10630.477514863247,7.772431839999999,82624.66191092717,16.524932382185433
2021-12-02,000728.SZ,sell,4075.315779095033,20.16797097,82190.85032637155,16.43817006527431
2021-12-02,601988.SH,sell,130.02594839971536,6.19646022,805.7006168266089,0.1611401233653218
2021-12-02,601229.SH,buy,39.302657825057885,20.422616205,802.6630965975972,0.16053261931951945
2021-12-02,000703.SZ,buy,800.5485893512456,99.93752379,80004.84369334104,16.00096873866821
2021-12-02,601169.SH,buy,11.589026004194341,17.039935709999998,197.47625805298975,0.03949525161059795
2021-12-02,601939.SH,buy,157.7120668178345,11.268671519999998,1777.2054757104686,0.3554410951420937
2021-12-02,601077.SH,sell,153.4346763407034,4.230033925,649.0338861925702,0.12980677723851405
2021-12-02,601288.SH,sell,48.41549248939883,5.119079180000001,247.84273959192797,0.049568547918385594
2021-12-02,601916.SH,sell,407.9009128958194,3.7793094000000007,1541.5837543757516,0.3083167508751503
2021-12-02,601398.SH,buy,127.75155923486578,9.0711333,1158.8514231023134,0.2317702846204627
2021-12-02,600016.SH,sell,7.700091626523036,112.11008691500001,863.2579415029613,0.17265158830059227
2021-12-02,601998.SH,sell,73.36177164150251,7.316819760000001,536.7748603751534,0.10735497207503068
2021-12-02,600050.SH,buy,240.49464470750743,6.399958379999999,1539.1557167409346,0.30783114334818695
2021-12-02,601607.SH,buy,433.3944322862349,184.60053414,80004.84369334103,16.000968738668206
2021-12-02,600015.SH,sell,50.05107654962889,27.11171736,1356.9706409772625,0.2713941281954525
2021-12-02,601328.SH,buy,8325.978395286018,9.60906213,80004.84369334104,16.00096873866821
2021-12-02,688009.SH,sell,130.41990842410752,5.251073150000001,684.8444793512899,0.13696889587025798
2021-12-02,600705.SH,buy,396.12293362178644,201.9697344,80004.84369334104,16.00096873866821
2021-12-02,601901.SH,buy,328.5114410674028,8.097856904999999,2660.238641419168,0.5320477282838336
2021-12-02,601818.SH,buy,60.74086466392857,5.475786524999999,332.6040082435887,0.06652080164871774
2021-12-02,601006.SH,buy,70.58227816722285,12.621847769999999,890.8787702864813,0.17817575405729627
2022-01-05,601077.SH,sell,18907.770278179403,4.274211825,80815.81530737794,16.16316306147559
2022-01-05,601006.SH,sell,6324.963209617079,13.28803266,84046.31770269018,16.809263540538037
2022-01-05,601901.SH,sell,9886.442004415476,8.235150364999999,81416.33648121342,16.283267296242684
2022-01-05,000703.SZ,sell,800.5485893512456,101.73388761000001,81442.92021540368,16.288584043080736
2022-01-05,601607.SH,sell,433.3944322862349,205.29710010000002,88974.62014784986,17.794924029569973
2022-01-05,600705.SH,sell,396.12293362178644,210.17486000000002,83255.08211674826,16.651016423349652
2022-01-05,601229.SH,buy,82.79021829181679,20.365807814999997,1686.089674693038,0.33721793493860763
2022-01-05,601288.SH,buy,231.4521738946182,5.14168956,1190.0552261532628,0.23801104523065256
2022-01-05,601988.SH,buy,193.14623280644227,6.2229299099999995,1201.9354691350327,0.24038709382700654
2022-01-05,600016.SH,buy,13.040343041308105,112.222253085,1463.4166770968968,0.29268333541937935
2022-01-05,601169.SH,buy,21.689939470408145,17.27177157,374.6236799000162,0.07492473598000325
2022-01-05,601328.SH,buy,84.67090200960702,9.69298407,820.7137043716518,0.16414274087433037
2022-01-05,601398.SH,buy,45.73338852156679,9.18945243,420.264798281646,0.08405295965632921
2022-01-05,600015.SH,buy,80.63963457241584,26.89952304,2169.1677081178805,0.4338335416235761
2022-01-05,600050.SH,sell,26.497331351275093,6.52437618,172.87855750182644,0.034575711500365286
2022-01-05,688009.SH,sell,91.4737003770282,5.37940895,492.0744424978039,0.09841488849956079
2022-01-05,601939.SH,sell,41.37087311668737,11.530551840000001,477.0289971380261,0.09540579942760523
2022-01-05,601818.SH,buy,624.6413493028505,5.3473223249999995,3340.1586322452554,0.6680317264490511
2022-01-05,600000.SH,buy,674.7204700056467,120.74308137,81467.82861189645,16.29356572237929
2022-01-05,601998.SH,sell,40.5053313089617,7.478338960000001,302.91259721551614,0.06058251944310323
2022-01-05,600837.SH,buy,280.7211643827662,290.20907201999995,81467.82861189643,16.293565722379288
2022-01-05,000800.SZ,buy,3163.9062961894724,25.749128129999995,81467.82861189645,16.29356572237929
2022-01-05,601916.SH,buy,18.80565242409902,3.84888348,72.38076494573667,0.014476152989147334
2022-01-05,601336.SH,buy,1835.0946867217926,44.39434608,81467.82861189645,16.29356572237929
2022-01-05,601628.SH,buy,2145.0406277230645,37.979620319999995,81467.82861189645,16.29356572237929
2022-01-05,601319.SH,buy,16232.017664098159,4.997377440000001,81117.51888024565,16.22350377604913
2022-02-08,600050.SH,sell,12482.924256714343,6.14828432,76748.56747530444,15.34971349506089
2022-02-08,601328.SH,sell,8410.649297295626,10.207283805000001,85849.88436182028,17.169976872364057
2022-02-08,600837.SH,sell,280.7211643827662,272.06338026000003,76373.94889249849,15.274789778499699
2022-02-08,000800.SZ,sell,3163.9062961894724,23.683432359999998,74932.16075918148,14.986432151836297
2022-02-08,601336.SH,sell,1835.0946867217926,43.50975423999999,79844.51882639498,15.968903765278997
2022-02-08,601628.SH,sell,2145.0406277230645,35.3513155,75830.0079909561,15.16600159819122
2022-02-08,601319.SH,sell,16232.017664098159,4.865725920000001,78980.54908210027,15.796109816420056
2022-02-08,601916.SH,buy,173.1276442544281,3.7940560800000003,656.8559912995901,0.13137119825991803
2022-02-08,601988.SH,sell,289.6589124411652,6.31795944,1830.0532602377932,0.36601065204755867
2022-02-08,601229.SH,buy,3.2428661827576772,20.22378684,65.58303443073575,0.013116606886147152
2022-02-08,601398.SH,sell,203.72689121654338,9.337868730000002,1902.3749669510726,0.3804749933902145
2022-02-08,600016.SH,sell,6.327383028653451,112.39681348,711.1776900880795,0.1422355380176159
2022-02-08,601288.SH,sell,413.23037158239225,5.241378,2165.896578543776,0.4331793157087552
2022-02-08,601006.SH,buy,5825.408521462277,13.898445749999999,80964.12430713116,16.19282486142623
2022-02-08,601728.SH,buy,19221.772559594592,4.212104999999999,80964.12430713116,16.19282486142623
2022-02-08,000703.SZ,buy,838.0011829644226,96.61576373999999,80964.12430713116,16.19282486142623
2022-02-08,601818.SH,sell,449.51503025021043,5.470313475,2458.988127192759,0.49179762543855177
2022-02-08,688009.SH,buy,305.4101038988545,5.2456215,1602.0658073290651,0.32041316146581306
2022-02-08,601169.SH,sell,131.88095729222093,17.640515330000003,2326.4480488484987,0.46528960976969974
2022-02-08,601989.SH,buy,11799.978488599832,6.861378975,80964.12430713116,16.19282486142623
2022-02-08,600015.SH,sell,86.82238805138861,27.494246,2387.116095392339,0.47742321907846785
2022-02-08,600000.SH,sell,0.5559029603829008,120.05940027000001,66.74137603188865,0.01334827520637773
2022-02-08,601998.SH,sell,385.17033331802816,7.70446584,2967.5316756301618,0.5935063351260323
2022-02-08,601816.SH,buy,15317.92192905716,5.2855814699999994,80964.12430713118,16.192824861426235
2022-02-08,601939.SH,sell,295.72519521949266,11.95977712,3536.807423593622,0.7073614847187244
2022-02-08,600999.SH,buy,2431.5419844442804,33.297440400000006,80964.12430713116,16.19282486142623
2022-02-08,000725.SZ,buy,3300.877540652337,24.410479139999996,80576.00234978835,16.11520046995767
2022-03-02,601939.SH,sell,6767.5223173151235,11.86222592,80277.87864663392,16.055575729326787
2022-03-02,601006.SH,sell,5825.408521462277,13.96683309,81362.50850032731,16.27250170006546
2022-03-02,601728.SH,sell,19221.772559594592,4.11794,79154.10609405696,15.830821218811392
2022-03-02,601816.SH,sell,15317.92192905716,5.138409510000001,78709.75571370487,15.741951142740975
2022-03-02,000725.SZ,sell,3300.877540652337,23.146950735,76405.24981574761,15.281049963149522
2022-03-02,601138.SH,buy,6815.543284704473,11.679887025,79604.77557934565,15.92095511586913
2022-03-02,600016.SH,sell,10.28170906317778,112.11008691500001,1152.6832967076043,0.23053665934152087
2022-03-02,601988.SH,sell,215.05442161540134,6.31795944,1358.705113158765,0.27174102263175304
2022-03-02,601229.SH,sell,5.45335146460253,19.891439305,108.47500966697407,0.021695001933394815
2022-03-02,000703.SZ,buy,17.59254662101933,93.10418883000001,1637.9397826039624,0.3275879565207925
2022-03-02,601169.SH,sell,37.153352456689134,17.486112570000003,649.6677034105523,0.12993354068211047
2022-03-02,601288.SH,sell,208.38931146199295,5.223906740000001,1088.6063286902645,0.21772126573805292
2022-03-02,601818.SH,buy,12.352254713846639,5.379438375,66.44819302544126,0.013289638605088252
2022-03-02,601989.SH,sell,358.8409858832102,6.955570475000001,2495.9437666291487,0.4991887533258298
2022-03-02,688009.SH,sell,39.0384804459528,5.165515950000001,201.65389340733236,0.04033077868146647
2022-03-02,600000.SH,sell,1.8615882730139048,118.37040519000001,220.3569581736083,0.04407139163472166
2022-03-02,601916.SH,sell,236.46108952380018,3.7683548800000004,891.0693006371293,0.17821386012742588
2022-03-02,601398.SH,sell,17.692576428337894,9.199967715000001,162.77113193587866,0.032554226387175735
2022-03-02,600848.SH,buy,2010.5558444551143,39.593416815,79604.77557934565,15.92095511586913
2022-03-02,600015.SH,buy,7.064251747615518,26.995250879999997,190.70124820635934,0.03814024964127187
2022-03-02,601998.SH,buy,182.17833335663195,7.45348488,1357.8634531372559,0.2715726906274512
2022-03-02,601607.SH,buy,427.2731431690006,186.30886787999998,79604.77557934565,15.92095511586913
2022-03-02,601766.SH,buy,10670.454791251777,7.460298284999999,79604.77557934565,15.92095511586913
2022-03-02,600332.SH,buy,1746.638942660543,45.5759766,79604.77557934565,15.92095511586913
2022-03-02,600999.SH,buy,88.93606602624664,31.493829045,2800.937259365444,0.5601874518730888
2022-04-06,601998.SH,sell,10687.558574952822,8.415150320000002,89937.411962033,17.9874823924066
2022-04-06,000703.SZ,sell,855.5937295854419,80.68549707,69034.00536157654,13.806801072315308
2022-04-06,600999.SH,sell,2520.478050470527,28.967538985000004,73012.0461878418,14.602409237568361
2022-04-06,600848.SH,sell,2010.5558444551143,39.77621194500001,79972.2953963051,15.99445907926102
2022-04-06,601607.SH,sell,427.2731431690006,243.94716540000005,104232.07212762609,20.846414425525218
2022-04-06,600332.SH,sell,1746.638942660543,48.5780988,84848.39912449139,16.96967982489828
2022-04-06,601288.SH,sell,417.15104644084295,5.363676819999999,2237.4633982334926,0.44749267964669853
2022-04-06,601398.SH,sell,210.58969583643298,9.416669310000001,1983.0535257851736,0.3966107051570347
2022-04-06,601988.SH,sell,630.8533421415502,6.641957359999999,4190.100998917667,0.8380201997835335
2022-04-06,601728.SH,buy,19814.804371148868,4.012004999999999,79497.0942110711,15.89941884221422
2022-04-06,601989.SH,buy,846.9987465706527,6.4736351999999995,5483.160900155656,1.0966321800311314
2022-04-06,601169.SH,sell,85.0510902694225,17.794918090000003,1513.4771848095697,0.302695436961914
2022-04-06,601939.SH,buy,6481.786239844399,12.26468928,79497.0942110711,15.89941884221422
2022-04-06,601229.SH,buy,173.0993128744336,19.059214844999996,3299.1369935957036,0.6598273987191408
2022-04-06,601818.SH,buy,68.74790992488455,5.3473223249999995,367.6172335384242,0.07352344670768485
2022-04-06,601916.SH,buy,345.681884915619,3.70633224,1281.2119148467284,0.2562423829693457
2022-04-06,600028.SH,buy,5177.320001583804,15.3548736,79497.0942110711,15.89941884221422
2022-04-06,600015.SH,buy,11.76392842346321,26.851659119999997,315.8809959389131,0.06317619918778263
2022-04-06,600000.SH,buy,33.47703543508607,112.712328,3773.274598427044,0.7546549196854089
2022-04-06,600016.SH,buy,8.22163365449498,110.78718590999999,910.851656164448,0.1821703312328896
2022-04-06,600104.SH,buy,470.1871605080045,169.075425465,79497.0942110711,15.89941884221422
2022-04-06,601138.SH,buy,666.1226224974952,10.632363525,7082.457874619712,1.4164915749239424
2022-04-06,002736.SZ,buy,7052.78361884831,11.27173305,79497.09421107109,15.899418842214219
2022-04-06,688009.SH,buy,1180.3331851574537,4.7959968,5660.874178948956,1.1321748357897912
2022-04-06,601766.SH,buy,862.910490988218,6.897256904999999,5951.715342365426,1.1903430684730854
2022-04-06,601319.SH,buy,16214.248178573811,4.88115936,79144.3292622085,15.8288658524417
2022-05-06,601989.SH,sell,12288.136249287274,5.928234400000001,72846.9520249118,14.569390404982363
2022-05-06,601138.SH,sell,7481.665907201968,9.868273395,73831.12462231972,14.766224924463945
2022-05-06,601766.SH,sell,11533.365282239996,6.3662352900000005,73424.11707225708,14.684823414451417
2022-05-06,600104.SH,sell,470.1871605080045,163.78196805000005,77008.17849984224,15.401635699968448
2022-05-06,002736.SZ,sell,7052.78361884831,10.243975449999999,72248.54224564423,14.449708449128847
2022-05-06,601319.SH,sell,16214.248178573811,4.802397600000001,77867.26653858725,15.573453307717452
2022-05-06,601288.SH,sell,578.3269938681469,5.363676819999999,3101.9590913908614,0.6203918182781724
2022-05-06,601988.SH,sell,216.00898234858738,6.50020827,1404.1033734565717,0.28082067469131433
2022-05-06,601728.SH,buy,135.47030232684745,3.831915,519.1106835407817,0.10382213670815633
2022-05-06,601398.SH,sell,260.94969120167235,9.337868730000002,2436.713961575253,0.4873427923150506
2022-05-06,601939.SH,buy,20.59532055119985,11.75691552,242.13744382777648,0.0484274887655553
2022-05-06,601328.SH,buy,7311.693899189341,10.448281530000001,76394.63631991368,15.278927263982737
2022-05-06,600050.SH,buy,13335.043327081426,5.728863,76394.63631991368,15.278927263982737
2022-05-06,601818.SH,buy,284.3300978728801,5.0422198499999995,1433.6548634470787,0.2867309726894158
2022-05-06,600016.SH,buy,11.675422409130187,104.759903775,1223.116128112957,0.24462322562259142
2022-05-06,600015.SH,buy,33.92675930397459,25.511469359999996,865.5214804674426,0.17310429609348854
2022-05-06,600000.SH,sell,22.40710907445472,111.75517446000002,2504.1103837599367,0.5008220767519873
2022-05-06,601169.SH,sell,59.57798966530589,17.33170981,1032.5884279422608,0.20651768558845215
2022-05-06,601006.SH,buy,5664.467695670462,13.486639949999999,76394.63631991368,15.278927263982737
2022-05-06,601229.SH,buy,11.885158261590698,18.263897385,217.0693108941775,0.043413862178835506
2022-05-06,600900.SH,buy,1005.0621110188171,76.00986594,76394.63631991368,15.278927263982737
2022-05-06,600028.SH,sell,140.87947005896757,15.1636144,2136.2419608505297,0.42724839217010596
2022-05-06,601916.SH,sell,527.9725526083597,3.6478551600000007,1925.9674003707767,0.3851934800741553
2022-05-06,600887.SH,buy,25.77062348492038,2964.40776315,76394.63631991368,15.278927263982737
2022-05-06,600837.SH,buy,360.05999450200545,208.60246910999996,75109.40388085134,15.021880776170269
2022-05-06,688009.SH,sell,207.90017735678128,4.6628674000000006,969.4109594511538,0.19388219189023076
2022-06-02,688009.SH,sell,16378.596908862202,4.8232871500000005,78998.6760055448,15.79973520110896
2022-06-02,600000.SH,sell,683.3729051328812,111.05142651000001,75889.53595328936,15.177907190657873
2022-06-02,600900.SH,sell,1005.0621110188171,79.46954535000002,79871.82901117664,15.97436580223533
2022-06-02,600887.SH,sell,25.77062348492038,2880.33857027,74228.12080352206,14.845624160704412
2022-06-02,601988.SH,buy,89.53348640870982,6.466171469999999,578.9388754256321,0.11578777508512643
2022-06-02,601728.SH,sell,281.46999831239714,3.8880550000000005,1094.3708342885075,0.2188741668577015
2022-06-02,601939.SH,buy,63.20610932710053,11.65926672,736.9368869781448,0.14738737739562896
2022-06-02,601169.SH,buy,65.64358015223658,17.11721433,1123.6352308543676,0.22472704617087352
2022-06-02,601288.SH,buy,303.34427409727306,5.26411074,1596.8378511929589,0.3193675702385918
2022-06-02,601229.SH,buy,25.24067074915462,18.1786848,458.84219768946167,0.09176843953789234
2022-06-02,601398.SH,buy,187.44849847801166,9.150012719999998,1715.156145418707,0.3430312290837414
2022-06-02,601818.SH,buy,166.8267494240107,4.994045775,833.1404231179644,0.16662808462359288
2022-06-02,600050.SH,buy,181.54834883764357,5.663390279999999,1028.1791541571597,0.20563583083143194
2022-06-02,601916.SH,buy,543.9471884808149,3.563781,1938.5086553113472,0.38770173106226946
2022-06-02,600015.SH,sell,7.185869534048311,25.5816028,183.82606019264495,0.03676521203852899
2022-06-02,600016.SH,sell,24.157745567118116,108.38264157,2618.2802789402194,0.5236560557880439
2022-06-02,600028.SH,sell,85.13462830082906,15.445073599999999,1314.9106000149477,0.26298212000298954
2022-06-02,601006.SH,sell,107.28088719460486,13.761135990000001,1476.3068778128072,0.29526137556256143
2022-06-02,601328.SH,buy,104.18913513173835,10.32239862,1075.4817847028494,0.2150963569405699
2022-06-02,601766.SH,buy,11790.934567565135,6.487772265,76496.89826587886,15.299379653175773
2022-06-02,601211.SH,buy,4555.210935759634,16.793272439999996,76496.89826587884,15.29937965317577
2022-06-02,600837.SH,sell,1.5798227358973504,213.32776276,337.0200498063641,0.06740400996127283
2022-06-02,000166.SZ,buy,12801.872081422589,5.975446229999999,76496.89826587886,15.299379653175773
2022-06-02,601628.SH,buy,2469.4000498284563,30.88975716,76279.1678700929,15.255833574018581
