date,strategy_nav,benchmark_nav
2011-06-01,1000000.0,1000000.0
2011-06-02,986419.0447036083,983866.4417794847
2011-06-03,946508.5403289043,994066.919581529
2011-06-07,1001461.7827443222,1000029.6254576553
2011-06-08,1004480.7585452963,1001490.9261217648
2011-06-09,945882.6119204243,982596.208673735
2011-06-10,997274.3230205262,985939.2252044074
2011-06-13,988936.2764778369,982083.2555248983
2011-06-14,996445.8347425226,996466.9145219001
2011-06-15,889424.7124077888,986334.3422632453
2011-06-16,922971.4834159866,971175.0954422399
2011-06-17,968508.9693020902,962713.1992731445
2011-06-20,959885.2242384763,956967.5248396149
2011-06-21,965753.100968834,968344.0334494718
2011-06-22,963958.2029057419,968180.5941269029
2011-06-23,974618.4034231579,984506.8842573315
2011-06-24,994210.2169480746,1007754.8796291025
2011-06-27,993391.063774409,1010757.7027022078
2011-06-28,843249.3376257156,1012502.9417413712
2011-06-29,933598.0456588545,998667.1872758328
2011-06-30,991604.7343541364,1013286.851323143
2011-07-01,994197.0038028329,1015169.565800638
2011-07-04,1009112.4776464624,1039214.4526962996
2011-07-05,1007981.2406874754,1039387.5452578798
2011-07-06,1003580.1834561903,1036462.2809671747
2011-07-07,1001077.3591570504,1032457.1853884581
2011-07-08,1004680.8784977881,1034954.7113298737
2011-07-11,1004199.6116391772,1036293.8485899449
2011-07-12,992596.2240524723,1017552.9172254729
2011-07-13,1003755.3034667767,1033977.4040975668
2011-07-14,1007179.4188526196,1037139.006308891
2011-07-15,1012890.338839746,1041514.2536731408
2011-07-18,1008647.383417468,1039420.8322889529
2011-07-19,1000906.418525127,1030275.2205016157
2011-07-20,997979.0274415207,1029090.8679360345
2011-07-21,993009.0364034378,1018296.5494996461
2011-07-22,993181.7845945376,1021241.1202683735
2011-07-25,968227.1423817389,988055.2817697251
2011-07-26,972008.4524827098,991209.8937045237
2011-07-27,973083.3150989232,998628.2414494773
2011-07-28,964718.8240282042,992287.0620300496
2011-07-29,914767.7860649871,989316.8602473959
2011-08-01,965354.019801492,991194.9145405409
2011-08-02,953501.2559401923,984092.1278501605
2011-08-03,951876.2542991719,983588.4950700243
2011-08-04,950797.8477197229,985398.976690091
2011-08-05,927380.0816743282,964464.0971075901
2011-08-08,891906.218549867,930005.3625407058
2011-08-09,887735.2749813291,931434.3747846746
2011-08-10,894842.7209717351,940065.7019419322
2011-08-11,903843.9840614531,954313.8827224664
2011-08-12,911071.9550009972,957123.6410153477
2011-08-15,919988.1230307211,971276.6208870128
2011-08-16,914200.1946399523,964518.68783855
2011-08-17,912275.7497137694,960668.0440840125
2011-08-18,852376.9444191356,943439.0096708811
2011-08-19,889390.7414126663,934587.9881085411
2011-08-22,885390.4954042772,924642.8218348277
2011-08-23,898432.0569741792,939028.1451833834
2011-08-24,892956.5239235276,935370.8990793807
2011-08-25,917768.0575231848,966601.1245024838
2011-08-26,914143.2586451655,965728.6714180575
2011-08-29,900979.1454697021,949615.418286497
2011-08-30,899956.8437259599,945930.8768170142
2011-08-31,856890.7522461922,947607.211701856
2011-09-01,898432.0365211398,943532.5462281966
2011-09-02,889949.7960658111,933319.7522246555
2011-09-05,830654.8934612598,913335.2173792921
2011-09-06,868360.4676281733,906506.7158249542
2011-09-07,878436.7535431185,925076.5518497105
2011-09-08,876818.4549130115,917425.5277575561
2011-09-09,878679.1312925152,915757.847500793
2011-09-13,871766.4117027352,905501.4474865462
2011-09-14,872429.3259523829,909770.5092216728
2011-09-15,828080.4615260666,908420.0543710366
2011-09-16,872988.0937394227,910063.1022248054
2011-09-19,861070.3513265918,891849.4374325314
2011-09-20,775865.0407526343,895369.5409685129
2011-09-21,878197.8606418307,922387.2926093139
2011-09-22,858124.7450174429,893985.7990868037
2011-09-23,809410.6745604535,888589.9713498524
2011-09-26,798018.250490901,869097.4188237495
2011-09-27,846226.9074833138,878071.6024010602
2011-09-28,841240.491294405,868987.9044915191
2011-09-29,834243.9402902677,861529.9451795886
2011-09-30,831179.7597487726,859255.1094760522
2011-10-10,828788.5818464626,851176.679904919
2011-10-11,834423.5175645521,849483.0357639191
2011-10-12,811003.3488845502,880361.4172685794
2011-10-13,857778.1305529354,886300.8222229546
2011-10-14,854603.9115973223,883365.2389526169
2011-10-17,855158.8997019969,887748.808074635
2011-10-18,843964.8476889031,862869.4153099705
2011-10-19,843550.5964148379,859830.975113617
2011-10-20,787380.966056601,839010.2700476971
2011-10-21,826402.0488905656,834797.7962653949
2011-10-24,841219.7246812844,857696.6106812091
2011-10-25,852450.0505126386,873926.035551215
2011-10-26,858281.8674340005,882656.2251907598
2011-10-27,863432.2306380031,884595.5276210792
2011-10-28,870754.229057621,901751.3305658496
2011-10-31,867465.97263104,897187.6786057261
2011-11-01,867848.7134310594,897928.9807877244
2011-11-02,877735.2551643207,912860.2114458788
2011-11-03,878839.702301001,913496.3266096859
2011-11-04,885532.1388330748,919968.9898018524
2011-11-07,882689.4263508167,910815.7219973684
2011-11-08,884958.4027244148,907973.6752843462
2011-11-09,888184.2275591127,915943.9220044918
2011-11-10,833288.1275381874,898612.6964059661
2011-11-11,877674.2562095077,897086.1531609532
2011-11-14,889305.0445039027,915458.2642211352
2011-11-15,798304.0195373044,913622.484457453
2011-11-16,869538.0134265051,888802.3426080989
2011-11-17,869771.4880382277,886106.4259614876
2011-11-18,857434.4854207557,867624.800569075
2011-11-21,858115.3659947275,868687.3226009288
2011-11-22,856740.8523412861,868616.7540950538
2011-11-23,854608.599644985,860140.544502597
2011-11-24,855282.6677557959,861772.9405064223
2011-11-25,850952.0016547885,855467.7110805536
2011-11-28,854616.2534442275,856582.1608808814
2011-11-29,818456.4119026135,868315.1735935315
2011-11-30,841650.4449088881,839339.1459146994
2011-12-01,854565.5920260984,860008.0621189259
2011-12-02,846154.5321009677,851252.9072060765
2011-12-05,842687.5626344326,839294.2084227507
2011-12-06,796589.743301287,837615.210575423
2011-12-07,798555.7462837499,841572.0399590837
2011-12-08,797363.5745518409,840497.8674663545
2011-12-09,791531.1388936642,833327.8409732062
2011-12-12,828603.3954703127,824750.1059359764
2011-12-13,818589.7492832768,806187.925928367
2011-12-14,813068.7952596575,798049.912571613
2011-12-15,799791.6919765067,779178.828915645
2011-12-16,810798.5497316765,795602.9829174286
2011-12-19,806529.1867787899,793698.6318697359
2011-12-20,764133.3927381384,791257.0281405232
2011-12-21,763678.4157564514,778619.6067936169
2011-12-22,798047.8255538797,779360.9089756149
2011-12-23,801825.2208900872,785293.9893940862
2011-12-26,798375.4220470338,777485.8505152668
2011-12-27,789931.7388485401,767277.7166960759
2011-12-28,791915.8450111474,768240.7105050208
2011-12-29,793210.7438609683,769383.4542817608
2011-12-30,800557.6136504817,780827.868435007
2012-01-04,792528.1927656607,765186.625404063
2012-01-05,796389.414655523,757740.9822936298
2012-01-06,762764.7145924242,762473.066630983
2012-01-09,817820.8340330847,788426.6318883767
2012-01-10,831481.562811691,814649.8220974625
2012-01-11,825157.6238285545,810741.5917791686
2012-01-12,827043.978225353,810612.1052282942
2012-01-13,822888.4322987612,797002.7025740528
2012-01-16,737776.6549421649,780796.911496109
2012-01-17,843101.9752393388,819061.0194552711
2012-01-18,834375.6560256657,806274.8050794678
2012-01-19,844950.3303130192,821640.4314931263
2012-01-20,852870.24735347,833535.8849174131
2012-01-30,836254.1344774006,819100.6310222481
2012-01-31,838515.1286119322,820278.9919222363
2012-02-01,828893.2560099119,808539.987543993
2012-02-02,843286.3360501212,827594.8156114843
2012-02-03,846969.1205854239,834202.9570201185
2012-02-06,845860.4364419646,833614.4423107458
2012-02-07,833061.4668646975,818179.9117427659
2012-02-08,849353.6857031584,841574.7029215695
2012-02-09,847776.4403096224,841905.908880747
2012-02-10,844898.9286456298,843368.2081557886
2012-02-13,842281.8027865196,842821.3022352576
2012-02-14,838327.9640303785,839534.5407870986
2012-02-15,841373.5421455855,848688.474332204
2012-02-16,838375.7598878564,844183.7404170799
2012-02-17,840129.5500176483,844520.6051715397
2012-02-20,841293.6830426813,845725.5956963864
2012-02-21,843713.9283969797,852964.5263438558
2012-02-22,845131.3505157162,864622.6432365914
2012-02-23,804743.8296962016,867545.2445648104
2012-02-24,855548.3366590753,881446.2416112521
2012-02-27,857275.3927561585,884294.2799898675
2012-02-28,821429.8645994918,886254.8861200737
2012-02-29,771808.72049964,876827.9989201688
2012-03-01,771699.9150990329,876562.3684122053
2012-03-02,777927.617126342,892070.463318857
2012-03-05,769206.4997784001,886333.1106430955
2012-03-06,803482.9869286525,872470.3936823879
2012-03-07,843649.0581294317,866463.0831846236
2012-03-08,847312.7677564624,877376.5691922538
2012-03-09,850622.9327829297,886867.0346215083
2012-03-12,846407.6448527036,883571.6185452703
2012-03-13,852088.4046143333,892449.6026027795
2012-03-14,838892.9297517072,867162.4437074697
2012-03-15,794550.1353487048,860651.5004295692
2012-03-16,837638.1402101419,873291.9176092723
2012-03-19,835761.9146736219,875453.2445368492
2012-03-20,828110.2928243381,860285.0102174543
2012-03-21,827082.6068655504,861399.460017782
2012-03-22,827730.1386725418,860052.6667405639
2012-03-23,824032.1719487453,849797.9310778708
2012-03-26,788565.6513579374,850630.7725953199
2012-03-27,826049.2424541162,847868.2818865625
2012-03-28,810632.206536997,823820.7320284152
2012-03-29,765282.4376360622,813242.779294002
2012-03-30,775035.9051570308,817162.9929434822
2012-04-05,812526.118699083,836447.1686550676
2012-04-06,812404.365927985,838776.5950895639
2012-04-09,804384.8890817584,830560.0243394773
2012-04-10,810291.4682475787,838762.6145365131
2012-04-11,808844.4657544374,838845.1663735744
2012-04-12,821308.2867632104,855621.8300344222
2012-04-13,821110.2013074735,858956.5248073264
2012-04-16,818991.5117395693,856822.82611554
2012-04-17,816591.8543086639,846117.3840521169
2012-04-18,828931.9568681221,865432.1838322894
2012-04-19,828402.7504353432,864149.9673953531
2012-04-20,838692.4424678682,874396.7141705888
2012-04-23,834829.8879219745,867472.678837071
2012-04-24,840397.850858763,867082.5548328942
2012-04-25,842987.3372075929,874114.107276778
2012-04-26,838568.4945812231,875943.8953748669
2012-04-27,795817.5441070006,874169.6966186701
2012-05-02,848730.4874929897,893253.1515328846
2012-05-03,847059.4164268245,895926.4329983661
2012-05-04,850276.8576772544,904035.4866380864
2012-05-07,850632.7798689837,904667.6073581647
2012-05-08,807028.0357483883,901784.284726612
2012-05-09,795740.4890224867,884607.5109522656
2012-05-10,839661.5535255866,884507.6498590461
2012-05-11,794085.1076657302,877751.3811621368
2012-05-14,828588.2017258577,870633.6153077736
2012-05-15,824979.2464582511,871246.0966795188
2012-05-16,818038.381626174,857023.5469129109
2012-05-17,827747.3000595621,870103.6857730898
2012-05-18,783262.9447154279,856800.1909344103
2012-05-21,822956.022136705,861212.3869031512
2012-05-22,826553.4483424778,874625.0632037503
2012-05-23,741064.215179207,871077.9971725997
2012-05-24,819123.4238025352,863885.0026280113
2012-05-25,687797.5885105808,856509.5951531421
2012-05-28,822445.1122909602,870352.3398952058
2012-05-29,784146.6155114907,882390.5946827963
2012-05-30,740050.6679654791,879529.2414917516
2012-05-31,778118.5348310048,876128.6383973227
2012-06-01,820187.4690239298,876446.8624143816
2012-06-04,803558.9267555695,851823.7797889801
2012-06-05,807925.1766226353,851762.5316518059
2012-06-06,769307.1869384882,851282.8655340422
2012-06-07,765308.1790786791,846217.578015647
2012-06-08,760451.3503012996,840274.1786175432
2012-06-11,805739.9414745874,851570.4654825138
2012-06-12,798677.702774507,845549.8401723204
2012-06-13,767141.734233067,859017.1072038795
2012-06-14,802352.9702585,852288.1338724501
2012-06-15,810816.6366409219,854828.9329542607
2012-06-18,811136.1206220089,859208.8405028606
2012-06-19,809136.1877155016,851688.9673131341
2012-06-20,809282.4991654597,849688.4167456402
2012-06-21,802646.895830054,836231.8015640244
2012-06-25,799147.9635651127,817701.909976556
2012-06-26,797849.3978138319,817168.318868454
2012-06-27,754992.5778668514,814598.5600696099
2012-06-28,671165.4713278924,807453.1659794559
2012-06-29,793602.7325975936,819397.5513394203
2012-07-02,790043.1109007756,820604.5390861311
2012-07-03,789402.1225016592,821763.9263784076
2012-07-04,790673.0860591738,820498.3534570079
2012-07-05,783210.2835679547,808998.017091559
2012-07-06,786032.8904239608,823059.7904980839
2012-07-09,769504.5706091734,804226.6540575393
2012-07-10,767800.0761419843,801120.9740584182
2012-07-11,770080.7782528925,807400.9053406712
2012-07-12,767656.2130099034,815259.6405067218
2012-07-13,769770.1449331866,815742.9681979034
2012-07-16,760815.9871062576,798799.2036410687
2012-07-17,763137.2069903623,803615.8370373477
2012-07-18,765576.4132141846,803660.4416589858
2012-07-19,768295.1852820625,806984.8174522574
2012-07-20,764974.5104283277,798374.4611245758
2012-07-23,756145.7675556294,787381.7519829918
2012-07-24,756565.7483677685,790897.195334623
2012-07-25,751917.4020977604,785601.5615612017
2012-07-26,753857.9026135519,781409.0599975433
2012-07-27,757531.4087440856,781948.3099009279
2012-07-30,759700.2186850855,777516.1417135432
2012-07-31,759899.9190109866,776560.4710514342
2012-08-01,762603.5024791984,785124.8912762348
2012-08-02,762619.8415039155,777212.8968604672
2012-08-03,764892.158309946,783489.1665693022
2012-08-06,765777.0736127293,794099.0748535454
2012-08-07,767470.0135312561,795184.8978071503
2012-08-08,769028.2131674144,795491.8042336444
2012-08-09,770349.2287425571,802783.3283902092
2012-08-10,771110.2713149122,798805.8610472834
2012-08-13,768610.8793639437,782888.0027881218
2012-08-14,768829.2894006344,784580.6483181895
2012-08-15,761270.8139751975,776125.4095553085
2012-08-16,759380.2868731318,772149.2736936256
2012-08-17,760418.8333749996,770087.4749889572
2012-08-20,757360.2381896408,766196.886797132
2012-08-21,757571.5600079311,770163.036549493
2012-08-22,755432.6639549723,764132.4251299775
2012-08-23,755852.5469839277,766333.6964948424
2012-08-24,751000.2064275196,757505.3101136321
2012-08-27,746878.2028328666,741702.9578522942
2012-08-28,754590.6934949133,745100.5651139267
2012-08-29,749841.3761272104,737245.8243916046
2012-08-30,751965.0771743285,736099.4190414468
2012-08-31,747935.6881393512,733935.096281073
2012-09-03,745282.6141634594,741757.881453565
2012-09-04,737961.8085028566,733781.6430678262
2012-09-05,733157.6430586922,732273.0748195926
2012-09-06,737707.3921665113,738247.4311565945
2012-09-07,757431.0104544356,771320.0937495944
2012-09-10,755745.7857021922,774478.0343875004
2012-09-11,750630.1652077127,769559.5426761374
2012-09-12,751338.7975056003,772282.7546882287
2012-09-13,747702.740546969,765089.4272733293
2012-09-14,750713.2193231857,770775.1850509276
2012-09-17,741067.5245238161,751855.8351999036
2012-09-18,736269.1663924672,744044.7004882875
2012-09-19,735572.6432361371,747705.2752953974
2012-09-20,722850.8625985841,730966.8917202839
2012-09-21,720944.9088083395,732002.7841272791
2012-09-24,718748.267315448,737479.4993497379
2012-09-25,716488.0924320705,735694.6487435977
2012-09-26,710701.8664215972,727285.3460835979
2012-09-27,725769.0119321047,749529.7374685147
2012-09-28,735108.8297119904,763306.9067593645
2012-10-08,731439.2233282262,755633.580356391
2012-10-09,743143.6498255073,772311.3815349517
2012-10-10,742381.6399612462,773629.5479654468
2012-10-11,741962.4201290322,766444.8751786266
2012-10-12,743478.5260372347,767109.9500594673
2012-10-15,743417.723767039,763889.7626734547
2012-10-16,743809.421309433,764989.8990504208
2012-10-17,745044.7379224235,765869.0095410617
2012-10-18,750067.0287341934,777610.6768817909
2012-10-19,748402.0849221596,776410.0136709836
2012-10-22,749904.885286714,779446.4566454729
2012-10-23,744740.4843795735,769621.7894242443
2012-10-24,744800.4330575331,768191.112828722
2012-10-25,743272.1624948995,762685.4378892295
2012-10-26,734129.4769852059,748261.5015846292
2012-10-29,731674.151496561,744249.4157293871
2012-10-30,733052.8650509126,745590.2173410121
2012-10-31,738423.242463432,750562.6340427134
2012-11-01,749298.8812856385,764897.3611040377
2012-11-02,754762.0355507232,767856.5781664371
2012-11-05,754520.4402961096,766227.5108657192
2012-11-06,752147.9223541723,763007.3234797064
2012-11-07,752984.5435479827,761442.5001489596
2012-11-08,744562.7997059053,747428.66006718
2012-11-09,745373.9548184697,745937.0682047938
2012-11-12,751932.7187225077,749573.3434792204
2012-11-13,743418.3548252675,736455.5902739291
2012-11-14,744229.3535769173,740007.3164894299
2012-11-15,737303.5511360482,730191.9696369017
2012-11-16,733845.9133268157,724738.555336194
2012-11-19,736019.9298148295,723987.9327854954
2012-11-20,733677.9091251383,720624.6111658682
2012-11-21,740133.3435864466,730615.7135424626
2012-11-22,737640.4427986512,724840.4136512777
2012-11-23,741260.4492684468,729876.7414526393
2012-11-26,740320.9741739414,724192.3151562844
2012-11-27,738307.1996535966,715883.5393301252
2012-11-28,737531.3226733507,708734.4836665533
2012-11-29,735397.3549620173,704245.7275263441
2012-11-30,738017.879358875,712229.6219292299
2012-12-03,732020.7916600298,701973.5547852936
2012-12-04,734610.9298468708,709504.0798249636
2012-12-05,752569.9431921933,734937.0359163737
2012-12-06,749435.9390539463,733513.6824676874
2012-12-07,759505.9406098665,747878.7007272885
2012-12-10,766049.2316196037,755963.7877046362
2012-12-11,764001.1188551201,751787.5967862038
2012-12-12,767346.1160363632,754872.3059557489
2012-12-13,762167.8391292789,746506.6093064549
2012-12-14,794460.0071291453,784197.5145905379
2012-12-17,795233.0782359832,787804.1644073094
2012-12-18,798208.4312046389,788276.8402485476
2012-12-19,797120.250709331,789271.7896073229
2012-12-20,797733.5964884788,793834.4429565142
2012-12-21,791160.4713946764,789569.0427948057
2012-12-24,796587.8179610613,792636.442708193
2012-12-25,816670.5615256283,814998.0044424873
2012-12-26,816694.8738757661,818068.400188671
2012-12-27,812558.0450075442,813732.7643913983
2012-12-28,819739.0107327598,825534.6812583697
2012-12-31,833022.5925037125,839815.8161996664
2013-01-04,837527.334011175,840300.8082424016
2013-01-07,837402.3405789558,844154.1149594248
2013-01-08,838708.1960771517,840607.3817985848
2013-01-09,840485.9284539747,840872.3465659269
2013-01-10,843426.5099962156,842351.2893565051
2013-01-11,831469.0072871981,826593.5417168053
2013-01-14,850138.9610110752,858048.1217293412
2013-01-15,854944.964896846,864083.3933332069
2013-01-16,851238.0666041893,857837.4148226484
2013-01-17,849461.3677669513,849737.3486813176
2013-01-18,863278.3675992561,863944.586413632
2013-01-21,820037.6671990155,869090.4285472243
2013-01-22,811841.9879092174,864430.2441969888
2013-01-23,813279.117343609,867944.6889376878
2013-01-24,806296.243353517,859722.4593923187
2013-01-25,807991.4513813821,856033.9234791073
2013-01-28,819629.8226008652,882726.4608263238
2013-01-29,816800.0941868214,890716.3468948028
2013-01-30,823048.3092449616,894992.0660361437
2013-01-31,826509.2914819013,894383.2462378166
2013-02-01,829511.3588323426,913171.1123161017
2013-02-04,836715.7785987381,914736.9342577808
2013-02-05,842591.8584680001,922608.3184956394
2013-02-06,835682.7748473041,923996.0548210773
2013-02-07,837769.6593098347,918678.7844774586
2013-02-08,844106.7280707175,922624.9620111758
2013-02-18,840512.2104550172,911222.8223873925
2013-02-19,784941.6283917159,893958.5037213238
2013-02-20,788715.5161642227,899626.9522427638
2013-02-21,811785.2304794915,868974.2568087791
2013-02-22,809437.8282993112,864332.3803256338
2013-02-25,811320.5200332764,867113.844642103
2013-02-26,798395.0644773669,854676.1454816351
2013-02-27,803157.3917515804,863690.939236855
2013-02-28,814029.7058169858,889871.1891758565
2013-03-01,813171.0173414235,888376.268610363
2013-03-04,791896.8152375204,847392.9430828386
2013-03-05,802508.903350979,873054.581077721
2013-03-06,816795.6172493553,882173.5632401997
2013-03-07,814235.1981578608,871946.7886836077
2013-03-08,814074.7088088361,867768.6005433111
2013-03-11,813037.4001170681,862923.6731706196
2013-03-12,801255.494724171,850688.3591590764
2013-03-13,792591.5597923525,841325.0501885212
2013-03-14,796394.457777105,843584.2409874533
2013-03-15,803596.7925221507,845448.3147275475
2013-03-18,794353.1930165917,833005.6225124187
2013-03-19,800642.6346457687,840529.8230161846
2013-03-20,811213.7692118251,868849.430442255
2013-03-21,816622.3895407444,870451.8681181144
2013-03-22,814413.5593589648,871556.9975497416
2013-03-25,815200.1359650395,869822.410360522
2013-03-26,808895.2691940037,857157.6936481355
2013-03-27,808939.6328713415,859980.4338831354
2013-03-28,756467.5594720294,831943.4333508757
2013-03-29,794266.9021625612,830539.0535099012
2013-04-01,794645.6607612007,829907.931400755
2013-04-02,796950.1571464251,827645.7447690264
2013-04-03,756472.0401765326,826699.061605307
2013-04-08,751794.4779618032,822954.9363502036
2013-04-09,754468.5791104172,828657.3376433381
2013-04-10,759380.1075099475,827285.5790928153
2013-04-11,752986.630346864,824811.3540731511
2013-04-12,751281.203681051,819563.9864947858
2013-04-15,738991.373652765,811144.3648551533
2013-04-16,741133.9169819165,818725.1533117434
2013-04-17,738446.9676452213,818352.6714340353
2013-04-18,737784.7220560159,820475.7182758783
2013-04-19,749307.6388881681,843435.7808288671
2013-04-22,751063.4409424679,842384.909257889
2013-04-23,734230.0993220247,815356.172896834
2013-04-24,742800.3315467172,830704.1571840238
2013-04-25,739426.4956531572,821482.3180955292
2013-04-26,735916.8288825137,814635.5086741011
2013-05-02,769792.4469097181,815412.0951090368
2013-05-03,773020.0087178354,829816.3920653037
2013-05-06,777110.6228024666,840824.7461114924
2013-05-07,777423.5612029285,842141.248190434
2013-05-08,781432.0898511191,846421.9603864359
2013-05-09,776528.884079661,841427.5742442263
2013-05-10,779791.8059779286,845768.8688367814
2013-05-13,778414.389346645,842417.5305483406
2013-05-14,772643.8563336309,829958.1948176754
2013-05-15,774538.353339887,834480.903729579
2013-05-16,779968.980441022,849721.0380360918
2013-05-17,789657.1359737739,862815.8231899427
2013-05-20,792950.9632499022,868660.6929760703
2013-05-21,793341.3233452816,870406.9306261658
2013-05-22,793066.7723286048,871465.7910846014
2013-05-23,785569.2067935108,859753.7492015274
2013-05-24,786675.6185358883,864540.0913995301
2013-05-27,785260.1125811073,865325.3324625447
2013-05-28,794396.0685192908,880228.6020145977
2013-05-29,794571.9798808615,879630.1011959033
2013-05-30,789911.4273998686,876887.9155761003
2013-05-31,788568.7991319458,867601.8325176347
2013-06-03,789764.5916507848,866335.9267259242
2013-06-04,780710.2710395582,854034.0386522348
2013-06-05,780186.7396992064,852327.4125691165
2013-06-06,772493.4473980708,841444.5506300736
2013-06-07,765815.1448258735,826903.1111057852
2013-06-13,746157.373082815,798867.7749250792
2013-06-14,747485.8453034079,804471.3137359268
2013-06-17,743422.3928246282,800166.634877552
2013-06-18,741623.4076285538,805128.39972931
2013-06-19,736726.9525570347,799143.3915423646
2013-06-20,715584.3376900877,772747.1087716987
2013-06-21,709824.8501132122,771391.6608664015
2013-06-24,676832.7811335949,722731.3473624856
2013-06-25,669942.8701764767,720804.3611336631
2013-06-26,664277.5307979094,721761.6961473258
2013-06-27,667989.0188457735,719244.5308575772
2013-06-28,676659.5548379556,732527.3877369912
2013-07-01,716156.3394394984,736747.5175364402
2013-07-02,716542.2046907765,739632.5045195466
2013-07-03,718391.8604912437,733588.9111579127
2013-07-04,723169.8518332859,739630.840167993
2013-07-05,723396.6825210446,741251.9185812536
2013-07-08,709193.3240268396,720204.5288337257
2013-07-09,713832.6858221199,719888.302038531
2013-07-10,725154.7084542548,740325.2076361781
2013-07-11,745800.4043491996,774485.3575343364
2013-07-12,734256.7363935579,757404.1175391698
2013-07-15,737251.6860079878,768030.6693389496
2013-07-16,739665.551262011,771542.7839874735
2013-07-17,733221.9427703695,759888.3286681559
2013-07-18,725635.710183025,747403.0290532536
2013-07-19,714893.7326332779,729145.0925096525
2013-07-22,718124.2004420378,733043.3367186245
2013-07-23,732325.8963151186,754232.5292185236
2013-07-24,728666.8890459596,748675.5922511787
2013-07-25,731316.4099862742,744858.2355277144
2013-07-26,731140.1678817038,740306.2340284664
2013-07-29,722188.415008242,724315.8100415656
2013-07-30,725887.343169018,728782.2638709556
2013-07-31,724224.5959134123,729991.5817098417
2013-08-01,734242.8686075779,747415.0123844399
2013-08-02,733640.1513743885,748047.1331045183
2013-08-05,739830.0188494733,758388.0821776909
2013-08-06,741058.9842687558,763484.9923756056
2013-08-07,735109.7185095872,759151.686670508
2013-08-08,734082.9527367702,757873.1318069899
2013-08-09,736332.53736084,760944.8590344165
2013-08-12,750736.9910711182,783175.2698662827
2013-08-13,752114.9311861864,785263.6981958097
2013-08-14,748352.5213697358,781938.9895322274
2013-08-15,742927.5033663202,772783.7245058791
2013-08-16,740313.1346540386,766981.1292492143
2013-08-19,742406.0177723226,776063.8285478232
2013-08-20,735557.7002932779,769750.943104808
2013-08-21,735661.3539737759,768460.7377804142
2013-08-22,732584.0695207113,766910.5607433392
2013-08-23,729936.4052986184,761250.7668499784
2013-08-26,744767.5940773214,777457.2236685437
2013-08-27,712750.2100551694,779209.7858545431
2013-08-28,761093.9215243789,774940.7241194167
2013-08-29,758219.1830840913,771696.9029413421
2013-08-30,774439.1510393904,770231.9407038143
2013-09-02,764488.987060445,772373.6282830583
2013-09-03,768766.226567841,783743.8123570114
2013-09-04,770361.8618790047,782477.906565301
2013-09-05,765501.8930520031,779494.0570999075
2013-09-06,769191.6984217188,784835.6269762096
2013-09-09,804802.8671506031,812406.2762031348
2013-09-10,809518.530402428,823818.7348065508
2013-09-11,818066.2041470995,826480.032940846
2013-09-12,827717.6082341956,834657.3249942664
2013-09-13,817613.4009376296,828481.5821192721
2013-09-16,813140.2931934969,824982.4494128667
2013-09-17,796299.1955292659,807983.4283844507
2013-09-18,799528.8526499358,809710.3595565237
2013-09-23,804180.1892174415,822951.2747767855
2013-09-24,792114.5104018324,813496.75934109
2013-09-25,786988.974031449,808551.9708751794
2013-09-26,775193.1504910163,793710.2823306116
2013-09-27,778316.0412619287,797214.7409619887
2013-09-30,781125.1561010266,801896.8947527322
2013-10-08,790454.5637535874,812806.3863166337
2013-10-09,791073.5718970443,816724.9356145603
2013-10-10,787785.893445819,808647.5046543592
2013-10-11,798491.0657521646,821693.0250022218
2013-10-14,807581.8300956993,823035.8238357112
2013-10-15,812750.431370932,821363.1505242875
2013-10-16,801340.9572541373,806002.5171652898
2013-10-17,801498.9011288624,803325.9069967009
2013-10-18,799920.3756797455,807561.3488304436
2013-10-21,811451.1342919224,822629.7220566194
2013-10-22,810251.3545164191,814164.4971844165
2013-10-23,800106.8725281297,805043.8506703842
2013-10-24,795425.3794211945,799058.8424834389
2013-10-25,788309.2108494018,788422.9703149587
2013-10-28,794567.0677049841,787555.8431555042
2013-10-29,793622.4901916042,789586.019180653
2013-10-30,811680.9905706148,801375.6198461275
2013-10-31,803408.2527510467,790140.2482480203
2013-11-01,804891.2859059928,793882.3762812595
2013-11-04,803645.1479529574,792382.4626611052
2013-11-05,803371.4225190796,793485.9277411787
2013-11-06,800236.5637879168,783432.9114867887
2013-11-07,805898.3929351106,779100.2715223125
2013-11-08,800099.8340096493,768246.3693003034
2013-11-11,798755.1777245224,770890.6910487514
2013-11-12,802164.9248655087,778916.527110789
2013-11-13,788564.6327728505,761645.8839088163
2013-11-14,788061.5173389636,767099.9639501454
2013-11-15,797134.4128803815,782489.5570261766
2013-11-18,816846.140843473,808509.6963457165
2013-11-19,812877.6223643299,802937.4473440778
2013-11-20,816959.4022697425,807160.5729763233
2013-11-21,817526.7779221475,802213.7872885484
2013-11-22,816666.9421055184,798210.3560613854
2013-11-25,810331.3492017287,795103.6774513319
2013-11-26,808163.2423589143,794699.9057644152
2013-11-27,813649.3785878657,803709.0407243526
2013-11-28,822036.5063037935,812047.109137856
2013-11-29,778635.11125545,811852.0471357675
2013-12-02,786178.8246981822,805142.7131526713
2013-12-03,831175.6823855079,813130.269128975
2013-12-04,838422.6483175069,823898.956551437
2013-12-05,795818.4118754088,821589.5023355846
2013-12-06,834765.6853066809,816293.5356918526
2013-12-09,830997.15179817,815822.5242021682
2013-12-10,831682.1072670625,816638.0564634594
2013-12-11,818970.2962735055,803137.1695305164
2013-12-12,816058.6758140974,802222.4419166272
2013-12-13,808600.4813326712,801098.6717475991
2013-12-16,797103.9464632367,788211.2647973336
2013-12-17,796310.4358469751,784367.6113193217
2013-12-18,795319.1037580274,784650.5510834431
2013-12-19,790171.6729359813,776390.0414523399
2013-12-20,769731.4812191816,758323.8382077197
2013-12-23,771410.8858096512,760476.1776369071
2013-12-24,772997.40870206,761689.8227898327
2013-12-25,776967.124248664,767302.6819693807
2013-12-26,768933.9907094252,754062.4324897402
2013-12-27,775805.4886820266,766759.4376222675
2013-12-30,735588.2519103083,765421.2989731285
2013-12-31,778073.21296433,775596.4786315568
2014-01-02,775044.390148003,772917.538370793
2014-01-03,765812.7113393305,762532.3175462931
2014-01-06,746345.8026679637,745175.7938041519
2014-01-07,743838.382330711,744964.088286527
2014-01-08,737824.3842271316,746265.6112014855
2014-01-09,729057.4207782706,739711.3947831899
2014-01-10,726825.8716164168,733929.4374857907
2014-01-13,734828.340158062,730210.6103743028
2014-01-14,738457.6208126019,736590.7356200858
2014-01-15,733223.778358672,735290.8770566809
2014-01-16,733827.3629001522,736257.1995687332
2014-01-17,725675.794346564,725153.9774839864
2014-01-20,723532.5422141383,720994.7629514013
2014-01-21,728921.883817467,728123.8463963295
2014-01-22,741291.8290670054,746893.0717372135
2014-01-23,735823.2988718823,742929.5849473383
2014-01-24,739556.3387806878,747519.5336620095
2014-01-27,730965.5642993669,737613.6460849625
2014-01-28,735451.8443604372,738923.8236280001
2014-01-29,737639.878324245,741562.1537108548
2014-01-30,730628.2214592826,733130.2158697251
2014-02-07,731839.6298192512,736469.9036972905
2014-02-10,739559.7105564502,754794.7471733486
2014-02-11,748753.3706102063,760795.733135209
2014-02-12,746843.473263005,762687.7679814046
2014-02-13,748696.0289971991,758795.8483083366
2014-02-14,750079.4131267312,764128.7635565595
2014-02-17,750118.6033148087,769478.6551906299
2014-02-18,740403.3092061183,759757.177765728
2014-02-19,758669.8299850061,768483.0400912331
2014-02-20,756737.8023940527,761419.5320975191
2014-02-21,746505.027933922,753716.2473665797
2014-02-24,730675.6348683583,737144.2989468316
2014-02-25,723725.8376855189,718303.8393594511
2014-02-26,725439.7154815005,720133.2945872293
2014-02-27,728483.4785646056,717038.5993083622
2014-02-28,728290.3868850087,725314.7538440697
2014-03-03,730591.9533787464,729109.1425160934
2014-03-04,727767.3489655295,727079.632231566
2014-03-05,722695.7775224604,720323.3635346567
2014-03-06,724508.5826409961,723538.2249956977
2014-03-07,723799.8693335629,721782.0012362804
2014-03-10,703136.8226903529,698291.0105376753
2014-03-11,704984.9183119298,701910.6422965656
2014-03-12,707217.6626849863,703732.4415071969
2014-03-13,713299.7682434717,712453.3107780411
2014-03-14,710039.5895238979,706629.0789511789
2014-03-17,715741.453978976,713353.7249685688
2014-03-18,714175.8554418058,711720.9960944327
2014-03-19,715174.87510514,705974.6559202815
2014-03-20,710254.7074125833,694689.3537755649
2014-03-21,728367.3300686602,718599.7610656909
2014-03-24,741858.1329607009,724510.2063030326
2014-03-25,740657.9394214181,723806.518466147
2014-03-26,737086.7532975974,722677.0895018363
2014-03-27,735265.1701036084,717570.8589352211
2014-03-28,738111.0475594036,716325.2582324654
2014-03-31,736897.4232675486,714441.2122737273
2014-04-01,740377.0084023019,720036.7621971171
2014-04-02,743454.5047986357,725899.2741097135
2014-04-03,736683.1525078263,720666.8856953311
2014-04-04,741372.2594783639,727478.7437341326
2014-04-08,751983.8580424027,744736.072123676
2014-04-09,753142.4034485919,745170.1350088693
2014-04-10,764686.6584157939,756867.5305982712
2014-04-11,763167.891335548,755837.2969865585
2014-04-14,761983.4294064591,755153.9142386274
2014-04-15,752463.5455615548,742122.0415735047
2014-04-16,753067.9057247234,743141.623335274
2014-04-17,752978.4600489364,740570.8659254977
2014-04-18,751133.4621297901,740463.0159448208
2014-04-21,740593.3701340288,728069.9214059911
2014-04-22,741521.1200609559,731247.8342625409
2014-04-23,738929.8647765793,730539.8191116158
2014-04-24,736471.3333892833,729143.7610284096
2014-04-25,733291.1941781092,721604.9142309714
2014-04-28,723336.3648382213,710667.7944312795
2014-04-29,725538.1992028727,718490.5796037712
2014-04-30,728301.8767724008,718553.4920924994
2014-05-05,729245.1959960173,717824.838982309
2014-05-06,729642.973203905,718110.4417089162
2014-05-07,725337.298845645,711449.0410505653
2014-05-08,727152.6333743051,710843.2170850348
2014-05-09,728817.0405492482,710315.6176425259
2014-05-12,742421.4392313781,725675.2523905914
2014-05-13,739264.9994286601,723943.6610341682
2014-05-14,739664.3885621788,723118.142663555
2014-05-15,733864.9457725632,713701.9073135935
2014-05-16,735640.6160214071,714323.7090540393
2014-05-19,731966.4440384434,704068.3076507245
2014-05-20,732822.1075198656,704277.3502058638
2014-05-21,737330.5074184851,710979.3610421239
2014-05-22,736177.3850811066,709302.6932869712
2014-05-23,739638.7567575359,715143.2357590592
2014-05-26,738214.274523237,717660.4010488079
2014-05-27,736772.7405400825,714765.7608266902
2014-05-28,740788.0105972547,722112.874325147
2014-05-29,738547.3107057374,717390.1103564942
2014-05-30,736944.8191965312,717822.8417604447
2014-06-03,738144.8607077792,715643.8727063988
2014-06-04,732528.1467305545,708439.2277009347
2014-06-05,738467.3645263709,715871.5559989389
2014-06-06,734296.73234877,710583.5782426645
2014-06-09,735587.7608606343,710438.7796574965
2014-06-10,741778.8185648591,719421.9507331968
2014-06-11,740984.5451421515,719254.8498372099
2014-06-12,739910.2970712859,716806.2558314718
2014-06-13,746641.4165787463,724406.3507660845
2014-06-16,752614.6913486508,729603.4549275292
2014-06-17,746966.4715323661,722220.0585652025
2014-06-18,742108.7727748385,719079.4271834545
2014-06-19,735209.0915779213,707984.1939861653
2014-06-20,738711.7120182784,711253.6461781661
2014-06-23,735880.9215347508,710381.8588343614
2014-06-24,738777.1473303636,713947.2327326023
2014-06-25,737078.0939819266,710135.8676747313
2014-06-26,739969.5157358751,715363.5959047632
2014-06-27,739396.9525019422,715757.0486120472
2014-06-30,742919.1380020694,720703.5014295116
2014-07-01,743282.4656828758,720517.426925813
2014-07-02,744166.2083483948,722617.1728459047
2014-07-03,750746.988174856,725721.1884934723
2014-07-04,750679.3794754852,725222.8816383078
2014-07-07,750783.5029041664,724421.9956706889
2014-07-08,752286.5771561665,725814.7250507877
2014-07-09,743728.9420499671,715241.7653710357
2014-07-10,745046.6029588248,713290.1467392192
2014-07-11,748812.9891794916,715008.4232832132
2014-07-14,753504.2931415276,722913.7602927662
2014-07-15,757714.6605310824,723984.936952699
2014-07-16,730719.5222540029,722617.5057162155
2014-07-17,761776.6275749018,718023.8954281263
2014-07-18,763973.9667672475,720379.2857468594
2014-07-21,761463.944486803,721095.2897852422
2014-07-22,766092.323345449,729884.0645994755
2014-07-23,767238.057221694,731593.3536450798
2014-07-24,781740.7267796847,744635.8781601458
2014-07-25,788202.243714019,752438.0253733725
2014-07-28,811956.3127259528,773556.3164970858
2014-07-29,817687.0967511727,776043.5234588688
2014-07-30,816218.5582593088,772928.5230910471
2014-07-31,827367.504049985,782328.7806660936
2014-08-01,818894.873797993,775388.7675576607
2014-08-04,828682.1973361555,790773.3675790309
2014-08-05,829845.8074576842,788687.269341679
2014-08-06,833326.4732429737,786646.1085962759
2014-08-07,824043.2531267403,774741.3348032887
2014-08-08,825297.011964897,775965.298935847
2014-08-11,835076.0289016993,787354.4566175118
2014-08-12,834330.5059052922,784592.6316493759
2014-08-13,831494.6927151283,785208.1088539176
2014-08-14,826425.3756353352,777566.7380007744
2014-08-15,789266.7684278344,785785.3059727255
2014-08-18,834992.2701601194,790421.1907902774
2014-08-19,836931.4462260959,790489.7620742881
2014-08-20,838240.3444250147,787617.7570333
2014-08-21,831664.7044317003,783657.9318168429
2014-08-22,836752.5696720593,787359.4496721728
2014-08-25,836166.2578087971,779869.5348104121
2014-08-26,824469.3411467206,773621.2262076786
2014-08-27,824079.0101722537,774787.2709061695
2014-08-28,822128.8190507728,769355.8260459701
2014-08-29,826796.1478538999,778346.3202685064
2014-09-01,834577.6693624232,784015.1016602573
2014-09-02,844314.6516955236,794381.6817473561
2014-09-03,852173.2583978709,801830.6535608969
2014-09-04,858928.1303635736,807617.9367832679
2014-09-05,869091.3258568024,815285.6043909589
2014-09-09,820161.117658111,813942.472687159
2014-09-10,771605.0800809048,809684.7285425973
2014-09-11,769198.9490135001,806695.8860225427
2014-09-12,775216.1722192704,811656.9851336791
2014-09-15,775806.4896680224,811267.8597404343
2014-09-16,773092.6274495225,795148.9478135913
2014-09-17,777403.8078262935,799330.1317866847
2014-09-18,778620.3455997752,801772.7341268297
2014-09-19,783930.856338252,807280.7391584972
2014-09-22,770059.4991855811,791871.8396044436
2014-09-23,772514.6186082325,798709.661527482
2014-09-24,784149.1977163638,812824.0284431024
2014-09-25,785321.5370186949,811193.2967908308
2014-09-26,784707.6364847586,811271.8541841633
2014-09-29,786147.5679429319,814799.6137372915
2014-09-30,834126.5996608193,815861.137158213
2014-10-08,839446.8472251142,824980.1193206916
2014-10-09,839159.7060034489,826169.1320706231
2014-10-10,790942.6514902596,821120.8209380753
2014-10-13,826386.3093866551,817178.6378480867
2014-10-14,822776.5850387022,814387.8531629171
2014-10-15,828950.9668678473,820150.503982294
2014-10-16,829037.5812328836,813666.5231995628
2014-10-17,826504.9878299419,812780.0895620858
2014-10-20,830017.1477201054,817100.4133250648
2014-10-21,827053.8870620457,810003.6183002777
2014-10-22,825379.9691465673,805093.7812169939
2014-10-23,820893.0598935663,797535.9608118442
2014-10-24,819091.2465905729,795795.0490867204
2014-10-27,810995.8978906263,788513.8439097882
2014-10-28,825923.064470129,804432.0350392604
2014-10-29,839859.8124480132,815992.9538012624
2014-10-30,855826.5381187403,821831.8319217969
2014-10-31,873113.7734989749,834946.9221646024
2014-11-03,871695.7540344038,836352.6334868199
2014-11-04,870594.6453127118,836560.3445607162
2014-11-05,863547.8827420003,833323.5136591668
2014-11-06,864703.5352643483,834195.3010029716
2014-11-07,861770.6279096948,832892.4466067699
2014-11-10,883195.9389278827,854055.3423521216
2014-11-11,895002.5627396612,851685.9714803377
2014-11-12,894804.0283919376,863571.4387953025
2014-11-13,891954.3669830931,858722.1841085717
2014-11-14,895883.6812314623,859169.2289358835
2014-11-17,889486.3908665316,854511.707548134
2014-11-18,928112.5461621518,845961.9336170056
2014-11-19,926260.8919914144,844566.2084041099
2014-11-20,878960.7937839697,844524.9324855794
2014-11-21,886788.2516193427,859955.4686098304
2014-11-24,891929.380693497,881859.3336668694
2014-11-25,902723.8960564795,893943.5245573408
2014-11-26,913019.9577659174,906411.8477863958
2014-11-27,918969.8462017982,916887.9422057251
2014-11-28,994661.5426721949,934972.4533174355
2014-12-01,999889.0113039708,938631.6966433024
2014-12-02,1010057.2476994361,973292.8163591112
2014-12-03,1027619.2841422478,987808.957739784
2014-12-04,1003187.1402848345,1033346.281988421
2014-12-05,988829.8512880785,1040181.4409489734
2014-12-08,1004299.270190283,1082787.509241312
2014-12-09,985548.4020591137,1034199.095724514
2014-12-10,1018547.2538340943,1072357.0180545528
2014-12-11,1013312.7506819519,1059530.1935008406
2014-12-12,1018844.6716857338,1062930.4637249585
2014-12-15,1022221.7630948914,1070919.684052816
2014-12-16,1015985.1240583076,1099604.4502097585
2014-12-17,1005831.591652588,1118643.3005023347
2014-12-18,1006592.310210063,1113759.7601735988
2014-12-19,1006610.0908894754,1126155.850545225
2014-12-22,996554.1553543265,1129921.9452408368
2014-12-23,986757.3181163529,1106768.485037313
2014-12-24,989496.4708860976,1075299.2587311051
2014-12-25,1002013.0417299148,1110261.9589484362
2014-12-26,1008136.1730262989,1147017.4986593649
2014-12-29,1005966.1198905711,1150218.3795673554
2014-12-30,999768.6775961295,1150917.0743495799
2014-12-31,1012946.7784785791,1176265.4813820643
2015-01-05,1059160.696029672,1212160.884210064
2015-01-06,1089726.249957494,1212000.4407202916
2015-01-07,1082732.5277642072,1212909.5095388982
2015-01-08,1084951.4759383108,1184771.6493024868
2015-01-09,1025176.3468514478,1180598.787087162
2015-01-12,1089140.1128379123,1169565.134897358
2015-01-13,1148224.6936662344,1169719.5867215372
2015-01-14,1143279.9174559028,1165852.6323217738
2015-01-15,1142556.7090444611,1199704.8771825058
2015-01-16,1150592.1662364868,1210032.1785729385
2015-01-19,1126560.1550029889,1116831.4874010251
2015-01-20,1151506.887243119,1130501.4724518196
2015-01-21,1168369.8597492138,1181318.4526989625
2015-01-22,1172521.2975183318,1187552.4478783347
2015-01-23,1162681.8394462913,1188923.5406882362
2015-01-26,1185842.5906990005,1200991.088063171
2015-01-27,1193321.274818172,1189988.392812265
2015-01-28,1183415.3584971584,1173475.362437516
2015-01-29,1166155.4259578094,1158987.1821629447
2015-01-30,1161111.9469228077,1143206.4664718045
2015-02-02,1158549.3790632782,1116433.7073797015
2015-02-03,1166277.2102714714,1144223.3852710882
2015-02-04,1153042.436626421,1132347.5711951342
2015-02-05,1143030.7408355807,1120756.3612348556
2015-02-06,1126564.1583125244,1102606.2746719313
2015-02-09,1135255.714156954,1113757.762951734
2015-02-10,1144135.7019839913,1134070.1750531679
2015-02-11,1155931.1927591856,1143117.92296915
2015-02-12,1170646.4797237709,1146030.538188047
2015-02-13,1188550.2278855664,1155002.7245434935
2015-02-16,1214646.8237245146,1164873.9936082244
2015-02-17,1224117.9295053554,1172476.418635012
2015-02-25,1232373.8931988822,1157965.603179311
2015-02-26,1232789.560312119,1187113.7248087912
2015-02-27,1238313.5944327791,1189293.3596034583
2015-03-02,1260625.2858298498,1198754.199575058
2015-03-03,1252350.811878374,1167675.763013648
2015-03-04,1282024.8597299552,1175305.8162762267
2015-03-05,1284615.5671977077,1163829.1137028395
2015-03-06,1272386.042760422,1157896.0332843682
2015-03-09,1219980.251669451,1177611.9417889717
2015-03-10,1228590.1915983986,1171906.8775333513
2015-03-11,1222634.9126876658,1173252.339329326
2015-03-12,1229744.2552032813,1195951.0986883913
2015-03-13,1237907.5463906212,1204210.6097085623
2015-03-16,1198405.8305379304,1233507.8572372498
2015-03-17,1202252.0784056312,1250634.3675946759
2015-03-18,1217085.4739219206,1280237.5229389253
2015-03-19,1277934.5353115692,1278135.1140563476
2015-03-20,1281813.4694427839,1295722.3169238258
2015-03-23,1306152.727592187,1322181.1793129093
2015-03-24,1308538.4662811274,1322509.0565689793
2015-03-25,1319226.695579042,1311646.1668485804
2015-03-26,1328409.031801629,1314837.3945175596
2015-03-27,1330794.595671727,1322060.0145198032
2015-03-30,1358277.9494646264,1360833.081184073
2015-03-31,1342653.1004949578,1348525.5343151013
2015-04-01,1369445.2101555844,1372722.2100724562
2015-04-02,1374099.5816442731,1373015.46881621
2015-04-03,1385699.9753056734,1388248.279975887
2015-04-07,1422499.766394851,1418042.1700081853
2015-04-08,1417463.2417732228,1429945.2794496191
2015-04-09,1410274.3175727816,1418739.2004388564
2015-04-10,1447989.9249285613,1446127.1038651904
2015-04-13,1464757.3659862704,1471643.943274905
2015-04-14,1467013.727767706,1477339.6871618247
2015-04-15,1424563.8874248574,1458142.723471651
2015-04-16,1475890.9138513133,1502425.4595191425
2015-04-17,1483187.57926666,1529917.2184824245
2015-04-20,1459025.9377357785,1505212.5826308937
2015-04-21,1507182.7206424174,1537582.5559979402
2015-04-22,1534285.8569673526,1577743.3589876485
2015-04-23,1535934.4961765627,1578102.1931826165
2015-04-24,1536790.0876023134,1565369.5709268406
2015-04-27,1564840.783817548,1600304.642908381
2015-04-28,1513972.8867538976,1578424.7445137147
2015-04-29,1530730.4291338886,1589231.3791516002
2015-04-30,1532062.7974814218,1581096.0287573321
2015-05-04,1566302.1487977863,1593696.834370058
2015-05-05,1515103.1555816643,1530150.560570247
2015-05-06,1504078.525815487,1515667.3733503364
2015-05-07,1490835.0518037286,1487959.9144257004
2015-05-08,1506685.6259078458,1517357.3559179185
2015-05-11,1534058.7395560888,1561338.844334198
2015-05-12,1535316.0778392998,1580275.50344138
2015-05-13,1533118.3908422913,1570627.2574848386
2015-05-14,1524497.9777450813,1564749.4335379489
2015-05-15,1499009.9189677413,1537018.673691562
2015-05-18,1484919.4679540955,1522928.2734383142
2015-05-19,1517984.3944347736,1574883.3372778466
2015-05-20,1522110.4401968506,1582771.3650312417
2015-05-21,1538072.3422531795,1611417.1853618284
2015-05-22,1571834.135984583,1648152.4199838026
2015-05-25,1604720.6680733745,1697470.4852217233
2015-05-26,1633499.192156656,1730565.450125542
2015-05-27,1651201.3903893465,1724745.5456127196
2015-05-28,1572466.071055598,1609097.4121663433
2015-05-29,1586404.6441369758,1611368.253426151
2015-06-01,1652379.9199215702,1689709.2810567168
2015-06-02,1657188.8347579879,1718233.270853576
2015-06-03,1652864.072680591,1712148.4015734117
2015-06-04,1678774.4482051136,1724739.5539471265
2015-06-05,1676460.4587449636,1741095.46953521
2015-06-08,1566568.6141430717,1782104.892095096
2015-06-09,1625663.5392034443,1770024.8953705397
2015-06-10,1635216.6456624707,1767245.7611462458
2015-06-11,1634129.2909960828,1766406.262222582
2015-06-12,1654585.5494768762,1775901.4211232178
2015-06-15,1717863.108086558,1737971.3152338432
2015-06-16,1682353.535964551,1685928.6066414954
2015-06-17,1781927.0474599819,1710564.1719035492
2015-06-18,1728120.8258805058,1641233.410991977
2015-06-19,1663210.6827649355,1543536.8402552053
2015-06-23,1721523.9572630487,1593147.4652092278
2015-06-24,1748480.4288185956,1624449.0913139824
2015-06-25,1707376.8823515417,1566659.4100938928
2015-06-26,1629060.8734142403,1443390.4771795766
2015-06-29,1644892.053643985,1395242.084926534
2015-06-30,1734579.7363387393,1488928.101011493
2015-07-01,1680501.1158195937,1415704.4218159206
2015-07-02,1699568.6236492672,1367429.9382891732
2015-07-03,1667352.232698557,1293506.3659782577
2015-07-06,1742475.3544926527,1330994.2536598258
2015-07-07,1789219.8027991247,1307515.4127275627
2015-07-08,1711423.4387869397,1219316.430844695
2015-07-09,1781379.8161017983,1297404.0775947324
2015-07-10,1808384.3010096627,1366950.6050417204
2015-07-13,1777239.119649762,1401987.0360328783
2015-07-14,1741855.2973898693,1368812.2488285464
2015-07-15,1765240.495298001,1320416.1344902574
2015-07-16,1759058.6577734328,1330600.9673876972
2015-07-17,1770434.0141306566,1381909.6303708209
2015-07-20,1766712.6084663523,1384944.20927157
2015-07-21,1761474.0273235491,1386739.6118665603
2015-07-22,1747745.028045536,1383795.2741070504
2015-07-23,1762028.9342055484,1414966.7812073408
2015-07-24,1747980.7103691432,1390159.188568701
2015-07-27,1655710.1461307025,1271142.307716633
2015-07-28,1666462.874174089,1268599.5779870201
2015-07-29,1671378.6103549341,1308306.5123080465
2015-07-30,1654483.0046777595,1270037.3114331297
2015-07-31,1653506.6568090653,1270465.8819581962
2015-08-03,1670889.1341291356,1274638.7774605525
2015-08-04,1675604.6225287332,1314223.7148126955
2015-08-05,1658102.725833743,1287176.1379920533
2015-08-06,1655112.1794708471,1275509.632767487
2015-08-07,1661407.7343800259,1300505.9295852804
2015-08-10,1681455.0751914901,1359563.713541131
2015-08-11,1669021.2785454788,1353673.4402446197
2015-08-12,1656227.8410162984,1336849.1761293374
2015-08-13,1656878.8559862003,1356600.635183127
2015-08-14,1653651.761905737,1355960.525575591
2015-08-17,1642175.2571466698,1357402.5530487092
2015-08-18,1614356.3691422986,1273366.1476885653
2015-08-19,1616620.002994381,1293579.1980022455
2015-08-20,1603515.3039235868,1252076.395067794
2015-08-21,1586324.9784386565,1194849.8971264304
2015-08-24,1510724.4501716334,1090328.0869643658
2015-08-25,1468411.3823235454,1012899.922873949
2015-08-26,1503967.4146369356,1007163.0362166228
2015-08-27,1557131.8381663861,1067061.550716287
2015-08-28,1558283.761866586,1112547.8792333198
2015-08-31,1581002.5803384345,1120619.851120425
2015-09-01,1612342.1251268734,1119137.513052677
2015-09-02,1649609.9182317078,1120385.4771346392
2015-09-07,1594732.16392825,1081989.9519768003
2015-09-08,1614131.306836791,1109797.3718557488
2015-09-09,1622022.5058642447,1131527.844767928
2015-09-10,1620956.0861918607,1117632.3733686444
2015-09-11,1609552.932710856,1114179.4430613685
2015-09-14,1605258.6114464097,1092191.3285286832
2015-09-15,1578686.730495848,1049284.4120495059
2015-09-16,1609086.4052231384,1101550.5431944167
2015-09-17,1581928.5658517836,1077500.7298181562
2015-09-18,1576730.3349372107,1082252.3203557187
2015-09-21,1581377.4161182698,1101217.1070041575
2015-09-22,1504525.0640245143,1111463.953640486
2015-09-23,1483171.1074126568,1086164.9778491454
2015-09-24,1490373.6971876952,1093478.6711684049
2015-09-25,1485832.9723958157,1075820.6667858344
2015-09-28,1485414.482480567,1079415.999012041
2015-09-29,1467790.7142770572,1058146.2518969448
2015-09-30,1479035.9534831005,1066166.1295804207
2015-10-08,1502326.2266083248,1097300.987659499
2015-10-09,1514666.2459692003,1111825.417510909
2015-10-12,1546173.9838316422,1147634.773363585
2015-10-13,1539684.044176427,1146752.567179054
2015-10-14,1525726.0370337237,1133793.4266768259
2015-10-15,1474768.6539818353,1160657.1925118826
2015-10-16,1487212.518158712,1176385.4145550209
2015-10-19,1487936.2631774996,1176424.2938073142
2015-10-20,1490510.75672795,1190911.009452518
2015-10-21,1487869.0250243596,1156143.2713761823
2015-10-22,1491178.7787750072,1173212.6944753183
2015-10-23,1507003.2093119544,1188760.1346526982
2015-10-26,1586899.6486821275,1194758.4576520727
2015-10-27,1581426.2811044008,1195962.882297391
2015-10-28,1564983.8108854045,1173341.1824152605
2015-10-29,1568613.0620737227,1176132.832563238
2015-10-30,1572915.7631544522,1176389.9083042156
2015-11-02,1647739.8406374773,1157044.6508906113
2015-11-03,1642441.1665975992,1153559.6318853807
2015-11-04,1699768.881707174,1207832.471698534
2015-11-05,1730259.226335849,1233607.2855990652
2015-11-06,1748982.0910128956,1262701.5488122688
2015-11-09,1796984.577529409,1278340.0623066647
2015-11-10,1786791.9855349718,1275971.0908792536
2015-11-11,1770236.5160482195,1276106.83539197
2015-11-12,1756263.4353454055,1263350.7124922567
2015-11-13,1734926.3502065525,1247012.8051879837
2015-11-16,1641187.1457987553,1252965.8578250988
2015-11-17,1648572.9616795091,1251055.4152507195
2015-11-18,1760380.3462616263,1236806.1359981599
2015-11-19,1762103.8539599802,1256575.170604356
2015-11-20,1754701.3631950915,1256380.1418892988
2015-11-23,1745621.2823895658,1249373.8210149682
2015-11-24,1733871.5018184162,1249558.0980189892
2015-11-25,1741275.604314018,1258784.663865896
2015-11-26,1735862.060351777,1251402.1662534082
2015-11-27,1675440.1783678378,1184017.165456184
2015-11-30,1692533.5109348178,1187152.7372092088
2015-12-01,1701503.4475848642,1195568.9635716719
2015-12-02,1750908.6942829236,1238928.1509420397
2015-12-03,1757053.6435607183,1248030.156718671
2015-12-04,1643746.171473204,1224161.258356293
2015-12-07,1734622.8714506924,1227494.9878052962
2015-12-08,1704621.4017861462,1205995.859759075
2015-12-09,1713094.0917501901,1210295.8784330997
2015-12-10,1703221.7012720597,1206017.163458962
2015-12-11,1692200.531722669,1201015.6206050718
2015-12-14,1716852.0646469952,1235388.9073631912
2015-12-15,1710104.5599259245,1229752.247956426
2015-12-16,1700761.06358118,1226773.4914067867
2015-12-17,1722906.4870101132,1250223.6389182648
2015-12-18,1659075.6301403244,1254226.304543713
2015-12-21,1824946.7409617023,1286864.8376774574
2015-12-22,1814778.0903245981,1290449.151896379
2015-12-23,1811076.6243143363,1287003.5780229704
2015-12-24,1794714.900942051,1274694.3002283825
2015-12-25,1796061.159354935,1277623.1595184433
2015-12-28,1752320.0135036977,1240817.8889830913
2015-12-29,1760404.4686259918,1252216.3337464253
2015-12-30,1763178.9864222116,1253315.0387810557
2015-12-31,1761652.0647236616,1241940.6938282182
2016-01-04,1659546.222592909,1154749.1439407784
2016-01-05,1661729.2733093041,1157982.479704065
2016-01-06,1688251.2821081297,1178297.0554625182
2016-01-07,1614314.6062299996,1096602.592460554
2016-01-08,1646653.6474488345,1118964.5869262523
2016-01-11,1583305.560759588,1062671.7902064894
2016-01-12,1587449.7734216177,1070414.353634095
2016-01-13,1570174.4190292188,1050498.3234986803
2016-01-14,1583463.7112229532,1072365.4729604453
2016-01-15,1544390.4938556885,1038132.6574734546
2016-01-18,1541456.8241886997,1042126.7017578548
2016-01-19,1577379.0719682975,1072882.6535622284
2016-01-20,1555009.7202535872,1056656.224525019
2016-01-21,1532639.9248125828,1025688.4007678652
2016-01-22,1543683.453152327,1036379.2631116784
2016-01-25,1479012.6458407426,1041513.2550622086
2016-01-26,1418388.5493492854,978807.9781024596
2016-01-27,1422894.639975747,975427.147504488
2016-01-28,1404753.9304017916,949930.7130448214
2016-01-29,1428952.6706198086,980665.9603158674
2016-02-01,1408933.3344224782,965672.6493447615
2016-02-02,1420009.1991722856,985740.068897497
2016-02-03,1411536.0506818297,981514.2470157347
2016-02-04,1423943.667631031,993537.922083715
2016-02-05,1425236.5214612584,986557.4985195594
2016-02-15,1415111.0617045306,980871.141575402
2016-02-16,1360965.8039632756,1010938.884012339
2016-02-17,1364141.3340337821,1019688.2469817818
2016-02-18,1361518.6518871407,1016485.5685741134
2016-02-19,1355332.173843853,1015782.0471723833
2016-02-22,1378361.9868934157,1038178.3938541489
2016-02-23,1368289.200301343,1028357.2883452452
2016-02-24,1452434.8921001786,1035075.3435304825
2016-02-25,1408947.4911001986,971565.2527334479
2016-02-26,1423994.8681118928,981311.8618668101
2016-02-29,1411906.1633625804,957823.2012603802
2016-03-01,1425686.4634203406,975540.9225766958
2016-03-02,1461067.730860092,1015698.0639929858
2016-03-03,1395431.1454181678,1018057.8481998208
2016-03-04,1436117.2206730905,1029863.9592327075
2016-03-07,1431971.3578610425,1033508.9557092751
2016-03-08,1434769.8296855853,1034451.9772995764
2016-03-09,1433643.260744905,1022546.6376270609
2016-03-10,1409098.2252280589,1002986.745437097
2016-03-11,1563193.826514102,1004697.266102851
2016-03-14,1566264.2268472828,1020477.3160533698
2016-03-15,1576272.5273113127,1023502.8408816669
2016-03-16,1599536.807371912,1028580.1783053108
2016-03-17,1595832.2691278767,1039954.7229803345
2016-03-18,1596187.578551391,1055852.3094375725
2016-03-21,1606434.6473121732,1081641.1704652163
2016-03-22,1598426.8187218297,1073769.819514389
2016-03-23,1596450.3971918733,1077199.0827425718
2016-03-24,1583173.629729476,1059143.6312089884
2016-03-25,1591522.2612803245,1064458.3051641835
2016-03-28,1583369.190917388,1055108.4441541815
2016-03-29,1575331.890402845,1043684.8343953562
2016-03-30,1605204.4854221628,1070602.5585077824
2016-03-31,1604193.813614114,1071205.9192330136
2016-04-01,1612630.621611786,1072473.123218936
2016-04-05,1613028.0106216825,1086650.4026232844
2016-04-06,1608041.8061975131,1084334.2244271552
2016-04-07,1591417.4258577079,1068277.4261002946
2016-04-08,1582646.4526249936,1060433.5369501025
2016-04-11,1597731.623089335,1075202.9593502106
2016-04-12,1509654.3587677053,1071326.3517114362
2016-04-13,1606402.2972996214,1085617.605910179
2016-04-14,1609331.8368544732,1090427.2490299328
2016-04-15,1609541.0505171872,1089219.9949869732
2016-04-18,1591503.5389285688,1074656.1865778037
2016-04-19,1592061.9119163018,1077934.892564443
2016-04-20,1576045.7761730899,1058869.2462118526
2016-04-21,1563126.0967412358,1052071.0025687602
2016-04-22,1567864.2073203297,1056830.3489845626
2016-04-25,1564666.0497173916,1052546.9405390436
2016-04-26,1570562.7539601775,1058248.1434990596
2016-04-27,1571152.0329261043,1053839.309520457
2016-04-28,1574648.3067883363,1052063.5462737998
2016-04-29,1576180.9016911036,1050786.7223358976
2016-05-03,1601677.8702329907,1069691.9584857463
2016-05-04,1603195.3646411153,1068334.4134974917
2016-05-05,1600963.4267507452,1069818.5157778864
2016-05-06,1575460.0603701905,1042002.0418264861
2016-05-09,1555747.929020428,1020452.3507800652
2016-05-10,1555015.63138578,1021616.3982566918
2016-05-11,1567930.0339067427,1026175.4566065271
2016-05-12,1570562.9453820358,1028614.929965751
2016-05-13,1567148.3073311632,1023554.6022149858
2016-05-16,1568812.0586429047,1030336.3022036349
2016-05-17,1560413.2420671538,1027246.0673869315
2016-05-18,1565210.4178205447,1021258.0300801586
2016-05-19,1559416.5899106602,1019415.3931880754
2016-05-20,1563145.3661293052,1024647.482019178
2016-05-23,1563412.5643805985,1027644.712871063
2016-05-24,1555877.737016292,1019766.704514021
2016-05-25,1560886.0186418288,1018325.4759296485
2016-05-26,1561710.204713864,1019984.9010027053
2016-05-27,1563798.0895989707,1019415.0936047959
2016-05-30,1573904.6058956976,1020816.5441870359
2016-05-31,1607905.849773388,1055052.3555068234
2016-06-01,1598908.306783223,1052052.2619702662
2016-06-02,1596115.9504825159,1054233.461255394
2016-06-03,1605818.3405542772,1061631.7702076412
2016-06-06,1602210.629565513,1058124.2491694053
2016-06-07,1602214.772326773,1057546.8190413802
2016-06-08,1603331.3555741736,1053197.1361169945
2016-06-13,1581378.6268523948,1020693.9813386246
2016-06-14,1585582.0516377261,1023903.550161725
2016-06-15,1588349.0807685752,1037346.4510865386
2016-06-16,1583291.2455830504,1030125.3622877244
2016-06-17,1587115.3175740622,1035345.567648734
2016-06-20,1589987.5529660895,1036116.8947327601
2016-06-21,1589875.8299567616,1034000.8714544735
2016-06-22,1596822.592267393,1043202.6051762
2016-06-23,1593022.7934318022,1037662.2118632983
2016-06-24,1577845.7740077432,1024293.6741659021
2016-06-27,1586172.0175644357,1038736.550791183
2016-06-28,1589275.3889684677,1044014.8753084459
2016-06-29,1596181.5904482668,1049004.1019608392
2016-06-30,1599457.0978675506,1049846.6632913616
2016-07-01,1607419.1050605606,1049939.6339691489
2016-07-04,1628056.2566549887,1066748.2198927957
2016-07-05,1631415.180625045,1067642.4759825752
2016-07-06,1630251.128701485,1070778.3806059107
2016-07-07,1632873.3588787466,1068498.45198662
2016-07-08,1622804.7630134616,1062615.3686888206
2016-07-11,1625030.823763606,1066293.385900213
2016-07-12,1660246.6168129472,1089545.2092805575
2016-07-13,1673262.4253250882,1092769.324536237
2016-07-14,1665060.4444742168,1090737.35101141
2016-07-15,1671181.0772632286,1090575.5094663326
2016-07-18,1678684.4277104482,1085830.3433257672
2016-07-19,1669759.3029841988,1081240.6941943758
2016-07-20,1663862.464829014,1077702.6156616148
2016-07-21,1669619.8234511816,1082668.241808977
2016-07-22,1658020.2642392772,1073560.7103851875
2016-07-25,1579459.138548203,1075465.6938864707
2016-07-26,1597620.6272659493,1088348.840096759
2016-07-27,1601262.511849435,1071257.547418208
2016-07-28,1609438.624547729,1072220.7076623086
2016-07-29,1602559.5876097563,1066493.307808838
2016-08-01,1687380.8275646872,1057465.4322504064
2016-08-02,1683453.9229604423,1061541.029760936
2016-08-03,1677757.5331201698,1063023.7672730568
2016-08-04,1675272.2880126613,1065613.9975960106
2016-08-05,1679654.232908239,1066885.9949144074
2016-08-08,1686328.9024500372,1076563.6000323552
2016-08-09,1694865.1157149982,1084152.3773764027
2016-08-10,1694538.7426249755,1079611.8931899064
2016-08-11,1705336.187976044,1076289.6810536545
2016-08-12,1738099.149685941,1096552.5953398824
2016-08-15,1775967.8208512217,1129570.0680353628
2016-08-16,1756433.9346391899,1124517.4961628376
2016-08-17,1754905.6609133617,1122787.4027228127
2016-08-18,1750138.96010264,1119937.2006871775
2016-08-19,1751031.2134968261,1120115.1531552945
2016-08-22,1748273.3737479867,1110719.955208971
2016-08-23,1756991.685359791,1112395.923936471
2016-08-24,1753784.4978759608,1108412.5647890454
2016-08-25,1747684.427373296,1101458.5711275619
2016-08-26,1746988.339956566,1100832.142489797
2016-08-29,1744887.091922347,1101062.155874512
2016-08-30,1755909.9005844411,1102462.208401447
2016-08-31,1760981.9049914521,1107723.7562550493
2016-09-01,1755235.5988358695,1098996.8620315809
2016-09-02,1756352.4221960953,1103170.223552372
2016-09-05,1756025.514239024,1105023.0129889324
2016-09-06,1777288.7183533595,1112660.9219908442
2016-09-07,1777368.9476476628,1112058.8594598249
2016-09-08,1780897.9015364079,1111641.7063864167
2016-09-09,1769890.5366630116,1104478.3372994831
2016-09-12,1750309.277090104,1086024.107133644
2016-09-13,1752797.750966345,1085268.0587968803
2016-09-14,1743454.519405621,1078077.028187125
2016-09-19,1756227.570481876,1086197.166408193
2016-09-20,1751649.8731913934,1084292.8819345625
2016-09-21,1751407.563963206,1087366.2402265116
2016-09-22,1757578.3933344807,1095516.5032107006
2016-09-23,1754784.2979468317,1090372.1257064755
2016-09-26,1730965.782890541,1071936.8691483482
2016-09-27,1738848.6716469035,1078750.9907052624
2016-09-28,1732687.6063704265,1075467.4913861486
2016-09-29,1735768.8928699745,1079960.2419700865
2016-09-30,1738750.9201505533,1082921.9222727853
2016-10-10,1757958.408916442,1096431.1642505275
2016-10-11,1760586.0041421056,1100654.7559012081
2016-10-12,1755544.9980544038,1098475.3208287272
2016-10-13,1755663.6954428041,1099352.6338196902
2016-10-14,1762176.9816849902,1100418.6842768379
2016-10-17,1748445.169604825,1091108.5014078752
2016-10-18,1769102.9512699516,1105572.9480292914
2016-10-19,1767253.444338283,1103878.0722681417
2016-10-20,1764816.0395585774,1104664.877821617
2016-10-21,1777060.876062104,1107705.847832332
2016-10-24,1795866.0160585914,1120966.6686971758
2016-10-25,1789069.5110120075,1120925.6923619246
2016-10-26,1779339.3650836088,1116713.4183018089
2016-10-27,1776193.6111746412,1113682.534261509
2016-10-28,1772240.0827605138,1111828.8460751097
2016-10-31,1764914.6933837715,1110547.827971292
2016-11-01,1771881.6056479174,1118128.5165667892
2016-11-02,1758027.037175461,1109574.0491642794
2016-11-03,1765793.4200601627,1120136.889586585
2016-11-04,1761670.6476244687,1116505.2412094777
2016-11-07,1761322.8353342824,1117309.6888894215
2016-11-08,1769549.0745572115,1122144.9963101326
2016-11-09,1755520.1992182394,1116132.3598873967
2016-11-10,1771418.8129072343,1128634.036721587
2016-11-11,1777422.549476532,1137491.4493938931
2016-11-14,1781183.4896430033,1141827.7842188184
2016-11-15,1780366.4371245743,1141701.7928062067
2016-11-16,1783852.4134832614,1141609.3880079477
2016-11-17,1694405.1335414378,1143920.4732883226
2016-11-18,1688311.664145594,1137569.4409076974
2016-11-21,1703717.153493878,1145443.554682104
2016-11-22,1715261.3746907318,1154515.30254749
2016-11-23,1724835.5233817664,1156634.0886493556
2016-11-24,1723844.294821049,1161298.0344341025
2016-11-25,1838907.497580468,1172135.6925849477
2016-11-28,1844016.0056646676,1176723.4110685373
2016-11-29,1857891.5284394086,1186363.2354062165
2016-11-30,1841881.307381948,1177695.492236965
2016-12-01,1850519.3517027954,1186694.6410875807
2016-12-02,1835964.4844505724,1174684.2475449983
2016-12-05,1837230.617810626,1154862.6860037688
2016-12-06,1832128.922884183,1151449.433837532
2016-12-07,1833307.8163291826,1156973.0837738041
2016-12-08,1827618.963226337,1155107.4455432496
2016-12-09,1838985.0571780717,1162949.137749391
2016-12-12,1801201.7199470839,1134814.6062160868
2016-12-13,1792122.8265807799,1133435.2249354483
2016-12-14,1784773.491128478,1124750.5719544115
2016-12-15,1765530.503753174,1111931.2369826904
2016-12-16,1768598.5364773332,1113794.2122507591
2016-12-19,1764491.4639598958,1108119.5057674774
2016-12-20,1751384.7978012455,1101489.195196149
2016-12-21,1763700.2905769825,1111299.515706985
2016-12-22,1759403.6984186445,1110346.1751370511
2016-12-23,1747952.498587168,1101001.540190928
2016-12-26,1751239.607876605,1105928.5200952142
2016-12-27,1745343.789022047,1103926.1720280424
2016-12-28,1740950.5541110542,1099100.717568529
2016-12-29,1739177.2827612027,1097727.993694105
2016-12-30,1746042.2208506695,1101827.624441069
2017-01-03,1754886.837692154,1112528.2065979557
2017-01-04,1758905.5873803832,1121210.9622182213
2017-01-05,1757224.1549212218,1121037.0374808642
2017-01-06,1748056.2990329897,1114338.7880791153
2017-01-09,1754752.372082215,1119742.904286804
2017-01-10,1754479.4821056863,1117868.91101145
2017-01-11,1741504.9801210146,1109954.5199294447
2017-01-12,1735474.9825561664,1104338.5650560071
2017-01-13,1742852.1526076533,1105100.2056139912
2017-01-16,1759580.084381277,1104944.8550399728
2017-01-17,1755267.2484909773,1107245.2551833733
2017-01-18,1756314.7071536037,1111575.5650556742
2017-01-19,1752799.3501095665,1108221.4972306853
2017-01-20,1762686.9001751905,1116742.9771854018
2017-01-23,1766250.3317853573,1119802.6212205489
2017-01-24,1767085.6751982477,1119925.8165225505
2017-01-25,1773098.6572501885,1123738.2800524472
2017-01-26,1777895.8266048138,1127751.4976667454
2017-02-03,1771295.3668340053,1119939.5973534149
2017-02-06,1685769.6392107096,1122839.829796753
2017-02-07,1681018.1817551847,1120336.578485993
2017-02-08,1689632.5124072,1126196.0612787614
2017-02-09,1692946.8841215977,1130524.906521695
2017-02-10,1698970.27985527,1136248.41179253
2017-02-13,1708229.99175906,1143833.9270075327
2017-02-14,1791043.6010969118,1143677.2116652406
2017-02-15,1799104.7246593363,1138986.7028296974
2017-02-16,1806448.6080334,1145384.4702019494
2017-02-17,1792698.669396079,1138896.4284014269
2017-02-20,1813633.266982212,1155523.5334316634
2017-02-21,1818060.390074117,1159328.3742314442
2017-02-22,1729705.998067329,1161636.3971049604
2017-02-23,1724421.530876729,1156166.306001685
2017-02-24,1723422.8698614337,1156342.0948127822
2017-02-27,1713329.9816083037,1147145.2542846235
2017-02-28,1715435.4086363108,1149338.0374565646
2017-03-01,1718243.7694596113,1151211.198556142
2017-03-02,1708221.7648080965,1143441.572772274
2017-03-03,1702830.8458986413,1141033.7553796005
2017-03-06,1795969.364663004,1147232.2000097865
2017-03-07,1797116.5578775855,1149719.5734067245
2017-03-08,1797140.5319685237,1147980.2594590925
2017-03-09,1783381.7057190514,1140727.8475640386
2017-03-10,1778742.2527267255,1141043.3420445493
2017-03-13,1787974.9944154161,1151098.1557986175
2017-03-14,1786808.5875180596,1150630.6061601648
2017-03-15,1790944.4387571109,1152944.121393808
2017-03-16,1797600.366164633,1158890.1837543978
2017-03-17,1781376.7147451888,1147006.214355831
2017-03-20,1777560.0095602204,1148273.6180639397
2017-03-21,1776024.69392625,1153843.9364177762
2017-03-22,1761694.1313365349,1148419.2821119158
2017-03-23,1766664.6036357943,1152389.7591783162
2017-03-24,1774232.5110658589,1161584.1364661756
2017-03-27,1771932.7591814697,1157735.7562297513
2017-03-28,1763263.0333601576,1154996.4998686828
2017-03-29,1755534.8198704731,1153459.970514348
2017-03-30,1751259.9972525022,1143994.7033676156
2017-03-31,1757772.5585460125,1150414.9394858421
2017-04-05,1784229.2514313112,1166342.0182526107
2017-04-06,1789177.3855293512,1169721.8835266812
2017-04-07,1790935.882533803,1170859.1349432939
2017-04-10,1779883.7497275453,1166756.7746597817
2017-04-11,1776765.189217389,1170814.064303221
2017-04-12,1778951.5138980497,1168187.9505607702
2017-04-13,1783483.4389434673,1169894.743079044
2017-04-14,1772975.275921786,1160553.8362804006
2017-04-17,1767674.6292666048,1158369.2750051348
2017-04-18,1748956.1290408792,1152644.3051049325
2017-04-19,1734291.7748534558,1147029.848147893
2017-04-20,1730072.4480832522,1152246.591657671
2017-04-21,1743049.2433827901,1153990.2994934048
2017-04-24,1737634.797511629,1142164.149667812
2017-04-25,1736911.5611746158,1145398.1844587512
2017-04-26,1728702.5140253233,1146799.2023095875
2017-04-27,1728920.4006128288,1147310.8239771812
2017-04-28,1732723.274287327,1144991.6499482556
2017-05-02,1724992.473066743,1140605.617585938
2017-05-03,1715305.7704070853,1136129.0444991018
2017-05-04,1711060.351207673,1133219.1588167527
2017-05-05,1706223.8960163486,1125950.5361375662
2017-05-08,1711624.6649381255,1118048.9605625244
2017-05-09,1706271.163723978,1115958.5017241018
2017-05-10,1699560.6811381795,1111021.4691364313
2017-05-11,1700840.0177201654,1117327.7637472942
2017-05-12,1711938.9415152152,1126892.0598114692
2017-05-15,1716456.0780856498,1131490.6631542193
2017-05-16,1716456.1976049752,1141295.4913049282
2017-05-17,1710928.9171798774,1135076.3088543836
2017-05-18,1702206.2350013682,1131130.830348319
2017-05-19,1700751.948716891,1133040.3408858278
2017-05-22,1693258.2156501007,1135500.0860469753
2017-05-23,1702086.2036578655,1139812.5207835902
2017-05-24,1703484.242396248,1139803.4999981695
2017-05-25,1730568.3721315528,1160272.094849398
2017-05-26,1650618.9557222647,1158533.3134942628
2017-05-31,1663222.427503431,1162677.5488628652
2017-06-01,1667342.1435351907,1164293.2014900607
2017-06-02,1651777.7977428082,1160554.801604302
2017-06-05,1643283.2399538034,1154645.155255706
2017-06-06,1728360.3452780282,1162676.5835389642
2017-06-07,1740332.8123006872,1176321.0041498942
2017-06-08,1662440.9068887378,1185344.05308882
2017-06-09,1656367.9984600954,1190400.918988354
2017-06-12,1651991.6225385135,1189808.110251973
2017-06-13,1735713.5772402955,1192430.4625599126
2017-06-14,1728925.0336597303,1176795.9767962764
2017-06-15,1729749.8395650086,1174630.2892676287
2017-06-16,1726183.6709571714,1171291.1007455299
2017-06-19,1659433.9345861154,1182909.6726453505
2017-06-20,1656813.2352231445,1180522.5597860045
2017-06-21,1661055.3855930327,1194323.6957392266
2017-06-22,1665635.7794009792,1195118.4236060975
2017-06-23,1666940.5858769605,1205950.223239474
2017-06-26,1678348.9007053897,1220998.8905432546
2017-06-27,1673272.7111379968,1223203.5904723199
2017-06-28,1666707.1425122183,1213700.6091193815
2017-06-29,1666782.2973001732,1221243.8830919524
2017-06-30,1674080.2033305077,1220568.0897871063
2017-07-03,1673589.551905313,1215258.3423125101
2017-07-04,1663444.629504278,1204985.2322086645
2017-07-05,1668268.3594694275,1218198.6523412603
2017-07-06,1669555.5955101931,1218337.525834897
2017-07-07,1677280.6671524057,1216950.3221019562
2017-07-10,1675957.204628941,1216203.8604301417
2017-07-11,1692338.2472684798,1221903.1993164176
2017-07-12,1695955.730750728,1217913.7486423054
2017-07-13,1721372.93730939,1227266.372475886
2017-07-14,1732093.309283877,1232650.0504464956
2017-07-17,1743633.5649401108,1219489.5234062753
2017-07-18,1737105.1619710084,1220695.5791161163
2017-07-19,1767051.7753669627,1241521.9096902877
2017-07-20,1768271.348422503,1247559.4115252353
2017-07-21,1763511.2351508536,1241139.4417032576
2017-07-24,1771784.8448801124,1246089.5560941398
2017-07-25,1770539.0148448327,1238130.7601126835
2017-07-26,1772206.5803655928,1233413.7880874372
2017-07-27,1768001.1790651062,1235679.4032833662
2017-07-28,1764048.6832126724,1238907.1468254328
2017-07-31,1762917.4264308591,1244227.0135574748
2017-08-01,1779968.4355143562,1255048.494211219
2017-08-02,1769806.737165557,1251876.1402888582
2017-08-03,1761577.4170495474,1240882.7321196217
2017-08-04,1758670.77744795,1234143.1735123112
2017-08-07,1760917.281156948,1240539.3431070715
2017-08-08,1764235.082366309,1242342.867737644
2017-08-09,1753040.1225752567,1241953.77563143
2017-08-10,1750254.4168754034,1236919.7113481814
2017-08-11,1737362.1262834168,1214094.627706194
2017-08-14,1745685.155337621,1229850.3115499674
2017-08-15,1747264.98089273,1233636.2120290676
2017-08-16,1745086.3356791139,1232093.0585555495
2017-08-17,1753595.6505285744,1238702.6313065195
2017-08-18,1749968.9103078311,1239833.6580483215
2017-08-21,1756456.2747453996,1245265.8685102356
2017-08-22,1754212.8718891365,1249028.601215709
2017-08-23,1758012.3524829748,1250290.312841504
2017-08-24,1750900.1841297913,1243152.7079166214
2017-08-25,1777170.85362173,1263493.9465869642
2017-08-28,1790597.2805083406,1279124.7042031202
2017-08-29,1791886.5368703085,1276403.722422111
2017-08-30,1788452.5583545058,1276324.7988714366
2017-08-31,1778960.704339482,1272261.2179791243
2017-09-01,1774057.9263475668,1275072.4741884042
2017-09-04,1769224.2486411028,1280091.4927336078
2017-09-05,1767394.4176736004,1283896.2336722952
2017-09-06,1778273.4711904451,1281367.5843568265
2017-09-07,1772360.129103785,1274850.4496911464
2017-09-08,1769660.7798221628,1273558.3137189504
2017-09-11,1771530.784740166,1273443.7397579968
2017-09-12,1766237.6647093769,1277534.316432509
2017-09-13,1768351.9585917818,1279089.4865242448
2017-09-14,1688816.8539749524,1274878.4440842788
2017-09-15,1689187.9089049844,1275324.8564580004
2017-09-18,1690359.5343936554,1279268.1380200144
2017-09-19,1687752.7025678437,1275597.6769646755
2017-09-20,1689319.0945742328,1279032.632275172
2017-09-21,1677581.153950596,1277495.537041309
2017-09-22,1769203.408529796,1277466.5107502132
2017-09-25,1761164.1231252637,1270829.4429115767
2017-09-26,1759057.0847352901,1271824.7584276937
2017-09-27,1757189.7000201698,1271964.0313657038
2017-09-28,1747871.8329585602,1272409.6115636483
2017-09-29,1747884.5100680855,1277057.3798512938
2017-10-09,1758002.2324129627,1292271.6501346629
2017-10-10,1764764.3623951809,1294820.1385206513
2017-10-11,1852633.4534431181,1299088.5678021873
2017-10-12,1848797.3229125282,1302506.0807084013
2017-10-13,1850413.8587875853,1305185.0542561961
2017-10-16,1845190.4098606557,1302670.0526234675
2017-10-17,1843931.6476831774,1302544.4273681976
2017-10-18,1848099.8797095611,1312894.6302360084
2017-10-19,1839354.4664502447,1308596.2426265066
2017-10-20,1846403.929706566,1307132.4454350665
2017-10-23,1838663.5165639257,1308445.9849682427
2017-10-24,1851448.9209911497,1317965.1438182823
2017-10-25,1852211.5648673777,1323808.249391763
2017-10-26,1857447.100830532,1329342.6177520405
2017-10-27,1854108.4244777549,1338793.6047624422
2017-10-30,1852579.7345145626,1334717.3415112912
2017-10-31,1852084.8967190194,1333717.432384886
2017-11-01,1854300.467166131,1330356.8403018068
2017-11-02,1848668.320185436,1330527.3364749635
2017-11-03,1847354.0903360553,1329050.590628436
2017-11-06,1846447.156988002,1338434.7705674742
2017-11-07,1862426.4592117073,1349538.2922355006
2017-11-08,1865984.7436679667,1347460.9152002898
2017-11-09,1862281.4421719864,1356746.0329348545
2017-11-10,1854311.0459460907,1368733.1588427166
2017-11-13,1862062.242758717,1374113.0420917838
2017-11-14,1847543.7890082449,1364552.2411658717
2017-11-15,1844753.9242537725,1356003.665567862
2017-11-16,1820397.3448767308,1366436.6865689827
2017-11-17,1841288.900440086,1371708.8862725284
2017-11-20,1838848.0833310909,1379359.111475937
2017-11-21,1768039.1803323294,1403947.6088760537
2017-11-22,1788222.964641862,1407231.4077784468
2017-11-23,1764509.8102083665,1365566.0309842343
2017-11-24,1767888.9877666787,1366167.4610616635
2017-11-27,1761279.186733299,1348107.2827696677
2017-11-28,1752728.1861036282,1350063.2287155234
2017-11-29,1744915.7199115101,1349373.9874501235
2017-11-30,1746595.4942985887,1333511.5188106676
2017-12-01,1750261.4329358381,1330860.939100378
2017-12-04,1735468.4973635771,1337758.2116609132
2017-12-05,1732550.2849468985,1344852.7764546182
2017-12-06,1729187.752280376,1336747.6173975335
2017-12-07,1727215.963242005,1321846.9442339041
2017-12-08,1731217.954194974,1332606.0782784482
2017-12-11,1733156.4115557447,1354615.6296591442
2017-12-12,1720944.3143682752,1336812.593682188
2017-12-13,1724967.0673926892,1348155.6155387857
2017-12-14,1725312.9886206135,1340186.3341425413
2017-12-15,1719569.7841307246,1325108.707121727
2017-12-18,1715424.3262627472,1326585.186672006
2017-12-19,1719870.7404247392,1343241.351280369
2017-12-20,1710311.4605490768,1341630.3921245546
2017-12-21,1708913.2120206992,1354065.994202065
2017-12-22,1704918.5712313377,1349655.4292978467
2017-12-25,1697729.7809304178,1345308.708919227
2017-12-26,1706511.084306666,1349330.5478745734
2017-12-27,1702623.486304906,1328554.4807173223
2017-12-28,1700141.0503186225,1337771.6263344355
2017-12-29,1705045.8037784449,1341751.9230750029
2018-01-02,1722267.4922001972,1360574.5075266971
2018-01-03,1731837.4892933546,1368560.4990125403
2018-01-04,1731516.7360601397,1374358.9001032896
2018-01-05,1739089.1669759806,1377667.1649735218
2018-01-08,1746413.8812269156,1384793.585455964
2018-01-09,1743486.4465673815,1394492.8271441092
2018-01-10,1653692.3294810187,1400656.087382451
2018-01-11,1656091.7954555135,1399914.818487484
2018-01-12,1654345.2092207726,1406377.3957092355
2018-01-15,1641857.1678602826,1406456.7187042825
2018-01-16,1660265.2637244822,1417519.2307500269
2018-01-17,1668166.5725564882,1414071.826089909
2018-01-18,1677240.9555380458,1421827.8374780682
2018-01-19,1683265.4497452965,1426480.76525553
2018-01-22,1693926.3588547779,1443524.524053708
2018-01-23,1712279.3202663686,1458841.7178371553
2018-01-24,1717256.4363708196,1461262.4838849162
2018-01-25,1714730.745329472,1453005.3362439512
2018-01-26,1724691.8591093894,1458404.5592580724
2018-01-29,1708953.5199452,1432014.1017178441
2018-01-30,1696206.6949295322,1416730.0285303143
2018-01-31,1687467.8710582836,1423319.695636703
2018-02-01,1677593.8877502633,1413333.320018521
2018-02-02,1672106.0546797237,1421766.5227668316
2018-02-05,1660017.4310313785,1422736.4402782395
2018-02-06,1635244.4644042428,1381040.8388598126
2018-02-07,1627273.5300645574,1348290.2615794763
2018-02-08,1621102.5685165671,1335491.3981318653
2018-02-09,1582683.2112947197,1278439.2576592627
2018-02-12,1584094.013052393,1294900.3269785065
2018-02-13,1586074.7641054527,1310055.17991141
2018-02-14,1587446.5295482923,1320483.6738763049
2018-02-22,1600704.2796607495,1349034.5595942712
2018-02-23,1522783.5033087363,1355144.6271569582
2018-02-26,1547427.8892982977,1370899.279102768
2018-02-27,1543774.5888115375,1351114.1335735326
2018-02-28,1540577.258060987,1339350.796375575
2018-03-01,1546465.5757145355,1347820.6148580657
2018-03-02,1543247.2707871578,1336960.6211093704
2018-03-05,1547819.2311462958,1337505.1969377266
2018-03-06,1554857.7985145843,1353638.6552971485
2018-03-07,1551098.3915877033,1343682.1381458393
2018-03-08,1562927.2266078251,1357312.0123241907
2018-03-09,1568420.114144068,1367719.2358762296
2018-03-12,1572342.7863944492,1373977.530588285
2018-03-13,1564774.215751957,1361856.7572506643
2018-03-14,1556524.4109636012,1355895.5160039056
2018-03-15,1553218.6113424185,1363490.9507541677
2018-03-16,1550581.2380429343,1350262.6513186824
2018-03-19,1551342.9198677144,1356196.1644685576
2018-03-20,1553270.3154193966,1357346.6308365066
2018-03-21,1549917.7592305592,1351803.0419686218
2018-03-22,1543314.7049211308,1338254.820877493
2018-03-23,1514574.8872286475,1299837.0932699284
2018-03-26,1516576.4834304422,1291501.1885134447
2018-03-27,1526185.6393541829,1302611.034717375
2018-03-28,1519277.1330170752,1279125.9025362388
2018-03-29,1522901.4362129052,1296213.5669284025
2018-03-30,1532586.8526696123,1297694.1407835037
2018-04-02,1530673.6009356256,1293839.9020296102
2018-04-03,1516324.2917861836,1285704.7846445595
2018-04-04,1593519.4958490636,1283169.2782006897
2018-04-09,1584444.7748043481,1282525.7400289532
2018-04-10,1594258.8910451857,1307239.2635177802
2018-04-11,1597234.8125630768,1310957.591323802
2018-04-12,1583197.5031247346,1297739.9770252914
2018-04-13,1578213.8505356275,1288589.0060259514
2018-04-16,1557747.482125975,1267857.410342214
2018-04-17,1482332.5120710053,1247811.3610634275
2018-04-18,1486579.8322648199,1253683.459640973
2018-04-19,1491907.9080272983,1268849.3638681928
2018-04-20,1479670.1541998447,1251876.7394554175
2018-04-23,1480176.1916384897,1253698.0060735517
2018-04-24,1498638.349729225,1279383.244573465
2018-04-25,1487628.0339419781,1274461.058001653
2018-04-26,1481320.6173399156,1250092.4880158366
2018-04-27,1490829.084484618,1250552.6479333912
2018-05-02,1556623.7590679536,1252806.0467889167
2018-05-03,1561253.5360317389,1262577.1218901176
2018-05-04,1559016.0900413452,1256451.6424320438
2018-05-07,1488392.9847503318,1276287.2511003863
2018-05-08,1494022.4467288274,1291096.3183545023
2018-05-09,1493295.5405604637,1288745.7546552748
2018-05-10,1495899.9661473648,1295882.9268487536
2018-05-11,1490801.1197111479,1289152.8883323297
2018-05-14,1493713.6059179811,1301287.675510032
2018-05-15,1502784.9366264543,1306215.5541641577
2018-05-16,1496693.5637802249,1295812.2584817852
2018-05-17,1499468.1868971006,1286227.757189749
2018-05-18,1509636.3285872438,1299214.026622302
2018-05-21,1517691.6161776932,1305265.0762788963
2018-05-22,1514883.7967970758,1300260.7040273645
2018-05-23,1506339.165972867,1283076.074513685
2018-05-24,1499097.3038976858,1273966.912025373
2018-05-25,1500432.2993035545,1270398.875164646
2018-05-28,1490176.5260776393,1275978.41402609
2018-05-29,1491523.384995928,1266241.7577150185
2018-05-30,1458215.3636473224,1239400.1277556254
2018-05-31,1471179.8043800765,1265698.0473494704
2018-06-01,1465937.5558658743,1255117.165356323
2018-06-04,1464723.9059655843,1267429.7052799556
2018-06-05,1464864.2927175974,1279991.6649274195
2018-06-06,1463040.4254241693,1277340.2530413528
2018-06-07,1463049.489752389,1275230.421150846
2018-06-08,1443664.3975604593,1258121.9190772304
2018-06-11,1444782.88647865,1258243.7163239268
2018-06-12,1445615.0147142457,1273546.297100733
2018-06-13,1437287.3452768957,1261025.6133718
2018-06-14,1437920.280664909,1256041.3464870367
2018-06-15,1436289.385783671,1249406.6753146374
2018-06-19,1399276.9101945707,1205362.2078355674
2018-06-20,1394972.8398537156,1210131.240777412
2018-06-21,1379608.3638615161,1195991.3759959897
2018-06-22,1374129.9192990768,1201297.1956009192
2018-06-25,1356950.2407580717,1185177.318350175
2018-06-26,1342688.7725332847,1175402.0823700898
2018-06-27,1329124.306747969,1151485.6501273396
2018-06-28,1321915.1784716016,1139589.9969808664
2018-06-29,1337908.106953004,1168702.5014870982
2018-07-02,1310181.3486607962,1134409.9690663621
2018-07-03,1314273.344415781,1134848.1262563774
2018-07-04,1310285.535263423,1119691.6089719203
2018-07-05,1306383.8978112685,1112598.3423724265
2018-07-06,1305702.1647430023,1120149.4387972998
2018-07-09,1330122.4783730917,1151459.5530949782
2018-07-10,1327840.3177640878,1154232.9619499277
2018-07-11,1317213.7456906978,1134265.4700644736
2018-07-12,1333427.9429764478,1158740.1591053512
2018-07-13,1328469.8509341367,1162612.7057263346
2018-07-16,1318623.332462936,1155754.3124180932
2018-07-17,1312808.7375929253,1148195.2936798248
2018-07-18,1312415.0925464614,1142185.453367699
2018-07-19,1308871.1303753078,1141193.5997028132
2018-07-20,1409142.753063413,1162680.644556755
2018-07-23,1410461.8542616232,1173617.5979212918
2018-07-24,1421128.6012060621,1192243.489306375
2018-07-25,1412888.4477740845,1190927.4865328993
2018-07-26,1404473.9740174569,1177111.1716935078
2018-07-27,1397983.035644497,1172111.8923577305
2018-07-30,1405221.5047948132,1170065.572122511
2018-07-31,1411324.434754911,1170923.5120613894
2018-08-01,1396711.517799639,1147533.1813447496
2018-08-02,1365949.4996768034,1122091.8036344778
2018-08-03,1357669.0104087056,1103559.5819548343
2018-08-06,1334799.598977726,1089575.3340436786
2018-08-07,1362663.4581522753,1121396.637277547
2018-08-08,1353169.5565348817,1103301.1414455827
2018-08-09,1365535.613245875,1130936.8002441938
2018-08-10,1364548.6120187053,1133429.7658623522
2018-08-13,1364370.2817459244,1128544.8940523732
2018-08-14,1366848.4182285937,1122742.8313882058
2018-08-15,1348461.029936213,1095801.0740393447
2018-08-16,1341196.4841646422,1090725.3343931925
2018-08-17,1327634.5098248986,1075044.5463693338
2018-08-20,1412018.0311063232,1087570.4561621454
2018-08-21,1428820.5930804473,1107342.6530362933
2018-08-22,1423156.5512305005,1101119.8422993615
2018-08-23,1423835.8594317944,1105137.986394259
2018-08-24,1425845.7766697353,1106905.1948739304
2018-08-27,1444617.0424753872,1133947.1794733526
2018-08-28,1447592.7287526568,1131815.8108737415
2018-08-29,1442567.9807915734,1127289.8065457616
2018-08-30,1431365.6255287682,1115479.7676432084
2018-08-31,1433653.6019951785,1109957.249465993
2018-09-03,1429561.5922888292,1105736.8533702954
2018-09-04,1439534.0484711637,1119741.9056758718
2018-09-05,1424653.0374454537,1097853.2860790642
2018-09-06,1421383.8279702386,1086116.145774561
2018-09-07,1421942.220026859,1091030.3101718843
2018-09-10,1412167.2092279787,1075193.7721296346
2018-09-11,1407966.3887700534,1073244.3171548378
2018-09-12,1410433.8216642258,1065858.990144709
2018-09-13,1419587.307682262,1077356.7966957963
2018-09-14,1417260.1470472433,1079195.5722922748
2018-09-17,1408633.966430081,1066823.5151570833
2018-09-18,1423921.6864089975,1088296.8124671916
2018-09-19,1431727.2231039924,1102627.01249229
2018-09-20,1432657.0899322745,1101842.6036050522
2018-09-21,1458898.8264362745,1135249.4014159637
2018-09-25,1449965.580103084,1125036.5075513294
2018-09-26,1457418.8423759579,1137498.17337417
2018-09-27,1456405.288150612,1132954.1274753485
2018-09-28,1470315.26337568,1144696.0278252952
2018-10-08,1435638.9131941195,1095442.506140625
2018-10-09,1433392.729347164,1094707.4619204686
2018-10-10,1439812.567396561,1092346.4793805152
2018-10-11,1366553.6288386828,1039924.7646523686
2018-10-12,1358298.7369444722,1055440.6154372601
2018-10-15,1343895.789637193,1040702.9155777647
2018-10-16,1328578.5165329545,1032222.1123750199
2018-10-17,1329798.7599995246,1037971.6148171227
2018-10-18,1284265.5183622986,1013387.6444532322
2018-10-19,1300768.4099536247,1043530.2827100836
2018-10-22,1351460.5203816604,1088576.8562596096
2018-10-23,1332965.83394229,1059667.9019483898
2018-10-24,1267796.7758717386,1061257.7238394727
2018-10-25,1274412.8913101698,1063290.4296789833
2018-10-26,1282431.1213031015,1056408.868597115
2018-10-29,1270713.936532904,1024204.9642280921
2018-10-30,1285077.5833936797,1035313.3790896862
2018-10-31,1292814.9612996655,1049814.1751490345
2018-11-01,1365180.9329420584,1057540.2282092276
2018-11-02,1382151.951060734,1095225.0419666246
2018-11-05,1374307.6263436086,1086100.9336013605
2018-11-06,1373354.9933351483,1079548.481395712
2018-11-07,1367620.0369368354,1072478.2161346902
2018-11-08,1368644.0673635541,1069436.9798277263
2018-11-09,1346836.2548650957,1054348.1350774406
2018-11-12,1356450.6639792493,1066896.1807459157
2018-11-13,1365608.3385854831,1077628.452156384
2018-11-14,1361067.8161975828,1066830.2724243912
2018-11-15,1374388.4483291274,1079289.2087106835
2018-11-16,1377514.2509117946,1084382.7902054908
2018-11-19,1386677.7882567116,1096675.5576326663
2018-11-20,1366502.2425905783,1071312.3378713543
2018-11-21,1368413.308103053,1074003.3280373667
2018-11-22,1366603.5215104835,1069987.4141735514
2018-11-23,1345710.7512574415,1046369.5665995268
2018-11-26,1347795.1080749885,1045626.6666400371
2018-11-27,1342914.3047895604,1044294.4863694601
2018-11-28,1354498.0028614767,1058172.282355244
2018-11-29,1347277.701126376,1044431.9285207611
2018-11-30,1354477.7702522182,1056094.306153474
2018-12-03,1376313.8717091393,1085473.5063526637
2018-12-04,1378768.213602145,1087723.4766439882
2018-12-05,1373796.5053504754,1082495.615265832
2018-12-06,1358641.1968212363,1059084.4801547714
2018-12-07,1437706.8458794048,1059048.3970130882
2018-12-10,1425685.920424892,1046798.2702727175
2018-12-11,1417721.4785579413,1051808.8671990596
2018-12-12,1415788.05420062,1055401.6696109045
2018-12-13,1423969.5920028028,1071740.0096465817
2018-12-14,1404349.948820966,1053837.7450299966
2018-12-17,1404075.4256882013,1052268.494524117
2018-12-18,1389334.5712605505,1041360.3011544277
2018-12-19,1383854.0289048553,1028943.9056938465
2018-12-20,1367169.8632622235,1021052.0166448471
2018-12-21,1365530.136754766,1008395.6882642913
2018-12-24,1366313.978213014,1011325.9456096571
2018-12-25,1361482.7158644842,1004363.4304682188
2018-12-26,1362710.3633053608,999287.5576739424
2018-12-27,1365851.2235673661,995450.5616021449
2018-12-28,1377377.6752189375,1002157.1993357241
2019-01-02,1362531.0610683598,988470.1380379893
2019-01-03,1364112.6516506216,986907.911095666
2019-01-04,1388060.0611314166,1010552.355007518
2019-01-07,1391841.4631302461,1016686.7886769504
2019-01-08,1385214.1527288342,1014490.0110612805
2019-01-09,1389183.8375101457,1024733.2294112224
2019-01-10,1382665.5058005743,1022806.0767472447
2019-01-11,1388775.337159366,1030159.7810778542
2019-01-14,1375272.9698753348,1021174.379771072
2019-01-15,1385116.7311446401,1041215.1364119177
2019-01-16,1384188.0480231924,1041435.2635484043
2019-01-17,1381912.6898840964,1035698.2770299847
2019-01-18,1400539.3097555344,1054591.030543181
2019-01-21,1404368.098538904,1060403.778344323
2019-01-22,1393020.455303357,1046316.9398034002
2019-01-23,1393318.3288747233,1045563.354706936
2019-01-24,1400559.872265143,1051464.6460107325
2019-01-25,1409426.6732222866,1060015.3852657622
2019-01-28,1409127.0245030867,1059785.0722977673
2019-01-29,1414697.8620373385,1063177.7197917697
2019-01-30,1412044.2522371756,1054693.8874691972
2019-01-31,1417973.1005632726,1065728.6048439953
2019-02-01,1426625.84202967,1080962.0817442937
2019-02-11,1437174.4023481952,1100626.5284988582
2019-02-12,1444336.4179242963,1108569.7461497725
2019-02-13,1462485.8207020124,1130769.6327741446
2019-02-14,1460987.9371010978,1132471.4988118194
2019-02-15,1449295.4599868387,1111355.6709284054
2019-02-18,1473827.7784141116,1146986.142276094
2019-02-19,1468178.9054152481,1144943.3171791371
2019-02-20,1468677.0324505984,1149044.1129721892
2019-02-21,1457255.8532537785,1145974.48282772
2019-02-22,1479130.6828162319,1171742.8390442228
2019-02-25,1565653.8793442107,1241434.1983634098
2019-02-26,1558156.361610839,1226525.070293888
2019-02-27,1574734.7710589299,1224427.521317847
2019-02-28,1566278.3954944143,1221424.431948493
2019-03-01,1587683.8266816444,1248168.5641938732
2019-03-04,1601775.6091864754,1262944.5774261337
2019-03-05,1609844.9947897696,1270237.4996380038
2019-03-06,1635926.1451830512,1280915.0138823565
2019-03-07,1642618.6973923326,1267852.9831670816
2019-03-08,1574178.7035550629,1217499.4582535694
2019-03-11,1606334.1738810192,1241591.1467149197
2019-03-12,1617355.832771766,1250045.153857651
2019-03-13,1593715.9279394182,1239673.6472899532
2019-03-14,1583944.1996675974,1231116.1174805844
2019-03-15,1599145.8919298346,1246600.978039547
2019-03-18,1638959.9466116307,1282132.5203308864
2019-03-19,1637958.4149162269,1276212.3219934404
2019-03-20,1631935.8149372742,1276704.0047294213
2019-03-21,1633707.728276371,1277187.1992724787
2019-03-22,1647987.1062595074,1276158.6300123197
2019-03-25,1630077.1682865003,1245875.3873362155
2019-03-26,1611482.2388472108,1231766.2131974425
2019-03-27,1623453.0847264535,1246062.6601730327
2019-03-28,1613664.261780797,1241072.1020393968
2019-03-29,1651461.9707758434,1288987.4185008653
2019-04-01,1701250.298121311,1322802.648183044
2019-04-02,1707038.2862354906,1321922.938525844
2019-04-03,1722413.844489364,1338856.5172511705
2019-04-04,1736064.5079381322,1352196.061944502
2019-04-08,1741214.5873528533,1350530.9447891319
2019-04-09,1732574.6164806718,1356589.6837499042
2019-04-10,1734104.039143181,1360057.160489759
2019-04-11,1719338.4184394686,1330674.9644577727
2019-04-12,1729290.163193743,1327692.1136033111
2019-04-15,1727333.849765749,1323334.0423470952
2019-04-16,1768569.7234264954,1360037.8872987675
2019-04-17,1767256.8893466517,1360520.782258545
2019-04-18,1750012.0957303015,1355472.970431463
2019-04-19,1756149.8294848765,1371627.9987870206
2019-04-22,1729823.5896049554,1340006.3511655289
2019-04-23,1724717.8889274602,1337807.5430409636
2019-04-24,1721974.6309569655,1341496.8778429206
2019-04-25,1701083.356854646,1312113.5167648469
2019-04-26,1678186.6549570046,1294624.1111946616
2019-04-29,1689682.5849599857,1298305.357248068
2019-04-30,1699835.27602333,1302591.7615263835
2019-05-06,1651727.48665156,1226499.539141055
2019-05-07,1660086.6874989222,1238500.0464354083
2019-05-08,1644304.0567621144,1220787.6843310953
2019-05-09,1631233.1485794622,1198233.2908257947
2019-05-10,1655309.823733931,1241756.4833982599
2019-05-13,1634983.4475788898,1221209.7971721336
2019-05-14,1628428.1125297002,1213362.3130225856
2019-05-15,1643329.9137502904,1240638.372024514
2019-05-16,1651582.1524694376,1246254.2936109207
2019-05-17,1626842.5181432532,1214564.1745665115
2019-05-20,1628541.608003896,1204255.680348635
2019-05-21,1638211.106906586,1220560.9330754254
2019-05-22,1636281.7125202818,1214770.121427761
2019-05-23,1626195.872638502,1192995.4100512853
2019-05-24,1626826.5500553965,1196307.2366338426
2019-05-27,1638340.3325553476,1210714.9288672789
2019-05-28,1651297.0376202634,1222386.4937205683
2019-05-29,1643615.5281316978,1219606.5273204972
2019-05-30,1651070.763679147,1212041.8164999154
2019-05-31,1645852.3918798324,1208249.092179445
2019-06-03,1652638.379374646,1208989.1960283248
2019-06-04,1649305.9661924867,1197822.695297508
2019-06-05,1655215.60886997,1197369.4590824165
2019-06-06,1649522.0359691428,1186575.4069422767
2019-06-10,1664110.2741102874,1201909.3108153227
2019-06-11,1682198.7594063578,1238036.5245277153
2019-06-12,1675925.5181672876,1228656.1725972507
2019-06-13,1669823.314581091,1226758.0129373376
2019-06-14,1662521.175901434,1216601.007997875
2019-06-17,1668054.4734904796,1216582.6668437538
2019-06-18,1671800.2720299528,1220841.3097381543
2019-06-19,1680458.2497129038,1236925.4700045572
2019-06-20,1700564.9371561643,1274400.0761607273
2019-06-21,1698908.3749586921,1276204.2332448896
2019-06-24,1702317.3511625319,1278643.373733803
2019-06-25,1687602.2587184398,1265343.1743111997
2019-06-26,1689616.9071855124,1263020.1389866697
2019-06-27,1691025.2968465774,1276496.7929609914
2019-06-28,1687602.0219900734,1273424.4332799744
2019-07-01,1701944.8778909391,1310114.830271093
2019-07-02,1705174.5291733716,1310566.7017179106
2019-07-03,1706823.2697048378,1296041.9057091586
2019-07-04,1707558.803192136,1289240.6329462384
2019-07-05,1704144.942721439,1295931.5259141203
2019-07-08,1677862.3852439234,1265835.7890840508
2019-07-09,1672837.1054518695,1262620.2618823883
2019-07-10,1664233.4447135483,1260492.987587599
2019-07-11,1663776.5246494254,1259987.6904559094
2019-07-12,1673317.9843914995,1267813.5047482287
2019-07-15,1674166.3880250033,1272958.581280106
2019-07-16,1679196.897062569,1267185.6447681275
2019-07-17,1672421.889891249,1266451.1664274994
2019-07-18,1667154.0582823902,1254389.1114126917
2019-07-19,1676088.9469647938,1267555.1973871014
2019-07-22,1669905.2384064356,1258810.0618706045
2019-07-23,1679515.9750168151,1261549.684389015
2019-07-24,1686178.1101512671,1271508.831215779
2019-07-25,1696161.7438726034,1281905.7025011543
2019-07-26,1699982.1980569651,1284402.9954333522
2019-07-29,1704048.0243712296,1282972.1856897057
2019-07-30,1711657.9633265936,1288313.82214007
2019-07-31,1705661.4014113203,1276677.1088083144
2019-08-01,1696814.3293684458,1266062.0410342547
2019-08-02,1670376.1882036244,1247410.8182185248
2019-08-05,1642842.6416358156,1223527.5398587233
2019-08-06,1610306.33507215,1210425.9308635024
2019-08-07,1605749.1315793134,1205466.8622612613
2019-08-08,1613900.8079083213,1221398.90079566
2019-08-09,1611039.1148197488,1209494.1270026728
2019-08-12,1621561.5002163583,1231322.130915896
2019-08-13,1614392.0671203707,1220219.8408680193
2019-08-14,1616412.9173954988,1225762.1315416922
2019-08-15,1610947.7810918854,1229623.1275628936
2019-08-16,1607045.1938233809,1235128.1367617643
2019-08-19,1628686.0496932396,1261942.8375130196
2019-08-20,1624386.0105962805,1260823.6609542794
2019-08-21,1622237.4474855706,1258834.9272828163
2019-08-22,1619876.3829135417,1262745.5542673476
2019-08-23,1618151.830468082,1271852.120367236
2019-08-26,1603135.1649730476,1253559.7983205363
2019-08-27,1620487.7875829404,1270547.9677768226
2019-08-28,1622975.420552389,1265767.4508092578
2019-08-29,1622322.4913134729,1261640.6245579068
2019-08-30,1618074.1249510015,1264769.4723306547
2019-09-02,1638347.7881168828,1280991.4076186693
2019-09-03,1636888.0798719905,1282752.5578586853
2019-09-04,1657403.6788498913,1293534.4269454523
2019-09-05,1671773.013839877,1306623.4867299586
2019-09-06,1678623.853287474,1314340.918449104
2019-09-09,1682782.6038991157,1322476.5684266519
2019-09-10,1684654.654518485,1317921.770816794
2019-09-11,1693037.6266372914,1308213.5749172904
2019-09-12,1695623.641119254,1322287.3316550013
2019-09-16,1695904.5484699793,1317405.9549832852
2019-09-17,1672053.6523051371,1295271.8768193442
2019-09-18,1669505.585723799,1301550.7762036342
2019-09-19,1673984.2662738226,1306310.355628654
2019-09-20,1677131.2401393838,1310061.4045862206
2019-09-23,1662332.1145035764,1295085.7357415834
2019-09-24,1660742.918583958,1298552.3137315996
2019-09-25,1658326.213263881,1288535.5470540482
2019-09-26,1667988.4365334907,1278601.0659173094
2019-09-27,1664298.6094507754,1282433.9343972534
2019-09-30,1655073.029382891,1269743.187226568
2019-10-08,1665939.5753926323,1277449.4345032726
2019-10-09,1672920.5392972662,1279300.2267179687
2019-10-10,1675344.2011746527,1289752.3211878943
2019-10-11,1689065.9089278295,1302097.2161057305
2019-10-14,1711805.8106507729,1315916.593351981
2019-10-15,1711119.9429423087,1310260.6940412554
2019-10-16,1704774.8966283728,1305745.5079983745
2019-10-17,1700579.0883030193,1306589.7336804506
2019-10-18,1679594.4326668198,1288000.9573350137
2019-10-21,1688349.9215652111,1291816.3501236448
2019-10-22,1687985.1221931735,1296823.0857543827
2019-10-23,1693269.9918390831,1288569.2002424628
2019-10-24,1696443.9418825367,1288430.393322888
2019-10-25,1696564.1140363934,1297126.463755583
2019-10-28,1695101.675474291,1307043.5690621014
2019-10-29,1682559.3139797295,1301598.1436488512
2019-10-30,1679073.4523081689,1295273.4413098048
2019-10-31,1672012.891284928,1293784.3126877183
2019-11-01,1685547.302810877,1315632.3553936474
2019-11-04,1682880.8020074836,1324198.573118126
2019-11-05,1691319.8628032177,1332417.54053445
2019-11-06,1689500.58914415,1326448.7764186685
2019-11-07,1688834.4950359168,1328776.6383627043
2019-11-08,1677132.1701386617,1322497.3062470104
2019-11-11,1648607.9721429143,1299185.5994977655
2019-11-12,1645448.6171265726,1299422.1038535398
2019-11-13,1634961.7967452342,1298188.0537505664
2019-11-14,1634077.390991678,1300143.8332612668
2019-11-15,1620181.0572593717,1290567.8867362167
2019-11-18,1631587.3810105976,1300833.5738321329
2019-11-19,1642533.2365437571,1313852.1649718576
2019-11-20,1636397.7991372228,1300811.9372619353
2019-11-21,1640986.7005936217,1294731.69487909
2019-11-22,1649176.023980292,1281548.965389144
2019-11-25,1687164.49209844,1290939.6695862722
2019-11-26,1679505.9325898923,1295415.8432287355
2019-11-27,1677853.1365595579,1290078.3676572554
2019-11-28,1671078.7783641866,1285645.9664606533
2019-11-29,1668189.5326817178,1274450.7723090514
2019-12-02,1662813.3798599825,1276910.1180258263
2019-12-03,1660884.4847521447,1281912.6262036175
2019-12-04,1656040.0327057152,1281490.4467885173
2019-12-05,1662885.1141395313,1291325.0335450058
2019-12-06,1666940.2730840368,1298988.2074035017
2019-12-09,1667474.081927458,1296678.586752494
2019-12-10,1661837.5047691332,1298322.133911729
2019-12-11,1665395.4542255912,1299109.3389095769
2019-12-12,1663011.4611442084,1295206.4345162546
2019-12-13,1684685.9329790238,1320902.990606733
2019-12-16,1688138.157788461,1327335.8092227047
2019-12-17,1707053.840338822,1345395.0887648615
2019-12-18,1704531.5438917407,1342393.5971729993
2019-12-19,1707844.927037818,1340518.5054256197
2019-12-20,1705227.8309558579,1337224.1545343762
2019-12-23,1684051.0795746082,1320528.5447941914
2019-12-24,1691987.327792988,1329137.2034832882
2019-12-25,1685532.767667509,1328441.1716635493
2019-12-26,1697513.4893302876,1340131.8432726746
2019-12-27,1703020.5380197612,1338813.643555148
2019-12-30,1717642.5060691852,1358654.5781484623
2019-12-31,1716346.9979497474,1363630.5565624882
2020-01-02,1732734.622507299,1382157.6853263776
2020-01-03,1735682.5953185246,1379735.7542325293
2020-01-06,1730935.1725980449,1374519.842898528
2020-01-07,1736501.6457860328,1384816.187350063
2020-01-08,1726787.0020829102,1368868.3041888736
2020-01-09,1733214.9637685728,1386195.0360382043
2020-01-10,1729582.4638175012,1385800.6512940503
2020-01-13,1729431.6742544288,1399382.8917309358
2020-01-14,1728827.0772380796,1394688.7213219744
2020-01-15,1714851.8751413543,1386982.1744619901
2020-01-16,1707210.7612140558,1381093.365794846
2020-01-17,1704798.02197667,1383027.2091520696
2020-01-20,1705966.7125940754,1393338.6659157113
2020-01-21,1683469.2445948217,1369531.1488386323
2020-01-22,1680114.9078217465,1375397.1891765222
2020-01-23,1649680.0168451078,1332779.8698676808
2020-02-03,1530231.9364352438,1227744.8069735
2020-02-04,1543934.5778884953,1260126.3642273599
2020-02-05,1557900.0296055446,1274403.0387064926
2020-02-06,1573436.1376192556,1298119.3493184315
2020-02-07,1567813.5392367437,1298150.7057017023
2020-02-10,1558203.6894848172,1303521.8677486284
2020-02-11,1564053.0377943222,1315658.019694605
2020-02-12,1565019.7805963568,1326299.2843621192
2020-02-13,1550066.979552465,1318139.40142595
2020-02-14,1555126.147109658,1327398.32226706
2020-02-17,1586068.938210802,1357253.4271495019
2020-02-18,1578895.8077532996,1350624.88079082
2020-02-19,1576457.950808248,1348561.051577256
2020-02-20,1589595.7435915945,1379632.9638805755
2020-02-21,1585571.8915986975,1381242.125536712
2020-02-24,1577089.454310545,1375699.335557573
2020-02-25,1577925.7343349513,1372708.6622508091
2020-02-26,1575403.4469062989,1355785.8352365193
2020-02-27,1579993.728765415,1359733.910131008
2020-02-28,1542565.4698981598,1311525.268351723
2020-03-02,1568060.183299546,1354671.052565881
2020-03-03,1574505.891911855,1361892.7738182854
2020-03-04,1577603.2618912507,1369778.7710627848
2020-03-05,1601193.2181534562,1400293.8911973443
2020-03-06,1583961.2478681426,1377586.177626921
2020-03-09,1558638.286217598,1330526.7373084042
2020-03-10,1570680.2528648777,1359020.103036676
2020-03-11,1559617.7897880145,1340944.379701169
2020-03-12,1549808.6985632295,1315141.0055279774
2020-03-13,1532287.5522962387,1296633.982130856
2020-03-16,1513827.4021178263,1240887.1925817854
2020-03-17,1513829.0256689906,1234843.0666276545
2020-03-18,1493090.9975242915,1210401.8310530053
2020-03-19,1464988.9080525516,1194702.3690047145
2020-03-20,1479970.6460924444,1216049.7747633043
2020-03-23,1458349.0132065378,1175133.988621827
2020-03-24,1487372.8546149547,1206693.0233378704
2020-03-25,1501526.9658607107,1239115.7566491677
2020-03-26,1500295.9679201308,1230970.1205622978
2020-03-27,1508172.8675958891,1234968.991466204
2020-03-30,1505860.8451901078,1223002.403656514
2020-03-31,1498330.9435132206,1227011.5935400524
2020-04-01,1491655.3867870178,1223323.6235063693
2020-04-02,1504654.8703546997,1243114.3612568253
2020-04-03,1496486.6336022615,1236020.1293334304
2020-04-07,1512150.147798349,1264248.5635813917
2020-04-08,1509154.0408700947,1258364.448385629
2020-04-09,1509002.595769381,1262514.009679203
2020-04-10,1503173.3630450843,1254647.518634912
2020-04-13,1498336.8096328273,1249347.690695576
2020-04-14,1509239.0328911068,1273461.6481807139
2020-04-15,1501854.5635748808,1264029.1687595889
2020-04-16,1506704.0480744434,1265699.6118399305
2020-04-17,1507177.2011601701,1278051.2640250744
2020-04-20,1501356.3145163262,1282700.7965253668
2020-04-21,1489943.214504714,1267585.9213167818
2020-04-22,1492331.8692752058,1278016.7453738519
2020-04-23,1489566.9042093381,1274810.9046982315
2020-04-24,1483194.9829994256,1263899.2827643417
2020-04-27,1486656.4825604798,1272486.3048832407
2020-04-28,1476879.702069254,1281266.5915045505
2020-04-29,1492008.1565802367,1287220.1434471318
2020-04-30,1503067.7259153076,1302380.7883234422
2020-05-06,1498320.572114317,1310262.0588095295
2020-05-07,1493054.8205344263,1306480.8850888417
2020-05-08,1500221.8775444033,1319371.9868995561
2020-05-11,1500173.8552031294,1318226.447012206
2020-05-12,1492733.98709343,1318245.5870550731
2020-05-13,1493307.7452008135,1320913.5758826141
2020-05-14,1481806.3390833796,1306588.4354862387
2020-05-15,1481147.948676574,1302460.2444666137
2020-05-18,1481793.9743347017,1305820.8365496928
2020-05-19,1486877.1569659172,1316918.0003947841
2020-05-20,1485668.9004811074,1309918.569935886
2020-05-21,1479226.9411840579,1302786.1245008195
2020-05-22,1460798.1407660805,1272917.3719356374
2020-05-25,1463287.013696033,1274668.4362052388
2020-05-26,1465173.7880969062,1289130.186577138
2020-05-27,1473644.1521330427,1280090.5606967376
2020-05-28,1481505.4682835676,1283758.4253636524
2020-05-29,1473020.5779722729,1287217.2141883974
2020-06-01,1487925.5070898763,1321941.2463929344
2020-06-02,1493313.6441674924,1326011.4181173989
2020-06-03,1495711.5261138964,1326038.0477422574
2020-06-04,1487550.6147171822,1325551.191625782
2020-06-05,1489206.0942715572,1331897.630396119
2020-06-08,1489421.1516630938,1338789.3773094958
2020-06-09,1494778.2465589086,1347135.900628892
2020-06-10,1487078.270388073,1344697.8918990353
2020-06-11,1479207.2808479122,1330111.3484476428
2020-06-12,1477707.1013140695,1332507.4488053785
2020-06-15,1468926.2238694555,1316498.1843588902
2020-06-16,1477629.1723244954,1336331.22992584
2020-06-17,1478530.5305171113,1337337.7964584597
2020-06-18,1480127.7684479663,1346255.4253699773
2020-06-19,1483916.640892035,1364338.7048615376
2020-06-22,1481505.5444004305,1365449.293366261
2020-06-23,1475675.876364149,1372022.9826977341
2020-06-24,1482167.4813223355,1377746.7209777865
2020-06-29,1479800.7196129458,1368002.575084724
2020-06-30,1483843.8768877478,1386059.8906920475
2020-07-01,1502559.4510255724,1413961.0135634665
2020-07-02,1536564.4322760862,1443273.9059967587
2020-07-03,1569931.3603540137,1471152.1273907998
2020-07-06,1692507.2025274585,1554535.9405067551
2020-07-07,1683415.7437098215,1563866.7946220143
2020-07-08,1715069.0186170975,1589124.2614856071
2020-07-09,1709795.9683825227,1611349.0135221907
2020-07-10,1656054.9326068428,1582176.9585173693
2020-07-13,1662755.458955091,1615406.7026100028
2020-07-14,1643632.9683074928,1600004.460462164
2020-07-15,1614033.9257867816,1579292.7704230084
2020-07-16,1593435.3169197573,1503326.6060243535
2020-07-17,1592599.305114623,1512795.9341888768
2020-07-20,1644660.4996618642,1557934.4465182268
2020-07-21,1633527.233746332,1561508.774627826
2020-07-22,1633646.8074800195,1569298.905222835
2020-07-23,1624318.6353452308,1568629.935759359
2020-07-24,1590873.5044766874,1499777.3430491523
2020-07-27,1575022.0365136568,1507386.5586302786
2020-07-28,1582789.9611646333,1520637.3268117383
2020-07-29,1599993.2185440403,1557502.8468733325
2020-07-30,1585724.2643324193,1549894.2970328273
2020-07-31,1584541.429937882,1562841.4874909003
2020-08-03,1603979.1081567814,1588227.708590684
2020-08-04,1619139.7283830808,1589722.8288783636
2020-08-05,1604035.8167929987,1590157.7239393338
2020-08-06,1605044.6108764287,1585382.7991929892
2020-08-07,1592601.3235207356,1567128.8570931167
2020-08-10,1604750.421654101,1572768.8452029896
2020-08-11,1602086.321396003,1558426.794994829
2020-08-12,1605178.0667371326,1547062.9021697487
2020-08-13,1607310.8043681574,1543091.093622105
2020-08-14,1617254.6661442644,1566031.2505305123
2020-08-17,1642765.6528745617,1602845.8081475333
2020-08-18,1630159.897408314,1602023.718341121
2020-08-19,1628746.4384932737,1578031.0920842441
2020-08-20,1613568.1697311027,1557551.5790868236
2020-08-21,1615258.222959065,1570762.7689883374
2020-08-24,1610749.3302990464,1583080.9677072528
2020-08-25,1607325.3734286197,1585112.0091952097
2020-08-26,1599156.8188299215,1566531.0220150438
2020-08-27,1604981.618299521,1574924.3136130974
2020-08-28,1611294.61542519,1612512.0623878853
2020-08-31,1608092.7686745704,1603175.0834589086
2020-09-01,1607944.718737915,1611798.7545990197
2020-09-02,1598581.9533697087,1612386.1708363667
2020-09-03,1593402.5611739946,1603467.976045321
2020-09-04,1585545.1901468823,1587864.2807854274
2020-09-07,1577662.369021025,1554293.8772167915
2020-09-08,1592461.6062323868,1562622.858270812
2020-09-09,1590602.5610540193,1526073.4651433192
2020-09-10,1573494.7371309001,1525204.2741879378
2020-09-11,1572033.0662655535,1540284.9969026418
2020-09-14,1573293.3888189753,1548196.6917351298
2020-09-15,1572184.8164602905,1560656.6599193856
2020-09-16,1576240.0296654163,1550296.3377941286
2020-09-17,1576077.9458978332,1542093.015282409
2020-09-18,1597804.998330091,1576836.1875298128
2020-09-21,1591365.2464108167,1561637.1294196441
2020-09-22,1570632.8210569243,1543107.1379710822
2020-09-23,1563955.345653897,1548621.6339738092
2020-09-24,1551248.2982363491,1518909.0974454535
2020-09-25,1545282.9419727926,1521224.510039868
2020-09-28,1546717.564345288,1525181.3061364973
2020-09-29,1543435.6839923188,1528473.659805877
2020-09-30,1542219.9403965545,1527007.6989574172
2020-10-09,1550795.145413027,1558212.9258201842
2020-10-12,1569588.416404975,1605486.0355911595
2020-10-13,1562429.4025939545,1610826.3405602807
2020-10-14,1557826.0290089627,1600141.569743154
2020-10-15,1561875.815709733,1597356.7767235776
2020-10-16,1572670.3350289117,1595006.679042785
2020-10-19,1573030.271814849,1582960.7349510167
2020-10-20,1560239.4462482426,1595602.9163433665
2020-10-21,1572409.3080735158,1595390.2787888716
2020-10-22,1568488.8157529943,1590449.1851834098
2020-10-23,1574782.6251542612,1570644.6000280275
2020-10-26,1563474.6119025045,1561573.1517459215
2020-10-27,1552503.9131352932,1564250.5275162251
2020-10-28,1540272.5224121877,1576897.136083708
2020-10-29,1531449.4137417548,1588763.29692065
2020-10-30,1521897.532120086,1562937.2209922667
2020-11-02,1516493.453558948,1571424.581740133
2020-11-03,1530810.5925451785,1590308.1480327533
2020-11-04,1530348.2782883472,1602323.3016207789
2020-11-05,1542418.0186584326,1626108.6828221944
2020-11-06,1555752.9317408334,1626310.4022304977
2020-11-09,1570886.439686938,1658143.4224993035
2020-11-10,1565680.7923899374,1648998.1102952461
2020-11-11,1581091.6640811292,1632694.9546514133
2020-11-12,1566238.456532848,1633881.6040221388
2020-11-13,1551279.7809349864,1616701.601405778
2020-11-16,1569039.8448659368,1632453.124370667
2020-11-17,1576039.638853789,1629328.9367822695
2020-11-18,1576837.7181875189,1628292.2454865284
2020-11-19,1572272.3065014,1640381.2629965052
2020-11-20,1573104.1988724666,1645473.8791674115
2020-11-23,1592980.9807009173,1666024.9925686703
2020-11-24,1590134.5801496555,1655791.960050237
2020-11-25,1582141.9362320744,1634626.234907244
2020-11-26,1589240.5318809885,1637585.8514140164
2020-11-27,1610758.1351830065,1657948.7932286193
2020-11-30,1605741.6733125402,1651120.5912575608
2020-12-01,1620648.5744492565,1686686.5856260608
2020-12-02,1616192.589811121,1686702.0308084788
2020-12-03,1618920.1181458577,1683345.2334469422
2020-12-04,1608174.0000221287,1686293.1329187767
2020-12-07,1591413.2955527122,1671752.958301669
2020-12-08,1585334.976352179,1667639.8463071203
2020-12-09,1573895.9261839453,1645277.6188322045
2020-12-10,1571623.7359011143,1644554.0586377685
2020-12-11,1561798.1580829571,1627612.3911638914
2020-12-14,1555214.2325071415,1642660.1264308016
2020-12-15,1549135.7699441698,1646076.9735963943
2020-12-16,1545549.5483075152,1648995.247610574
2020-12-17,1556386.844754138,1670169.5940946145
2020-12-18,1558933.6299180654,1664340.8352315265
2020-12-21,1556072.3318102274,1679943.0658620526
2020-12-22,1536943.2167961248,1652625.4313583141
2020-12-23,1541694.8127448647,1666722.7553140249
2020-12-24,1531815.8125880328,1664356.6798583174
2020-12-25,1549121.774215538,1678336.6670294954
2020-12-28,1541872.2227372872,1685793.294860183
2020-12-29,1541128.3771663648,1678643.7066041138
2020-12-30,1541561.7788109656,1702202.4031239215
2020-12-31,1548733.1280074813,1734683.2223044413
2021-01-04,1543529.8774086668,1753466.9607908733
2021-01-05,1545233.6635363512,1787015.8942244672
2021-01-06,1564405.3186934048,1803380.7307368785
2021-01-07,1558748.8780152886,1835332.6522806776
2021-01-08,1559897.2343685504,1829265.6914232303
2021-01-11,1553137.962846283,1811200.0540581385
2021-01-12,1562964.511179438,1862859.595635804
2021-01-13,1588123.9756623823,1856740.9733061313
2021-01-14,1613910.5415462467,1820952.4884219386
2021-01-15,1605778.8817557958,1816833.18503961
2021-01-18,1605753.400847664,1836951.6336109806
2021-01-19,1605204.8531214548,1809990.103765662
2021-01-20,1595385.31942614,1822942.1541302716
2021-01-21,1593204.088852335,1852413.0601000674
2021-01-22,1567652.455805397,1854013.0678226587
2021-01-25,1560561.4111618162,1872702.8037333405
2021-01-26,1558961.2721473991,1835103.3046365841
2021-01-27,1564686.8099943777,1840108.2094806125
2021-01-28,1549704.4699670153,1789891.1613945006
2021-01-29,1545475.899448022,1781510.1194238816
2021-02-01,1560728.3018960808,1803374.3063398814
2021-02-02,1551575.3168633096,1831150.0369652482
2021-02-03,1544493.5777643137,1825860.4947185132
2021-02-04,1541855.9261913644,1822114.605250763
2021-02-05,1560367.4095777352,1825265.722047299
2021-02-08,1554619.505003578,1852277.415448445
2021-02-09,1560092.2889168097,1892783.870968816
2021-02-10,1568097.4488086659,1933217.2614559818
2021-02-18,1584761.1396866234,1920122.9090335346
2021-02-19,1603742.5398148622,1923604.9322059683
2021-02-22,1612769.7132547812,1863185.8751143827
2021-02-23,1609662.501097021,1857305.854223442
2021-02-24,1596604.8300659996,1810005.0496426139
2021-02-25,1618852.011541317,1820653.6041699331
2021-02-26,1594796.932311368,1776449.259080619
2021-03-01,1596380.5271215197,1803752.2140036544
2021-03-02,1585696.209823374,1780733.03368348
2021-03-03,1609764.864100739,1814879.6690470225
2021-03-04,1609952.1939583963,1757790.1805255555
2021-03-05,1621337.6030314348,1751828.4732603615
2021-03-08,1616817.716245272,1690989.3671236644
2021-03-09,1604974.7243755625,1654698.1149221433
2021-03-10,1597119.9584253877,1665553.9145049239
2021-03-11,1614166.8702213867,1707030.7202681075
2021-03-12,1625724.7604511478,1713076.6437219162
2021-03-15,1629455.2532424384,1676183.1292671897
2021-03-16,1635272.049005273,1690768.9404038982
2021-03-17,1620033.514476874,1697924.220742281
2021-03-18,1617154.5890297676,1711541.9451542906
2021-03-19,1605222.5558113519,1666711.837167833
2021-03-22,1629999.0331848352,1683375.7576544362
2021-03-23,1622079.8176163393,1667429.2392615206
2021-03-24,1619489.0100487527,1640613.0073068363
2021-03-25,1599679.8082159304,1639834.6233722225
2021-03-26,1608831.8434467085,1676997.2634731755
2021-03-29,1620049.7256378757,1679955.6150727673
2021-03-30,1620249.7026980633,1695884.05860781
2021-03-31,1622204.1977807952,1680449.3948917058
2021-04-01,1618681.4351977292,1701225.8614933295
2021-04-02,1614725.1631042236,1718129.049159286
2021-04-06,1616400.2575715953,1711067.1722300947
2021-04-07,1620518.346561826,1698884.4517276469
2021-04-08,1614741.3626072651,1701702.4652042342
2021-04-09,1615532.8877283926,1676114.3249739613
2021-04-12,1607451.013033234,1646957.7151515575
2021-04-13,1592090.0724469316,1644260.766606983
2021-04-14,1597933.7856012376,1657903.1567090182
2021-04-15,1590762.4425638919,1647366.5464671976
2021-04-16,1601795.003880994,1653094.2459039476
2021-04-19,1609620.2884682254,1693316.7630492651
2021-04-20,1601398.950120005,1692101.4202577549
2021-04-21,1593709.9617412838,1697220.799201644
2021-04-22,1590969.1331290682,1694058.0652312634
2021-04-23,1587321.1139491852,1709439.969003117
2021-04-26,1578104.9809872461,1690061.5244195324
2021-04-27,1574168.2552667707,1694482.8077477566
2021-04-28,1575982.5394227756,1704043.7085347618
2021-04-29,1599505.1771555205,1718998.6062720092
2021-04-30,1581007.5958524938,1705457.3754574053
2021-05-06,1586596.2778272976,1684698.0516767842
2021-05-07,1596227.2574221462,1663037.614677983
2021-05-10,1596249.9301696266,1661829.0624408114
2021-05-11,1601789.102548351,1672027.376585836
2021-05-12,1606463.2005468672,1679180.2935450124
2021-05-13,1602864.647668266,1662012.740278273
2021-05-14,1623343.2358423364,1701163.714606316
2021-05-17,1614409.329154322,1725927.667947219
2021-05-18,1612360.2196736995,1726798.4566800916
2021-05-19,1604024.8018670597,1721695.787825801
2021-05-20,1607970.6641096338,1726402.574019539
2021-05-21,1599531.9197589476,1709005.5399605816
2021-05-24,1601791.278686076,1716142.0131264077
2021-05-25,1623076.467756778,1770363.4244765535
2021-05-26,1622237.8773383496,1771067.3453226564
2021-05-27,1622168.7364784377,1776939.2441780153
2021-05-28,1621137.2975416284,1771232.415709748
2021-05-31,1613604.9410218913,1774721.2294365205
2021-06-01,1608400.6003278408,1778086.6148520743
2021-06-02,1608327.8250906472,1760875.1559913496
2021-06-03,1603722.6127751055,1749328.5173656777
2021-06-04,1605041.2522235536,1758313.2529318389
2021-06-07,1602793.3161678829,1756765.3726999077
2021-06-08,1604972.6696674458,1741616.2451363488
2021-06-09,1603625.8122347116,1743058.5056186847
2021-06-10,1599394.6963752809,1754714.5587154934
2021-06-11,1599851.10716549,1739148.5110877438
2021-06-15,1585143.0950804097,1719794.3327498117
2021-06-16,1591681.9697696187,1691144.5845495583
2021-06-17,1586721.89382774,1698268.50850467
2021-06-18,1582991.2102119771,1698459.3430538122
2021-06-21,1582454.8598408294,1694438.1698390874
2021-06-22,1589744.2297286037,1705014.4249349157
2021-06-23,1592746.4480860499,1713414.5736613704
2021-06-24,1597891.1275803545,1716270.6009274432
2021-06-25,1606663.1082350886,1744229.9095291782
2021-06-28,1606760.0216791956,1748155.1162333195
2021-06-29,1602519.0818180281,1727778.1605786353
2021-06-30,1596649.011100538,1738928.1509420397
2021-07-01,1599842.5116824782,1740799.9472733429
2021-07-02,1593830.7722345782,1691353.061225169
2021-07-05,1591079.4196536576,1692909.2965018994
2021-07-06,1598016.1819830784,1692014.507819623
2021-07-07,1593587.9951078487,1711116.470323114
2021-07-08,1585090.9076838738,1693729.5555216027
2021-07-09,1582503.9113047612,1687464.7698384882
2021-07-12,1580376.7977048147,1708526.3731482842
2021-07-13,1584911.7592104,1711652.1252271426
2021-07-14,1571757.4952901006,1692008.0501355948
2021-07-15,1579105.9283429536,1714768.9563816732
2021-07-16,1576427.8050539687,1695898.5717533582
2021-07-19,1570470.362704501,1702130.5031368034
2021-07-20,1567945.414882644,1700632.453590389
2021-07-21,1563267.7173062314,1712299.1252501106
2021-07-22,1572072.6964057577,1714865.1891885055
2021-07-23,1578566.3899618823,1694052.972315509
2021-07-26,1560999.4176641812,1639485.8085736076
2021-07-27,1546200.3852714072,1581571.0346907452
2021-07-28,1545292.0783638083,1584623.3222920254
2021-07-29,1535864.2416363426,1614512.4132331926
2021-07-30,1537095.72271472,1601495.4864450218
2021-08-02,1566910.9418221994,1642294.2353852459
2021-08-03,1564225.2677361097,1642534.6676106872
2021-08-04,1556836.7502085515,1657310.6475559166
2021-08-05,1556247.190738785,1647265.4204667974
2021-08-06,1552152.7421280502,1638242.7709722444
2021-08-09,1566522.1295243814,1659545.8051184139
2021-08-10,1570288.9160075,1678714.2418229578
2021-08-11,1579465.9033096146,1669457.9839443339
2021-08-12,1572182.435132889,1655480.8594578276
2021-08-13,1567118.6794942485,1646370.8647937388
2021-08-16,1575650.8554965437,1644734.7073554022
2021-08-17,1568961.0232384303,1610227.9728897107
2021-08-18,1590458.5098416565,1629146.657000113
2021-08-19,1575052.8398631515,1618461.852895955
2021-08-20,1573922.6777096975,1587547.65454586
2021-08-23,1575057.420899636,1609720.2790917836
2021-08-24,1575375.8809331977,1627199.9648488953
2021-08-25,1577918.9194205552,1630451.109173806
2021-08-26,1574096.3554982606,1598313.2129874013
2021-08-27,1580353.5927138438,1606779.4031835052
2021-08-30,1570230.1858814796,1602194.7803938056
2021-08-31,1594679.540325047,1599644.860665481
2021-09-01,1626321.7986121261,1620898.2305612892
2021-09-02,1629835.1557477491,1620882.4525085606
2021-09-03,1642049.985983357,1612111.6859781377
2021-09-06,1647614.7686196694,1642290.9732562008
2021-09-07,1658346.6413171827,1661964.6738054033
2021-09-08,1672851.5993539852,1655075.256984202
2021-09-09,1675820.2558692019,1654369.8715087313
2021-09-10,1676592.7750408,1668852.5927102068
2021-09-13,1678401.4826990934,1661575.3486899724
2021-09-14,1646057.102737196,1636777.142994095
2021-09-15,1640764.083577964,1620185.8880963246
2021-09-16,1629321.0020607812,1600339.8605872565
2021-09-17,1630585.236902064,1616398.3232656708
2021-09-22,1626165.025705136,1605023.24599815
2021-09-23,1641186.3852856788,1615484.7606978696
2021-09-24,1629705.963671621,1614230.5053670348
2021-09-27,1618941.92204423,1623531.6008765143
2021-09-28,1634305.1768340953,1625681.3439172779
2021-09-29,1623017.067619377,1609071.1486988268
2021-09-30,1622829.4981935348,1619874.2881984494
2021-10-08,1643469.7611405065,1641030.9592689902
2021-10-11,1655376.9267302435,1643111.6982943392
2021-10-12,1648911.028275839,1625684.3064630434
2021-10-13,1643811.7430283872,1644415.5845885042
2021-10-14,1636802.8145660239,1635595.6531131864
2021-10-15,1635962.9590676469,1641752.4556675002
2021-10-18,1632570.750846357,1622667.9688553226
2021-10-19,1635249.567654744,1638628.4012272265
2021-10-20,1631692.9904402546,1634454.6735490933
2021-10-21,1642656.8221920473,1640390.0840597397
2021-10-22,1639564.5209321785,1650945.3350389611
2021-10-25,1636496.0196494255,1657535.5347378463
2021-10-26,1631727.4407056912,1652068.1065970568
2021-10-27,1618307.4835133746,1630453.505840043
2021-10-28,1611879.474330431,1619127.1274989822
2021-10-29,1615015.8408891957,1633983.828494564
2021-11-01,1621851.6184636643,1627963.868924992
2021-11-02,1599085.289982535,1611040.942049609
2021-11-03,1596811.7083155026,1604805.0162224348
2021-11-04,1596294.0193931682,1620659.6291225571
2021-11-05,1593530.2866177286,1611873.151113468
2021-11-08,1593650.887676718,1613815.01664518
2021-11-09,1595405.5025747847,1613337.3144622496
2021-11-10,1592925.8373158886,1604831.8455694797
2021-11-11,1610171.4402847628,1630616.1129868354
2021-11-12,1605176.9836945347,1627194.871933141
2021-11-15,1611781.0444799638,1625198.5821056245
2021-11-16,1606608.9649877353,1625512.4455216131
2021-11-17,1604405.792737494,1626322.5852838703
2021-11-18,1598564.7584045574,1610299.5732935485
2021-11-19,1609116.6610305829,1627754.9595179772
2021-11-22,1602933.2047904134,1635191.7815651763
2021-11-23,1606856.7744998224,1635506.9098883455
2021-11-24,1606984.458031025,1636609.442931549
2021-11-25,1603366.9179117964,1629880.036868716
2021-11-26,1598033.6762404852,1617791.8182474847
2021-11-29,1590900.0645578592,1614894.6814980363
2021-11-30,1591189.369156175,1608437.996080785
2021-12-01,1600928.185676694,1612374.1875051802
2021-12-02,1601659.26212086,1616472.4867709018
2021-12-03,1607828.9578644393,1631403.2181235903
2021-12-06,1605934.7371627362,1628608.2392725055
2021-12-07,1613108.5194558587,1638421.4557550447
2021-12-08,1610331.8395890053,1662996.704916794
2021-12-09,1619759.3803872121,1690545.1516939937
2021-12-10,1613595.0572764485,1682698.4331461603
2021-12-13,1611105.7499622111,1692246.3187040163
2021-12-14,1602346.342129529,1680893.6436084076
2021-12-15,1602362.6352614344,1666315.1889055655
2021-12-16,1606919.9096250222,1675912.8385748758
2021-12-17,1605418.5886488184,1649292.4675110257
2021-12-20,1604802.3231046402,1624546.1895836226
2021-12-21,1616581.0451658163,1635553.3785837234
2021-12-22,1611240.791267059,1635875.963201853
2021-12-23,1612391.608156232,1647288.2553701138
2021-12-24,1610097.798415615,1638169.6060779458
2021-12-27,1615082.6800986365,1637496.841892927
2021-12-28,1616139.1322143013,1649693.409800301
2021-12-29,1614237.356993898,1625565.638197268
2021-12-30,1616159.4554371303,1638224.862549527
2021-12-31,1617498.8965567176,1644503.5954986615
2022-01-04,1630368.6675130299,1636978.0635136527
2022-01-05,1638625.3447986653,1620452.6836503758
2022-01-06,1631854.9689478283,1603846.316440498
2022-01-07,1650134.9742399522,1605223.4342030238
2022-01-10,1653880.3056216256,1612438.7976324933
2022-01-11,1657155.536457178,1597036.3557624677
2022-01-12,1652260.913960275,1612949.2875410304
2022-01-13,1655897.1014298964,1586432.971736315
2022-01-14,1629387.4656131498,1573388.6497215708
2022-01-17,1626231.853294919,1586884.7100350081
2022-01-18,1641252.1068001434,1602220.378120701
2022-01-19,1642366.6596713306,1591246.0434202692
2022-01-20,1657688.611962652,1605602.9729313194
2022-01-21,1646145.6723040456,1590891.8028355893
2022-01-24,1637316.7990238136,1593362.8655873013
2022-01-25,1608197.0103253648,1557317.4713972865
2022-01-26,1616731.9754992605,1568588.3935445796
2022-01-27,1599838.3754065463,1537819.7260943362
2022-01-28,1592672.4258152416,1519144.2037459228
2022-02-07,1620194.8223188184,1542550.9449688818
2022-02-08,1648839.8365167617,1534123.6673121024
2022-02-09,1648182.760464614,1548532.9573230306
2022-02-10,1658404.1307043647,1544472.4721246082
2022-02-11,1657427.9351124398,1531667.8833076525
2022-02-14,1637046.2892937793,1515121.7323369859
2022-02-15,1629147.0426931467,1531237.548569939
2022-02-16,1634931.2189301383,1537191.5332439246
2022-02-17,1630657.0938971776,1540911.558688531
2022-02-18,1642728.1335240703,1548258.3060296464
2022-02-21,1637336.1731384136,1542625.5744925474
2022-02-22,1625825.0714244011,1522599.630580529
2022-02-23,1621733.0727302965,1538874.9249793538
2022-02-24,1597320.952982538,1507675.789643273
2022-02-25,1596547.2703034007,1522357.300994317
2022-02-28,1592809.312347097,1525093.8943928997
2022-03-01,1597346.1169699216,1537756.380874204
2022-03-02,1598064.5237615148,1524080.237722661
2022-03-03,1605730.4783423077,1515101.9265534978
2022-03-04,1600623.4239794118,1496728.0845676996
2022-03-07,1578681.80141376,1448910.3989683685
2022-03-08,1548333.9209885239,1419822.0275596646
2022-03-09,1516502.2154563677,1406825.2061382618
2022-03-10,1528848.690062643,1428958.1192561148
2022-03-11,1539770.7263257683,1433513.2164492526
2022-03-14,1523216.41872318,1389652.892826079
2022-03-15,1465845.4091676837,1326092.7383343105
2022-03-16,1490462.2031901095,1383435.9738936475
2022-03-17,1504385.7699847121,1410603.0511558424
2022-03-18,1529880.9689227014,1419992.0244273553
2022-03-21,1532720.8061614938,1417610.0710578251
2022-03-22,1549154.8651481115,1416461.3689025233
2022-03-23,1544719.1792452196,1423525.675784983
2022-03-24,1552108.7699719504,1415133.582520048
2022-03-25,1549189.1306333747,1389591.8111240598
2022-03-28,1559273.4904015374,1380901.2663385232
2022-03-29,1557585.33841578,1376133.8311741701
2022-03-30,1573753.8056344436,1416063.222723858
2022-03-31,1580841.6290011227,1405577.1089081757
2022-04-01,1591592.7108374187,1423406.0421953066
2022-04-06,1611971.347543879,1419306.1118650623
2022-04-07,1594025.7493453845,1401084.3583242379
2022-04-08,1601397.9021859316,1408296.6926338796
2022-04-11,1577365.1572977996,1364791.6747803807
2022-04-12,1592434.4294428388,1391388.8114965418
2022-04-13,1583926.4634598254,1377995.5415350583
2022-04-14,1587865.4910345066,1395248.6757586864
2022-04-15,1588522.89569452,1394309.5820380517
2022-04-18,1571637.386704813,1386865.6698532342
2022-04-19,1575939.5843302752,1376386.0137215802
2022-04-20,1568050.412358097,1355044.7660637388
2022-04-21,1557492.1162956827,1330093.1737286767
2022-04-22,1571645.758673133,1335891.7079675505
2022-04-25,1526694.9745337868,1269871.1758610439
2022-04-26,1507742.031427565,1259621.1336697321
2022-04-27,1514467.391500627,1296708.3120712424
2022-04-28,1521990.0959038981,1305220.2053610096
2022-04-29,1540415.85802907,1336887.3896410095
2022-05-05,1542738.5030441699,1334879.9153710522
2022-05-06,1514582.133436823,1301128.4636404098
2022-05-09,1516779.7533622673,1290683.4593081025
2022-05-10,1525112.0397435944,1304807.8123330448
2022-05-11,1519831.764023765,1323633.1928953493
2022-05-12,1516201.1591070194,1317747.01390366
2022-05-13,1530414.1662402314,1327686.587956153
2022-05-16,1523701.773405779,1317013.966905368
2022-05-17,1523924.301393209,1333442.9808136884
2022-05-18,1518927.1800648784,1328787.2902126475
2022-05-19,1519127.6534302568,1331347.5622076357
2022-05-20,1529318.6444672225,1357311.9124630971
2022-05-23,1525665.578083939,1349450.3478994053
2022-05-24,1516060.1443511753,1317884.855499334
2022-05-25,1523056.0399021825,1325881.831705431
2022-05-26,1533064.7987119015,1329165.9967651665
2022-05-27,1536759.990338914,1331913.5748840033
2022-05-30,1528840.3138124319,1341140.4403141898
2022-05-31,1536113.144583927,1361944.7348737908
2022-06-01,1532867.7382731498,1359168.463334169
2022-06-02,1533530.3898320426,1361295.8374900515
2022-06-06,1534851.9793174362,1386766.0084822013
2022-06-07,1537562.4035818905,1391107.8023802226
2022-06-08,1544049.317426172,1404650.198240914
2022-06-09,1548816.6961235874,1389958.1349010193
2022-06-10,1560527.7360747594,1411035.1168191712
2022-06-13,1544417.1887563728,1394511.1350111996
2022-06-14,1571241.3624568498,1405482.1077214926
2022-06-15,1596795.7638101615,1424091.6884613505
2022-06-16,1573374.921916892,1414719.2588442808
2022-06-17,1576594.356638909,1434352.9483821339
2022-06-20,1569539.1415231158,1441472.5117361748
2022-06-21,1580029.5889326185,1439852.3986468157
2022-06-22,1567189.5386501192,1421563.5051643166
2022-06-23,1585048.7537080413,1445948.052925048
2022-06-24,1582338.1648627892,1462889.221093459
2022-06-27,1581049.2748036834,1479363.5053640385
2022-06-28,1583119.398188335,1494759.6559851915
2022-06-29,1584117.9384729657,1471738.4784431525
2022-06-30,1586628.8605237429,1492926.938628368
