date,symbol,side,shares,price,value,cost
2011-06-02,601988.SH,buy,13306.360913957194,3.75685,49990.001999600085,9.998000399920018
2011-06-02,601328.SH,buy,7761.554919263697,6.44072,49990.00199960008,9.998000399920016
2011-06-02,601390.SH,buy,12024.3426178862,4.1574,49990.001999600085,9.998000399920018
2011-06-02,601169.SH,buy,4459.984333366649,11.20856,49990.001999600085,9.998000399920018
2011-06-02,600004.SH,buy,4617.054376651511,10.827250000000001,49990.00199960008,9.998000399920016
2011-06-02,600028.SH,buy,4057.096550583453,12.32162,49990.001999600085,9.998000399920018
2011-06-02,600269.SH,buy,1143.9841402841696,43.698159999999994,49990.001999600085,9.998000399920018
2011-06-02,000002.SZ,buy,56.96870999096441,877.49928,49990.00199960008,9.998000399920016
2011-06-02,600033.SH,buy,2919.4839188711762,17.12289,49990.00199960008,9.998000399920016
2011-06-02,601186.SH,buy,7882.148094125375,6.342180000000001,49990.00199960008,9.998000399920016
2011-06-02,601939.SH,buy,8982.929379982046,5.5649999999999995,49990.001999600085,9.998000399920018
2011-06-02,601628.SH,buy,2502.3402561707585,19.977299999999996,49990.001999600085,9.998000399920018
2011-06-02,000999.SZ,buy,1471.0249297253868,33.983109999999996,49990.001999600085,9.998000399920018
2011-06-02,600018.SH,buy,12024.3426178862,4.1574,49990.001999600085,9.998000399920018
2011-06-02,600019.SH,buy,4534.240544181413,11.025,49990.00199960008,9.998000399920016
2011-06-02,601866.SH,buy,13119.908982006405,3.81024,49990.001999600085,9.998000399920018
2011-06-02,601857.SH,buy,4254.395840036773,11.7502,49990.001999600085,9.998000399920018
2011-06-02,600694.SH,buy,312.28634638795205,160.07745000000003,49990.001999600085,9.998000399920018
2011-06-02,600832.SH,buy,410.20345565092845,121.86636,49990.00199960008,9.998000399920016
2011-06-02,000031.SZ,buy,651.0831566864972,76.77974999999999,49990.00199960008,9.998000399920016
2011-07-04,601169.SH,sell,4459.984333366649,10.54944,47050.33712579146,9.410067425158292
2011-07-04,600269.SH,sell,1143.9841402841696,41.19371999999999,47124.962359306795,9.42499247186136
2011-07-04,000002.SZ,sell,56.96870999096441,989.73756,56384.07202280474,11.27681440456095
2011-07-04,600033.SH,sell,2919.4839188711762,17.02187,49695.07573411571,9.939015146823142
2011-07-04,601186.SH,sell,7882.148094125375,6.21762,49008.20163299581,9.801640326599163
2011-07-04,601939.SH,sell,8982.929379982046,5.7519,51668.91150071873,10.333782300143746
2011-07-04,601628.SH,sell,2502.3402561707585,20.26875,50719.30906726106,10.143861813452213
2011-07-04,000999.SZ,sell,1471.0249297253868,33.08697,48671.757719075984,9.734351543815198
2011-07-04,600019.SH,sell,4534.240544181413,11.06505,50171.59833339453,10.034319666678908
2011-07-04,601866.SH,sell,13119.908982006405,3.64896,47874.02307898209,9.574804615796419
2011-07-04,600694.SH,sell,312.28634638795205,154.41348,48221.22150224911,9.644244300449822
2011-07-04,600832.SH,sell,410.20345565092845,123.783,50776.214350838876,10.155242870167775
2011-07-04,000031.SZ,sell,651.0831566864972,77.18034,50250.819401337125,10.050163880267425
2011-07-04,600900.SH,buy,3065.472906591074,16.25855,49840.14452545631,9.968028905091263
2011-07-04,601857.SH,sell,50.89876145125276,11.859200000000001,603.6185918026968,0.12072371836053936
2011-07-04,600018.SH,sell,64.3150380621563,4.1680600000000005,268.0689375453512,0.05361378750907025
2011-07-04,601818.SH,buy,14529.89187898487,3.4301799999999996,49840.144525456315,9.968028905091263
2011-07-04,601328.SH,buy,103.99706324682596,6.337759999999999,659.1084275632036,0.13182168551264073
2011-07-04,600028.SH,sell,182.68227331269702,12.866489999999999,2350.4796427550828,0.47009592855101656
2011-07-04,600005.SH,buy,2357.148847817081,21.14425,49840.14452545631,9.968028905091263
2011-07-04,601009.SH,buy,3684.7877649325383,13.52592,49840.144525456315,9.968028905091263
2011-07-04,000538.SZ,buy,80.21444962787992,621.3362400000001,49840.144525456315,9.968028905091263
2011-07-04,600428.SH,buy,1112.5757421121268,44.79708,49840.144525456315,9.968028905091263
2011-07-04,600036.SH,buy,1093.1078810449485,45.594899999999996,49840.144525456315,9.968028905091263
2011-07-04,601988.SH,buy,3.50596848252139,3.74535,13.131079056011489,0.002626215811202298
2011-07-04,600004.SH,buy,74.48524649695884,10.6255,791.4429866534362,0.15828859733068723
2011-07-04,601398.SH,buy,9632.062562897401,5.1744,49840.144525456315,9.968028905091263
2011-07-04,000825.SZ,buy,1534.1395707578674,32.48736,49840.144525456315,9.968028905091263
2011-07-04,000898.SZ,buy,3589.508390412376,13.88495,49840.144525456315,9.968028905091263
2011-07-04,600795.SH,buy,86.63425190889662,575.29376,49840.144525456315,9.968028905091263
2011-07-04,600535.SH,buy,326.65148933677557,152.57896000000002,49840.144525456315,9.968028905091263
2011-07-04,600547.SH,buy,101.7329756471401,489.9114,49840.14452545631,9.968028905091263
2011-07-04,601390.SH,buy,295.56715159934714,4.03572,1192.8262650525173,0.23856525301050346
2011-08-02,601390.SH,sell,12319.909769485546,3.54315,43651.28829975271,8.730257659950542
2011-08-02,600004.SH,sell,4691.53962314847,10.491,49218.9421864506,9.84378843729012
2011-08-02,601818.SH,sell,14529.89187898487,3.2864,47751.03667109588,9.550207334219175
2011-08-02,601009.SH,sell,3684.7877649325383,12.811679999999999,47208.3217122309,9.441664342446181
2011-08-02,000538.SZ,sell,80.21444962787992,656.6669999999999,52674.18199379101,10.534836398758204
2011-08-02,600428.SH,sell,1112.5757421121268,41.38928,46048.70891148661,9.209741782297323
2011-08-02,600036.SH,sell,1093.1078810449485,42.646499999999996,46617.22524898339,9.323445049796678
2011-08-02,600535.SH,sell,326.65148933677557,163.72696000000002,53481.65532858269,10.696331065716539
2011-08-02,600547.SH,sell,101.7329756471401,516.3493500000001,52529.755848966626,10.505951169793326
2011-08-02,600018.SH,sell,502.26662863743366,4.19768,2108.3545816987826,0.4216709163397565
2011-08-02,600028.SH,buy,101.52695970646242,12.0967,1228.141173481164,0.24562823469623282
2011-08-02,601988.SH,sell,3.679133563776619,3.61456,13.298449014284415,0.002659689802856883
2011-08-02,600019.SH,buy,4541.615393936972,10.58795,48086.39671023496,9.617279342046993
2011-08-02,601939.SH,buy,8823.548236852674,5.4497800000000005,48086.39671023497,9.617279342046995
2011-08-02,601328.SH,buy,145.08089164709128,6.0040000000000004,871.065673449136,0.17421313468982721
2011-08-02,601398.SH,buy,59.38790065334428,4.962719999999999,294.7255223303647,0.05894510446607294
2011-08-02,600269.SH,buy,1212.0991306270157,39.672000000000004,48086.39671023497,9.617279342046995
2011-08-02,600795.SH,buy,3.3518012308955734,534.479,1791.4673700878352,0.35829347401756706
2011-08-02,601628.SH,buy,2518.870509680488,19.09046,48086.39671023497,9.617279342046995
2011-08-02,601288.SH,buy,17740.52281472879,2.71054,48086.39671023497,9.617279342046995
2011-08-02,600717.SH,buy,401.10369512028984,119.8852,48086.39671023497,9.617279342046995
2011-08-02,600808.SH,buy,7996.367642671603,6.01353,48086.39671023496,9.617279342046993
2011-08-02,600642.SH,buy,1456.1927415127784,33.022,48086.39671023496,9.617279342046993
2011-08-02,000898.SZ,buy,206.87955697781803,12.668750000000001,2620.9053874627325,0.5241810774925465
2011-08-02,601857.SH,sell,40.7816562575808,11.554,471.19125640008855,0.09423825128001771
2011-08-02,600005.SH,buy,32.6789781754363,20.12525,657.6726055251994,0.13153452110503988
2011-08-02,000825.SZ,sell,6.311934494302937,31.48,198.69969788065646,0.03973993957613129
2011-08-02,600900.SH,buy,108.4056069328388,15.153599999999999,1642.7352052174658,0.3285470410434932
2011-08-02,601018.SH,buy,15394.7866783315,3.1178099999999995,47998.01985356873,9.599603970713746
2011-09-02,601328.SH,sell,8010.632874157614,6.01664,48197.094175971666,9.639418835194334
2011-09-02,600028.SH,sell,3975.9412369772185,11.49972,45722.21096169166,9.144442192338332
2011-09-02,600005.SH,sell,2389.8278259925173,17.9344,42860.1281624802,8.57202563249604
2011-09-02,000825.SZ,sell,1527.8276362635645,28.83568,44055.94881445254,8.811189762890509
2011-09-02,000898.SZ,sell,3796.387947390194,11.22958,42631.84216625398,8.526368433250795
2011-09-02,600795.SH,sell,89.98605313979219,482.00288,43373.53677321288,8.674707354642576
2011-09-02,600019.SH,sell,4541.615393936972,9.670449999999999,43919.46458629779,8.783892917259559
2011-09-02,600269.SH,sell,1212.0991306270157,36.850880000000004,44666.91961084049,8.933383922168098
2011-09-02,601628.SH,sell,2518.870509680488,17.16628,43239.63645291797,8.647927290583594
2011-09-02,600717.SH,sell,401.10369512028984,108.58392,43553.41154264595,8.71068230852919
2011-09-02,600808.SH,sell,7996.367642671603,5.55378,44410.06668651669,8.88201333730334
2011-09-02,600642.SH,sell,1456.1927415127784,31.214480000000002,45454.29920609579,9.090859841219158
2011-09-02,601988.SH,sell,706.9336092882891,3.567,2521.632184331327,0.5043264368662654
2011-09-02,601288.SH,sell,712.1167705302755,2.6392099999999994,1879.425701951208,0.3758851403902416
2011-09-02,000538.SZ,buy,67.55422584475735,665.13312,44932.553005308095,8.98651060106162
2011-09-02,601939.SH,sell,360.5233616263895,5.31034,1914.501628179081,0.3829003256358162
2011-09-02,601398.SH,sell,438.27980339254617,4.856879999999999,2128.6724115011893,0.4257344823002379
2011-09-02,000729.SZ,buy,710.3736325382295,63.252,44932.553005308095,8.98651060106162
2011-09-02,601857.SH,buy,23.144943412492985,10.736500000000001,248.49568494823097,0.049699136989646196
2011-09-02,600900.SH,sell,0.35474356408219565,14.1614,5.023665508393606,0.0010047331016787213
2011-09-02,600267.SH,buy,294.6084150496291,152.51619,44932.553005308095,8.98651060106162
2011-09-02,600879.SH,buy,265.09156086404255,169.49823999999998,44932.55300530809,8.986510601061617
2011-09-02,601018.SH,sell,296.25330381766764,2.97655,881.8127714784787,0.17636255429569575
2011-09-02,600018.SH,buy,496.96598297446474,3.7592800000000004,1868.2342804762459,0.37364685609524917
2011-09-02,600535.SH,buy,282.84549824251746,158.859,44932.55300530809,8.986510601061617
2011-09-02,000061.SZ,buy,266.27881538621324,168.7425,44932.55300530809,8.986510601061617
2011-09-02,002024.SZ,buy,45.904599423762036,978.82464,44932.55300530809,8.986510601061617
2011-09-02,600406.SH,buy,102.19841014717757,439.66,44932.553005308095,8.98651060106162
2011-09-02,600690.SH,buy,258.48783718037083,173.8285,44932.55300530809,8.986510601061617
2011-09-02,600600.SH,buy,836.9759744973975,53.684400000000004,44932.55300530809,8.986510601061617
2011-09-02,601333.SH,buy,11893.998545512033,3.77775,44932.55300530809,8.986510601061617
2011-09-02,601818.SH,buy,14170.731651924722,3.16316,44824.2915321022,8.96485830642044
2011-10-11,600018.SH,sell,11954.726934161075,3.29896,39438.16596672002,7.887633193344005
2011-10-11,600900.SH,sell,3173.523769959831,14.319249999999998,45442.480242997306,9.088496048599461
2011-10-11,000538.SZ,sell,67.55422584475735,618.5694599999999,41786.98100150959,8.357396200301919
2011-10-11,000729.SZ,sell,710.3736325382295,56.06085,39824.149657680806,7.964829931536162
2011-10-11,600267.SH,sell,294.6084150496291,138.12168,40691.80922879206,8.138361845758412
2011-10-11,600879.SH,sell,265.09156086404255,149.35823999999997,39593.60896950626,7.918721793901253
2011-10-11,600535.SH,sell,282.84549824251746,150.49800000000002,42567.6817945024,8.513536358900481
2011-10-11,000061.SZ,sell,266.27881538621324,155.15249999999997,41313.82390420944,8.26276478084189
2011-10-11,002024.SZ,sell,45.904599423762036,863.08524,39619.58221076152,7.923916442152303
2011-10-11,600406.SH,sell,102.19841014717757,407.26400000000007,41621.733310180134,8.324346662036028
2011-10-11,600690.SH,sell,258.48783718037083,146.8578,37960.95509506746,7.592191019013493
2011-10-11,600600.SH,sell,836.9759744973975,51.7132,43282.705964378816,8.656541192875764
2011-10-11,601288.SH,sell,739.5221813928191,2.5984499999999997,1921.6114122401707,0.3843222824480342
2011-10-11,601988.SH,sell,449.8153783297463,3.4837700000000003,1567.0533205638203,0.3134106641127641
2011-10-11,601939.SH,sell,457.5303180385166,5.2871,2419.008544501441,0.48380170890028823
2011-10-11,601018.SH,sell,533.1460709034595,2.9059199999999996,1549.2798303597808,0.3098559660719562
2011-10-11,601857.SH,sell,307.66484508699904,10.9138,3357.79258631049,0.671558517262098
2011-10-11,601398.SH,sell,538.5534010726435,4.856879999999999,2615.6892426017007,0.5231378485203402
2011-10-11,601333.SH,sell,0.5386864864063774,3.55875,1.9170505334986956,0.00038341010669973915
2011-10-11,601818.SH,sell,433.0327641261315,3.0809999999999995,1334.173946272611,0.2668347892545222
2011-10-11,000690.SZ,buy,303.8729737985883,139.26012,42317.38679594827,8.463477359189653
2011-10-11,600795.SH,buy,95.07917536807544,445.07524,42317.38679594827,8.463477359189653
2011-10-11,600005.SH,buy,2471.9254869356196,17.1192,42317.38679594826,8.463477359189651
2011-10-11,601328.SH,buy,7309.813373353508,5.7891200000000005,42317.38679594826,8.463477359189651
2011-10-11,600028.SH,buy,3805.8147299115094,11.11914,42317.38679594826,8.463477359189651
2011-10-11,600269.SH,buy,1206.0468744570246,35.087680000000006,42317.38679594826,8.463477359189651
2011-10-11,000825.SZ,buy,1510.4074210109598,28.017200000000003,42317.38679594827,8.463477359189653
2011-10-11,600219.SH,buy,2446.035166582753,17.3004,42317.38679594826,8.463477359189651
2011-10-11,000021.SZ,buy,477.2565840658215,88.66799999999999,42317.38679594826,8.463477359189651
2011-10-11,600276.SH,buy,126.96895203175097,333.28925,42317.38679594825,8.463477359189651
2011-10-11,600717.SH,buy,403.9232108680787,104.76592000000001,42317.38679594827,8.463477359189653
2011-10-11,600009.SH,buy,1341.015926937512,31.48048,42215.82506763781,8.443165013527562
2011-11-02,600795.SH,sell,95.07917536807544,497.55136,47306.773012064434,9.461354602412888
2011-11-02,600005.SH,sell,2471.9254869356196,17.323,42821.16521018574,8.564233042037149
2011-11-02,600219.SH,sell,2446.035166582753,16.8568,41232.32559605215,8.24646511921043
2011-11-02,000021.SZ,sell,477.2565840658215,87.87984,41941.23224665094,8.38824644933019
2011-11-02,600717.SH,sell,403.9232108680787,105.98768000000001,42810.88401805845,8.56217680361169
2011-11-02,600009.SH,sell,1341.015926937512,33.096199999999996,44382.53132110928,8.876506264221856
2011-11-02,601398.SH,sell,136.9097192039081,5.021519999999999,687.4948931768085,0.13749897863536173
2011-11-02,601988.SH,buy,7.053064695466994,3.5432200000000003,24.990559890272564,0.004998111978054513
2011-11-02,601018.SH,buy,790.1847311243499,2.8050199999999994,2216.483974498424,0.44329679489968477
2011-11-02,601939.SH,sell,315.01777769282126,5.60084,1764.3641700130609,0.3528728340026122
2011-11-02,601857.SH,buy,84.54659489965638,10.869480000000001,918.9775223299172,0.18379550446598344
2011-11-02,601288.SH,sell,277.52023920468827,2.6901599999999997,746.573846698884,0.1493147693397768
2011-11-02,600028.SH,buy,2.494892474281152,11.3103,28.217982351862112,0.005643596470372422
2011-11-02,600900.SH,buy,2938.05335577377,14.657499999999999,43064.51706225403,8.612903412450807
2011-11-02,601818.SH,buy,336.3044046577162,3.0604599999999995,1029.2461782787539,0.20584923565575078
2011-11-02,600004.SH,buy,4248.669796986388,10.136,43064.517062254024,8.612903412450805
2011-11-02,000690.SZ,sell,2.6164121131731943,142.97823000000002,374.0899728920631,0.07481799457841262
2011-11-02,601328.SH,buy,2.813387417030919,5.89024,16.571527099292204,0.003314305419858441
2011-11-02,601333.SH,sell,391.6494059650698,3.7449,1466.6878603985897,0.29333757207971795
2011-11-02,000538.SZ,buy,70.510346499987,610.75458,43064.51706225403,8.612903412450807
2011-11-02,600269.SH,buy,9.322058168910141,35.44032,330.37672456478947,0.0660753449129579
2011-11-02,000825.SZ,buy,9.89026088556,28.332,280.2108714096859,0.05604217428193719
2011-11-02,600276.SH,buy,6.994294485470639,321.5261,2248.848228164881,0.4497696456329763
2011-11-02,600642.SH,buy,1379.6326916948167,31.214480000000002,43064.517062254024,8.612903412450805
2011-11-02,600863.SH,buy,837.544285658102,51.4176,43064.517062254024,8.612903412450805
2011-11-02,600019.SH,buy,4507.5896936769595,9.542,43011.42085706555,8.60228417141311
2011-12-02,000690.SZ,sell,301.25656168541514,136.89405,41240.2308181913,8.24804616363826
2011-12-02,600028.SH,sell,3808.3096223857906,11.59704,44165.11902319291,8.833023804638582
2011-12-02,000825.SZ,sell,1520.2976818965199,26.569119999999998,40392.97154603046,8.078594309206093
2011-12-02,600276.SH,sell,133.96324651722162,350.54186999999996,46959.726945417846,9.39194538908357
2011-12-02,600900.SH,sell,2938.05335577377,14.860449999999998,43660.79499080832,8.732158998161664
2011-12-02,000538.SZ,sell,70.510346499987,667.30392,47051.8306199996,9.410366123999921
2011-12-02,600642.SH,sell,1379.6326916948167,31.214480000000002,43064.517062254024,8.612903412450805
2011-12-02,600863.SH,sell,837.544285658102,52.900800000000004,44306.762746742126,8.861352549348426
2011-12-02,601988.SH,buy,91.03813232457142,3.4837700000000003,317.1559142483722,0.06343118284967444
2011-12-02,600269.SH,buy,6.80039540145778,34.91136,237.4110520026371,0.04748221040052742
2011-12-02,601018.SH,buy,482.18072676538674,2.6940299999999997,1299.0093433277548,0.259801868665551
2011-12-02,601288.SH,buy,218.07784421970257,2.6290199999999997,573.3310140104824,0.11466620280209648
2011-12-02,601818.SH,buy,503.4053361444823,2.9269499999999997,1473.4422486280923,0.2946884497256185
2011-12-02,601328.SH,buy,89.99668620800952,5.763839999999999,518.7264998331735,0.10374529996663472
2011-12-02,601333.SH,buy,305.97140618879916,3.6134999999999997,1105.6276762632258,0.22112553525264517
2011-12-02,601939.SH,buy,7.454678604069587,5.542739999999999,41.319345285920654,0.00826386905718413
2011-12-02,600019.SH,buy,247.39566712127927,8.973149999999999,2219.9184304293067,0.44398368608586136
2011-12-02,601398.SH,sell,40.76458791429951,4.997999999999999,203.74141039566894,0.04074828207913379
2011-12-02,000100.SZ,buy,8104.257398589681,5.263789999999999,42659.10905212237,8.531821810424473
2011-12-02,601857.SH,buy,61.14337257060189,10.603560000000002,648.3374196547314,0.1296674839309463
2011-12-02,601390.SH,buy,14422.775699219132,2.9577599999999995,42659.109052122374,8.531821810424475
2011-12-02,600004.SH,buy,130.1671492566669,9.744,1268.3487023569623,0.25366974047139246
2011-12-02,600519.SH,buy,38.95126064847293,1095.192,42659.10905212237,8.531821810424473
2011-12-02,600694.SH,buy,274.6933206667986,155.29722,42659.109052122374,8.531821810424475
2011-12-02,600859.SH,buy,400.0980387482539,106.62164,42659.109052122374,8.531821810424475
2011-12-02,600018.SH,buy,12974.181585195369,3.2880000000000003,42659.109052122374,8.531821810424475
2011-12-02,601618.SH,buy,14695.342261918211,2.9029,42659.109052122374,8.531821810424475
2011-12-02,600839.SH,buy,644.6351028901057,66.06670000000001,42588.91395210975,8.51778279042195
2012-01-05,601018.SH,sell,15837.752761500109,2.3812399999999996,37713.49038579451,7.542698077158902
2012-01-05,601333.SH,sell,11807.781859249355,3.7449,44218.96228470291,8.843792456940582
2012-01-05,600269.SH,sell,1222.1693280273926,33.5008,40943.65022438007,8.188730044876015
2012-01-05,600019.SH,sell,4754.985360798239,8.8814,42230.926983393474,8.446185396678695
2012-01-05,000100.SZ,sell,8104.257398589681,4.6933300000000004,38035.95437652291,7.607190875304583
2012-01-05,600519.SH,sell,38.95126064847293,950.5440000000001,37024.88710184206,7.404977420368413
2012-01-05,600694.SH,sell,274.6933206667986,128.62434000000002,35332.247073175335,7.066449414635067
2012-01-05,600859.SH,sell,400.0980387482539,89.2243,35698.46743868583,7.1396934877371665
2012-01-05,601618.SH,sell,14695.342261918211,2.5984,38184.37733336828,7.636875466673656
2012-01-05,600839.SH,sell,644.6351028901057,56.89826,36678.61568936799,7.335723137873598
2012-01-05,601939.SH,sell,136.69968116371996,5.24062,716.391083100214,0.1432782166200428
2012-01-05,000027.SZ,buy,853.2858638746856,46.429480000000005,39617.61895105244,7.9235237902104885
2012-01-05,601857.SH,sell,344.55164272299174,10.769760000000002,3710.738499732368,0.7421476999464737
2012-01-05,601988.SH,sell,795.0279351961833,3.4599900000000003,2750.7887054994426,0.5501577410998886
2012-01-05,601288.SH,sell,1273.0202121240793,2.6494,3372.739750001536,0.6745479500003072
2012-01-05,600000.SH,buy,702.8406964440269,56.367850000000004,39617.61895105244,7.9235237902104885
2012-01-05,601668.SH,buy,13514.452993707127,2.9314999999999998,39617.61895105244,7.9235237902104885
2012-01-05,601398.SH,sell,495.1316919940845,4.92744,2439.7317043993316,0.4879463408798664
2012-01-05,600900.SH,buy,2788.6966494951216,14.206499999999998,39617.61895105244,7.9235237902104885
2012-01-05,601328.SH,sell,357.8320810912898,5.6248000000000005,2012.7338897222871,0.4025467779444574
2012-01-05,601006.SH,buy,4686.58988703391,8.453399999999998,39617.61895105244,7.9235237902104885
2012-01-05,601818.SH,sell,1133.582703884282,2.9474899999999997,3341.223683871882,0.6682447367743763
2012-01-05,600004.SH,buy,201.051469773977,8.652,1739.497316484449,0.3478994632968898
2012-01-05,600717.SH,buy,430.2046923477214,92.09016000000001,39617.61895105244,7.9235237902104885
2012-01-05,601998.SH,buy,8983.913010688017,4.40984,39617.61895105244,7.9235237902104885
2012-01-05,601166.SH,buy,1552.3902035646952,25.5204,39617.61895105244,7.9235237902104885
2012-01-05,600016.SH,buy,500.0877156464715,79.22134000000001,39617.61895105244,7.9235237902104885
2012-01-05,601390.SH,buy,1261.435592498292,2.52642,3186.9161095995346,0.6373832219199069
2012-01-05,600018.SH,buy,1148.515289516261,2.8057600000000003,3222.4582587131445,0.6444916517426289
2012-01-05,000728.SZ,buy,3463.396925156208,11.4156,39536.753938813206,7.907350787762642
2012-02-02,600004.SH,sell,4579.888416017032,8.959999999999999,41035.8002075126,8.20716004150252
2012-02-02,601390.SH,sell,15684.211291717424,2.6393899999999997,41396.75044124605,8.27935008824921
2012-02-02,600018.SH,sell,14122.69687471163,3.0797600000000003,43494.51692686189,8.698903385372379
2012-02-02,000027.SZ,sell,853.2858638746856,47.27505000000001,40339.13187896896,8.067826375793793
2012-02-02,600000.SH,sell,702.8406964440269,60.693599999999996,42657.932093695184,8.531586418739037
2012-02-02,601668.SH,sell,13514.452993707127,3.1159999999999997,42111.0355283914,8.42220710567828
2012-02-02,600717.SH,sell,430.2046923477214,96.06088,41325.841327051385,8.265168265410278
2012-02-02,000728.SZ,sell,3463.396925156208,12.135869999999999,42031.334842095464,8.406266968419093
2012-02-02,601988.SH,buy,315.2291572139855,3.5432200000000003,1116.9262544237379,0.2233852508847476
2012-02-02,601288.SH,buy,254.84138908682357,2.7411099999999995,698.5482800397829,0.13970965600795657
2012-02-02,601398.SH,buy,222.8722664206961,5.04504,1124.3994989830687,0.22487989979661377
2012-02-02,601857.SH,buy,10.04298244175522,11.3016,113.50177036374079,0.02270035407274816
2012-02-02,600900.SH,buy,73.58184275414769,14.5673,1071.8887779524955,0.2143777555904991
2012-02-02,601939.SH,sell,22.815713299293154,5.53112,126.19644814398634,0.02523928962879727
2012-02-02,601818.SH,buy,318.7178467400979,3.0296499999999997,965.6035243761376,0.19312070487522753
2012-02-02,601006.SH,buy,51.13780217440081,8.800799999999999,450.0535693764666,0.09001071387529333
2012-02-02,601328.SH,sell,172.44763930854361,6.0672,1046.2743172127957,0.20925486344255914
2012-02-02,601333.SH,buy,10971.417459141932,3.79965,41687.546348628646,8.33750926972573
2012-02-02,600019.SH,buy,4507.5414502647645,9.2484,41687.546348628646,8.33750926972573
2012-02-02,601166.SH,sell,49.51088342706646,27.744,1373.629949800532,0.2747259899601064
2012-02-02,600028.SH,buy,3355.0265060785687,12.4254,41687.546348628646,8.33750926972573
2012-02-02,601998.SH,sell,252.66843257264972,4.77548,1206.6130463820373,0.24132260927640747
2012-02-02,600009.SH,buy,1279.7404865273568,32.574999999999996,41687.54634862864,8.337509269725729
2012-02-02,600779.SH,buy,329.99944626355267,126.32611,41687.546348628646,8.33750926972573
2012-02-02,601169.SH,buy,3979.520477134179,10.475520000000001,41687.54634862864,8.337509269725729
2012-02-02,600795.SH,buy,77.99660295096467,534.479,41687.54634862865,8.33750926972573
2012-02-02,600016.SH,sell,11.301154197316915,85.30489,964.0437156751577,0.19280874313503155
2012-02-02,601018.SH,buy,16632.460312883904,2.5023199999999997,41619.738090135645,8.323947618027129
2012-03-02,601328.SH,sell,6872.343726578714,6.34528,43606.94520138538,8.721389040277076
2012-03-02,601998.SH,sell,8731.244578115367,5.019240000000001,43824.212036259785,8.764842407251958
2012-03-02,600779.SH,sell,329.99944626355267,138.06893,45562.67044620121,9.112534089240244
2012-03-02,601018.SH,sell,16632.460312883904,2.7142099999999996,45143.990105832614,9.028798021166523
2012-03-02,601288.SH,buy,267.60091226003755,2.7920599999999998,747.1578030847604,0.1494315606169521
2012-03-02,601988.SH,buy,110.75863075218889,3.6383400000000004,402.97755661091895,0.08059551132218379
2012-03-02,601939.SH,buy,98.69504070098148,5.658939999999999,558.5093136244121,0.11170186272488243
2012-03-02,601857.SH,buy,36.06715456547751,11.600760000000001,418.4064039970089,0.08368128079940179
2012-03-02,601818.SH,sell,55.09910493177645,3.1528899999999997,173.72141694834863,0.03474428338966973
2012-03-02,600028.SH,buy,224.08229765706912,12.07494,2705.78029927125,0.54115605985425
2012-03-02,601006.SH,buy,166.4834083190197,8.81238,1467.1150578023628,0.29342301156047257
2012-03-02,600036.SH,buy,953.5536031825297,45.314099999999996,43209.42332997347,8.641884665994695
2012-03-02,600900.SH,buy,54.82456408206026,14.81535,812.2451054731515,0.1624490210946303
2012-03-02,601888.SH,buy,1595.3414127866592,27.084749999999996,43209.42332997346,8.641884665994693
2012-03-02,600009.SH,sell,32.81854195065819,34.6598,1137.4841003014226,0.22749682006028452
2012-03-02,600019.SH,sell,4.275841078665537,9.597050000000001,41.035460624007094,0.008207092124801418
2012-03-02,601333.SH,buy,241.19132175090263,3.8544,929.6478305566791,0.18592956611133582
2012-03-02,601398.SH,buy,68.64865195397098,5.18616,356.02289281760613,0.07120457856352123
2012-03-02,600050.SH,buy,6110.534601837494,7.071299999999999,43209.42332997346,8.641884665994693
2012-03-02,600795.SH,buy,1.7039451189503145,542.25324,923.9697615329935,0.1847939523065987
2012-03-02,000825.SZ,buy,1567.7075295846987,25.813599999999997,40468.17508568757,8.093635017137515
2012-03-02,600016.SH,sell,2.9447819223841307,88.95502,261.9531348013188,0.05239062696026377
2012-03-02,600118.SH,buy,1.2996710945569394,201.4728,261.8483744994513,0.052369674899890264
2012-04-06,601166.SH,sell,1502.8793201376288,27.0708,40684.14549958172,8.136829099916344
2012-04-06,600016.SH,sell,485.84177952677044,84.49375,41050.59385889006,8.210118771778012
2012-04-06,601169.SH,sell,3979.520477134179,10.327679999999999,41099.21404128912,8.219842808257823
2012-04-06,600795.SH,sell,79.70054806991499,499.49492,39810.01888213834,7.962003776427669
2012-04-06,601888.SH,sell,1595.3414127866592,26.371199999999995,42071.06746487954,8.41421349297591
2012-04-06,600050.SH,sell,6110.534601837494,6.21108,37953.01925478082,7.590603850956164
2012-04-06,000825.SZ,sell,1567.7075295846987,23.35816,36618.76330924413,7.323752661848827
2012-04-06,600118.SH,sell,1.2996710945569394,189.3104,246.041254779012,0.049208250955802404
2012-04-06,601398.SH,sell,196.27144487358623,5.03328,987.8891380533242,0.19757782761066486
2012-04-06,601939.SH,sell,263.425378424056,5.55436,1463.1593849034398,0.292631876980688
2012-04-06,601988.SH,sell,319.4827359631955,3.5432200000000003,1131.9976197195138,0.22639952394390275
2012-04-06,601288.SH,sell,311.9018489013073,2.70035,842.2441576806451,0.16844883153612902
2012-04-06,601328.SH,buy,6951.824622678981,5.89024,40947.915465488644,8.18958309309773
2012-04-06,601857.SH,buy,77.42054646186918,10.769760000000002,833.8007044631803,0.16676014089263608
2012-04-06,600900.SH,sell,122.8949684185375,14.657499999999999,1801.3329995947133,0.36026659991894266
2012-04-06,600009.SH,sell,36.129940094280286,33.82588,1222.1270180363135,0.24442540360726273
2012-04-06,601818.SH,buy,285.25697238348397,2.9269499999999997,834.9328953178383,0.16698657906356767
2012-04-06,600036.SH,buy,32.78016172738462,41.5233,1361.14048945471,0.272228097890942
2012-04-06,601006.SH,sell,131.20619021334048,8.580779999999999,1125.8514528588275,0.22517029057176552
2012-04-06,601668.SH,buy,12970.51487661978,3.1569999999999996,40947.91546548864,8.189583093097728
2012-04-06,600019.SH,buy,117.70532101881379,8.86305,1043.2281454557974,0.2086456290911595
2012-04-06,600000.SH,buy,689.0207156839471,59.42915,40947.915465488644,8.18958309309773
2012-04-06,601333.SH,sell,646.8359953546307,3.8763,2507.330368793155,0.501466073758631
2012-04-06,600028.SH,sell,13.221548329771167,11.485529999999999,151.85648998803663,0.03037129799760733
2012-04-06,601299.SH,buy,9199.298046703956,4.4512,40947.91546548865,8.189583093097731
2012-04-06,601009.SH,buy,3134.2551700994936,13.064639999999999,40947.915465488644,8.18958309309773
2012-04-06,601018.SH,buy,16363.980412372777,2.5023199999999997,40947.915465488644,8.18958309309773
2012-04-06,000001.SZ,buy,72.5350690344501,563.7242,40889.773763390156,8.177954752678032
2012-05-03,601818.SH,sell,13992.701638908311,3.16316,44261.15411612921,8.852230823225844
2012-05-03,601333.SH,sell,10565.772785538204,3.7887,40030.543352568595,8.006108670513719
2012-05-03,601668.SH,sell,12970.51487661978,3.4644999999999997,44936.348790049225,8.987269758009846
2012-05-03,600000.SH,sell,689.0207156839471,63.28905,43607.46652595711,8.721493305191423
2012-05-03,601299.SH,sell,9199.298046703956,4.8364,44491.48507307901,8.898297014615803
2012-05-03,601009.SH,sell,3134.2551700994936,14.136,44305.83108452644,8.86116621690529
2012-05-03,000001.SZ,sell,72.5350690344501,602.50268,43702.57348724121,8.740514697448242
2012-05-03,601006.SH,buy,113.0083984422268,8.75448,989.3297639945056,0.19786595279890112
2012-05-03,601988.SH,buy,197.60716067170486,3.6383400000000004,718.9620369582907,0.14379240739165813
2012-05-03,601288.SH,buy,209.23747321408868,2.7818699999999996,582.0714496100768,0.11641428992201537
2012-05-03,601398.SH,buy,129.5150237963861,5.1744,670.1625391320202,0.13403250782640405
2012-05-03,600005.SH,buy,2826.1780646404713,15.132150000000001,42766.150400849314,8.553230080169863
2012-05-03,601328.SH,sell,73.62410571620234,6.21888,457.8594785563764,0.09157189571127529
2012-05-03,600009.SH,buy,32.68106438068112,34.39919999999999,1124.2024698439259,0.2248404939687852
2012-05-03,601857.SH,buy,8.123795705652647,11.224040000000002,91.18180795207356,0.018236361590414713
2012-05-03,600900.SH,buy,58.23536935486675,14.99575,873.283040003243,0.1746566080006486
2012-05-03,601933.SH,buy,1312.6584693843824,32.579800000000006,42766.150400849314,8.553230080169863
2012-05-03,601939.SH,buy,327.352734673423,5.55436,1818.234935360674,0.36364698707213483
2012-05-03,600795.SH,buy,84.95764052457915,503.38203999999996,42766.15040084932,8.553230080169865
2012-05-03,600808.SH,buy,9119.651643764048,4.68945,42766.150400849314,8.553230080169863
2012-05-03,600028.SH,buy,97.3491829754912,11.67669,1136.7162313580884,0.2273432462716177
2012-05-03,000581.SZ,buy,492.7868319106792,86.78428,42766.150400849314,8.553230080169863
2012-05-03,601018.SH,sell,426.7002828134405,2.6839399999999998,1145.2379570543053,0.22904759141086106
2012-05-03,600036.SH,sell,4.341399802979637,43.5591,189.1074681579703,0.03782149363159406
2012-05-03,600085.SH,buy,285.08773220358995,150.01049000000003,42766.15040084932,8.553230080169865
2012-05-03,000825.SZ,buy,1718.119302195956,24.680320000000002,42403.7341763729,8.48074683527458
2012-05-03,600019.SH,sell,32.296679424003145,9.3218,301.06318625467253,0.06021263725093451
2012-06-04,601018.SH,sell,15937.280129559336,2.6334899999999997,41970.66784839321,8.394133569678642
2012-06-04,600005.SH,sell,2826.1780646404713,14.418849999999999,40750.23758734126,8.150047517468252
2012-06-04,601933.SH,sell,1312.6584693843824,28.80476,37810.81217258448,7.562162434516897
2012-06-04,000581.SZ,sell,492.7868319106792,85.61608,42190.47682381126,8.438095364762253
2012-06-04,600085.SH,sell,285.08773220358995,155.40133,44303.01275112171,8.860602550224343
2012-06-04,000825.SZ,sell,1718.119302195956,23.421120000000002,40240.27835104775,8.048055670209552
2012-06-04,601988.SH,sell,301.3462075534129,3.59078,1082.067935158644,0.21641358703172883
2012-06-04,600900.SH,sell,185.63757233937184,15.424199999999999,2863.311043276939,0.5726622086553879
2012-06-04,601006.SH,sell,79.37929649769964,8.557619999999998,679.2978552946443,0.13585957105892885
2012-06-04,601939.SH,buy,218.10133166813142,5.194139999999999,1132.848850870708,0.22656977017414162
2012-06-04,601857.SH,buy,138.34142037409697,10.4152,1440.8535614802947,0.28817071229605895
2012-06-04,601328.SH,buy,48.22827915401025,5.938599999999999,286.40845858400525,0.05728169171680105
2012-06-04,601398.SH,buy,21.88815069873898,4.962719999999999,108.62476323564589,0.02172495264712918
2012-06-04,600019.SH,buy,91.05557475074899,8.78965,800.3466326079208,0.16006932652158418
2012-06-04,600000.SH,buy,709.4813565389782,57.965050000000005,41125.1223058497,8.22502446116994
2012-06-04,600050.SH,buy,6930.3516152262855,5.934060000000001,41125.1223058497,8.22502446116994
2012-06-04,600028.SH,buy,97.06039358048598,10.938799999999999,1061.7242332982198,0.21234484665964398
2012-06-04,000898.SZ,buy,4865.387095061951,8.45259,41125.1223058497,8.22502446116994
2012-06-04,601818.SH,buy,13401.130842174969,3.06878,41125.1223058497,8.22502446116994
2012-06-04,601333.SH,buy,11663.72339143189,3.5259,41125.1223058497,8.22502446116994
2012-06-04,600808.SH,buy,122.98333702280361,4.45038,547.3225834195447,0.10946451668390894
2012-06-04,600009.SH,sell,11.303406637907376,33.38286,377.34004131633264,0.07546800826326654
2012-06-04,601288.SH,sell,143.6006921564001,2.70035,387.77212906453497,0.077554425812907
2012-06-04,600036.SH,buy,30.871155848407195,40.6107,1253.6992488129101,0.250739849762582
2012-06-04,600863.SH,buy,840.0527971692846,48.3276,40597.735560478315,8.119547112095663
2012-06-04,600795.SH,sell,0.9738330933319043,489.77711999999997,476.96116781279125,0.09539223356255826
2012-07-03,600036.SH,sell,1012.863520955342,39.50485,40013.02146581264,8.002604293162529
2012-07-03,600795.SH,sell,83.98380743124724,541.3814400000001,45467.27460381134,9.093454920762268
2012-07-03,600808.SH,sell,9242.634980786852,3.9538499999999996,36543.99231878409,7.308798463756818
2012-07-03,600000.SH,sell,709.4813565389782,55.84526999999999,39621.1779158855,7.9242355831771
2012-07-03,600050.SH,sell,6930.3516152262855,5.43834,37689.608403149716,7.537921680629943
2012-07-03,600863.SH,sell,840.0527971692846,46.967999999999996,39455.59977744696,7.891119955489392
2012-07-03,601988.SH,sell,146.7194504049469,3.5278199999999993,517.5998115275797,0.10351996230551595
2012-07-03,601006.SH,buy,121.98673952234387,8.09442,987.4119041244506,0.19748238082489014
2012-07-03,601288.SH,sell,794.6958394529777,2.7631799999999997,2195.8876496596786,0.43917752993193576
2012-07-03,601857.SH,sell,45.63375410369264,10.21968,466.3623641384256,0.09327247282768512
2012-07-03,601398.SH,sell,89.66741734540653,4.8659,436.31268606101366,0.08726253721220274
2012-07-03,601939.SH,sell,140.70094936783593,5.12886,721.6354711747191,0.14432709423494383
2012-07-03,600005.SH,buy,2879.4875623681223,13.851959999999998,39886.54653442073,7.977309306884147
2012-07-03,601328.SH,sell,44.01623222532656,5.79659,255.1440515550057,0.05102881031100114
2012-07-03,000825.SZ,buy,1774.969496469366,22.471680000000003,39886.546534420726,7.977309306884146
2012-07-03,600028.SH,buy,131.82547062477448,10.25,1351.2110739039385,0.27024221478078775
2012-07-03,600900.SH,sell,92.53714576217986,15.497420000000002,1434.0870134777215,0.2868174026955443
2012-07-03,000709.SZ,buy,1616.1505275095851,24.679969999999997,39886.54653442073,7.977309306884147
2012-07-03,600009.SH,sell,18.15540233303755,32.86165999999999,596.6166586314866,0.11932333172629733
2012-07-03,601333.SH,buy,728.4285787799196,3.2193,2345.0301236661953,0.4690060247332391
2012-07-03,000100.SZ,buy,7477.035795855075,5.33454,39886.546534420726,7.977309306884146
2012-07-03,601818.SH,sell,309.4555853172648,3.0473199999999996,943.0101942490073,0.18860203884980148
2012-07-03,600839.SH,buy,704.3533927100568,56.628600000000006,39886.546534420726,7.977309306884146
2012-07-03,000898.SZ,buy,168.22653594380807,7.9255700000000004,1333.291186480167,0.2666582372960334
2012-07-03,601618.SH,buy,15974.426903128173,2.4968999999999997,39886.54653442073,7.977309306884147
2012-07-03,600019.SH,buy,170.33408006378244,8.21535,1399.3540846519952,0.27987081693039906
2012-08-02,601006.SH,sell,4928.620748780862,7.404599999999999,36494.465196422774,7.298893039284555
2012-08-02,600028.SH,sell,3892.122302586618,9.9056,38553.806680502,7.710761336100401
2012-08-02,601333.SH,sell,12392.15197021181,3.0903599999999996,38296.21076266376,7.6592421525327525
2012-08-02,000825.SZ,sell,1774.969496469366,22.535519999999998,39999.86058707532,7.999972117415065
2012-08-02,000709.SZ,sell,1616.1505275095851,23.76927,38414.71824901775,7.68294364980355
2012-08-02,000100.SZ,sell,7477.035795855075,4.93644,36909.93858409083,7.381987716818166
2012-08-02,600839.SH,sell,704.3533927100568,54.471320000000006,38367.059047395174,7.673411809479036
2012-08-02,601988.SH,sell,110.08185649247164,3.44025,378.70910679822555,0.07574182135964512
2012-08-02,601818.SH,sell,82.7995805162739,2.9614799999999994,245.2093017073348,0.04904186034146696
2012-08-02,601288.SH,sell,49.28448430464576,2.6774999999999998,131.959206725689,0.026391841345137803
2012-08-02,600900.SH,sell,73.22515519051042,15.403780000000001,1127.9441810204808,0.22558883620409617
2012-08-02,601857.SH,sell,66.18651419716079,10.0392,664.4596533281366,0.13289193066562732
2012-08-02,601939.SH,buy,51.51244981463187,4.92027,253.45516144943878,0.05069103228988776
2012-08-02,600005.SH,sell,34.31840262344028,13.540679999999998,464.69450803516526,0.09293890160703305
2012-08-02,601668.SH,buy,11795.38250609612,3.2655,38517.82157365688,7.703564314731377
2012-08-02,600009.SH,sell,37.92880694831404,32.757419999999996,1242.449859304841,0.24848997186096822
2012-08-02,600600.SH,buy,693.6923299377386,55.5258,38517.82157365688,7.703564314731377
2012-08-02,601018.SH,buy,14843.091165185695,2.595,38517.82157365688,7.703564314731377
2012-08-02,600019.SH,sell,71.49675688553016,8.06215,576.4175785246771,0.11528351570493542
2012-08-02,601398.SH,buy,97.66195484086275,4.6436,453.5030534990303,0.09070061069980606
2012-08-02,601998.SH,buy,8581.102144429295,4.48868,38517.82157365688,7.703564314731377
2012-08-02,000001.SZ,buy,70.7612488708366,544.33496,38517.82157365688,7.703564314731377
2012-08-02,000898.SZ,buy,117.08900822638068,7.47963,875.7824586002838,0.17515649172005676
2012-08-02,601899.SH,buy,6455.4323010521475,5.96673,38517.82157365688,7.703564314731377
2012-08-02,601618.SH,buy,385.91936211254307,2.3547999999999996,908.7629139026162,0.18175258278052325
2012-08-02,601328.SH,sell,53.667681973233115,5.6416699999999995,302.77535135793005,0.06055507027158601
2012-08-02,600016.SH,buy,451.44833712131776,85.19999999999999,38463.39832273627,7.692679664547255
2012-09-04,600019.SH,sell,4778.567148709912,8.349400000000001,39898.16855143854,7.979633710287708
2012-09-04,601328.SH,sell,6828.744881918229,5.4996599999999995,37555.775077290404,7.5111550154580815
2012-09-04,000898.SZ,sell,5150.7026392321395,7.11477,36646.06461652965,7.32921292330593
2012-09-04,600005.SH,sell,2845.169159744682,12.91812,36754.23662588097,7.350847325176194
2012-09-04,601618.SH,sell,16360.346265240716,2.0705999999999998,33875.73297680742,6.775146595361484
2012-09-04,600600.SH,sell,693.6923299377386,51.30707999999999,35591.32786750194,7.118265573500389
2012-09-04,601998.SH,sell,8581.102144429295,4.4197999999999995,37926.75525794859,7.585351051589719
2012-09-04,000001.SZ,sell,70.7612488708366,510.22426,36104.10584179844,7.220821168359688
2012-09-04,601899.SH,sell,6455.4323010521475,6.09609,39352.89629612099,7.870579259224199
2012-09-04,601018.SH,sell,113.20704788883653,2.55348,289.0719326431863,0.05781438652863726
2012-09-04,600900.SH,buy,25.18355014896184,14.888760000000001,374.9518341158571,0.07499036682317142
2012-09-04,600009.SH,sell,19.5866230239636,32.5227,637.009864621461,0.1274019729242922
2012-09-04,601668.SH,sell,50.662913329477725,3.2025,162.24797993765242,0.032449595987530486
2012-09-04,601288.SH,sell,54.32654561901334,2.6239500000000002,142.55013937701005,0.02851002787540201
2012-09-04,601939.SH,sell,89.04086490350123,4.85892,432.6424392969202,0.08652848785938405
2012-09-04,601818.SH,sell,262.12841010905663,2.9507499999999998,773.4754061292988,0.15469508122585976
2012-09-04,601398.SH,sell,196.6082223976531,4.6436,912.9699415257419,0.1825939883051484
2012-09-04,601988.SH,sell,265.40531709510515,3.44025,913.0606421364354,0.18261212842728708
2012-09-04,600863.SH,buy,851.9206247366982,44.14137,37604.94350713375,7.5209887014267505
2012-09-04,600795.SH,buy,74.16562317348513,507.04008,37604.94350713375,7.5209887014267505
2012-09-04,601857.SH,sell,52.67594449278526,9.93768,523.4766800670623,0.10469533601341245
2012-09-04,601169.SH,buy,3999.8025364703994,9.4017,37604.94350713376,7.520988701426752
2012-09-04,601009.SH,buy,3106.716855617276,12.1044,37604.94350713376,7.520988701426752
2012-09-04,601006.SH,buy,5061.775629560889,7.4292,37604.94350713376,7.520988701426752
2012-09-04,600660.SH,buy,92.84901859546974,405.01175000000006,37604.94350713375,7.5209887014267505
2012-09-04,600839.SH,buy,704.3089709513317,53.39268,37604.94350713375,7.5209887014267505
2012-09-04,600016.SH,sell,4.699277764775089,84.19148000000001,395.63914994750667,0.07912782998950134
2012-09-04,600649.SH,buy,578.7691000574654,64.97399999999999,37604.94350713375,7.5209887014267505
2012-09-04,601718.SH,buy,12803.021801034847,2.9318999999999997,37537.179618454065,7.507435923690814
2012-10-09,600016.SH,sell,446.74905935654266,82.29790000000001,36766.509412018815,7.3533018824037635
2012-10-09,600863.SH,sell,851.9206247366982,42.88557,36535.1015865894,7.30702031731788
2012-10-09,600795.SH,sell,74.16562317348513,484.8192,35956.91809447052,7.191383618894105
2012-10-09,600660.SH,sell,92.84901859546974,400.48015000000004,37184.18889446652,7.436837778893304
2012-10-09,600839.SH,sell,704.3089709513317,52.85336,37225.09559292028,7.445019118584057
2012-10-09,600649.SH,sell,578.7691000574654,62.043800000000005,35909.03429014537,7.181806858029074
2012-10-09,601718.SH,sell,12803.021801034847,2.9925599999999997,38313.810920904834,7.662762184180967
2012-10-09,601018.SH,sell,128.8143306286691,2.5431000000000004,327.58772422176844,0.0655175448443537
2012-10-09,601288.SH,sell,297.69916792581677,2.64537,787.524447855918,0.1575048895711836
2012-10-09,601818.SH,buy,361.42290678033925,2.83272,1023.8098964948026,0.20476197929896053
2012-10-09,600009.SH,sell,11.888228780879688,32.440709999999996,385.66258229417144,0.07713251645883429
2012-10-09,600019.SH,buy,4232.792783169327,8.7707,37124.55566334321,7.424911132668643
2012-10-09,601398.SH,sell,103.47228903421923,4.6436,480.48392135930044,0.0960967842718601
2012-10-09,601857.SH,sell,89.27070054079331,10.04772,896.9670032377398,0.17939340064754797
2012-10-09,600900.SH,sell,67.06600080673016,15.099450000000001,1012.6597258811818,0.20253194517623638
2012-10-09,601988.SH,buy,19.64278103033689,3.3902099999999997,66.59315267685842,0.013318630535371686
2012-10-09,601169.SH,buy,198.3048117845711,8.84485,1753.9763145127633,0.3507952629025527
2012-10-09,601006.SH,sell,112.82446676255724,7.502999999999999,846.5219741194669,0.1693043948238934
2012-10-09,600028.SH,buy,3699.3819505211795,10.03534,37124.55566334321,7.424911132668643
2012-10-09,601998.SH,buy,8884.19316521404,4.17872,37124.55566334321,7.424911132668643
2012-10-09,601166.SH,buy,1481.2991243908427,25.062160000000002,37124.555663343206,7.424911132668641
2012-10-09,601939.SH,sell,137.289107161204,4.88346,670.4458632574533,0.13408917265149067
2012-10-09,000651.SZ,buy,30.431485232739675,1219.939,37124.555663343206,7.424911132668641
2012-10-09,601668.SH,sell,150.03401135341153,3.2025,480.48392135930044,0.0960967842718601
2012-10-09,600276.SH,buy,99.0148000515689,374.93946,37124.55566334321,7.424911132668643
2012-10-09,601009.SH,buy,86.8652015029015,11.627,1009.9816978742358,0.20199633957484717
2012-10-09,600600.SH,buy,726.0594312061853,51.05892,37071.81041320212,7.414362082640424
2012-11-02,601668.SH,sell,11594.685581413232,3.2550000000000003,37740.70156750007,7.548140313500015
2012-11-02,601009.SH,sell,3193.5820571201775,11.904200000000001,38017.03952437002,7.603407904874004
2012-11-02,600028.SH,sell,3699.3819505211795,10.65213,39406.29745660517,7.8812594913210345
2012-11-02,601998.SH,sell,8884.19316521404,4.17872,37124.55566334321,7.424911132668643
2012-11-02,000651.SZ,sell,30.431485232739675,1334.219,40602.2657957407,8.12045315914814
2012-11-02,600276.SH,sell,99.0148000515689,373.45602,36977.67314835472,7.395534629670944
2012-11-02,600600.SH,sell,726.0594312061853,49.46139,35911.90869006731,7.182381738013461
2012-11-02,601288.SH,sell,47.43290944745213,2.7096299999999998,128.5256344260997,0.025705126885219944
2012-11-02,601398.SH,sell,65.45567916927298,4.779450000000001,312.8421458055818,0.06256842916111637
2012-11-02,601857.SH,buy,81.27445650104671,10.03625,815.6907640586302,0.16313815281172606
2012-11-02,601988.SH,sell,14.033786972106922,3.46527,48.63086098083295,0.00972617219616659
2012-11-02,600900.SH,buy,47.329254100422624,15.122860000000001,715.7536836651174,0.14315073673302348
2012-11-02,601018.SH,buy,64.68878976499276,2.58462,167.1959398023956,0.03343918796047912
2012-11-02,600019.SH,buy,5.742850567344528,8.94305,51.358599766290475,0.010271719953258096
2012-11-02,600009.SH,buy,53.09360227570903,31.64814,1680.313757925958,0.3360627515851916
2012-11-02,601939.SH,sell,248.1964805293253,5.1534,1279.055742759825,0.255811148551965
2012-11-02,601818.SH,sell,72.52284458956106,2.9078299999999997,210.88410318286333,0.042176820636572666
2012-11-02,601006.SH,buy,70.16120137683528,7.552199999999999,529.8714250381354,0.10597428500762708
2012-11-02,600000.SH,buy,717.6545727991555,52.80795,37897.86679764916,7.579573359529833
2012-11-02,002142.SZ,buy,3811.665640541625,9.9426,37897.86679764916,7.579573359529833
2012-11-02,601158.SH,buy,6614.226937937809,5.72975,37897.86679764916,7.579573359529833
2012-11-02,601166.SH,sell,52.33711910223034,26.52656,1388.3237300924593,0.2776647460184919
2012-11-02,600016.SH,buy,431.4765000305029,87.83298,37897.86679764916,7.579573359529833
2012-11-02,600036.SH,buy,1012.5138473109743,37.42948,37897.86679764916,7.579573359529833
2012-11-02,601328.SH,buy,6874.8091720647835,5.512569999999999,37897.866797649156,7.579573359529832
2012-11-02,600583.SH,buy,388.38004106022777,97.0536,37693.681153042926,7.538736230608586
2012-11-02,601169.SH,sell,16.59092563956062,9.065,150.396740922617,0.030079348184523402
2012-12-04,600009.SH,sell,1197.7042034147062,31.074209999999997,37217.711934791296,7.443542386958259
2012-12-04,601169.SH,sell,4181.51642261541,9.1686,38338.65147239165,7.66773029447833
2012-12-04,601166.SH,sell,1428.9620052886123,25.96172,37098.31147194147,7.419662294388295
2012-12-04,002142.SZ,sell,3811.665640541625,8.92425,34016.2570926036,6.80325141852072
2012-12-04,601158.SH,sell,6614.226937937809,5.19225,34342.71981850759,6.868543963701518
2012-12-04,600583.SH,sell,388.38004106022777,88.86192,34512.196138290674,6.902439227658135
2012-12-04,601018.SH,sell,51.04434002236586,2.53272,129.28102086144645,0.02585620417228929
2012-12-04,600019.SH,sell,63.81192347581165,8.86645,565.7852289021102,0.11315704578042206
2012-12-04,601398.SH,sell,166.2479159905847,4.7671,792.5204403187163,0.15850408806374328
2012-12-04,601857.SH,buy,24.232522249653726,9.73803,235.9770286427955,0.0471954057285591
2012-12-04,601288.SH,sell,696.4140706255008,2.7846,1939.2346210637697,0.38784692421275396
2012-12-04,601818.SH,buy,439.545459436557,2.74688,1207.3786316170897,0.24147572632341796
2012-12-04,601328.SH,sell,64.46328378609202,5.43511,350.3650383386266,0.07007300766772533
2012-12-04,600900.SH,sell,20.388184088866364,14.888760000000001,303.55477973495,0.06071095594699
2012-12-04,601988.SH,sell,140.0161710395972,3.42774,479.9390301192689,0.09598780602385379
2012-12-04,601939.SH,sell,103.72842592428086,5.10432,529.4630790138253,0.10589261580276507
2012-12-04,600863.SH,buy,923.8032713248105,40.06002,37007.577525337336,7.401515505067468
2012-12-04,600036.SH,buy,13.33186023878068,36.08231,481.0443140123585,0.0962088628024717
2012-12-04,000825.SZ,buy,1783.6696320289827,20.748,37007.577525337336,7.401515505067468
2012-12-04,601898.SH,buy,5095.356949654046,7.263000000000001,37007.577525337336,7.401515505067468
2012-12-04,601179.SH,buy,11414.693416408294,3.2421,37007.577525337336,7.401515505067468
2012-12-04,600016.SH,sell,20.280646041913123,90.01788,1825.6207617234106,0.36512415234468215
2012-12-04,600795.SH,buy,79.99937726824717,462.59832000000006,37007.577525337336,7.401515505067468
2012-12-04,600000.SH,buy,13.878578207108012,50.59899,702.2420399156762,0.14044840798313524
2012-12-04,601006.SH,sell,272.5068602329225,7.7982,2125.062997468376,0.42501259949367526
2012-12-04,600642.SH,buy,1270.8941644947265,29.083989999999996,36962.673171222974,7.392534634244595
2013-01-07,601398.SH,sell,7764.674338873194,5.199350000000001,40371.25952382035,8.07425190476407
2013-01-07,601939.SH,sell,7251.696414182967,5.754630000000001,41730.82973594973,8.346165947189947
2013-01-07,601288.SH,sell,13292.745471824464,3.0844799999999997,41001.20755293312,8.200241510586624
2013-01-07,601818.SH,sell,13475.192787859709,3.29411,44388.767314416546,8.877753462883309
2013-01-07,600000.SH,sell,731.5331510062636,69.37515,50750.22208103219,10.150044416206438
2013-01-07,600016.SH,sell,411.19585398858976,115.65404000000001,47556.46174503052,9.511292349006105
2013-01-07,600036.SH,sell,1025.845707549755,49.1535,50423.90698604688,10.084781397209376
2013-01-07,601328.SH,sell,6810.345888278692,6.5324599999999995,44488.31210134502,8.897662420269004
2013-01-07,600863.SH,sell,923.8032713248105,45.71112,42228.08219192097,8.445616438384194
2013-01-07,601898.SH,sell,5095.356949654046,8.34976,42545.00764394336,8.509001528788673
2013-01-07,600795.SH,sell,79.99937726824717,527.24088,42178.94207036263,8.435788414072526
2013-01-07,601018.SH,buy,1432.5848708582243,2.63652,3777.0386637151255,0.7554077327430251
2013-01-07,601857.SH,buy,279.33242952328465,10.368879999999999,2896.3644418353956,0.5792728883670791
2013-01-07,600019.SH,buy,297.6621278730422,9.4601,2815.9134958917666,0.5631826991783534
2013-01-07,600642.SH,buy,87.51432420760676,31.146179999999998,2725.7368943484776,0.5451473788696956
2013-01-07,601006.SH,buy,304.4636309129297,8.376299999999999,2550.278711615973,0.5100557423231946
2013-01-07,600009.SH,buy,1249.231663401711,33.86187,42301.3201859925,8.4602640371985
2013-01-07,600900.SH,buy,129.41158007748203,16.17631,2093.4018369231735,0.4186803673846347
2013-01-07,000825.SZ,buy,37.05698816806835,23.23776,861.121397372412,0.1722242794744824
2013-01-07,601179.SH,buy,588.3040324421446,3.5249,2073.7128839553156,0.41474257679106313
2013-01-07,601988.SH,buy,665.8796293287614,3.69045,2457.3954780563276,0.49147909561126557
2013-01-07,600005.SH,buy,2891.377824028754,14.630159999999998,42301.32018599251,8.460264037198503
2013-01-07,600600.SH,buy,826.4720744386321,51.183,42301.32018599251,8.460264037198503
2013-01-07,600085.SH,buy,228.41691008863597,185.19347000000002,42301.32018599251,8.460264037198503
2013-01-07,600839.SH,buy,761.5004616743648,55.549960000000006,42301.3201859925,8.4602640371985
2013-01-07,600050.SH,buy,8245.38919478247,5.1303,42301.32018599251,8.460264037198503
2013-01-07,601899.SH,buy,6884.30820329924,6.1446,42301.3201859925,8.4602640371985
2013-01-07,601088.SH,buy,1509.085272643332,28.031100000000002,42301.32018599251,8.460264037198503
2013-01-07,600832.SH,buy,461.2822875091764,91.70375999999999,42301.3201859925,8.4602640371985
2013-01-07,000729.SZ,buy,980.0329768717698,43.163160000000005,42301.3201859925,8.4602640371985
2013-01-07,600997.SH,buy,1194.3298528877538,35.33681,42203.807088822505,8.4407614177645
2013-02-04,600900.SH,sell,2615.513783406866,18.095930000000003,47330.154338565815,9.466030867713163
2013-02-04,601179.SH,sell,12002.99744885044,3.8582,46309.96475715477,9.261992951430955
2013-02-04,600009.SH,sell,1249.231663401711,36.6222,45749.61182343015,9.149922364686029
2013-02-04,600005.SH,sell,2891.377824028754,15.40836,44551.39040865169,8.91027808173034
2013-02-04,600600.SH,sell,826.4720744386321,50.795249999999996,41980.855639128924,8.396171127825784
2013-02-04,600085.SH,sell,228.41691008863597,209.14000000000001,47771.11257593733,9.554222515187467
2013-02-04,601088.SH,sell,1509.085272643332,27.540499999999998,41560.96295123368,8.312192590246736
2013-02-04,600832.SH,sell,461.2822875091764,96.68766000000001,44600.3049787095,8.9200609957419
2013-02-04,601018.SH,buy,221.46098066317032,2.71956,602.2764245723315,0.1204552849144663
2013-02-04,600642.SH,buy,21.167823286144962,32.070609999999995,678.8650051588734,0.13577300103177467
2013-02-04,600019.SH,buy,120.81286990362752,9.63245,1163.7239287031969,0.2327447857406394
2013-02-04,601899.SH,buy,167.6620450015244,6.27396,1051.904963857764,0.2103809927715528
2013-02-04,601988.SH,sell,272.4774662216023,3.95316,1077.1470203685894,0.2154294040737179
2013-02-04,601857.SH,buy,67.28983035978582,10.667100000000001,717.7873494308715,0.1435574698861743
2013-02-04,601898.SH,buy,5075.398436309552,8.7156,44235.142611499534,8.847028522299906
2013-02-04,600839.SH,buy,8.794676300409169,57.43758,505.14492357885564,0.10102898471577114
2013-02-04,600050.SH,buy,0.6249640793097654,5.3655,3.353244767536546,0.0006706489535073093
2013-02-04,000729.SZ,buy,54.132589128678134,42.78186,2315.89284954063,0.463178569908126
2013-02-04,601106.SH,buy,15729.057365982368,2.81232,44235.142611499534,8.847028522299906
2013-02-04,600655.SH,buy,34.252791610164095,1291.43175,44235.142611499534,8.847028522299906
2013-02-04,601600.SH,buy,8445.592614163488,5.237659999999999,44235.14261149953,8.847028522299906
2013-02-04,601618.SH,buy,20083.604282081928,2.2025499999999996,44235.14261149954,8.847028522299908
2013-02-04,601006.SH,sell,62.064518409875916,8.8683,550.4067686143026,0.11008135372286051
2013-02-04,601398.SH,buy,8048.9728629394585,5.495750000000001,44235.14261149954,8.847028522299908
2013-02-04,002001.SZ,buy,263.5922379263378,167.81655999999998,44235.14261149954,8.847028522299908
2013-02-04,000825.SZ,buy,37.295278660340614,23.81232,888.087109949202,0.17761742198984043
2013-02-04,600219.SH,buy,2694.017441059058,16.245,43764.3133300044,8.75286266600088
2013-02-04,601939.SH,buy,1.173998033300362e-12,6.19635,7.274502713640698e-12,1.4549005427281397e-15
2013-03-04,601006.SH,sell,4989.004616445298,9.6555,48171.33407408757,9.634266814817515
2013-03-04,600642.SH,sell,1379.5763119884782,32.426159999999996,44734.36222474831,8.946872444949662
2013-03-04,600050.SH,sell,8246.01415886178,5.1597,42546.95925547913,8.509391851095826
2013-03-04,601898.SH,sell,5075.398436309552,8.03772,40794.63151949402,8.158926303898804
2013-03-04,601106.SH,sell,15729.057365982368,2.80224,44076.593713250426,8.815318742650085
2013-03-04,601600.SH,sell,8445.592614163488,4.9217699999999995,41567.26436061143,8.313452872122285
2013-03-04,601618.SH,sell,20083.604282081928,2.1619499999999996,43419.74827764701,8.683949655529403
2013-03-04,002001.SZ,sell,263.5922379263378,169.01789,44551.80387468759,8.910360774937518
2013-03-04,600219.SH,sell,2694.017441059058,15.39,41460.928417898904,8.292185683579781
2013-03-04,601939.SH,sell,1.173998033300362e-12,5.668740000000001,6.655089611291095e-12,1.331017922258219e-15
2013-03-04,601018.SH,buy,207.4947859179555,2.62614,544.9103570905796,0.10898207141811593
2013-03-04,600019.SH,sell,56.088286562146465,9.536700000000002,534.8971624572223,0.10697943249144447
2013-03-04,600839.SH,buy,8.624687283022201,55.549960000000006,479.101033584392,0.0958202067168784
2013-03-04,601899.SH,buy,279.16578517909517,5.90205,1647.6504224162786,0.3295300844832557
2013-03-04,601857.SH,buy,39.16802033515114,10.33447,404.7807311130094,0.08095614622260187
2013-03-04,601398.SH,buy,413.6682893547314,5.1129,2115.044596641806,0.4230089193283612
2013-03-04,600832.SH,buy,457.6466507712938,94.52797000000001,43260.40887470934,8.652081774941868
2013-03-04,000825.SZ,buy,51.189021713265376,22.6632,1160.107036892076,0.2320214073784152
2013-03-04,600415.SH,buy,358.6166355156379,120.63135000000001,43260.40887470935,8.65208177494187
2013-03-04,600655.SH,sell,0.7480702367858347,1291.43175,966.0816550152449,0.193216331003049
2013-03-04,000725.SZ,buy,4077.3318022003195,10.60998,43260.40887470935,8.65208177494187
2013-03-04,600221.SH,buy,6885.31097798971,6.2829999999999995,43260.40887470935,8.65208177494187
2013-03-04,601988.SH,buy,453.5023038916974,3.71547,1684.974205040485,0.336994841008097
2013-03-04,600009.SH,buy,1201.8913600138842,35.993610000000004,43260.40887470935,8.65208177494187
2013-03-04,600096.SH,buy,1344.644346321576,32.17238,43260.40887470934,8.652081774941868
2013-03-04,600535.SH,buy,178.7459108528663,242.02181000000002,43260.40887470935,8.65208177494187
2013-03-04,600895.SH,buy,340.2687584532261,127.13599999999998,43260.40887470935,8.65208177494187
2013-03-04,000729.SZ,sell,72.4898323042996,44.9934,3261.5640208002737,0.6523128041600548
2013-03-04,600037.SH,buy,1226.8520012928996,34.077400000000004,41807.92638885866,8.361585277771733
2013-04-02,000729.SZ,sell,961.6757336961484,45.756,44002.434871000965,8.800486974200194
2013-04-02,600655.SH,sell,33.50472137337826,1470.65085,49273.746966771905,9.854749393354382
2013-04-02,601398.SH,sell,8462.64115229419,5.0264500000000005,42537.04261994914,8.50740852398983
2013-04-02,600832.SH,sell,457.6466507712938,91.3715,41815.860950949274,8.363172190189855
2013-04-02,000725.SZ,sell,4077.3318022003195,11.498040000000001,46881.32415497137,9.376264830994275
2013-04-02,600221.SH,sell,6885.31097798971,6.8625,47250.44658645439,9.450089317290878
2013-04-02,600009.SH,sell,1201.8913600138842,36.40356,43753.12423774703,8.750624847549407
2013-04-02,600096.SH,sell,1344.644346321576,29.0479,39059.09450751451,7.811818901502901
2013-04-02,600535.SH,sell,178.7459108528663,271.77828,48579.25620862534,9.715851241725067
2013-04-02,600895.SH,sell,340.2687584532261,117.48479999999999,39976.40703312557,7.995281406625114
2013-04-02,600037.SH,sell,1226.8520012928996,30.7998,37786.79626942105,7.5573592538842105
2013-04-02,601857.SH,buy,117.61903267821074,9.96743,1172.359474887778,0.23447189497755563
2013-04-02,601088.SH,buy,1774.5374865371139,24.173199999999998,42896.24956955896,8.579249913911793
2013-04-02,601899.SH,buy,427.14068101918076,5.53014,2362.1477657314126,0.47242955314628254
2013-04-02,600019.SH,buy,120.78857041431509,9.21115,1112.6016403718183,0.22252032807436367
2013-04-02,600219.SH,buy,3016.613893780517,14.22,42896.24956955895,8.579249913911791
2013-04-02,000402.SZ,buy,252.68990758727995,169.75845999999999,42896.24956955895,8.579249913911791
2013-04-02,601018.SH,buy,258.1598142952737,2.5638600000000005,661.8856214790806,0.1323771242958161
2013-04-02,601618.SH,buy,20818.874308796123,2.0604499999999994,42896.24956955896,8.579249913911793
2013-04-02,600415.SH,buy,21.41689477048026,112.89621000000001,2417.886249556041,0.48357724991120826
2013-04-02,601106.SH,buy,17022.32125776149,2.52,42896.24956955895,8.579249913911791
2013-04-02,000825.SZ,buy,102.94849154474083,21.32256,2195.125387872229,0.43902507757444587
2013-04-02,600642.SH,buy,1322.8902086944297,32.426159999999996,42896.24956955896,8.579249913911793
2013-04-02,601898.SH,buy,5614.986330378417,7.6396,42896.24956955895,8.579249913911791
2013-04-02,000709.SZ,buy,1987.4473880183489,21.58359,42896.24956955895,8.579249913911791
2013-04-02,601988.SH,buy,140.12665324081473,3.6404099999999997,510.11846972439434,0.10202369394487887
2013-04-02,600547.SH,buy,123.12018878230795,348.40954999999997,42896.24956955895,8.579249913911791
2013-04-02,600839.SH,buy,4.858171249789489,54.74098,265.94105522130144,0.05318821104426029
2013-04-02,601808.SH,buy,2454.8010761758155,17.47443,42896.24956955896,8.579249913911793
2013-04-02,600022.SH,buy,4804.896477636786,8.546,41062.645297883966,8.212529059576793
2013-05-03,600839.SH,sell,783.7779965075857,58.785880000000006,46075.07924933536,9.215015849867072
2013-05-03,601899.SH,sell,7758.27671449904,4.98036,38639.01101782244,7.727802203564488
2013-05-03,600997.SH,sell,1194.3298528877538,30.275000000000002,36158.33629617675,7.23166725923535
2013-05-03,600219.SH,sell,3016.613893780517,13.7025,41335.15187952754,8.267030375905508
2013-05-03,000402.SZ,sell,252.68990758727995,162.4145,41040.50499583428,8.208100999166856
2013-05-03,601106.SH,sell,17022.32125776149,2.45952,41866.73957988954,8.373347915977908
2013-05-03,601898.SH,sell,5614.986330378417,7.14464,40117.055935474855,8.023411187094972
2013-05-03,601808.SH,sell,2454.8010761758155,16.11333,39555.019824776056,7.911003964955212
2013-05-03,601398.SH,buy,8214.059548769863,5.0264500000000005,41287.55961891428,8.257511923782857
2013-05-03,601857.SH,sell,38.68197566125214,9.680679999999999,374.4678281443703,0.07489356562887406
2013-05-03,000825.SZ,buy,2.9935824015001313,20.49264,61.346406464277656,0.012269281292855531
2013-05-03,601988.SH,sell,283.8576442409897,3.5903699999999996,1019.1539701535221,0.20383079403070442
2013-05-03,600019.SH,sell,202.44540333931752,9.2686,1876.3854653907983,0.3752770930781597
2013-05-03,600900.SH,buy,2463.2289368599504,16.761560000000003,41287.559618914274,8.257511923782856
2013-05-03,601018.SH,sell,429.4867328886146,2.53272,1087.769638121652,0.2175539276243304
2013-05-03,601618.SH,sell,776.7392747802172,2.0604499999999994,1600.432438720898,0.32008648774417964
2013-05-03,601288.SH,buy,14277.95401283476,2.8917,41287.559618914274,8.257511923782856
2013-05-03,000709.SZ,buy,18.97085098626892,20.581819999999997,390.45464024620935,0.07809092804924188
2013-05-03,601939.SH,buy,7113.9942586577,5.803710000000001,41287.55961891428,8.257511923782857
2013-05-03,600642.SH,sell,26.614533845916085,31.857280000000003,847.8666567988257,0.16957333135976516
2013-05-03,600741.SH,buy,138.0763586289892,299.01976,41287.55961891428,8.257511923782857
2013-05-03,600022.SH,buy,176.69787520327395,8.28962,1464.7582402425637,0.29295164804851276
2013-05-03,601328.SH,buy,6877.649170671111,6.00315,41287.55961891428,8.257511923782857
2013-05-03,600068.SH,buy,1619.9051626166358,25.487640000000003,41287.559618914274,8.257511923782856
2013-05-03,601088.SH,buy,41.86450310426855,22.73485,951.7831984000799,0.19035663968001598
2013-05-03,601179.SH,buy,11983.862988051285,3.3027,39579.104290636984,7.915820858127397
2013-05-03,600415.SH,sell,0.6314611608970576,108.84447000000002,68.73105538342497,0.013746211076684995
2013-06-04,600415.SH,sell,379.4020691252211,115.84293000000001,43951.04733552815,8.79020946710563
2013-06-04,601088.SH,sell,1816.4019896413824,22.82405,41457.6498316744,8.29152996633488
2013-06-04,000709.SZ,sell,2006.4182390046178,20.763959999999997,41661.18805796232,8.332237611592465
2013-06-04,600022.SH,sell,4981.594352840059,8.503269999999999,42359.84181267428,8.471968362534858
2013-06-04,600900.SH,sell,2463.2289368599504,17.7916,43824.78395303749,8.7649567906075
2013-06-04,600741.SH,sell,138.0763586289892,313.85536,43336.00524499051,8.667201048998104
2013-06-04,600068.SH,sell,1619.9051626166358,25.743540000000003,41702.09335002788,8.340418670005576
2013-06-04,601179.SH,sell,11983.862988051285,3.8177999999999996,45751.992115782195,9.150398423156439
2013-06-04,601857.SH,buy,65.35131142321346,9.783909999999999,639.3913493466923,0.12787826986933848
2013-06-04,601018.SH,buy,358.0080315138379,2.5431000000000004,910.4502249428414,0.1820900449885683
2013-06-04,601988.SH,sell,19.29993615294242,3.69045,71.22544937562634,0.014245089875125268
2013-06-04,601288.SH,buy,162.3328203897054,2.93454,476.3721547464061,0.09527443094928123
2013-06-04,600219.SH,buy,2961.0199627748552,14.308320000000002,42367.22115377072,8.473444230754144
2013-06-04,000825.SZ,buy,8.563821032890905,20.939519999999998,179.32230179463974,0.03586446035892795
2013-06-04,600019.SH,buy,144.9955934485393,9.21115,1335.5761605935127,0.26711523211870253
2013-06-04,601398.SH,sell,63.86873684116648,5.199350000000001,332.075916895119,0.0664151833790238
2013-06-04,000898.SZ,buy,6372.390585896905,6.64856,42367.221153770726,8.473444230754145
2013-06-04,601618.SH,buy,523.9930766854028,2.0604499999999994,1079.6615348564378,0.21593230697128757
2013-06-04,600005.SH,buy,3093.328803194633,13.69632,42367.22115377072,8.473444230754144
2013-06-04,601899.SH,buy,8479.328885000334,4.99653,42367.22115377072,8.473444230754144
2013-06-04,601939.SH,buy,66.0379427514862,5.90187,389.74735318671384,0.07794947063734277
2013-06-04,600655.SH,buy,31.234068550907143,1356.4426,42367.22115377072,8.473444230754144
2013-06-04,601600.SH,buy,10116.120034137452,4.18809,42367.22115377072,8.473444230754144
2013-06-04,600115.SH,buy,10332.460529160744,4.1004000000000005,42367.22115377072,8.473444230754144
2013-06-04,601106.SH,buy,16745.40771587093,2.53008,42367.22115377072,8.473444230754144
2013-06-04,600642.SH,buy,13.336808204593455,32.28394,430.56471586860283,0.08611294317372058
2013-06-04,601818.SH,buy,1.6868014688954107e-14,3.36922,5.683205245031795e-14,1.1366410490063591e-17
2013-07-02,000825.SZ,sell,2023.7168155497889,16.21536,32815.296702193424,6.563059340438685
2013-07-02,601618.SH,sell,20566.128110701306,1.63415,33608.13825210254,6.7216276504205075
2013-07-02,600547.SH,sell,123.12018878230795,281.96799,34715.95215936792,6.9431904318735835
2013-07-02,601398.SH,sell,8150.190811928696,5.21658,42516.122385691,8.5032244771382
2013-07-02,601939.SH,sell,7180.032201409186,5.6114999999999995,40290.750698207645,8.05815013964153
2013-07-02,600219.SH,sell,2961.0199627748552,10.7771,31911.208240820895,6.38224164816418
2013-07-02,000898.SZ,sell,6372.390585896905,5.229660000000001,33325.43615144161,6.665087230288322
2013-07-02,601899.SH,sell,8479.328885000334,3.91314,33180.80103305021,6.636160206610042
2013-07-02,600655.SH,sell,31.234068550907143,1201.61457,37531.31185114881,7.506262370229762
2013-07-02,601600.SH,sell,10116.120034137452,3.24042,32780.47768101968,6.556095536203936
2013-07-02,600115.SH,sell,10332.460529160744,3.4840000000000004,35998.29248359604,7.199658496719207
2013-07-02,601106.SH,sell,16745.40771587093,2.02608,33927.53566497177,6.785507132994355
2013-07-02,601818.SH,sell,1.6868014688954107e-14,3.1835400000000003,5.369999948287296e-14,1.0739999896574593e-17
2013-07-02,600019.SH,buy,107.16721075612469,7.7063999999999995,825.8733929709992,0.16517467859419985
2013-07-02,600900.SH,buy,2249.479413081522,16.124480000000002,36271.685806644746,7.25433716132895
2013-07-02,601018.SH,sell,276.7841602999873,2.214,612.800130904172,0.1225600261808344
2013-07-02,000729.SZ,buy,810.3419990689374,44.76096,36271.685806644746,7.25433716132895
2013-07-02,601988.SH,sell,1446.5265322327605,3.6148800000000003,5229.019830837562,1.0458039661675125
2013-07-02,000568.SZ,buy,61.47743357058432,590.0,36271.685806644746,7.25433716132895
2013-07-02,600005.SH,buy,29.23406863430495,11.6183,339.65017961394517,0.06793003592278904
2013-07-02,601088.SH,buy,1924.8911193061135,18.8435,36271.685806644746,7.25433716132895
2013-07-02,600050.SH,buy,7909.01367749748,4.58612,36271.685806644746,7.25433716132895
2013-07-02,601328.SH,buy,60.962183345075935,5.228549999999999,318.74382372889676,0.06374876474577935
2013-07-02,601288.SH,sell,1682.094644572812,2.84358,4783.170689414357,0.9566341378828714
2013-07-02,601390.SH,buy,14140.181200571016,2.56515,36271.685806644746,7.25433716132895
2013-07-02,600741.SH,buy,141.59702230908184,256.16136,36271.685806644746,7.25433716132895
2013-07-02,000527.SZ,buy,69.51565880349841,521.7772,36271.68580664475,7.254337161328951
2013-07-02,600519.SH,buy,34.45425388919082,1052.74913,36271.685806644746,7.25433716132895
2013-07-02,601006.SH,buy,4782.999555169375,7.58346,36271.685806644746,7.25433716132895
2013-07-02,600839.SH,buy,751.4466967226834,48.26914,36271.685806644746,7.25433716132895
2013-07-02,601857.SH,sell,292.14441836512214,8.98215,2624.084987418282,0.5248169974836564
2013-07-02,000709.SZ,buy,2078.236071169564,16.93902,35203.28237426267,7.040656474852534
2013-07-02,600642.SH,sell,34.495489274718324,28.45146,981.4470332800774,0.1962894066560155
2013-08-02,600005.SH,sell,3122.562871828938,11.9309,37254.985367503876,7.450997073500775
2013-08-02,000729.SZ,sell,810.3419990689374,47.24768,38286.77946256945,7.65735589251389
2013-08-02,000568.SZ,sell,61.47743357058432,576.8908799999999,35465.770752675926,7.093154150535185
2013-08-02,600050.SH,sell,7909.01367749748,4.794580000000001,37920.39879785587,7.584079759571175
2013-08-02,601390.SH,sell,14140.181200571016,2.98395,42193.59369344389,8.438718738688777
2013-08-02,600741.SH,sell,141.59702230908184,258.57612000000006,36613.60863223583,7.322721726447167
2013-08-02,000527.SZ,sell,69.51565880349841,590.1154,41022.260801089986,8.204452160217997
2013-08-02,600519.SH,sell,34.45425388919082,936.3490099999999,32261.206519432468,6.452241303886494
2013-08-02,601006.SH,sell,4782.999555169375,8.03951,38452.97275377974,7.6905945507559474
2013-08-02,600839.SH,sell,751.4466967226834,54.20166,40729.658363886,8.1459316727772
2013-08-02,000709.SZ,sell,2078.236071169564,17.03009,35392.54733326408,7.078509466652817
2013-08-02,601398.SH,buy,7274.180239016571,5.164020000000001,37564.01223788636,7.512802447577272
2013-08-02,601857.SH,sell,67.30008916604463,9.4598,636.6453834929489,0.12732907669858978
2013-08-02,601288.SH,buy,454.4716277515017,2.84358,1292.3264312416154,0.2584652862483231
2013-08-02,601988.SH,buy,473.3921833514177,3.57501,1692.3817894031517,0.33847635788063035
2013-08-02,601018.SH,buy,501.3445606464708,2.2248,1115.3913785262685,0.2230782757052537
2013-08-02,601939.SH,buy,6632.415600735626,5.6636999999999995,37564.01223788636,7.512802447577272
2013-08-02,600019.SH,sell,35.88919956527687,8.04232,288.63242744781746,0.057726485489563495
2013-08-02,600900.SH,sell,87.47024518050577,17.37806,1520.0631689615402,0.3040126337923081
2013-08-02,601866.SH,buy,19409.31518574651,1.93536,37564.01223788636,7.512802447577272
2013-08-02,600436.SH,buy,175.72984766975281,213.76,37564.01223788636,7.512802447577272
2013-08-02,600221.SH,buy,6096.312131255739,6.16176,37564.01223788636,7.512802447577272
2013-08-02,600795.SH,buy,76.81414252905383,489.02469,37564.01223788637,7.512802447577274
2013-08-02,600009.SH,buy,1092.5761111436782,34.38114,37564.01223788636,7.512802447577272
2013-08-02,601106.SH,buy,18632.942578316648,2.016,37564.01223788636,7.512802447577272
2013-08-02,600132.SH,buy,483.0623115700274,77.76225,37564.01223788636,7.512802447577272
2013-08-02,002051.SZ,buy,504.27936882520237,74.49048,37564.01223788636,7.512802447577272
2013-08-02,601328.SH,buy,179.39629175391462,5.2783500000000005,946.9164165792754,0.18938328331585508
2013-08-02,601618.SH,buy,22986.88139882285,1.63415,37564.01223788636,7.512802447577272
2013-08-02,601088.SH,buy,31.418396349808052,19.15582,601.84514516558,0.120369029033116
2013-08-02,600642.SH,sell,0.44389190795102,29.475420000000003,13.083900421457656,0.002616780084291531
2013-09-03,601018.SH,sell,16887.496387117146,2.5056,42313.31094756072,8.462662189512145
2013-09-03,600019.SH,sell,4671.7271931897685,8.25968,38586.97166304567,7.717394332609134
2013-09-03,600642.SH,sell,1274.6731018704377,32.83986,41860.086211190915,8.372017242238183
2013-09-03,601088.SH,sell,1956.3095156559216,19.88804,38907.161899745595,7.78143237994912
2013-09-03,601866.SH,sell,19409.31518574651,2.24784,43629.03504712843,8.725807009425687
2013-09-03,600436.SH,sell,175.72984766975281,200.734,35274.95524214016,7.0549910484280325
2013-09-03,600221.SH,sell,6096.312131255739,6.16176,37564.01223788636,7.512802447577272
2013-09-03,600009.SH,sell,1092.5761111436782,43.529759999999996,47559.57589981763,9.511915179963527
2013-09-03,601106.SH,sell,18632.942578316648,2.13696,39817.85297215955,7.96357059443191
2013-09-03,600132.SH,sell,483.0623115700274,78.72525000000002,38029.201243928306,7.605840248785662
2013-09-03,002051.SZ,sell,504.27936882520237,71.838,36226.421297664885,7.245284259532977
2013-09-03,601618.SH,sell,22986.88139882285,1.7660999999999998,40597.13123846103,8.119426247692205
2013-09-03,601398.SH,buy,311.1543513604787,5.1246,1594.5415889819092,0.31890831779638185
2013-09-03,601288.SH,buy,568.0476590299886,2.82074,1602.31475373225,0.32046295074645004
2013-09-03,601939.SH,buy,359.78207214932195,5.5592999999999995,2000.1364736997252,0.4000272947399451
2013-09-03,601988.SH,buy,527.9172852906571,3.5218499999999997,1859.2454912009005,0.3718490982401801
2013-09-03,601857.SH,buy,278.76647548730074,9.145249999999999,2549.3891099502366,0.5098778219900474
2013-09-03,601998.SH,buy,9034.019451377979,4.3020000000000005,38864.35167982807,7.772870335965614
2013-09-03,601328.SH,buy,59.98487214601981,5.41545,324.845075863163,0.06496901517263261
2013-09-03,600005.SH,buy,3160.8340934828775,12.295599999999999,38864.35167982806,7.772870335965613
2013-09-03,601800.SH,buy,8836.22119451335,4.3983,38864.35167982806,7.772870335965613
2013-09-03,601668.SH,buy,11249.475849283184,3.45477,38864.35167982807,7.772870335965614
2013-09-03,600900.SH,buy,191.30584341785448,16.51776,3159.9440081737,0.63198880163474
2013-09-03,601009.SH,buy,2965.4405146918657,13.10576,38864.35167982807,7.772870335965614
2013-09-03,000709.SZ,buy,2211.1529353567953,17.57651,38864.35167982806,7.772870335965613
2013-09-03,601818.SH,buy,13108.856655163036,2.9647400000000004,38864.35167982806,7.772870335965613
2013-09-03,000729.SZ,buy,796.3699693501165,48.801880000000004,38864.35167982807,7.772870335965614
2013-09-03,600050.SH,buy,8031.069211102558,4.839250000000001,38864.35167982806,7.772870335965613
2013-09-03,600015.SH,buy,2170.009630493544,17.909760000000002,38864.35167982806,7.772870335965613
2013-09-03,601669.SH,buy,12611.376121487905,3.08169,38864.35167982806,7.772870335965613
2013-09-03,600028.SH,buy,3937.791849281131,9.869580000000001,38864.35167982807,7.772870335965614
2013-09-03,600795.SH,buy,1.4616181269605688,495.37566,724.0500443110556,0.14481000886221113
2013-10-09,601988.SH,sell,11037.31070348419,3.70791,40925.354730556064,8.185070946111214
2013-10-09,601288.SH,sell,13780.711475433145,2.8549999999999995,39343.93126236162,7.868786252472325
2013-10-09,601328.SH,sell,7177.992517916121,5.82675,41824.36790376776,8.364873580753551
2013-10-09,601939.SH,sell,6992.197672884948,5.5854,39054.22088213159,7.8108441764263175
2013-10-09,601998.SH,sell,9034.019451377979,4.50515,40699.612731375506,8.139922546275102
2013-10-09,600005.SH,sell,3160.8340934828775,12.504,39523.0695049099,7.904613900981981
2013-10-09,601800.SH,sell,8836.22119451335,4.485180000000001,39632.04257720739,7.926408515441477
2013-10-09,601009.SH,sell,2965.4405146918657,13.428960000000002,39822.78205417648,7.964556410835296
2013-10-09,000709.SZ,sell,2211.1529353567953,17.75865,39267.09107547395,7.853418215094791
2013-10-09,601818.SH,sell,13108.856655163036,3.1179,40872.10416513283,8.174420833026566
2013-10-09,600050.SH,sell,8031.069211102558,5.3604,43049.74339919416,8.609948679838832
2013-10-09,600015.SH,sell,2170.009630493544,19.130879999999998,41514.193839816326,8.302838767963266
2013-10-09,601669.SH,sell,12611.376121487905,3.32526,41936.10456173887,8.387220912347775
2013-10-09,601857.SH,buy,32.68021668693242,9.37332,306.32212867595734,0.061264425735191474
2013-10-09,600900.SH,buy,88.12649902608307,16.444020000000002,1449.1539125148906,0.28983078250297817
2013-10-09,000729.SZ,sell,2.773808118795754,50.589209999999994,140.32476142146334,0.02806495228429267
2013-10-09,600028.SH,buy,6.842992953857877,10.17772,69.64606624633839,0.013929213249267679
2013-10-09,000869.SZ,buy,305.6526438964009,131.3235,40139.374980729,8.027874996145801
2013-10-09,601088.SH,buy,2035.1866114035604,19.7227,40139.374980729,8.027874996145801
2013-10-09,000027.SZ,buy,918.525160194724,43.69981,40139.374980729,8.027874996145801
2013-10-09,600741.SH,buy,123.00189286352682,326.33136,40139.374980729,8.027874996145801
2013-10-09,002378.SZ,buy,1953.753391047786,20.54475,40139.374980729,8.027874996145801
2013-10-09,002007.SZ,buy,114.80182999577423,349.64055,40139.374980729,8.027874996145801
2013-10-09,601398.SH,buy,350.589846937348,5.0589,1773.5989766713499,0.35471979533427
2013-10-09,601099.SH,buy,6920.498369972947,5.800070000000001,40139.374980729,8.027874996145801
2013-10-09,000539.SZ,buy,654.608168846673,61.318169999999995,40139.374980729,8.027874996145801
2013-10-09,601668.SH,buy,156.815070741277,3.5197499999999997,551.9498452416096,0.11038996904832193
2013-10-09,601369.SH,buy,3363.5877974382206,11.933499999999999,40139.374980729,8.027874996145801
2013-10-09,600886.SH,buy,272.9383280378733,147.06390000000002,40139.374980729,8.027874996145801
2013-10-09,600839.SH,buy,695.4562123577423,57.71661,40139.37498072899,8.0278749961458
2013-10-09,600549.SH,buy,184.98482783137305,216.98739,40139.374980729,8.027874996145801
2013-10-09,600068.SH,buy,1859.4665638583838,21.586499999999997,40139.37498072899,8.0278749961458
2013-10-09,600795.SH,buy,2.9019216084180335,493.25867000000005,1431.3979930125402,0.28627959860250807
2013-11-04,600795.SH,sell,81.17768226443243,544.06643,44166.05178528407,8.833210357056815
2013-11-04,000729.SZ,sell,793.5961612313208,55.32952,43909.29467477159,8.781858934954318
2013-11-04,000869.SZ,sell,305.6526438964009,119.85874999999999,36635.14383161774,7.327028766323548
2013-11-04,000027.SZ,sell,918.525160194724,45.761869999999995,42033.42897256013,8.406685794512025
2013-11-04,600741.SH,sell,123.00189286352682,362.62881000000004,44604.03003684823,8.920806007369645
2013-11-04,002007.SZ,sell,114.80182999577423,334.84094999999996,38440.35381752354,7.688070763504708
2013-11-04,601099.SH,sell,6920.498369972947,5.6559,39141.64673072999,7.828329346145998
2013-11-04,000539.SZ,sell,654.608168846673,63.58454999999999,41622.96584243972,8.324593168487944
2013-11-04,601369.SH,sell,3363.5877974382206,11.24218,37814.05946460401,7.562811892920803
2013-11-04,600886.SH,sell,272.9383280378733,172.10451,46973.917207177445,9.39478344143549
2013-11-04,600839.SH,sell,695.4562123577423,71.26511,49561.76347385787,9.912352694771574
2013-11-04,600549.SH,sell,184.98482783137305,213.817,39552.90093242069,7.910580186484139
2013-11-04,600068.SH,sell,1859.4665638583838,22.639499999999998,42097.393272471876,8.419478654494375
2013-11-04,601398.SH,buy,229.33552045949526,5.0589,1160.1854644525406,0.23203709289050814
2013-11-04,601288.SH,buy,14071.56732209721,2.9349399999999997,41299.20579631598,8.259841159263196
2013-11-04,600019.SH,buy,5110.12415443958,8.08184,41299.205796315975,8.259841159263196
2013-11-04,601988.SH,buy,10942.042040588598,3.7743599999999997,41299.205796315975,8.259841159263196
2013-11-04,601939.SH,buy,7275.149653642661,5.676749999999999,41299.205796315975,8.259841159263196
2013-11-04,601857.SH,buy,129.33541449585377,9.36144,1210.7657226780652,0.24215314453561307
2013-11-04,601818.SH,buy,13062.506973019228,3.1616600000000004,41299.205796315975,8.259841159263196
2013-11-04,601668.SH,buy,13.378317404223012,3.6172199999999997,48.392317280903555,0.009678463456180711
2013-11-04,000709.SZ,buy,2386.7820471422206,17.303299999999997,41299.205796315975,8.259841159263196
2013-11-04,601111.SH,buy,9770.889711342961,4.2267600000000005,41299.20579631598,8.259841159263196
2013-11-04,600005.SH,buy,3402.107683006102,12.1393,41299.205796315975,8.259841159263196
2013-11-04,600881.SH,buy,236.5578746608421,174.58393999999998,41299.205796315975,8.259841159263196
2013-11-04,600028.SH,buy,42.45601498457022,10.36028,439.8562029243431,0.08797124058486863
2013-11-04,601899.SH,buy,9888.89879039824,4.17632,41299.205796315975,8.259841159263196
2013-11-04,600900.SH,buy,112.53530726480052,16.173640000000002,1820.1055469902685,0.3640211093980537
2013-11-04,601088.SH,buy,83.31190201718162,19.498310000000004,1624.441292220633,0.3248882584441266
2013-11-04,600036.SH,buy,964.3031864018957,42.82803,41299.20579631598,8.259841159263196
2013-11-04,002378.SZ,buy,166.8612079548662,19.4787,3250.239411390452,0.6500478822780904
2013-11-04,601009.SH,buy,2996.0655604212834,13.78448,41299.205796315975,8.259841159263196
2013-11-04,601328.SH,buy,7085.779052622002,5.81304,41189.91706405381,8.237983412810761
2013-12-03,601857.SH,sell,4412.486058163136,9.78912,43194.35552168592,8.638871104337184
2013-12-03,600028.SH,sell,3987.090857219559,11.295900000000001,45037.77961406642,9.007555922813285
2013-12-03,002378.SZ,sell,2120.614599002652,19.09575,40494.72622890489,8.098945245780978
2013-12-03,601111.SH,sell,9770.889711342961,4.3860600000000005,42855.708527332914,8.571141705466584
2013-12-03,600881.SH,sell,236.5578746608421,195.38928,46220.87280831218,9.244174561662437
2013-12-03,600036.SH,sell,964.3031864018957,43.256699999999995,41712.57364323088,8.342514728646176
2013-12-03,601009.SH,sell,2996.0655604212834,13.687520000000001,41008.70727957753,8.201741455915506
2013-12-03,601328.SH,sell,7085.779052622002,5.744490000000001,40704.18690999657,8.140837381999315
2013-12-03,601988.SH,buy,196.93918770360028,3.7743599999999997,743.3193925009607,0.14866387850019214
2013-12-03,601398.SH,buy,188.73535401836773,5.0326200000000005,949.8333173399179,0.1899666634679836
2013-12-03,601818.SH,buy,374.56218477285927,3.1288400000000003,1171.9451462047132,0.23438902924094265
2013-12-03,601288.SH,sell,231.36024155804097,3.0377199999999998,702.8076329856922,0.14056152659713844
2013-12-03,000709.SZ,sell,31.413231682065497,17.849719999999998,560.7173898199981,0.11214347796399962
2013-12-03,601618.SH,buy,22630.093407249497,1.8574499999999998,42034.26699929557,8.406853399859115
2013-12-03,601939.SH,sell,67.85472830894315,5.833349999999999,395.82037938097346,0.0791640758761947
2013-12-03,600005.SH,buy,76.15773379377363,12.0872,920.5337599121005,0.18410675198242013
2013-12-03,000725.SZ,buy,4222.164666720463,9.95562,42034.26699929558,8.406853399859116
2013-12-03,600900.SH,buy,18.113373543970535,16.3457,296.0757699376792,0.05921515398753584
2013-12-03,600011.SH,buy,2042.3672632139396,20.58115,42034.26699929558,8.406853399859116
2013-12-03,600432.SH,buy,999.2456377905096,42.066,42034.26699929558,8.406853399859116
2013-12-03,601088.SH,sell,31.79184319891965,20.147859999999998,640.5376059137852,0.12810752118275706
2013-12-03,600132.SH,buy,462.14177614945766,90.95535000000001,42034.26699929558,8.406853399859116
2013-12-03,601668.SH,buy,344.0700720901351,3.5738999999999996,1229.6720306429338,0.24593440612858677
2013-12-03,600221.SH,buy,6686.710497737213,6.28624,42034.26699929558,8.406853399859116
2013-12-03,600489.SH,buy,434.54894407257643,96.7308,42034.26699929558,8.406853399859116
2013-12-03,601899.SH,buy,556.9974857661217,4.02476,2241.781200812056,0.4483562401624112
2013-12-03,601800.SH,buy,8949.583459875903,4.64808,41598.37988817999,8.319675977635999
2013-12-03,600019.SH,sell,44.25348585761585,8.2992,367.2685298295255,0.0734537059659051
2014-01-03,601668.SH,sell,11763.73930951882,3.37896,39749.20457729171,7.949840915458343
2014-01-03,600019.SH,sell,5065.870668581964,7.92376,40140.74336888302,8.028148673776604
2014-01-03,601939.SH,sell,7207.294925333718,5.3244,38374.52110044685,7.6749042200893705
2014-01-03,601818.SH,sell,13437.069157792088,2.87722,38661.40412218255,7.7322808244365095
2014-01-03,000709.SZ,sell,2355.368815460155,18.12293,42686.18416676731,8.537236833353461
2014-01-03,600005.SH,sell,3478.2654167998758,11.3057,39324.22532271435,7.8648450645428705
2014-01-03,000725.SZ,sell,4222.164666720463,9.908880000000002,41836.92302277307,8.367384604554616
2014-01-03,600011.SH,sell,2042.3672632139396,18.548899999999996,37883.66612862904,7.576733225725809
2014-01-03,600432.SH,sell,999.2456377905096,37.736399999999996,37707.93308591778,7.541586617183556
2014-01-03,600132.SH,sell,462.14177614945766,78.0993,36092.94921802934,7.218589843605868
2014-01-03,600489.SH,sell,434.54894407257643,93.9176,40811.7939098306,8.162358781966121
2014-01-03,600221.SH,sell,314.2932603497175,6.192880000000001,1946.3804461545587,0.3892760892309118
2014-01-03,601857.SH,buy,4352.803274802308,9.06444,39455.72411624903,7.891144823249807
2014-01-03,601398.SH,buy,58.65198877414894,4.69098,275.1353062997572,0.05502706125995144
2014-01-03,600029.SH,buy,9083.143973131842,4.34384,39455.724116249025,7.891144823249805
2014-01-03,601958.SH,buy,4267.107495636073,9.24648,39455.72411624903,7.891144823249807
2014-01-03,601288.SH,buy,207.1420556960416,2.8093199999999996,581.9283199080036,0.11638566398160072
2014-01-03,601390.SH,buy,13914.614438152965,2.8355600000000005,39455.724116249025,7.891144823249805
2014-01-03,601988.SH,buy,281.81535216699746,3.4554,973.784767877843,0.1947569535755686
2014-01-03,600900.SH,sell,3.262509391493917,15.3625,50.120300526825304,0.010024060105365062
2014-01-03,601009.SH,buy,3051.958858001936,12.928,39455.72411624903,7.891144823249807
2014-01-03,603993.SH,buy,6063.35775478529,6.50724,39455.72411624903,7.891144823249807
2014-01-03,000630.SZ,buy,780.9221405176661,50.52452999999999,39455.72411624903,7.891144823249807
2014-01-03,600050.SH,buy,8229.234701735922,4.794580000000001,39455.724116249025,7.891144823249805
2014-01-03,601618.SH,sell,285.03069218676814,1.7660999999999998,503.39270547105116,0.10067854109421023
2014-01-03,601899.SH,sell,388.1920411342671,3.92372,1523.1568756393463,0.30463137512786925
2014-01-03,000157.SZ,buy,125.72827492803388,313.81743,39455.72411624903,7.891144823249807
2014-01-03,601088.SH,buy,62.18273188683305,18.36455,1141.95788887234,0.228391577774468
2014-01-03,600219.SH,buy,3373.927820925496,11.6943,39455.724116249025,7.891144823249805
2014-01-03,600674.SH,buy,426.7522872145288,92.4558,39455.72411624903,7.891144823249807
2014-01-03,601800.SH,buy,114.88636704081806,4.344,499.0663784253137,0.09981327568506275
2014-02-10,601088.SH,sell,2148.8894021086553,16.51038,35478.9806067867,7.095796121357341
2014-02-10,601618.SH,sell,22345.06271506273,1.6950499999999997,37875.998555167076,7.575199711033416
2014-02-10,600029.SH,sell,9083.143973131842,4.20011,38150.20383299078,7.630040766598157
2014-02-10,601958.SH,sell,4267.107495636073,8.44982,36056.2902587756,7.211258051755121
2014-02-10,601390.SH,sell,13914.614438152965,2.57972,35895.80915839197,7.179161831678393
2014-02-10,603993.SH,sell,6063.35775478529,6.13716,37211.79667835809,7.442359335671619
2014-02-10,000630.SZ,sell,780.9221405176661,46.37814,36217.71636202799,7.243543272405598
2014-02-10,600050.SH,sell,8229.234701735922,4.51167,37127.59132678091,7.425518265356182
2014-02-10,000157.SZ,sell,125.72827492803388,296.87012,37324.96806527841,7.464993613055682
2014-02-10,600219.SH,sell,3373.927820925496,11.35035,38295.261642241705,7.659052328448341
2014-02-10,600674.SH,sell,426.7522872145288,88.55856,37792.56803242508,7.5585136064850165
2014-02-10,601288.SH,sell,208.54900021253155,2.70654,564.4462110352251,0.11288924220704503
2014-02-10,601328.SH,buy,7225.9804500707905,5.182379999999999,37447.776564837855,7.489555312967571
2014-02-10,601939.SH,buy,7264.712462260606,5.15475,37447.776564837855,7.489555312967571
2014-02-10,601398.SH,sell,53.47758303073045,4.48074,239.61914538911515,0.047923829077823034
2014-02-10,601988.SH,sell,147.5787865838512,3.3225,490.3305184248456,0.09806610368496912
2014-02-10,601111.SH,buy,9428.224559865315,3.9718800000000005,37447.776564837855,7.489555312967571
2014-02-10,601818.SH,buy,13747.04542661977,2.7240600000000006,37447.77656483786,7.489555312967573
2014-02-10,601169.SH,buy,3839.7736567518255,9.752600000000001,37447.776564837855,7.489555312967571
2014-02-10,600900.SH,sell,37.58073166161577,14.79716,556.0880993139945,0.11121761986279889
2014-02-10,600795.SH,buy,76.90939487060454,486.9077,37447.776564837855,7.489555312967571
2014-02-10,601009.SH,sell,114.34622324754476,12.75024,1457.941789499775,0.291588357899955
2014-02-10,601899.SH,sell,83.78293933470044,3.7553199999999998,314.63174774238723,0.06292634954847745
2014-02-10,600221.SH,buy,133.3690048385678,5.7572,767.8320346566026,0.1535664069313205
2014-02-10,601800.SH,sell,82.90854503586368,4.17024,345.7485308503601,0.06914970617007203
2014-02-10,600036.SH,buy,926.652442259886,40.41188999999999,37447.776564837855,7.489555312967571
2014-02-10,600000.SH,buy,559.8790135742146,66.88548,37447.776564837855,7.489555312967571
2014-02-10,601106.SH,buy,18391.37227174576,2.03616,37447.77656483785,7.48955531296757
2014-02-10,601857.SH,sell,154.66721825919967,8.92188,1379.9223612423884,0.2759844722484777
2014-02-10,601668.SH,buy,11564.487523767391,3.23817,37447.776564837855,7.489555312967571
2014-02-10,002142.SZ,buy,3759.0253145315983,9.94014,37365.23788998812,7.473047577997625
2014-03-04,601899.SH,sell,9973.921295695394,4.10896,40982.443647160544,8.19648872943211
2014-03-04,600221.SH,sell,6505.786242226063,5.85056,38062.49275731811,7.612498551463623
2014-03-04,601857.SH,sell,4198.136056543108,9.18324,38552.49095988893,7.710498191977786
2014-03-04,601009.SH,sell,2937.612634754391,12.81488,37645.15340086135,7.529030680172271
2014-03-04,601818.SH,sell,13747.04542661977,2.6584200000000004,36545.42050303453,7.309084100606907
2014-03-04,601169.SH,sell,3839.7736567518255,10.23,39280.88450857117,7.856176901714235
2014-03-04,600795.SH,sell,76.90939487060454,503.84362,38750.307923614826,7.750061584722966
2014-03-04,600000.SH,sell,559.8790135742146,64.40823999999999,36060.82187725126,7.212164375450253
2014-03-04,601106.SH,sell,18391.37227174576,1.9656,36150.081337343465,7.230016267468693
2014-03-04,601668.SH,sell,11564.487523767391,3.0540599999999998,35318.63876683704,7.063727753367408
2014-03-04,002142.SZ,sell,3759.0253145315983,10.0303,37704.15161234629,7.540830322469259
2014-03-04,601288.SH,buy,220.64143449740484,2.64944,584.5762422148042,0.11691524844296085
2014-03-04,600900.SH,buy,32.95984794789711,14.526780000000002,478.80045997255286,0.09576009199451058
2014-03-04,601939.SH,buy,168.55598767036753,5.0112,844.6677654137457,0.16893355308274913
2014-03-04,601398.SH,buy,153.82482359271984,4.3756200000000005,673.0789746087769,0.13461579492175538
2014-03-04,600019.SH,buy,5135.511054559594,7.25192,37242.31532678181,7.448463065356363
2014-03-04,000709.SZ,buy,2310.404756431963,16.11939,37242.31532678182,7.448463065356364
2014-03-04,601328.SH,buy,19.289465893978416,5.14125,99.17196652741654,0.01983439330548331
2014-03-04,601800.SH,buy,214.09741534326912,4.0507800000000005,867.2615281242078,0.17345230562484157
2014-03-04,601111.SH,buy,25.977022829513064,3.94002,102.34998948873806,0.020469997897747613
2014-03-04,000629.SZ,buy,2476.721681856935,15.03694,37242.31532678182,7.448463065356364
2014-03-04,600029.SH,buy,9003.927568530236,4.136229999999999,37242.31532678181,7.448463065356363
2014-03-04,600036.SH,buy,48.70253498688774,38.1906,1859.979032670235,0.371995806534047
2014-03-04,601088.SH,buy,2327.2737986622014,16.002550000000003,37242.31532678182,7.448463065356364
2014-03-04,600660.SH,buy,78.99910061760096,471.42708000000005,37242.31532678182,7.448463065356364
2014-03-04,601018.SH,buy,15326.055690033669,2.43,37242.31532678182,7.448463065356364
2014-03-04,600664.SH,buy,1031.5859322691765,36.102000000000004,37242.31532678181,7.448463065356363
2014-03-04,601618.SH,buy,22373.131879599798,1.6645999999999996,37242.31532678181,7.448463065356363
2014-03-04,600219.SH,buy,3328.22590195944,11.18984,37242.31532678182,7.448463065356364
2014-03-04,601988.SH,sell,61.85171717190385,3.3225,205.50233030365052,0.041100466060730104
2014-03-04,000157.SZ,buy,127.94052515049616,290.44183,37159.28025587113,7.4318560511742255
2014-04-02,601800.SH,sell,9195.658697224126,4.10508,37748.91460480081,7.549782920960163
2014-04-02,601111.SH,sell,9454.201582694828,3.6745200000000002,34739.6527996438,6.947930559928761
2014-04-02,600036.SH,sell,975.3549772467737,38.50236,37553.46846174709,7.5106936923494185
2014-04-02,600019.SH,sell,5135.511054559594,7.7063999999999995,39576.30239085806,7.915260478171612
2014-04-02,000709.SZ,sell,2310.404756431963,17.667579999999997,40819.26086664222,8.163852173328443
2014-04-02,000629.SZ,sell,2476.721681856935,15.03694,37242.31532678182,7.448463065356364
2014-04-02,601088.SH,sell,2327.2737986622014,16.45133,38286.74926214543,7.657349852429086
2014-04-02,600660.SH,sell,78.99910061760096,492.41938000000005,38900.688146676686,7.7801376293353375
2014-04-02,600664.SH,sell,1031.5859322691765,34.71809,35814.69323925517,7.162938647851034
2014-04-02,601618.SH,sell,22373.131879599798,1.7356499999999997,38831.92634682738,7.766385269365476
2014-04-02,600219.SH,sell,3328.22590195944,11.327420000000002,37700.2126463734,7.540042529274681
2014-04-02,601939.SH,sell,227.84453355459507,5.25915,1198.2685786436487,0.23965371572872973
2014-04-02,601988.SH,sell,202.30326644727907,3.4421099999999996,696.3500964708437,0.13927001929416874
2014-04-02,601857.SH,buy,4196.219633201088,9.028799999999999,37886.82782424598,7.577365564849196
2014-04-02,600221.SH,buy,6652.694281302412,5.69496,37886.827824245986,7.577365564849197
2014-04-02,002007.SZ,buy,117.7006890967416,321.8913,37886.82782424598,7.577365564849196
2014-04-02,601398.SH,sell,153.87310865959728,4.5333000000000006,697.5529634865525,0.1395105926973105
2014-04-02,600900.SH,buy,98.42700639274616,14.23182,1400.7954381204129,0.2801590876240826
2014-04-02,601288.SH,sell,404.0953114082711,2.77506,1121.3887348766366,0.22427774697532732
2014-04-02,601158.SH,buy,6263.962883325117,6.048380000000001,37886.82782424598,7.577365564849196
2014-04-02,601390.SH,buy,13937.691875159468,2.7183,37886.827824245986,7.577365564849197
2014-04-02,600029.SH,buy,374.8489123595835,4.04041,1514.5432939867846,0.30290865879735696
2014-04-02,601186.SH,buy,8133.711426416055,4.658,37886.827824245986,7.577365564849197
2014-04-02,601106.SH,buy,18887.50689172349,2.00592,37886.827824245986,7.577365564849197
2014-04-02,600050.SH,buy,8288.10360105398,4.57123,37886.82782424598,7.577365564849196
2014-04-02,000598.SZ,buy,316.11660351241693,119.8508,37886.82782424598,7.577365564849196
2014-04-02,601818.SH,buy,13964.302288231254,2.71312,37886.82782424598,7.577365564849196
2014-04-02,000157.SZ,buy,4.664628860208173,285.76671,1332.9956427527393,0.26659912855054785
2014-04-02,601328.SH,buy,66.8793033163435,5.182379999999999,346.59396392055214,0.06931879278411043
2014-04-02,600694.SH,buy,333.0275101933233,111.99135000000001,37296.20045368904,7.459240090737808
2014-04-02,601018.SH,sell,202.17111555616398,2.5056,506.55994713752443,0.1013119894275049
2014-05-06,601018.SH,sell,15123.884574477504,2.592,39201.10881704569,7.840221763409139
2014-05-06,000157.SZ,sell,132.60515401070433,265.31306,35181.87918235124,7.036375836470247
2014-05-06,002007.SZ,sell,117.7006890967416,307.0917,36144.90470588984,7.228980941177969
2014-05-06,601390.SH,sell,13937.691875159468,2.76094,38481.13100580278,7.696226201160557
2014-05-06,601186.SH,sell,8133.711426416055,4.89912,39848.02832338342,7.969605664676684
2014-05-06,600050.SH,sell,8288.10360105398,4.6456800000000005,38503.877137344454,7.7007754274688915
2014-05-06,000598.SZ,sell,316.11660351241693,110.26392,34856.25588036486,6.971251176072972
2014-05-06,601818.SH,sell,13964.302288231254,2.6584200000000004,37122.98048907974,7.424596097815948
2014-05-06,600694.SH,sell,333.0275101933233,117.28852,39060.303789859805,7.812060757971961
2014-05-06,601857.SH,sell,11.123434084849402,8.91,99.10979769600817,0.019821959539201635
2014-05-06,600208.SH,buy,1980.8707656210142,18.820890000000002,37281.75078396889,7.456350156793778
2014-05-06,601899.SH,buy,9927.71608916654,3.7553199999999998,37281.75078396889,7.456350156793778
2014-05-06,601939.SH,buy,46.877643024261225,5.141699999999999,241.0307771378439,0.04820615542756878
2014-05-06,600029.SH,buy,390.8252020393409,3.81683,1491.7133558998175,0.29834267117996355
2014-05-06,000060.SZ,buy,295.129178529481,126.32350000000001,37281.7507839689,7.45635015679378
2014-05-06,600900.SH,sell,5.795264848201573,14.03518,81.33758529218176,0.01626751705843635
2014-05-06,601106.SH,buy,181.14813934947094,1.95552,354.2388094606774,0.07084776189213547
2014-05-06,601988.SH,sell,175.82182315066672,3.4421099999999996,605.1980556851413,0.12103961113702827
2014-05-06,600221.SH,buy,313.75054879604244,5.35264,1679.3937375076487,0.33587874750152974
2014-05-06,601288.SH,buy,6.805372114466469,2.72938,18.574446541782493,0.0037148893083564986
2014-05-06,601158.SH,buy,64.96051038741837,5.89186,382.7382327312148,0.07654764654624296
2014-05-06,601398.SH,sell,61.34598360819954,4.49388,275.6814888172157,0.05513629776344315
2014-05-06,600642.SH,buy,1193.7502292279892,31.230779999999996,37281.75078396889,7.456350156793778
2014-05-06,600115.SH,buy,11839.234926633499,3.1490000000000005,37281.75078396889,7.456350156793778
2014-05-06,601328.SH,buy,38.80151079181195,5.0727,196.8284237936245,0.0393656847587249
2014-05-06,601111.SH,buy,10605.808678822064,3.5152200000000002,37281.7507839689,7.45635015679378
2014-05-06,600068.SH,buy,1853.679130878562,20.112299999999998,37281.7507839689,7.45635015679378
2014-05-06,601991.SH,buy,4787.580457106283,7.787179999999999,37281.7507839689,7.45635015679378
2014-05-06,601009.SH,buy,2952.3571972957834,12.604800000000001,37213.87200047389,7.442774400094779
2014-06-04,600900.SH,sell,2656.8385395930577,14.9938,39836.10569495039,7.967221138990078
2014-06-04,600221.SH,sell,6966.444830098454,5.25928,36638.4839660402,7.32769679320804
2014-06-04,601158.SH,sell,6328.9233937125355,5.92534,37501.022941700634,7.500204588340127
2014-06-04,601106.SH,sell,19068.65503107296,1.93536,36904.71220093736,7.380942440187473
2014-06-04,000060.SZ,sell,295.129178529481,131.9275,38935.65470044811,7.7871309400896225
2014-06-04,600115.SH,sell,11839.234926633499,3.1222000000000003,36964.45928793511,7.392891857587022
2014-06-04,601111.SH,sell,10605.808678822064,3.48336,36943.84971946162,7.388769943892324
2014-06-04,600068.SH,sell,1853.679130878562,20.059649999999998,37184.15457772814,7.436830915545629
2014-06-04,601991.SH,sell,4787.580457106283,7.875419999999999,37704.20688350395,7.540841376700791
2014-06-04,601288.SH,sell,427.5764027929774,2.8549999999999995,1220.7306299739503,0.24414612599479008
2014-06-04,600208.SH,buy,61.08797432512659,18.50404,1130.3743204311154,0.2260748640862231
2014-06-04,601939.SH,sell,103.2145195866147,5.28525,545.5145396451553,0.10910290792903107
2014-06-04,601328.SH,sell,136.30015645236332,5.23722,713.8339053754462,0.14276678107508925
2014-06-04,601857.SH,sell,16.64097439446027,9.06444,150.84111394012143,0.030168222788024286
2014-06-04,601398.SH,sell,287.8899905273595,4.7172600000000005,1358.0519367150919,0.2716103873430184
2014-06-04,601818.SH,buy,13923.879830530133,2.71312,37777.15684580791,7.555431369161583
2014-06-04,601988.SH,sell,380.6914482059799,3.6148800000000003,1376.1539022908328,0.27523078045816657
2014-06-04,600795.SH,buy,77.92467154704327,484.79071000000005,37777.15684580791,7.555431369161583
2014-06-04,601006.SH,buy,4314.352049963444,8.75616,37777.15684580791,7.555431369161583
2014-06-04,601009.SH,buy,3.6002222794510548,12.782560000000002,46.02005730041988,0.009204011460083976
2014-06-04,600036.SH,buy,951.3157335694405,39.710429999999995,37777.15684580791,7.555431369161583
2014-06-04,002142.SZ,buy,3716.1977470757006,10.16554,37777.15684580792,7.555431369161584
2014-06-04,600642.SH,sell,0.6600602528935214,31.669620000000002,20.903857386241725,0.004180771477248345
2014-06-04,601800.SH,buy,9376.171326763044,4.02906,37777.15684580791,7.555431369161583
2014-06-04,601668.SH,buy,11550.316096998135,3.27066,37777.15684580792,7.555431369161584
2014-06-04,601169.SH,buy,3532.635559972162,10.693760000000001,37777.15684580791,7.555431369161583
2014-06-04,601899.SH,buy,317.64394335702474,3.68796,1171.458157342973,0.2342916314685946
2014-06-04,600029.SH,buy,428.50542285935774,3.70504,1587.6297319108348,0.31752594638216697
2014-06-04,600015.SH,buy,1807.6186372062457,20.860799999999998,37708.37086703205,7.54167417340641
2014-07-02,601398.SH,sell,8009.885458333243,4.79007,38367.91203739832,7.673582407479664
2014-07-02,601288.SH,sell,13234.575228433301,2.87784,38086.98997539449,7.617397995078899
2014-07-02,601988.SH,sell,10452.549538899513,3.66592,38318.2104056425,7.663642081128501
2014-07-02,600029.SH,sell,10198.107105788518,3.68907,37621.53098075125,7.524306196150251
2014-07-02,601818.SH,sell,13923.879830530133,2.7897,38843.447563229915,7.768689512645984
2014-07-02,601006.SH,sell,4314.352049963444,8.8265,38080.628369002334,7.616125673800467
2014-07-02,600036.SH,sell,951.3157335694405,39.86631,37925.44794235672,7.585089588471344
2014-07-02,601668.SH,sell,11550.316096998135,3.1807999999999996,36739.24544133166,7.347849088266332
2014-07-02,601169.SH,sell,3532.635559972162,11.0484,39029.97072079644,7.805994144159288
2014-07-02,600015.SH,sell,1807.6186372062457,20.809919999999998,37616.39923077099,7.523279846154199
2014-07-02,601857.SH,buy,10.17504120013291,9.109630000000001,92.69086056796677,0.018538172113593356
2014-07-02,600208.SH,buy,8.179851908593404,18.56741,151.87866412613624,0.03037573282522725
2014-07-02,600674.SH,buy,390.6167701349276,97.431,38058.18253101613,7.611636506203226
2014-07-02,600068.SH,buy,1882.0019667027059,20.22218,38058.18253101613,7.611636506203226
2014-07-02,600795.SH,buy,0.6362620607078934,484.53768,308.29294276742183,0.06165858855348437
2014-07-02,601088.SH,buy,2217.8518520189846,17.15993,38058.18253101613,7.611636506203226
2014-07-02,601939.SH,sell,86.32894466455623,5.38965,465.28279661132547,0.0930565593222651
2014-07-02,600642.SH,buy,17.25779750161172,31.4502,542.7611829851888,0.10855223659703778
2014-07-02,601800.SH,sell,47.48590079366031,4.08051,193.76669304753887,0.038753338609507776
2014-07-02,601009.SH,sell,0.428473813099333,12.879520000000001,5.518537045289122,0.0011037074090578245
2014-07-02,600085.SH,buy,206.9889154536414,183.86579999999998,38058.18253101614,7.611636506203228
2014-07-02,601328.SH,sell,58.726654831068544,5.3194799999999995,312.3952658407725,0.0624790531681545
2014-07-02,601111.SH,buy,10925.71038624091,3.48336,38058.18253101613,7.611636506203226
2014-07-02,002142.SZ,sell,24.808142921111443,10.312050000000001,255.8228102096473,0.05116456204192946
2014-07-02,601899.SH,buy,29.357203227090917,3.7048,108.76256651572643,0.021752513303145288
2014-07-02,600600.SH,buy,611.3911585181351,62.2485,38058.18253101613,7.611636506203226
2014-07-02,601618.SH,buy,21927.337038582744,1.7356499999999997,38058.18253101613,7.611636506203226
2014-07-02,600663.SH,buy,462.60570219771466,82.26915999999999,38058.18253101613,7.611636506203226
2014-07-02,600115.SH,buy,12295.077382895952,3.0954,38058.18253101613,7.611636506203226
2014-07-02,601390.SH,buy,13756.845599220029,2.76094,37981.82528871055,7.59636505774211
2014-08-04,601328.SH,sell,7155.923918789494,6.6105,47304.23506515795,9.46084701303159
2014-08-04,600208.SH,sell,2050.1385918547344,21.58308,44248.30523908808,8.849661047817616
2014-08-04,601899.SH,sell,10274.717235750657,4.0705100000000005,41823.33925529541,8.364667851059082
2014-08-04,601009.SH,sell,2955.528945762135,14.44084,42680.320621119674,8.536064124223936
2014-08-04,600795.SH,sell,78.56093360775117,522.67259,41061.64664158135,8.21232932831627
2014-08-04,002142.SZ,sell,3691.389604154589,11.65042,43006.23927203471,8.601247854406942
2014-08-04,601800.SH,sell,9328.685425969383,4.51485,42117.61539543787,8.423523079087573
2014-08-04,600674.SH,sell,390.6167701349276,103.08239999999999,40265.71414575666,8.053142829151332
2014-08-04,600068.SH,sell,1882.0019667027059,21.73614,40907.45822852535,8.181491645705071
2014-08-04,601088.SH,sell,2217.8518520189846,19.78834,43887.606517381355,8.777521303476272
2014-08-04,600085.SH,sell,206.9889154536414,207.21887,42892.00916282911,8.578401832565822
2014-08-04,601111.SH,sell,10925.71038624091,3.81612,41693.821919141665,8.338764383828334
2014-08-04,600600.SH,sell,611.3911585181351,66.09025,40406.99451425317,8.081398902850635
2014-08-04,601618.SH,sell,21927.337038582744,1.90231,41712.59252186634,8.342518504373269
2014-08-04,600663.SH,sell,462.60570219771466,87.96234999999999,40691.88468871114,8.13837693774223
2014-08-04,600115.SH,sell,12295.077382895952,3.3232000000000004,40859.001158839834,8.171800231767968
2014-08-04,601390.SH,sell,13756.845599220029,3.07008,42234.61653725342,8.446923307450685
2014-08-04,601139.SH,buy,3759.3742590427228,11.1708,41995.21797291445,8.39904359458289
2014-08-04,600642.SH,buy,46.50602180076119,33.4194,1554.2033449683586,0.31084066899367174
2014-08-04,601158.SH,buy,6962.810704868297,6.031359999999999,41995.21797291445,8.39904359458289
2014-08-04,601398.SH,buy,8278.72066838853,5.07267,41995.21797291444,8.399043594582889
2014-08-04,000157.SZ,buy,152.8970851690577,274.6633,41995.21797291445,8.39904359458289
2014-08-04,000725.SZ,buy,3958.0864405884317,10.60998,41995.21797291445,8.39904359458289
2014-08-04,600009.SH,buy,1098.1094148218365,38.243199999999995,41995.21797291445,8.39904359458289
2014-08-04,000729.SZ,buy,797.0425967741617,52.6888,41995.21797291445,8.39904359458289
2014-08-04,601333.SH,buy,12838.76586239386,3.27097,41995.21797291445,8.39904359458289
2014-08-04,600664.SH,buy,1073.7581460966862,39.1105,41995.21797291445,8.39904359458289
2014-08-04,600170.SH,buy,1326.3795119540755,31.661540000000002,41995.21797291444,8.399043594582889
2014-08-04,601018.SH,buy,15835.12176442742,2.65203,41995.21797291445,8.39904359458289
2014-08-04,601857.SH,buy,149.82462246244077,9.704,1453.8981363755254,0.2907796272751051
2014-08-04,600875.SH,buy,1140.0127037099273,36.8375,41995.21797291445,8.39904359458289
2014-08-04,600008.SH,buy,1900.8347412992714,22.09304,41995.217972914455,8.399043594582892
2014-08-04,600018.SH,buy,7486.68608189842,5.60932,41995.21797291445,8.39904359458289
2014-08-04,600583.SH,buy,310.5525341895486,135.22742,41995.21797291445,8.39904359458289
2014-08-04,601939.SH,buy,123.71062982507014,5.8448,723.06388920157,0.144612777840314
2014-08-04,601988.SH,buy,10781.716740499312,3.8950400000000003,41995.21797291445,8.39904359458289
2014-09-02,600642.SH,sell,1256.8539882774685,33.80265,42484.99546684737,8.496999093369475
2014-09-02,000157.SZ,sell,152.8970851690577,280.41360000000003,42874.42208176208,8.574884416352416
2014-09-02,000725.SZ,sell,3958.0864405884317,10.65672,42180.21893314755,8.436043786629511
2014-09-02,600009.SH,sell,1098.1094148218365,39.68994,43583.8967877138,8.71677935754276
2014-09-02,000729.SZ,sell,797.0425967741617,51.5092,41055.02652575965,8.21100530515193
2014-09-02,601333.SH,sell,12838.76586239386,3.3796,43389.89310854629,8.677978621709258
2014-09-02,600664.SH,sell,1073.7581460966862,43.0464,46221.42266013639,9.24428453202728
2014-09-02,600170.SH,sell,1326.3795119540755,32.214580000000005,42728.75889820553,8.545751779641106
2014-09-02,601018.SH,sell,15835.12176442742,2.74155,43412.778073265996,8.6825556146532
2014-09-02,600875.SH,sell,1140.0127037099273,37.36796,42599.94911172441,8.519989822344883
2014-09-02,600008.SH,sell,1900.8347412992714,23.9224,45472.52901525769,9.09450580305154
2014-09-02,600583.SH,sell,310.5525341895486,148.27885999999998,46048.37573973729,9.209675147947458
2014-09-02,601939.SH,buy,402.0154144979528,5.6480999999999995,2270.623262625887,0.4541246525251774
2014-09-02,601857.SH,buy,132.9684867749453,9.60696,1277.4229337074285,0.2554845867414857
2014-09-02,601398.SH,buy,437.66107744771233,4.9172400000000005,2152.0845564689894,0.4304169112937979
2014-09-02,601288.SH,buy,14278.422268634074,3.0012,42852.40091262458,8.570480182524916
2014-09-02,601009.SH,buy,3043.1636983072563,14.08153,42852.40091262458,8.570480182524916
2014-09-02,601988.SH,buy,428.2522699821597,3.8234399999999997,1637.3968591405885,0.3274793718281177
2014-09-02,601668.SH,buy,11899.742555822797,3.6011199999999994,42852.40091262459,8.570480182524918
2014-09-02,600011.SH,buy,1798.639277085091,23.8249,42852.40091262458,8.570480182524916
2014-09-02,600068.SH,buy,1914.3372436618029,22.38498,42852.40091262458,8.570480182524916
2014-09-02,601158.SH,sell,32.424838135802865,6.1845,200.5314114508728,0.040106282290174565
2014-09-02,600795.SH,buy,82.34047539636231,520.42936,42852.40091262458,8.570480182524916
2014-09-02,601390.SH,buy,13817.649780937092,3.10128,42852.40091262459,8.570480182524918
2014-09-02,601139.SH,buy,17.80111615131202,11.34735,201.99549535959045,0.04039909907191809
2014-09-02,600016.SH,buy,374.15466008294317,114.53125,42852.40091262459,8.570480182524918
2014-09-02,600518.SH,buy,134.85748553573086,317.76064,42852.40091262459,8.570480182524918
2014-09-02,600000.SH,buy,576.2194178778642,74.3682,42852.40091262458,8.570480182524916
2014-09-02,601991.SH,buy,4890.375107003011,8.762599999999999,42852.40091262458,8.570480182524916
2014-09-02,600383.SH,buy,374.46605236083104,114.43601,42852.40091262458,8.570480182524916
2014-09-02,601328.SH,buy,6811.764980820396,6.18449,42127.29240623393,8.425458481246787
2014-09-02,600018.SH,sell,106.88977191834016,5.80788,620.8029685290894,0.12416059370581789
2014-10-09,601158.SH,sell,6930.385866732494,7.480299999999999,51841.365398919064,10.368273079783814
2014-10-09,601009.SH,sell,3043.1636983072563,15.587209999999999,47434.43162989184,9.486886325978368
2014-10-09,601668.SH,sell,11899.742555822797,3.9078399999999998,46502.28994934656,9.300457989869312
2014-10-09,600011.SH,sell,1798.639277085091,24.454980000000003,43985.68754833036,8.797137509666072
2014-10-09,600068.SH,sell,1914.3372436618029,25.791389999999996,49373.41844280658,9.874683688561316
2014-10-09,601390.SH,sell,13817.649780937092,3.3961200000000002,46926.39677403608,9.385279354807217
2014-10-09,600518.SH,sell,134.85748553573086,348.84592,47044.48361059872,9.408896722119744
2014-10-09,600383.SH,sell,374.46605236083104,107.19644,40141.42771393468,8.028285542786938
2014-10-09,600600.SH,buy,725.9102721480157,62.70263,45516.48320769633,9.103296641539266
2014-10-09,601988.SH,buy,608.3519538440324,3.85208,2343.4203943635202,0.4686840788727041
2014-10-09,601939.SH,buy,333.8336102178347,5.74645,1918.3581494362763,0.3836716298872553
2014-10-09,601857.SH,buy,243.241775906377,9.676590000000001,2353.7509363178888,0.47075018726357776
2014-10-09,601398.SH,buy,436.6839654344815,4.97376,2171.9612399194066,0.4343922479838813
2014-10-09,601288.SH,buy,585.987423337574,3.0627000000000004,1794.703681455988,0.35894073629119766
2014-10-09,600015.SH,buy,1981.9677168465605,22.965300000000003,45516.48320769632,9.103296641539265
2014-10-09,600900.SH,buy,2242.08415694897,20.30097,45516.48320769633,9.103296641539266
2014-10-09,600795.SH,sell,3.0644661228728443,574.26688,1759.821399247885,0.351964279849577
2014-10-09,601186.SH,buy,7721.201561950183,5.8950000000000005,45516.48320769633,9.103296641539266
2014-10-09,600036.SH,buy,1050.0589021444896,43.346599999999995,45516.48320769633,9.103296641539266
2014-10-09,600000.SH,buy,14.811757207409599,77.027,1140.9052224151392,0.22818104448302784
2014-10-09,601991.SH,buy,12.184840192974962,9.28608,113.14940081918094,0.02262988016383619
2014-10-09,601166.SH,buy,1282.5103080064841,35.49015,45516.48320769632,9.103296641539265
2014-10-09,601328.SH,buy,395.3347804626022,6.3167,2497.2112077481193,0.49944224154962386
2014-10-09,601139.SH,sell,107.7249994408812,12.40665,1336.506364313209,0.26730127286264177
2014-10-09,600016.SH,buy,12.210402684301343,117.82974999999999,1438.7486956905561,0.28774973913811125
2014-10-09,600009.SH,buy,1047.4423863947231,43.45488,45516.48320769633,9.103296641539266
2014-10-09,000651.SZ,buy,24.17895723131593,1754.7607000000003,42428.28391649401,8.485656783298802
2014-11-04,601139.SH,sell,3669.4503757531534,12.53505,45996.74393258456,9.199348786516913
2014-11-04,600795.SH,sell,79.27600927348946,668.48254,52994.62804020579,10.598925608041158
2014-11-04,600000.SH,sell,591.0311750852738,79.764,47143.01064950178,9.428602129900357
2014-11-04,601991.SH,sell,4902.559947195986,9.672999999999998,47422.46236922676,9.484492473845354
2014-11-04,600900.SH,sell,2242.08415694897,21.17579,47477.90326987842,9.495580653975685
2014-11-04,601186.SH,sell,7721.201561950183,7.68375,59327.78250163471,11.865556500326942
2014-11-04,601166.SH,sell,1282.5103080064841,37.06749,47539.43801692727,9.507887603385454
2014-11-04,600009.SH,sell,1047.4423863947231,45.984,48165.59069597495,9.63311813919499
2014-11-04,000651.SZ,sell,24.17895723131593,1769.12351,42775.56168520552,8.555112337041104
2014-11-04,601857.SH,buy,201.0255371561795,9.664200000000001,1942.7509961847502,0.38855019923695006
2014-11-04,601398.SH,buy,90.08419885514378,5.12919,462.05897192581494,0.09241179438516299
2014-11-04,601939.SH,buy,228.30011072229257,5.8167,1327.953254038359,0.26559065080767186
2014-11-04,601288.SH,buy,310.6016462846159,3.1242,970.3816633223971,0.19407633266447943
2014-11-04,600028.SH,buy,3796.2176285601117,12.486239999999999,47400.484402432405,9.480096880486482
2014-11-04,600519.SH,buy,49.7707543656537,952.37625,47400.484402432405,9.480096880486482
2014-11-04,601328.SH,buy,161.2769745149541,6.43422,1037.6915349636079,0.20753830699272158
2014-11-04,600036.SH,buy,21.126757249114466,44.259159999999994,935.0525293697169,0.18701050587394338
2014-11-04,600600.SH,buy,54.62195224036465,60.739709999999995,3317.721538713599,0.6635443077427198
2014-11-04,601988.SH,buy,90.83968373009655,3.9809599999999996,361.62914734216514,0.07232582946843304
2014-11-04,600015.SH,buy,26.07810448193362,23.609939999999998,615.7024821321838,0.12314049642643678
2014-11-04,000729.SZ,buy,883.8018380360634,53.63248,47400.48440243241,9.480096880486483
2014-11-04,000157.SZ,buy,158.15403298816648,299.71088,47400.4844024324,9.48009688048648
2014-11-04,000063.SZ,buy,245.98119053177427,192.69962999999998,47400.484402432405,9.480096880486482
2014-11-04,000568.SZ,buy,98.64905537300616,480.49608000000006,47400.484402432405,9.480096880486482
2014-11-04,600016.SH,buy,19.780753735736806,116.73025,2309.0123287609913,0.4618024657521983
2014-11-04,600166.SH,buy,607.9822430266483,77.9636,47400.4844024324,9.48009688048648
2014-11-04,000858.SZ,buy,171.73889434047283,276.00320000000005,47400.4844024324,9.48009688048648
2014-11-04,600066.SH,buy,110.87460606047344,416.54073000000005,46183.78934689204,9.236757869378408
2014-12-02,601939.SH,sell,8150.617860412619,6.645650000000001,54166.15358405113,10.833230716810226
2014-12-02,601398.SH,sell,9243.149910125869,5.62374,51981.07187557125,10.396214375114251
2014-12-02,600018.SH,sell,7379.796309980079,7.086110000000001,52294.04843011294,10.458809686022589
2014-12-02,601988.SH,sell,11909.160648055602,4.69696,55936.85119749124,11.187370239498248
2014-12-02,601288.SH,sell,15175.011338256265,3.444,52262.73904895457,10.452547809790914
2014-12-02,600016.SH,sell,406.14581650298135,136.52125,55447.534551257646,11.08950691025153
2014-12-02,601328.SH,sell,7368.376735797952,7.873840000000001,58017.41947739536,11.603483895479071
2014-12-02,600015.SH,sell,2008.0458213284942,27.42406,55068.7690868619,11.01375381737238
2014-12-02,600036.SH,sell,1071.185659393604,49.651559999999996,53186.03903852109,10.637207807704218
2014-12-02,600519.SH,sell,49.7707543656537,974.1812500000001,48485.73570137548,9.697147140275097
2014-12-02,000729.SZ,sell,883.8018380360634,58.66544,51848.62370119439,10.369724740238878
2014-12-02,000157.SZ,sell,158.15403298816648,315.38992,49880.18781181519,9.976037562363038
2014-12-02,000063.SZ,sell,245.98119053177427,197.82802999999998,48661.97433995555,9.732394867991111
2014-12-02,000568.SZ,sell,98.64905537300616,538.7205600000001,53144.274354016896,10.62885487080338
2014-12-02,600166.SH,sell,607.9822430266483,77.198,46935.013197171196,9.38700263943424
2014-12-02,000858.SZ,sell,171.73889434047283,294.82160000000005,50632.33561168915,10.12646712233783
2014-12-02,600066.SH,sell,110.87460606047344,409.19394,45369.216899833,9.0738433799666
2014-12-02,600600.SH,buy,46.348141867443005,62.33854,2889.2754957292705,0.5778550991458541
2014-12-02,601857.SH,buy,167.90834513622877,10.1598,1705.9152049150573,0.3411830409830115
2014-12-02,000581.SZ,buy,484.8750318480915,106.2888,51536.78528509543,10.307357057019086
2014-12-02,000400.SZ,buy,346.4381149599307,148.76188000000002,51536.78528509542,10.307357057019084
2014-12-02,600028.SH,buy,187.0698916346552,12.94072,2420.819088074415,0.48416381761488303
2014-12-02,601238.SH,buy,5825.175651766981,8.84725,51536.78528509543,10.307357057019086
2014-12-02,002038.SZ,buy,136.96683591948224,376.272,51536.785285095415,10.307357057019084
2014-12-02,002310.SZ,buy,162.20244399974953,317.73125000000005,51536.78528509543,10.307357057019086
2014-12-02,000895.SZ,buy,169.8986408813477,303.33842000000004,51536.78528509542,10.307357057019084
2014-12-02,600352.SH,buy,410.3716418938935,125.58564,51536.78528509543,10.307357057019086
2014-12-02,600267.SH,buy,456.83985988568566,112.81148999999999,51536.78528509542,10.307357057019084
2014-12-02,000423.SZ,buy,156.285738977121,329.76,51536.78528509542,10.307357057019084
2014-12-02,601933.SH,buy,1601.6155536420977,32.178000000000004,51536.78528509542,10.307357057019084
2014-12-02,600315.SH,buy,283.1007079887028,182.044,51536.78528509542,10.307357057019084
2014-12-02,600518.SH,buy,152.06363963772554,338.91589999999997,51536.78528509542,10.307357057019084
2014-12-02,600332.SH,buy,1363.0334459945748,37.810359999999996,51536.78528509542,10.307357057019084
2014-12-02,601088.SH,buy,2496.4800673663167,20.64378,51536.78528509542,10.307357057019084
2014-12-02,002603.SZ,buy,1233.9254729826832,41.766529999999996,51536.78528509542,10.307357057019084
2014-12-02,600216.SH,buy,862.9562916534736,59.721199999999996,51536.78528509542,10.307357057019084
2015-01-06,601857.SH,sell,5073.599033358083,14.991900000000001,76062.88934820105,15.21257786964021
2015-01-06,600028.SH,sell,3983.287520194767,17.17456,68411.21051283623,13.682242102567248
2015-01-06,000581.SZ,sell,484.8750318480915,112.72079999999998,54655.50148994235,10.93110029798847
2015-01-06,000400.SZ,sell,346.4381149599307,154.87334,53654.02796714844,10.730805593429688
2015-01-06,601238.SH,sell,5825.175651766981,9.621249999999998,56045.471239563056,11.209094247912612
2015-01-06,002310.SZ,sell,162.20244399974953,340.38750000000005,55211.68440696475,11.04233688139295
2015-01-06,600352.SH,sell,410.3716418938935,181.65366,74545.51071023509,14.909102142047018
2015-01-06,600267.SH,sell,456.83985988568566,113.81694,51996.11492221749,10.3992229844435
2015-01-06,601933.SH,sell,1601.6155536420977,37.5756,60181.66539743401,12.036333079486802
2015-01-06,600315.SH,sell,283.1007079887028,184.608,52262.65550037845,10.45253110007569
2015-01-06,600518.SH,sell,152.06363963772554,346.68721999999997,52718.52048908487,10.543704097816974
2015-01-06,601088.SH,sell,2496.4800673663167,29.13528,72735.64577713651,14.547129155427303
2015-01-06,002603.SZ,sell,1233.9254729826832,38.27395,47227.20185666557,9.445440371333113
2015-01-06,600216.SH,sell,862.9562916534736,61.494,53066.63419893871,10.613326839787742
2015-01-06,600436.SH,buy,384.05113455764393,149.7363,57506.395899463736,11.501279179892748
2015-01-06,600535.SH,buy,180.76842270770894,318.12191,57506.39589946374,11.50127917989275
2015-01-06,002252.SZ,buy,189.30054053436245,303.78358,57506.395899463736,11.501279179892748
2015-01-06,600600.SH,buy,37.81322232246457,66.51766,2515.2470659501087,0.5030494131900217
2015-01-06,000999.SZ,buy,1323.5987732056008,43.447,57506.39589946374,11.50127917989275
2015-01-06,002038.SZ,buy,21.254393520888453,363.51855,7726.3663138427655,1.5452732627685533
2015-01-06,600079.SH,buy,340.6938474540484,168.792,57506.39589946374,11.50127917989275
2015-01-06,002450.SZ,buy,421.7919388716431,136.3383,57506.395899463736,11.501279179892748
2015-01-06,002001.SZ,buy,254.31107009919126,226.12619999999998,57506.395899463736,11.501279179892748
2015-01-06,000895.SZ,sell,0.02197791897540595,338.58621999999997,7.441420509348973,0.0014882841018697946
2015-01-06,000423.SZ,buy,5.258010472559444,356.0492,1872.1104223464117,0.3744220844692824
2015-01-06,600276.SH,buy,98.71855406186174,582.52875,57506.395899463736,11.501279179892748
2015-01-06,600597.SH,buy,1382.0935186173424,41.608180000000004,57506.39589946374,11.50127917989275
2015-01-06,600398.SH,buy,858.7286539986732,66.9669,57506.39589946374,11.50127917989275
2015-01-06,603288.SH,buy,707.2906781519177,81.30518,57506.395899463736,11.501279179892748
2015-01-06,002570.SZ,buy,1394.4930175064276,41.23821,57506.39589946374,11.50127917989275
2015-01-06,600085.SH,buy,242.52640333561015,237.11396000000002,57506.395899463736,11.501279179892748
2015-02-03,000895.SZ,sell,169.87666296237228,336.72016,57200.89713295607,11.440179426591214
2015-02-03,000423.SZ,sell,161.54374944968046,353.2096,57058.80312562186,11.411760625124373
2015-02-03,600332.SH,sell,1363.0334459945748,42.26446,57607.87255689986,11.521574511379972
2015-02-03,600436.SH,sell,384.05113455764393,175.4325,67375.05066328387,13.475010132656774
2015-02-03,000999.SZ,sell,1323.5987732056008,46.129380000000005,61056.79077673498,12.211358155346996
2015-02-03,600079.SH,sell,340.6938474540484,188.46276,64208.10280620894,12.841620561241788
2015-02-03,002450.SZ,sell,421.7919388716431,154.99155,65374.18638322121,13.074837276644242
2015-02-03,002001.SZ,sell,254.31107009919126,218.66183999999998,55608.12652025814,11.121625304051628
2015-02-03,600597.SH,sell,1382.0935186173424,41.562000000000005,57442.57082077399,11.488514164154799
2015-02-03,600398.SH,sell,858.7286539986732,78.273,67215.26793443815,13.44305358688763
2015-02-03,603288.SH,sell,707.2906781519177,90.63,64101.754160908305,12.820350832181662
2015-02-03,600085.SH,sell,242.52640333561015,238.18156,57765.31708766483,11.553063417532966
2015-02-03,002570.SZ,buy,52.417089425675236,41.80559,2191.3273495231147,0.43826546990462295
2015-02-03,600600.SH,buy,62.99122948670542,65.20376999999999,4107.265639468358,0.8214531278936716
2015-02-03,002603.SZ,buy,1494.4962966557644,40.46666,60477.27350802795,12.095454701605592
2015-02-03,002038.SZ,buy,3.4706049916790738,374.1012,1298.3574921131315,0.2596714984226263
2015-02-03,002429.SZ,buy,2051.335684200406,29.4819,60477.273508027945,12.09545470160559
2015-02-03,600267.SH,buy,518.8279956013271,116.56517000000001,60477.273508027945,12.09545470160559
2015-02-03,603699.SH,buy,2997.2956467882664,20.17728,60477.27350802795,12.095454701605592
2015-02-03,002252.SZ,buy,3.5209113850263267,313.70549,1104.5292312862625,0.22090584625725251
2015-02-03,600276.SH,sell,4.041558804010111,638.9025,2582.1620237790703,0.5164324047558141
2015-02-03,600519.SH,buy,55.63353940015358,1087.0649999999998,60477.273508027945,12.09545470160559
2015-02-03,002294.SZ,buy,260.05645779236147,232.5544,60477.273508027945,12.09545470160559
2015-02-03,000963.SZ,buy,344.3090991426496,175.6482,60477.273508027945,12.09545470160559
2015-02-03,002594.SZ,buy,1541.6396185602596,39.229189999999996,60477.273508027945,12.09545470160559
2015-02-03,600535.SH,sell,2.4161268609178235,339.15666000000004,819.4455162851737,0.16388910325703474
2015-02-03,600277.SH,buy,1808.660714525802,33.437599999999996,60477.273508027945,12.09545470160559
2015-02-03,002416.SZ,buy,2400.63485952112,25.192199999999996,60477.273508027945,12.09545470160559
2015-02-03,600518.SH,buy,167.35722207480387,361.36637999999994,60477.27350802795,12.095454701605592
2015-02-03,600256.SH,buy,192.72424725018712,313.8021,60477.273508027945,12.09545470160559
2015-02-03,000536.SZ,buy,1682.4741471526836,35.94544,60477.27350802795,12.095454701605592
2015-03-03,002252.SZ,sell,192.82145191938878,349.59749999999997,67409.89753738852,13.481979507477705
2015-03-03,002429.SZ,sell,2051.335684200406,36.057,73965.01076521404,14.79300215304281
2015-03-03,600519.SH,sell,55.63353940015358,1159.4625,64505.00267675058,12.901000535350116
2015-03-03,000963.SZ,sell,344.3090991426496,170.24364,58616.434323165544,11.72328686463311
2015-03-03,002594.SZ,sell,1541.6396185602596,51.050999999999995,78702.2441671198,15.740448833423962
2015-03-03,600277.SH,sell,1808.660714525802,36.26,65582.03750870557,13.116407501741115
2015-03-03,002416.SZ,sell,2400.63485952112,28.523399999999995,68474.2683520647,13.69485367041294
2015-03-03,600518.SH,sell,167.35722207480387,516.14517,86380.6218385274,17.27612436770548
2015-03-03,000536.SZ,sell,1682.4741471526836,39.977920000000005,67261.81685693823,13.452363371387646
2015-03-03,600600.SH,buy,101.0081048711587,63.54162,6418.218616643315,1.283643723328663
2015-03-03,000423.SZ,buy,187.4569108419158,348.62960000000004,65353.027844052776,13.070605568810556
2015-03-03,600597.SH,buy,1570.677396705474,41.608180000000004,65353.027844052776,13.070605568810556
2015-03-03,603699.SH,buy,137.96699410418515,20.848499999999998,2876.404876581104,0.5752809753162208
2015-03-03,600267.SH,buy,27.178194394666086,119.71558,3253.6533053101994,0.6507306610620399
2015-03-03,600648.SH,buy,321.86772860884315,203.04312000000002,65353.027844052776,13.070605568810556
2015-03-03,002294.SZ,buy,17.07031447969009,235.86784,4026.3382044452255,0.8052676408890451
2015-03-03,601808.SH,buy,3113.36100423525,20.99115,65353.027844052776,13.070605568810556
2015-03-03,000895.SZ,buy,191.60935855927218,341.0743,65353.02784405277,13.070605568810555
2015-03-03,600256.SH,buy,13.168557631264918,317.4723,4180.652278880226,0.8361304557760452
2015-03-03,000538.SZ,buy,63.25711590616821,1033.13322,65353.027844052776,13.070605568810556
2015-03-03,002038.SZ,buy,3.0764968656358587,396.7137,1220.4884546048045,0.2440976909209609
2015-03-03,002570.SZ,buy,43.99408947436146,43.843,1928.8328648244296,0.3857665729648859
2015-03-03,600166.SH,buy,781.9405566542962,83.578,65353.02784405277,13.070605568810555
2015-03-03,600535.SH,buy,16.307429415996463,335.7911,5475.889661769809,1.0951779323539619
2015-03-03,600887.SH,buy,71.99502300484488,907.7436899999999,65353.027844052776,13.070605568810556
2015-03-03,002603.SZ,buy,0.9608986003585538,43.70977,42.0006568149943,0.00840013136299886
2015-03-03,000001.SZ,buy,65.79153367934832,993.33492,65353.02784405277,13.070605568810555
2015-03-03,600276.SH,buy,13.483838174278974,604.3266,8148.64207881222,1.629728415762444
2015-04-02,002038.SZ,sell,164.7683312976856,499.28400000000005,82266.19152363366,16.453238304726735
2015-04-02,600276.SH,sell,108.1608334321306,728.7998399999999,78827.59809960342,15.765519619920685
2015-04-02,002570.SZ,sell,1490.9041964064643,54.05584,80592.07869627641,16.118415739255283
2015-04-02,002603.SZ,sell,1495.457195256123,51.01005,76283.34630287459,15.256669260574919
2015-04-02,600267.SH,sell,546.0061899959932,147.466,80517.34881394914,16.103469762789828
2015-04-02,002294.SZ,sell,277.12677227205154,285.38536,79087.92367049745,15.81758473409949
2015-04-02,600256.SH,sell,205.89280488145204,371.42423999999994,76473.5785745616,15.294715714912321
2015-04-02,600648.SH,sell,321.86772860884315,225.68827999999996,72641.77405723659,14.528354811447318
2015-04-02,601808.SH,sell,3113.36100423525,24.5061,76296.33610588947,15.259267221177893
2015-04-02,000895.SZ,sell,191.60935855927218,387.00011,74152.84283946778,14.830568567893556
2015-04-02,600166.SH,sell,781.9405566542962,98.6348,77126.55041748517,15.425310083497035
2015-04-02,600887.SH,sell,71.99502300484488,1030.98149,74225.53609011925,14.84510721802385
2015-04-02,000001.SZ,sell,65.79153367934832,1143.25886,75216.75379190336,15.043350758380674
2015-04-02,000729.SZ,buy,1017.2384907883736,73.84296,75115.90118574625,15.02318023714925
2015-04-02,600535.SH,buy,6.451184095206335,373.57716000000005,2410.0150329243525,0.4820030065848705
2015-04-02,600600.SH,buy,78.12685133952945,67.87904,5303.175667149973,1.0606351334299948
2015-04-02,600111.SH,buy,206.63630659851214,363.51744,75115.90118574625,15.02318023714925
2015-04-02,000869.SZ,buy,442.1334052942728,169.89419999999998,75115.90118574623,15.023180237149248
2015-04-02,600809.SH,buy,808.3575863069564,92.9241,75115.90118574625,15.02318023714925
2015-04-02,600028.SH,buy,4816.406245880071,15.595839999999999,75115.90118574625,15.02318023714925
2015-04-02,000423.SZ,buy,3.3768944404140706,393.6968,1329.4725351288103,0.26589450702576206
2015-04-02,000858.SZ,buy,206.01909506754882,364.6065,75115.90118574623,15.023180237149248
2015-04-02,603699.SH,buy,36.694319976913654,23.685929999999995,869.1390943707783,0.17382781887415566
2015-04-02,600011.SH,buy,2268.0894285245995,33.11858,75115.90118574623,15.023180237149248
2015-04-02,000937.SZ,buy,1580.2595870683078,47.533899999999996,75115.90118574623,15.023180237149248
2015-04-02,000999.SZ,buy,1473.8659263267427,50.96522,75115.90118574623,15.023180237149248
2015-04-02,000538.SZ,buy,3.578811635687761,1124.09781,4022.93432207913,0.804586864415826
2015-04-02,002304.SZ,buy,348.652708591501,215.4462,75115.90118574625,15.02318023714925
2015-04-02,601118.SH,buy,7307.904212367515,10.278720000000002,75115.90118574625,15.02318023714925
2015-04-02,600372.SH,buy,807.2049464176257,93.05678999999999,75115.90118574625,15.02318023714925
2015-04-02,600038.SH,buy,532.8797449652903,140.9622,75115.90118574625,15.02318023714925
2015-05-05,603699.SH,sell,3171.956960869365,25.160579999999996,79808.27687051051,15.961655374102103
2015-05-05,000423.SZ,sell,190.83380528232988,486.396,92820.79955410413,18.564159910820827
2015-05-05,000538.SZ,sell,66.83592754185597,1129.2156000000002,75472.17202073343,15.094434404146687
2015-05-05,000729.SZ,sell,1017.2384907883736,83.7516,85195.35118511155,17.03907023702231
2015-05-05,600111.SH,sell,206.63630659851214,416.18616000000003,85999.17095981743,17.199834191963486
2015-05-05,000869.SZ,sell,442.1334052942728,200.126,88482.38986792164,17.69647797358433
2015-05-05,600809.SH,sell,808.3575863069564,97.0911,78484.32724788733,15.696865449577466
2015-05-05,600028.SH,sell,4816.406245880071,19.614399999999996,94470.91866919004,18.89418373383801
2015-05-05,000858.SZ,sell,206.01909506754882,416.82756,85874.4367104144,17.174887342082883
2015-05-05,600011.SH,sell,2268.0894285245995,49.97322,113343.73199133408,22.668746398266816
2015-05-05,000937.SZ,sell,1580.2595870683078,54.615700000000004,86306.98352944659,17.261396705889318
2015-05-05,000999.SZ,sell,1473.8659263267427,61.0147,89927.48733504831,17.98549746700966
2015-05-05,002304.SZ,sell,348.652708591501,247.68449999999999,86355.87180113162,17.271174360226325
2015-05-05,601118.SH,sell,7307.904212367515,12.642,92386.52505275012,18.477305010550026
2015-05-05,600372.SH,sell,807.2049464176257,113.46008999999998,91585.54586898898,18.317109173797796
2015-05-05,600038.SH,sell,532.8797449652903,158.9511,84701.82162995236,16.940364325990473
2015-05-05,601288.SH,buy,17657.797543906203,4.8462,85573.21845727823,17.114643691455647
2015-05-05,600535.SH,buy,36.103441885821645,360.80333,13026.24205686593,2.605248411373186
2015-05-05,601328.SH,buy,8333.719809518627,10.268310000000001,85573.21845727823,17.114643691455647
2015-05-05,600600.SH,buy,108.17960807933129,70.4435,7620.550221736374,1.5241100443472748
2015-05-05,600398.SH,buy,798.7054165374266,107.1399,85573.21845727823,17.114643691455647
2015-05-05,600276.SH,buy,101.66740565799384,841.69767,85573.21845727823,17.114643691455647
2015-05-05,600016.SH,buy,427.8239944053416,200.01968000000002,85573.21845727823,17.114643691455647
2015-05-05,600104.SH,buy,447.6734956354822,191.15096,85573.21845727823,17.114643691455647
2015-05-05,600585.SH,buy,890.2453961393936,96.12317999999999,85573.21845727823,17.114643691455647
2015-05-05,600000.SH,buy,617.1949695653489,138.64860000000002,85573.21845727824,17.11464369145565
2015-05-05,601398.SH,buy,11235.87604332395,7.61607,85573.21845727823,17.114643691455647
2015-05-05,000069.SZ,buy,222.58309254394774,384.45516,85573.21845727823,17.114643691455647
2015-05-05,601998.SH,buy,8521.056230411194,10.04256,85573.21845727824,17.11464369145565
2015-05-05,600166.SH,buy,774.407053447898,110.5016,85573.21845727824,17.11464369145565
2015-05-05,601988.SH,buy,12397.89089589441,6.90224,85573.21845727823,17.114643691455647
2015-05-05,000002.SZ,buy,47.504927878983594,1801.35456,85573.21845727823,17.114643691455647
2015-05-05,002570.SZ,buy,1661.531041371639,51.50263,85573.21845727823,17.114643691455647
2015-06-02,600600.SH,sell,1214.9993823550126,83.09167000000001,100956.32772884653,20.19126554576931
2015-06-02,601328.SH,sell,8333.719809518627,10.870600000000001,90592.5345613532,18.11850691227064
2015-06-02,600398.SH,sell,798.7054165374266,110.56289999999998,88307.18709808582,17.661437419617165
2015-06-02,600276.SH,sell,101.66740565799384,983.90985,100031.56185084587,20.006312370169177
2015-06-02,600104.SH,sell,447.6734956354822,174.40422999999998,78076.15129771462,15.615230259542924
2015-06-02,600585.SH,sell,890.2453961393936,103.0171,91710.49899863152,18.342099799726306
2015-06-02,000069.SZ,sell,222.58309254394774,442.35720000000003,98461.2335850816,19.69224671701632
2015-06-02,601998.SH,sell,8521.056230411194,9.73824,82980.09062523949,16.596018125047898
2015-06-02,600166.SH,sell,774.407053447898,140.1048,108498.14534190706,21.699629068381412
2015-06-02,000002.SZ,sell,47.504927878983594,1849.44,87857.51381650742,17.571502763301485
2015-06-02,002570.SZ,sell,1661.531041371639,66.87347,111112.34624923505,22.222469249847013
2015-06-02,000538.SZ,buy,70.31980305656607,1287.8670900000002,90562.56013183287,18.112512026366574
2015-06-02,601398.SH,buy,1068.1747600909946,7.3617300000000006,7863.6141766046785,1.5727228353209357
2015-06-02,601288.SH,buy,1979.8926876070589,4.6125,9132.255021587558,1.8264510043175117
2015-06-02,600016.SH,buy,45.094675748040224,191.53176000000002,8637.062612651462,1.7274125225302923
2015-06-02,600535.SH,sell,30.973452725380103,439.1984,13603.49087946258,2.720698175892516
2015-06-02,000895.SZ,buy,215.37257780021173,420.49253000000004,90562.56013183287,18.112512026366574
2015-06-02,000001.SZ,buy,66.27605404219798,1366.44466,90562.56013183286,18.112512026366574
2015-06-02,000858.SZ,buy,203.91726266609433,444.11424,90562.56013183286,18.112512026366574
2015-06-02,600000.SH,buy,28.823037184847028,140.2126,4041.3529835840827,0.8082705967168166
2015-06-02,600809.SH,buy,894.3734884600133,101.2581,90562.56013183287,18.112512026366574
2015-06-02,601988.SH,buy,1689.6686464340883,6.42968,10864.02870260433,2.172805740520866
2015-06-02,002142.SZ,buy,3871.008781839296,23.395079999999997,90562.56013183286,18.112512026366574
2015-06-02,600036.SH,buy,1160.0863703418888,78.06536,90562.56013183287,18.112512026366574
2015-06-02,000166.SZ,buy,4644.233852914506,19.5,90562.56013183287,18.112512026366574
2015-06-02,002252.SZ,buy,197.49229414056506,458.5625,90562.56013183287,18.112512026366574
2015-06-02,601939.SH,buy,9663.768841397756,9.37135,90562.56013183286,18.112512026366574
2015-07-02,600535.SH,sell,206.24089851843547,375.42016,77426.99112033482,15.485398224066964
2015-07-02,600597.SH,sell,1570.677396705474,51.2898,80559.72954154441,16.111945908308883
2015-07-02,601988.SH,sell,14087.559542328498,6.84496,96428.78156485688,19.285756312971376
2015-07-02,000538.SZ,sell,70.31980305656607,1337.0639099999999,94022.07082524218,18.804414165048435
2015-07-02,000895.SZ,sell,215.37257780021173,327.98095000000006,70638.10267086237,14.127620534172474
2015-07-02,000858.SZ,sell,203.91726266609433,491.9385,100314.75232006444,20.06295046401289
2015-07-02,600809.SH,sell,894.3734884600133,109.63376999999998,98053.53732792274,19.610707465584547
2015-07-02,002142.SZ,sell,3871.008781839296,24.0901,93252.98865538681,18.650597731077365
2015-07-02,000166.SZ,sell,4644.233852914506,15.66,72728.70213664116,14.545740427328234
2015-07-02,601939.SH,sell,9663.768841397756,9.5355,92148.86778714831,18.429773557429662
2015-07-02,601398.SH,sell,109.99972457067673,7.27695,800.4624957145861,0.16009249914291723
2015-07-02,601288.SH,buy,346.3631898549826,4.4403,1537.956471913079,0.3075912943826158
2015-07-02,600519.SH,buy,56.735337504116906,1563.7125,88717.75644690641,17.743551289381283
2015-07-02,000002.SZ,buy,50.28308668090816,1764.3657600000001,88717.75644690641,17.743551289381283
2015-07-02,600028.SH,buy,5357.688915662966,16.55896,88717.75644690642,17.743551289381287
2015-07-02,002252.SZ,sell,4.657489630523067,460.16329999999994,2143.205798097275,0.42864115961945504
2015-07-02,600000.SH,buy,11.024271083399814,135.0525,1488.8553704908534,0.29777107409817066
2015-07-02,000001.SZ,buy,7.958334949154738,1195.3166,9512.729873084814,1.9025459746169628
2015-07-02,601318.SH,buy,1032.4392954902303,85.93024000000001,88717.75644690642,17.743551289381287
2015-07-02,601857.SH,buy,6630.029926083342,13.381200000000002,88717.75644690642,17.743551289381287
2015-07-02,600016.SH,buy,24.386782913833187,178.43084000000002,4351.3541602129035,0.8702708320425807
2015-07-02,600036.SH,sell,22.799939595355724,78.02387999999999,1778.9397509952835,0.35578795019905674
2015-07-02,600104.SH,buy,581.0602984303864,152.68252999999999,88717.75644690642,17.743551289381287
2015-08-04,000001.SZ,sell,74.23438899135272,1098.14338,81520.00283919886,16.304000567839772
2015-08-04,002252.SZ,sell,192.834804510042,594.7639,114691.18038613017,22.938236077226037
2015-08-04,000002.SZ,sell,50.28308668090816,1862.00067,93627.14108951906,18.725428217903815
2015-08-04,600028.SH,sell,5357.688915662966,14.0824,75449.11838593215,15.08982367718643
2015-08-04,601318.SH,sell,1032.4392954902303,72.489,74840.4920907913,14.968098418158261
2015-08-04,601857.SH,sell,6630.029926083342,13.2375,87765.02114652823,17.553004229305646
2015-08-04,600104.SH,sell,581.0602984303864,146.446,85093.95646393637,17.018791292787274
2015-08-04,601398.SH,buy,46.44088397162294,7.1484,331.9780149827494,0.06639560299654988
2015-08-04,601288.SH,sell,543.9291950638444,4.501,2448.2253069823637,0.48964506139647274
2015-08-04,600519.SH,buy,4.243849992626296,1434.89582,6089.482615126502,1.2178965230253005
2015-08-04,601988.SH,buy,13331.520286565798,6.56208,87482.50264206769,17.496500528413538
2015-08-04,600000.SH,buy,33.53803043984068,126.70380000000002,4249.395901243486,0.8498791802486972
2015-08-04,600015.SH,buy,2381.767277448557,36.73008,87482.50264206769,17.496500528413538
2015-08-04,600036.SH,sell,4.804424363785424,77.26392,371.20865968956787,0.07424173193791357
2015-08-04,600016.SH,buy,6.364021636847876,173.7246,1105.5871132527425,0.2211174226505485
2015-08-04,601328.SH,buy,8230.355165422556,10.629249999999999,87482.50264206769,17.496500528413538
2015-08-04,601818.SH,buy,15623.43781557936,5.59944,87482.5026420677,17.49650052841354
2015-08-04,601939.SH,buy,9696.521593436932,9.022050000000002,87482.50264206769,17.496500528413538
2015-09-02,600036.SH,sell,1132.4820063827476,70.7679,80143.37337949364,16.028674675898728
2015-09-02,600015.SH,sell,2381.767277448557,34.37856,81881.72925380185,16.37634585076037
2015-09-02,601328.SH,sell,8230.355165422556,9.882,81332.36974470569,16.26647394894114
2015-09-02,601818.SH,sell,15623.43781557936,4.99344,78014.6993258266,15.602939865165322
2015-09-02,601939.SH,sell,9696.521593436932,7.9071299999999995,76671.65678711297,15.334331357422593
2015-09-02,000002.SZ,buy,47.38764351111239,1754.94519,83162.7170452614,16.63254340905228
2015-09-02,002252.SZ,buy,172.49824944734615,482.1076,83162.71704526138,16.63254340905228
2015-09-02,600016.SH,buy,14.656500428404756,160.476,2352.0165627486817,0.4704033125497364
2015-09-02,600519.SH,buy,2.8284343673656913,1303.58427,3687.1025500253168,0.7374205100050634
2015-09-02,601398.SH,buy,620.3137766228635,6.4676,4011.9413816860324,0.8023882763372066
2015-09-02,601857.SH,buy,7560.247004114671,11.0,83162.71704526138,16.63254340905228
2015-09-02,600485.SH,buy,922.0339858125091,90.19485,83162.71704526138,16.63254340905228
2015-09-02,601988.SH,buy,892.2454195717753,5.847840000000001,5217.708454388611,1.0435416908777222
2015-09-02,600000.SH,sell,8.539174027451729,121.9565,1041.407777278917,0.2082815554557834
2015-09-02,601288.SH,buy,1697.012252446999,3.93516,6678.014735339332,1.3356029470678665
2015-09-02,000538.SZ,buy,75.81475134491247,1096.92,83162.7170452614,16.63254340905228
2015-09-02,002304.SZ,buy,400.7561738830847,207.5145,83162.71704526138,16.63254340905228
2015-09-02,600276.SH,buy,101.16306603759476,822.066,83162.71704526138,16.63254340905228
2015-09-02,601166.SH,buy,1625.2082165556599,51.1705,83162.7170452614,16.63254340905228
2015-09-02,600315.SH,buy,499.30784267910724,166.556,83162.7170452614,16.63254340905228
2015-10-09,600016.SH,sell,518.3259751324676,159.16979999999998,82501.84179663984,16.500368359327968
2015-10-09,601398.SH,sell,12860.805739438754,6.5120000000000005,83749.56697522517,16.749913395045034
2015-10-09,002252.SZ,sell,172.49824944734615,564.4154,97360.66846112366,19.472133692224734
2015-10-09,600485.SH,sell,922.0339858125091,55.55664,51225.110217550675,10.245022043510135
2015-10-09,000538.SZ,sell,75.81475134491247,1092.765,82847.70675342328,16.569541350684656
2015-10-09,002304.SZ,sell,400.7561738830847,213.45951,85545.21650655806,17.109043301311612
2015-10-09,600276.SH,sell,101.16306603759476,934.02356,94488.68708094936,18.897737416189873
2015-10-09,000002.SZ,buy,2.4630760584861013,1673.37911,4121.660022611781,0.8243320045223562
2015-10-09,600519.SH,sell,2.6059578370388743,1363.03446,3552.0103331910504,0.7104020666382102
2015-10-09,601166.SH,sell,40.86384741359849,52.65268,2151.591081437029,0.43031821628740585
2015-10-09,600028.SH,buy,6843.650624844509,12.18696,83403.29641895504,16.68065928379101
2015-10-09,600600.SH,buy,1610.3304294267766,51.79266,83403.29641895503,16.680659283791005
2015-10-09,601988.SH,buy,568.1556370304962,5.63952,3204.125078146224,0.6408250156292449
2015-10-09,601601.SH,buy,3165.6189572451485,26.3466,83403.29641895503,16.680659283791005
2015-10-09,601009.SH,buy,3189.223466975445,26.1516,83403.29641895504,16.68065928379101
2015-10-09,601318.SH,buy,1217.3300135733505,68.5133,83403.29641895504,16.68065928379101
2015-10-09,601857.SH,buy,277.94652036075763,10.64268,2958.0958733130283,0.5916191746626057
2015-10-09,600015.SH,buy,2452.011169996891,34.014239999999994,83403.29641895504,16.68065928379101
2015-10-09,600887.SH,buy,79.88815374370884,1044.0008,83403.29641895503,16.680659283791005
2015-10-09,600036.SH,buy,1080.061180573589,77.22089999999999,83403.29641895504,16.68065928379101
2015-10-09,600000.SH,sell,43.856319344198276,130.71445,5732.6546621012385,1.1465309324202477
2015-10-09,000963.SZ,buy,364.1070014002942,229.0626,83403.29641895504,16.68065928379101
2015-10-09,000423.SZ,buy,206.48919997449696,403.91118,83403.29641895504,16.68065928379101
2015-10-09,000001.SZ,buy,90.22078492112757,924.4355,83403.29641895504,16.68065928379101
2015-10-09,600050.SH,buy,8133.905548377044,9.45832,76933.08152632556,15.386616305265113
2015-10-09,601288.SH,sell,76.16591709873221,3.9608800000000004,301.68405771802645,0.06033681154360529
2015-11-03,600000.SH,sell,638.1848149017865,134.234,85666.1004435264,17.133220088705283
2015-11-03,600315.SH,sell,499.30784267910724,208.0,103856.03127725431,20.771206255450863
2015-11-03,601601.SH,sell,3165.6189572451485,28.63112,90635.21623916071,18.127043247832145
2015-11-03,601009.SH,sell,3189.223466975445,29.261519999999997,93321.52626337131,18.664305252674264
2015-11-03,601318.SH,sell,1217.3300135733505,73.09554,88981.39470035137,17.796278940070277
2015-11-03,600887.SH,sell,79.88815374370884,1009.6412799999998,80658.37780263498,16.131675560526997
2015-11-03,000423.SZ,sell,206.48919997449696,441.80695000000003,91228.36364867259,18.24567272973452
2015-11-03,600050.SH,sell,8133.905548377044,9.763919999999999,79418.80306190958,15.883760612381916
2015-11-03,601939.SH,buy,10928.700311448918,7.96581,87055.95022794291,17.411190045588583
2015-11-03,601288.SH,buy,710.1668821974406,3.99946,2840.284038673376,0.5680568077346753
2015-11-03,601166.SH,buy,49.663203466813975,53.2879,2646.4478200192366,0.5292895640038473
2015-11-03,600015.SH,buy,58.98621409932564,34.67664,2045.4437112852395,0.40908874225704794
2015-11-03,601988.SH,buy,407.2294093142096,5.7288,2332.935840079244,0.4665871680158488
2015-11-03,600036.SH,buy,54.468558317433526,76.74767999999999,4180.335483807726,0.8360670967615452
2015-11-03,000001.SZ,buy,0.5908986798514535,958.8331000000001,566.5732129878768,0.11331464259757536
2015-11-03,601857.SH,buy,276.1367815041351,10.730739999999999,2963.1520067576826,0.5926304013515366
2015-11-03,601006.SH,buy,6707.0435884077315,12.97978,87055.9502279429,17.41119004558858
2015-11-03,000963.SZ,sell,9.252436770154821,245.3776,2270.3407288123417,0.45406814576246834
2015-11-03,000002.SZ,buy,0.5335636021802829,1728.1813200000001,922.0946503198762,0.18441893006397525
2015-11-03,601628.SH,buy,2955.546600503033,29.45511,87055.9502279429,17.41119004558858
2015-11-03,601998.SH,buy,10932.501937443853,7.96304,87055.9502279429,17.41119004558858
2015-11-03,600028.SH,buy,257.8808042982646,12.26112,3161.907487197538,0.6323814974395077
2015-11-03,600016.SH,buy,544.3848104691264,159.9162,87055.95022794291,17.411190045588583
2015-11-03,600600.SH,buy,6.833028396478399,53.84322,367.91225121783367,0.07358245024356674
2015-11-03,601328.SH,buy,9148.376442616951,9.516,87055.9502279429,17.41119004558858
2015-11-03,600519.SH,sell,1.562066565874612,1459.99244,2280.6053769536957,0.45612107539073915
2015-11-03,000538.SZ,buy,78.1794549167007,1113.54,87055.9502279429,17.41119004558858
2015-12-02,601988.SH,sell,15199.15075248228,5.952,90465.34527877452,18.093069055754906
2015-12-02,000002.SZ,sell,50.38428317177877,2125.81596,107107.71329972672,21.421542659945345
2015-12-02,601857.SH,sell,8114.3303059795635,10.5672,85745.75120934725,17.14915024186945
2015-12-02,601166.SH,sell,1634.0075726088753,55.29943,90359.68738095442,18.071937476190886
2015-12-02,600028.SH,sell,7101.531429142774,12.18696,86546.07946570581,17.309215893141165
2015-12-02,000001.SZ,sell,90.81168360097902,1006.1297999999999,91368.3410591163,18.27366821182326
2015-12-02,601006.SH,sell,6707.0435884077315,12.72076,85318.69179767354,17.06373835953471
2015-12-02,601628.SH,sell,2955.546600503033,30.5181,90197.66670881161,18.039533341762322
2015-12-02,601998.SH,sell,10932.501937443853,8.99012,98284.50431785271,19.656900863570545
2015-12-02,601328.SH,sell,9148.376442616951,9.622749999999998,88032.53941319225,17.60650788263845
2015-12-02,600315.SH,buy,430.10602905165126,208.0,89462.05404274346,17.892410808548693
2015-12-02,600519.SH,buy,1.2023418585235537,1470.68936,1768.2713784132159,0.3536542756826432
2015-12-02,601398.SH,buy,13314.390707635353,6.7192,89462.05404274346,17.892410808548693
2015-12-02,600036.SH,buy,79.67590404198882,73.69326,5871.577112301332,1.1743154224602665
2015-12-02,000538.SZ,buy,0.6126313638592215,1135.6446,695.7315001573601,0.13914630003147202
2015-12-02,600016.SH,buy,15.154884391352685,159.9162,2423.5115233044344,0.4847023046608869
2015-12-02,601288.SH,buy,530.0551587760743,4.01232,2126.7509146604184,0.4253501829320837
2015-12-02,600887.SH,buy,91.41975694260547,978.58556,89462.05404274346,17.892410808548693
2015-12-02,600398.SH,buy,880.5784836950401,101.59464,89462.05404274346,17.892410808548693
2015-12-02,603288.SH,buy,691.338102184809,129.4042,89462.05404274346,17.892410808548693
2015-12-02,600535.SH,buy,322.23250217101577,277.632,89462.05404274345,17.89241080854869
2015-12-02,600600.SH,buy,127.73906680859695,51.28002,6550.461900726187,1.3100923801452375
2015-12-02,600886.SH,buy,242.9657227470701,368.20854,89462.05404274348,17.892410808548696
2015-12-02,601939.SH,sell,190.1101958599509,8.33256,1584.1046136147925,0.31682092272295853
2015-12-02,600674.SH,buy,497.27496708112784,179.9046,89462.05404274346,17.892410808548693
2015-12-02,000895.SZ,buy,285.5343744174972,313.31448000000006,89462.05404274345,17.89241080854869
2015-12-02,000963.SZ,buy,5.920475629748979,248.02063,1468.4000955899885,0.29368001911799774
2015-12-02,600795.SH,buy,96.19379592298147,930.01896,89462.05404274346,17.892410808548693
2015-12-02,600015.SH,sell,87.95773879087223,36.9288,3248.1737442603626,0.6496347488520725
2015-12-02,600066.SH,buy,122.34615383393678,729.72003,89278.43904608495,17.85568780921699
2016-01-05,600600.SH,sell,1744.902524631852,48.87702000000001,85285.63559448154,17.05712711889631
2016-01-05,600015.SH,sell,2423.0396453053445,37.16064,90041.7039649196,18.00834079298392
2016-01-05,000963.SZ,sell,360.7750402598884,245.73653,88655.60650407526,17.73112130081505
2016-01-05,600016.SH,sell,559.539694860479,167.00699999999998,93447.04581956401,18.689409163912803
2016-01-05,000538.SZ,sell,78.79208628055993,1128.1656,88890.52129395967,17.778104258791934
2016-01-05,600315.SH,sell,430.10602905165126,190.32000000000002,81857.77944911028,16.37155588982206
2016-01-05,600887.SH,sell,91.41975694260547,985.1931599999999,90066.11922871742,18.013223845743486
2016-01-05,600398.SH,sell,880.5784836950401,85.84884,75596.6413541781,15.11932827083562
2016-01-05,603288.SH,sell,691.338102184809,119.5319,82636.95689654438,16.527391379308877
2016-01-05,600535.SH,sell,322.23250217101577,285.344,91947.11109948633,18.389422219897266
2016-01-05,600886.SH,sell,242.9657227470701,318.94707999999997,77493.20781026757,15.498641562053516
2016-01-05,600674.SH,sell,497.27496708112784,170.13449999999997,84603.62788686414,16.920725577372828
2016-01-05,000895.SZ,sell,285.5343744174972,302.99960000000004,86516.8012347519,17.30336024695038
2016-01-05,600795.SH,sell,96.19379592298147,821.2854,79002.5601621242,15.80051203242484
2016-01-05,600066.SH,sell,122.34615383393678,736.2630599999999,90078.953601005,18.015790720201004
2016-01-05,601857.SH,buy,8532.635322766917,10.11432,86301.80409776788,17.260360819553576
2016-01-05,601398.SH,sell,118.98523212669531,6.5416,778.35379447999,0.15567075889599802
2016-01-05,601988.SH,buy,15262.769541908583,5.6544,86301.80409776789,17.26036081955358
2016-01-05,600900.SH,buy,2492.578138316072,34.623509999999996,86301.80409776789,17.26036081955358
2016-01-05,601288.SH,sell,648.8912785436477,3.9866,2586.869971042106,0.5173739942084212
2016-01-05,601939.SH,sell,79.07295316201918,8.09784,640.3201230335253,0.12806402460670507
2016-01-05,600028.SH,buy,7365.344525160095,11.71728,86301.80409776789,17.26036081955358
2016-01-05,600276.SH,buy,94.8220904458225,910.1445,86301.80409776789,17.26036081955358
2016-01-05,601166.SH,buy,1492.9811303199601,57.80501999999999,86301.80409776789,17.26036081955358
2016-01-05,601818.SH,buy,17801.52724788942,4.848,86301.8040977679,17.260360819553583
2016-01-05,600519.SH,sell,0.8968957017356469,1439.97,1291.5029036282795,0.2583005807256559
2016-01-05,600009.SH,buy,1078.3929569012694,80.02816,86301.80409776789,17.26036081955358
2016-01-05,002252.SZ,buy,175.79892953883362,490.912,86301.80409776789,17.26036081955358
2016-01-05,601088.SH,buy,4756.4927302561655,18.144000000000002,86301.80409776788,17.260360819553576
2016-01-05,600036.SH,sell,45.60526204276643,73.86534,3368.648186578037,0.6737296373156074
2016-01-05,601328.SH,buy,9323.121408460625,9.25675,86301.80409776789,17.26036081955358
2016-01-05,601006.SH,buy,7313.836175000245,11.7998,86301.80409776789,17.26036081955358
2016-01-05,000001.SZ,buy,89.0487459750838,969.15238,86301.80409776789,17.26036081955358
2016-01-05,300003.SZ,buy,1168.6093987510885,73.85,86301.80409776788,17.260360819553576
2016-02-02,601857.SH,sell,8532.635322766917,9.10792,77714.55990893526,15.542911981787054
2016-02-02,002252.SZ,sell,175.79892953883362,497.3152,87427.47980339095,17.48549596067819
2016-02-02,601088.SH,sell,4756.4927302561655,16.93872,80568.89853984471,16.11377970796894
2016-02-02,601006.SH,sell,7313.836175000245,9.56935,69988.65820123859,13.99773164024772
2016-02-02,601398.SH,sell,94.57967688550409,5.949599999999999,562.711245597995,0.11254224911959901
2016-02-02,601166.SH,buy,54.79353608540608,50.35883,2759.33836882383,0.551867673764766
2016-02-02,600900.SH,sell,67.49037116130671,32.14097,2169.2059947844245,0.43384119895688494
2016-02-02,601288.SH,sell,1036.5986835348492,3.78084,3919.2137666558992,0.7838427533311799
2016-02-02,601939.SH,buy,645.038911733634,6.894900000000001,4447.478792512234,0.8894957585024468
2016-02-02,600016.SH,buy,493.6482340071904,157.86360000000002,77929.08735401751,15.585817470803503
2016-02-02,600036.SH,buy,68.12600008970779,63.0243,4293.59346745377,0.8587186934907541
2016-02-02,601988.SH,buy,1313.6047087639922,4.7020800000000005,6176.674428984993,1.2353348857969986
2016-02-02,601318.SH,buy,1197.9029820035375,65.05459,77929.08735401752,15.585817470803505
2016-02-02,600000.SH,buy,577.0280991023307,135.0525,77929.08735401752,15.585817470803505
2016-02-02,600009.SH,sell,16.86690828852044,73.42699999999999,1238.4864749011904,0.2476972949802381
2016-02-02,601328.SH,buy,487.0040498576003,7.94525,3869.3689271310986,0.7738737854262198
2016-02-02,601818.SH,buy,785.2482010606518,4.1935199999999995,3292.9540361118643,0.6585908072223728
2016-02-02,000001.SZ,buy,3.440019688947058,842.7412,2899.046320686871,0.5798092641373742
2016-02-02,601169.SH,buy,4100.77550735483,19.0035,77929.0873540175,15.5858174708035
2016-02-02,600519.SH,sell,3.6719331220325886,1385.114,5086.045974391047,1.0172091948782094
2016-02-02,600028.SH,buy,18.964715885676277,10.555439999999999,200.1809206483028,0.04003618412966056
2016-02-02,600276.SH,sell,6.090922920802932,878.4362400000001,5350.487428679946,1.0700974857359893
2016-03-02,000001.SZ,sell,92.48876566403086,838.4415,77546.41941649854,15.509283883299709
2016-03-02,300003.SZ,sell,1168.6093987510885,71.31799999999998,83342.88510013011,16.66857702002602
2016-03-02,601169.SH,sell,4100.77550735483,19.7825,81123.59147424692,16.224718294849385
2016-03-02,601398.SH,buy,235.65098602043216,5.9644,1405.5167410202657,0.28110334820405314
2016-03-02,600900.SH,buy,203.05939549745258,30.265860000000004,6145.767235810531,1.2291534471621062
2016-03-02,002252.SZ,buy,154.04789377824105,516.258,79528.45754616718,15.905691509233437
2016-03-02,601288.SH,buy,2.3278004957423217,3.858,8.980654312573877,0.0017961308625147755
2016-03-02,600016.SH,buy,3.5701360155032327,159.97850000000003,571.145004556184,0.11422900091123679
2016-03-02,601166.SH,buy,35.0974765939505,50.25296,1763.752087376731,0.3527504174753462
2016-03-02,601939.SH,buy,534.3042763379224,6.71886,3589.915630115813,0.7179831260231627
2016-03-02,600519.SH,sell,3.302967504602752,1501.683,4960.010151214374,0.9920020302428748
2016-03-02,600036.SH,buy,13.445986185676908,63.62657999999999,855.5221157218665,0.1711044231443733
2016-03-02,601988.SH,buy,128.98537683127498,4.7616000000000005,614.176770319799,0.12283535406395979
2016-03-02,600276.SH,buy,2.389077195179981,872.9558000000001,2085.558794180097,0.41711175883601936
2016-03-02,601328.SH,buy,201.39629479139026,7.94525,1600.1439111912935,0.3200287822382587
2016-03-02,600028.SH,sell,136.98030674043335,10.97568,1503.4520130848396,0.30069040261696794
2016-03-02,600600.SH,buy,1838.6382194980158,43.254000000000005,79528.45754616719,15.905691509233439
2016-03-02,600104.SH,buy,579.0457358615388,137.344,79528.45754616718,15.905691509233437
2016-03-02,000423.SZ,buy,169.24115612986492,422.06763,71431.21366619207,14.286242733238414
2016-03-02,600009.SH,sell,60.66134041189133,79.47564,4821.098852492927,0.9642197704985854
2016-03-02,601818.SH,buy,547.4190722957547,4.15716,2275.7086705850197,0.455141734117004
2016-04-05,600519.SH,sell,52.97014299134798,1666.251,88261.55372947655,17.65231074589531
2016-04-05,600036.SH,sell,1250.1723671656293,69.39125999999999,86751.03577480564,17.35020715496113
2016-04-05,600028.SH,sell,7247.3289343053375,11.989199999999999,86889.67605917354,17.377935211834707
2016-04-05,601166.SH,sell,1582.8721429993166,54.6995,86582.31478599111,17.316462957198222
2016-04-05,600009.SH,sell,1000.8647082008576,85.23348,85307.18208914364,17.061436417828727
2016-04-05,600016.SH,sell,497.21837002269365,171.64752,85346.3001128377,17.06926002256754
2016-04-05,601318.SH,sell,1197.9029820035375,69.8351,83655.67453851525,16.73113490770305
2016-04-05,600000.SH,sell,577.0280991023307,146.83890000000002,84730.17134127724,16.94603426825545
2016-04-05,002252.SZ,sell,154.04789377824105,503.585,77576.20858831551,15.515241717663102
2016-04-05,600600.SH,sell,1838.6382194980158,45.881280000000004,84359.07496748993,16.871814993497985
2016-04-05,600104.SH,sell,579.0457358615388,149.10999999999999,86341.50967431405,17.26830193486281
2016-04-05,000423.SZ,sell,169.24115612986492,447.8591,75796.19186728078,15.159238373456157
2016-04-05,601939.SH,buy,143.21131340427326,7.070940000000001,1012.6386044028121,0.20252772088056242
2016-04-05,601288.SH,buy,99.67225400330784,4.08948,407.60768930144735,0.08152153786028947
2016-04-05,600795.SH,buy,118.87944992847207,712.5518400000001,84707.77078472065,16.94155415694413
2016-04-05,601988.SH,buy,90.68440829140324,5.04432,457.4411744324912,0.09148823488649825
2016-04-05,600066.SH,buy,119.98973138608098,705.9585,84707.77078472065,16.94155415694413
2016-04-05,601857.SH,buy,8848.261615513084,9.57338,84707.77078472065,16.94155415694413
2016-04-05,601398.SH,sell,23.354166969545723,6.364,148.625918594189,0.0297251837188378
2016-04-05,601818.SH,sell,492.89367660828924,4.545,2240.2017601846746,0.44804035203693493
2016-04-05,600015.SH,buy,2507.452720491163,33.782399999999996,84707.77078472065,16.94155415694413
2016-04-05,000001.SZ,buy,92.75355958649489,913.25628,84707.77078472065,16.94155415694413
2016-04-05,601006.SH,buy,8518.917481158089,9.94349,84707.77078472065,16.94155415694413
2016-04-05,600221.SH,buy,8401.373333365134,10.08261,84707.77078472065,16.94155415694413
2016-04-05,000858.SZ,buy,189.91741521653768,446.02423999999996,84707.77078472065,16.94155415694413
2016-04-05,601607.SH,buy,552.4246300396909,153.33815,84707.77078472063,16.94155415694413
2016-04-05,600027.SH,buy,9732.073233706955,8.70398,84707.77078472066,16.941554156944132
2016-04-05,600276.SH,buy,0.5883737173224746,923.8456000000001,543.566469904012,0.10871329398080241
2016-04-05,600900.SH,sell,59.64897632950995,32.98609,1967.5865016130847,0.39351730032261695
2016-04-05,601998.SH,buy,11060.303913019492,7.65872,84707.77078472065,16.94155415694413
2016-04-05,601009.SH,buy,2954.1010344862793,28.39569,83883.73720395169,16.776747440790338
2016-04-05,601328.SH,sell,72.84761734286555,8.52475,621.007725943593,0.12420154518871859
2016-05-04,600276.SH,sell,91.70861843752202,933.6321,85622.1100199224,17.12442200398448
2016-05-04,600795.SH,sell,118.87944992847207,689.41704,81957.51848651543,16.391503697303087
2016-05-04,600066.SH,sell,119.98973138608098,714.91212,85782.11324345368,17.15642264869074
2016-05-04,601857.SH,sell,8848.261615513084,9.40984,83260.72608011964,16.65214521602393
2016-05-04,601006.SH,sell,8518.917481158089,9.46862,80662.3924404431,16.132478488088623
2016-05-04,000858.SZ,sell,189.91741521653768,494.3382,93883.43318679584,18.77668663735917
2016-05-04,601607.SH,sell,552.4246300396909,162.90502,89992.74540510845,17.99854908102169
2016-05-04,600027.SH,sell,9732.073233706955,8.25564,80344.49307112048,16.068898614224096
2016-05-04,601998.SH,sell,11060.303913019492,7.6080000000000005,84146.7921702523,16.829358434050462
2016-05-04,601009.SH,sell,2954.1010344862793,30.33939,89625.62338468268,17.925124676936537
2016-05-04,601398.SH,buy,83.35030919670798,6.319599999999999,526.7406139995157,0.10534812279990316
2016-05-04,601288.SH,buy,314.947301440231,4.02518,1267.719578811189,0.2535439157622378
2016-05-04,601166.SH,buy,1485.1474242413353,56.99334999999999,84643.52695138489,16.928705390276978
2016-05-04,600660.SH,buy,88.24067942594667,959.23476,84643.52695138489,16.928705390276978
2016-05-04,601988.SH,buy,137.103398070859,4.99968,685.4731172669123,0.13709462345338247
2016-05-04,601318.SH,buy,1203.3177852224817,70.34178999999999,84643.52695138489,16.928705390276978
2016-05-04,601939.SH,buy,218.71378074589057,6.938910000000001,1517.6352403554677,0.30352704807109354
2016-05-04,600015.SH,sell,20.902936402905265,34.04736,711.6898007668206,0.1423379601533641
2016-05-04,600900.SH,buy,25.04145837375913,32.642759999999996,817.4223157446095,0.1634844631489219
2016-05-04,601818.SH,buy,288.68507768292227,4.47228,1291.0804992197795,0.25821609984395594
2016-05-04,601328.SH,buy,285.03550348405446,8.28075,2360.307745475584,0.47206154909511683
2016-05-04,600104.SH,buy,556.6089758097249,152.07000000000002,84643.52695138489,16.928705390276978
2016-05-04,600016.SH,buy,483.5797519208119,175.03530000000003,84643.5269513849,16.92870539027698
2016-05-04,601601.SH,buy,2698.8029009450806,31.363359999999997,84643.52695138489,16.928705390276978
2016-05-04,600000.SH,buy,572.6078817664386,147.8211,84643.52695138489,16.928705390276978
2016-05-04,601668.SH,buy,13087.255602343503,6.46763,84643.5269513849,16.92870539027698
2016-05-04,600011.SH,buy,2757.9491198939386,30.69075,84643.5269513849,16.92870539027698
2016-05-04,600036.SH,buy,1111.6039439202486,76.1454,84643.52695138489,16.928705390276978
2016-05-04,600221.SH,buy,138.98634747740164,9.83133,1366.420647545003,0.2732841295090006
2016-05-04,000001.SZ,sell,0.5726056056719345,918.41592,525.890104130347,0.1051780208260694
2016-06-02,600221.SH,sell,8540.359680842535,10.11402,86377.36861923501,17.275473723847004
2016-06-02,600660.SH,sell,88.24067942594667,977.1705900000001,86226.19677665317,17.245239355330636
2016-06-02,600016.SH,sell,483.5797519208119,169.01258,81731.06150789637,16.346212301579275
2016-06-02,601601.SH,sell,2698.8029009450806,31.076359999999998,83868.97051881366,16.773794103762732
2016-06-02,601668.SH,sell,13087.255602343503,6.30565,82523.65328891731,16.504730657783462
2016-06-02,600011.SH,sell,2757.9491198939386,30.284250000000004,83522.42063414802,16.704484126829605
2016-06-02,600036.SH,sell,1111.6039439202486,76.66163999999999,85217.38137139428,17.043476274278856
2016-06-02,002252.SZ,buy,169.94350780817695,498.2534,84674.9305733507,16.934986114670142
2016-06-02,601939.SH,sell,321.9103349702612,7.129620000000001,2295.098362410674,0.4590196724821348
2016-06-02,601288.SH,sell,191.88539437823698,4.06376,779.7761902585044,0.1559552380517009
2016-06-02,601398.SH,sell,211.16567200317786,6.4232,1356.359344410812,0.27127186888216237
2016-06-02,600900.SH,sell,9.48605111452446,32.77481,310.90352292882744,0.06218070458576549
2016-06-02,601857.SH,buy,9182.696561742985,9.22114,84674.9305733507,16.934986114670142
2016-06-02,601169.SH,buy,3885.6861883464067,21.7915,84674.93057335072,16.934986114670146
2016-06-02,600015.SH,buy,30.296070742720246,33.64992,1019.4603568068769,0.20389207136137538
2016-06-02,601166.SH,buy,0.8479751109916108,56.99334999999999,48.328942292033716,0.009665788458406743
2016-06-02,600104.SH,buy,9.965600239784147,149.48,1489.6579238429342,0.29793158476858683
2016-06-02,601988.SH,buy,107.72213453482816,4.96992,535.3703908673332,0.10707407817346665
2016-06-02,000001.SZ,buy,1.8834110203406544,900.3571800000001,1695.7426350548344,0.33914852701096687
2016-06-02,601006.SH,buy,9094.729249484251,9.31033,84674.93057335072,16.934986114670146
2016-06-02,601318.SH,sell,13.473184306657394,71.17893,959.0068426406651,0.19180136852813304
2016-06-02,600028.SH,buy,7106.558649685667,11.915040000000001,84674.93057335072,16.934986114670146
2016-06-02,601328.SH,sell,107.9264794711278,8.37225,903.5874677521497,0.18071749355042993
2016-06-02,600000.SH,sell,4.080183957760311,148.967,607.8127636356803,0.12156255272713606
2016-06-02,600276.SH,buy,94.85000997267402,892.72453,84674.93057335072,16.934986114670146
2016-06-02,600383.SH,buy,593.0855921511986,141.84885,84128.50919821655,16.825701839643312
2016-06-02,601818.SH,sell,95.00563546186562,4.496519999999999,427.194739966988,0.0854389479933976
2016-07-04,601818.SH,sell,18834.980286858594,4.6056,86746.38520915594,17.34927704183119
2016-07-04,600000.SH,sell,568.5276978086783,146.97462,83559.14234490533,16.711828468981064
2016-07-04,601169.SH,sell,3885.6861883464067,21.32,82842.82953554539,16.56856590710908
2016-07-04,600028.SH,sell,7106.558649685667,11.7688,83635.66743642068,16.72713348728414
2016-07-04,600276.SH,sell,94.85000997267402,949.6776000000001,90076.92983082513,18.015385966165027
2016-07-04,600383.SH,sell,593.0855921511986,132.09273,78342.2949909184,15.668458998183679
2016-07-04,601288.SH,sell,297.05659267268095,4.14092,1230.087585730158,0.24601751714603162
2016-07-04,601601.SH,buy,2743.994089633291,30.996,85052.84080227348,17.010568160454696
2016-07-04,601398.SH,sell,326.329781859234,6.6156,2158.8673048679484,0.4317734609735897
2016-07-04,601166.SH,buy,27.865538171004406,56.193760000000005,1565.8693642522608,0.3131738728504522
2016-07-04,600015.SH,buy,77.61757088244603,32.7888,2544.987008150347,0.5089974016300693
2016-07-04,601006.SH,buy,84.96484168040946,9.26716,787.3827822270234,0.1574765564454047
2016-07-04,601939.SH,sell,356.1043071013289,7.382759999999999,2629.0326342954068,0.5258065268590814
2016-07-04,601857.SH,buy,166.6122834660643,9.09902,1516.0084995033883,0.3032016999006777
2016-07-04,601318.SH,buy,12.377606569476752,70.76035999999999,875.8438967945399,0.17516877935890798
2016-07-04,002252.SZ,sell,1.9546603550065635,506.40178,989.8434830707556,0.19796869661415112
2016-07-04,601328.SH,sell,242.59570927232866,8.61625,2090.265280017702,0.4180530560035404
2016-07-04,600050.SH,buy,14383.75016949994,5.91312,85052.84080227348,17.010568160454696
2016-07-04,000001.SZ,sell,0.6166472611374477,910.3470199999999,561.3629965676373,0.11227259931352747
2016-07-04,601988.SH,sell,139.39550567565541,5.03328,701.6166108071629,0.1403233221614326
2016-07-04,600900.SH,sell,21.505675766948784,33.19737,713.9318755354325,0.1427863751070865
2016-07-04,600795.SH,buy,125.47449431746173,677.84964,85052.84080227348,17.010568160454696
2016-07-04,600027.SH,buy,10511.09539161927,8.09172,85052.84080227348,17.010568160454696
2016-07-04,601333.SH,buy,18043.906603843614,4.71366,85052.8408022735,17.0105681604547
2016-07-04,600104.SH,sell,6.617154672526675,151.92200000000003,1005.2913721595977,0.20105827443191954
2016-07-04,600009.SH,buy,1125.715318313709,75.4626,84949.4047797801,16.98988095595602
2016-08-02,601939.SH,sell,11522.770802577079,7.894589999999999,90967.55115031697,18.193510230063396
2016-08-02,600900.SH,sell,2562.547917814994,36.35385,93158.48262205863,18.631696524411726
2016-08-02,600104.SH,sell,559.9574213769824,181.22844,101480.20994257319,20.296041988514638
2016-08-02,601601.SH,sell,2743.994089633291,30.6516,84107.80923780378,16.82156184756076
2016-08-02,600050.SH,sell,14383.75016949994,6.502880000000001,93535.80130223779,18.70716026044756
2016-08-02,600027.SH,sell,10511.09539161927,8.599499999999999,90390.16482022991,18.078032964045985
2016-08-02,601333.SH,sell,18043.906603843614,4.992839999999999,90090.33864793454,18.018067729586907
2016-08-02,600009.SH,sell,1125.715318313709,80.8424,91005.5280492442,18.20110560984884
2016-08-02,601857.SH,buy,471.2482419260444,9.086400000000001,4281.95002543681,0.8563900050873621
2016-08-02,601288.SH,buy,600.4035127089513,4.22027,2533.864932580206,0.5067729865160413
2016-08-02,601169.SH,buy,4211.348000237387,21.184790000000003,89216.52300194901,17.843304600389803
2016-08-02,600028.SH,buy,7469.5182049977075,11.94408,89216.52300194901,17.843304600389803
2016-08-02,601166.SH,buy,48.60839564726261,57.110760000000006,2776.06241779586,0.555212483559172
2016-08-02,601006.SH,buy,217.70605802238035,9.495600000000001,2067.249644557315,0.41344992891146304
2016-08-02,600015.SH,buy,10.391158783091724,34.25692,355.96909513967057,0.07119381902793412
2016-08-02,601988.SH,buy,86.47055044253256,5.252800000000001,454.21250736453504,0.09084250147290701
2016-08-02,601318.SH,buy,38.306224426407525,71.93209999999999,2755.4471660627883,0.5510894332125577
2016-08-02,601398.SH,buy,399.03213757393746,6.7305600000000005,2685.7097438696405,0.5371419487739282
2016-08-02,600023.SH,buy,11896.250175270383,7.499550000000001,89216.52300194901,17.843304600389803
2016-08-02,600000.SH,buy,609.7109582829853,146.32592999999997,89216.52300194901,17.843304600389803
2016-08-02,600036.SH,buy,1158.1754248749353,77.03196,89216.52300194901,17.843304600389803
2016-08-02,000725.SZ,buy,8162.89489400715,10.92952,89216.52300194903,17.843304600389807
2016-08-02,002252.SZ,buy,8.828314033729855,504.66524000000004,4455.343220627646,0.8910686441255292
2016-08-02,600795.SH,sell,0.7544140832429244,715.47714,539.7660306543694,0.10795320613087388
2016-08-02,000001.SZ,sell,1.2600189396933974,967.96392,1219.6528721398645,0.24393057442797292
2016-08-02,601328.SH,buy,27.7432671993591,9.01272,250.04229915300775,0.05000845983060155
2016-08-02,000157.SZ,buy,353.7128130222652,252.2287,89216.52300194903,17.843304600389807
2016-08-02,601628.SH,buy,3667.2455611395994,24.287779999999998,89069.25339493513,17.813850678987027
2016-09-02,601398.SH,sell,13258.009610582272,7.02658,93158.46516952518,18.631693033905037
2016-09-02,601988.SH,sell,16987.94461316782,5.4409600000000005,92430.72712246158,18.486145424492317
2016-09-02,601328.SH,sell,9900.930717706706,9.22046,91291.13564538596,18.258227129077195
2016-09-02,600015.SH,sell,2604.8545844965156,35.940560000000005,93619.9324853721,18.72398649707442
2016-09-02,000001.SZ,sell,92.18769880033277,987.86794,91069.2721072252,18.213854421445042
2016-09-02,601318.SH,sell,1240.5284319117084,76.47518000000001,94869.63512556565,18.97392702511313
2016-09-02,002252.SZ,sell,176.81716148690026,554.08984,97972.59271753073,19.594518543506148
2016-09-02,601006.SH,sell,9397.400149187042,9.71176,91265.29487286875,18.25305897457375
2016-09-02,601169.SH,sell,4211.348000237387,22.54505,94945.05123275191,18.989010246550382
2016-09-02,600023.SH,sell,11896.250175270383,7.70185,91623.1344124062,18.32462688248124
2016-09-02,600000.SH,sell,609.7109582829853,151.79345999999998,92550.13595768998,18.510027191537997
2016-09-02,600036.SH,sell,1158.1754248749353,82.89552,96007.5540962287,19.20151081924574
2016-09-02,000725.SZ,sell,8162.89489400715,11.353510000000002,92677.50880805912,18.535501761611826
2016-09-02,601628.SH,sell,3667.2455611395994,25.138959999999997,92190.73947166593,18.438147894333188
2016-09-02,601857.SH,buy,21.782556336444948,9.439760000000001,205.6221040025196,0.04112442080050392
2016-09-02,600028.SH,buy,11.201141950362778,12.41984,139.11639084079366,0.027823278168158733
2016-09-02,600600.SH,buy,1934.2346436390733,48.02457,92890.78703986973,18.578157407973947
2016-09-02,600795.SH,buy,2.9929855853056804,727.4817899999999,2177.3425110423736,0.4354685022084748
2016-09-02,601991.SH,buy,9821.097369595322,9.45829,92890.78703986973,18.578157407973947
2016-09-02,601985.SH,buy,13665.976734621272,6.797229999999999,92890.78703986974,18.57815740797395
2016-09-02,600011.SH,buy,2948.861450078022,31.50056,92890.78703986973,18.578157407973947
2016-09-02,601288.SH,buy,386.2323872934495,4.31526,1666.693171591931,0.33333863431838623
2016-09-02,600115.SH,buy,10599.61511706031,8.7636,92890.78703986973,18.578157407973947
2016-09-02,000729.SZ,buy,1567.0264106385791,59.27838,92890.78703986974,18.57815740797395
2016-09-02,600018.SH,buy,13896.029296732797,6.6847,92890.78703986973,18.578157407973947
2016-09-02,601166.SH,buy,18.657208704649296,58.76136,1096.322957289031,0.2192645914578062
2016-09-02,601016.SH,buy,9568.576833287294,9.7079,92890.78703986973,18.578157407973947
2016-09-02,601888.SH,buy,1907.6892232361467,48.692829999999994,92890.78703986973,18.578157407973947
2016-09-02,300146.SZ,buy,273.9518636822762,339.07704,92890.78703986973,18.578157407973947
2016-09-02,600098.SH,buy,2237.846901632651,41.50900000000001,92890.78703986974,18.57815740797395
2016-09-02,000157.SZ,sell,1.3126916128322352,263.64737,346.0876913442771,0.06921753826885543
2016-09-02,002594.SZ,buy,1587.6473746932236,58.508449999999996,92890.78703986973,18.578157407973947
2016-09-02,601808.SH,buy,6854.85721369054,13.551089999999999,92890.78703986974,18.57815740797395
2016-09-02,002304.SZ,buy,347.25844998907826,266.74552,92629.63581673068,18.525927163346136
2016-10-11,600028.SH,sell,7480.71934694807,12.62816,94467.72082835573,18.893544165671145
2016-10-11,000157.SZ,sell,352.400121409433,288.18734,101557.25360466154,20.31145072093231
2016-10-11,600600.SH,sell,1934.2346436390733,51.96846000000001,100519.19570857145,20.103839141714293
2016-10-11,600011.SH,sell,2948.861450078022,30.7217,90594.03681086196,18.118807362172394
2016-10-11,600115.SH,sell,10599.61511706031,8.267800000000001,87635.49786483124,17.52709957296625
2016-10-11,000729.SZ,sell,1567.0264106385791,62.39409,97773.18689776046,19.554637379552094
2016-10-11,600018.SH,sell,13896.029296732797,6.7496,93792.63934122768,18.758527868245537
2016-10-11,601016.SH,sell,9568.576833287294,9.546940000000001,91350.62891278381,18.270125782556764
2016-10-11,601888.SH,sell,1907.6892232361467,47.5052,90625.1580876778,18.125031617535562
2016-10-11,300146.SZ,sell,273.9518636822762,332.09376000000003,90977.70446925456,18.195540893850914
2016-10-11,600098.SH,sell,2237.846901632651,43.054,96348.26050289217,19.269652100578433
2016-10-11,002594.SZ,sell,1587.6473746932236,56.936879999999995,90395.6880552231,18.079137611044622
2016-10-11,601808.SH,sell,6854.85721369054,13.864410000000001,95038.55090206327,19.007710180412655
2016-10-11,002304.SZ,sell,347.25844998907826,262.49199999999996,91152.56505453312,18.230513010906623
2016-10-11,600000.SH,buy,607.3368883304591,153.55419,93259.12394470412,18.651824788940825
2016-10-11,600016.SH,buy,516.1900320294557,180.6682,93259.12394470412,18.651824788940825
2016-10-11,601169.SH,buy,4055.014265936129,22.998470000000005,93259.1239447041,18.65182478894082
2016-10-11,601166.SH,buy,4.293177160010561,58.83472,252.58787611961657,0.05051757522392331
2016-10-11,600837.SH,buy,271.0558516459665,344.0587,93259.1239447041,18.65182478894082
2016-10-11,601857.SH,buy,244.8032084444849,9.24715,2263.7319889674186,0.45274639779348375
2016-10-11,600027.SH,buy,11364.221976645504,8.20638,93259.12394470412,18.651824788940825
2016-10-11,601117.SH,buy,15537.593790352821,6.002160000000001,93259.1239447041,18.65182478894082
2016-10-11,600795.SH,buy,1.7888606197377839,720.279,1288.4787383241112,0.25769574766482223
2016-10-11,601766.SH,buy,9027.35082077492,10.33073,93259.1239447041,18.65182478894082
2016-10-11,601021.SH,buy,1014.2549945915764,91.9484,93259.12394470412,18.651824788940825
2016-10-11,601398.SH,buy,13421.128033627121,6.94868,93259.12394470412,18.651824788940825
2016-10-11,601288.SH,buy,291.2576089554347,4.27455,1244.9952123604533,0.24899904247209068
2016-10-11,600578.SH,buy,4529.065692694912,20.59125,93259.1239447041,18.65182478894082
2016-10-11,601988.SH,buy,17493.08297282115,5.3312,93259.12394470412,18.651824788940825
2016-10-11,601985.SH,buy,97.93885357796044,6.7769699999999995,663.7286725322306,0.1327457345064461
2016-10-11,600023.SH,buy,12177.204928472169,7.6585,93259.1239447041,18.65182478894082
2016-10-11,600871.SH,buy,9655.273069414272,9.65888,93259.12394470412,18.651824788940825
2016-10-11,601991.SH,buy,66.18926953882928,9.4341,624.4361877562693,0.12488723755125386
2016-10-11,600958.SH,buy,5651.661331184601,16.45476,92996.73080592313,18.599346161184627
2016-11-02,600795.SH,sell,129.50192643926226,725.0808599999999,93899.368194237,18.779873638847402
2016-11-02,601991.SH,sell,9887.28663913415,9.48248,93755.99780985681,18.75119956197136
2016-11-02,601985.SH,sell,13763.915588199232,6.87827,94671.92767284313,18.934385534568626
2016-11-02,600016.SH,sell,516.1900320294557,177.95430000000002,91858.23581677937,18.371647163355874
2016-11-02,600837.SH,sell,271.0558516459665,350.2676,94942.08262198875,18.988416524397753
2016-11-02,601117.SH,sell,15537.593790352821,6.37596,99067.07650353797,19.813415300707597
2016-11-02,601766.SH,sell,9027.35082077492,10.63826,96035.30514261701,19.207061028523402
2016-11-02,601021.SH,sell,1014.2549945915764,87.40128,88647.18477369685,17.72943695473937
2016-11-02,600023.SH,sell,12177.204928472169,7.7741,94666.80883443549,18.9333617668871
2016-11-02,600871.SH,sell,9655.273069414272,9.70816,93734.93580156485,18.74698716031297
2016-11-02,600958.SH,sell,5651.661331184601,16.496,93229.80531922118,18.645961063844236
2016-11-02,600011.SH,buy,3028.575091328478,30.98132,93829.2540484768,18.765850809695362
2016-11-02,601288.SH,buy,63.9718880079887,4.28812,274.3191324048165,0.05486382648096331
2016-11-02,601166.SH,sell,29.11736748017115,60.30192000000001,1755.8331643998827,0.35116663287997657
2016-11-02,601398.SH,buy,206.9330750219166,6.88636,1425.0156505079256,0.2850031301015851
2016-11-02,000001.SZ,buy,97.9952148633205,957.48812,93829.2540484768,18.765850809695362
2016-11-02,601857.SH,buy,61.70363405365828,9.24715,570.5827596392861,0.11411655192785723
2016-11-02,601169.SH,sell,61.867225276376736,23.502270000000003,1454.020232596231,0.2908040465192462
2016-11-02,600000.SH,buy,17.404842108019164,150.21807,2614.5217901213705,0.5229043580242742
2016-11-02,600900.SH,buy,2571.3971665481895,36.489599999999996,93829.25404847681,18.765850809695362
2016-11-02,000876.SZ,buy,693.5569067373036,135.28703000000002,93829.25404847681,18.765850809695362
2016-11-02,600009.SH,buy,1171.1141280382128,80.11965,93829.2540484768,18.765850809695362
2016-11-02,601988.SH,buy,162.35756663838882,5.31552,863.0148926176886,0.17260297852353773
2016-11-02,600642.SH,buy,1955.7670479809103,47.97568,93829.2540484768,18.765850809695362
2016-11-02,600153.SH,buy,617.7052062467577,151.89972999999998,93829.2540484768,18.765850809695362
2016-11-02,601328.SH,buy,10410.758799616186,9.01272,93829.25404847678,18.76585080969536
2016-11-02,600578.SH,sell,45.25172357408833,20.9304,947.1366750950983,0.18942733501901968
2016-11-02,601939.SH,buy,11457.570634839301,8.18928,93829.2540484768,18.765850809695362
2016-11-02,600027.SH,buy,71.74639718640694,8.20638,588.7781989425861,0.11775563978851722
2016-11-02,600018.SH,buy,13955.127586913755,6.72364,93829.2540484768,18.765850809695362
2016-11-02,600015.SH,buy,2609.8901657424053,35.87184,93621.56244308504,18.72431248861701
2016-12-02,601166.SH,sell,1556.3023515550826,62.20928000000001,96816.44875254857,19.363289750509715
2016-12-02,601857.SH,sell,10148.846485969683,9.8417,99881.90246096783,19.976380492193567
2016-12-02,601169.SH,sell,3993.1470406597523,25.61823,102297.35931144089,20.45947186228818
2016-12-02,600578.SH,sell,4483.813969120824,21.75405,97541.11327495286,19.508222654990572
2016-12-02,600011.SH,sell,3028.575091328478,33.231359999999995,100643.6691469695,20.1287338293939
2016-12-02,000876.SZ,sell,693.5569067373036,142.57299,98882.48192868852,19.776496385737705
2016-12-02,600009.SH,sell,1171.1141280382128,80.32621999999999,94071.17109390564,18.814234218781127
2016-12-02,600153.SH,sell,617.7052062467577,163.40520999999998,100936.24894484474,20.18724978896895
2016-12-02,601939.SH,sell,11457.570634839301,8.65458,99160.46166486751,19.832092332973502
2016-12-02,600018.SH,sell,13955.127586913755,6.957280000000001,97089.73005788334,19.417946011576667
2016-12-02,600015.SH,sell,2609.8901657424053,40.373,105369.09566151812,21.073819132303626
2016-12-02,600016.SH,buy,537.7355427568859,182.80055000000002,98298.35297050727,19.659670594101456
2016-12-02,601288.SH,buy,615.0731430658094,4.369540000000001,2687.5867015517774,0.5375173403103555
2016-12-02,600000.SH,sell,4.3045466119380915,158.4657,682.122992043398,0.1364245984086796
2016-12-02,000559.SZ,buy,257.8733907807938,381.18843,98298.35297050726,19.659670594101453
2016-12-02,601398.SH,buy,364.1656749713974,7.02658,2558.8392484405213,0.5117678496881043
2016-12-02,600900.SH,buy,147.25926751464823,36.1638,5325.454698546236,1.0650909397092472
2016-12-02,000001.SZ,sell,0.23218339923444847,1005.6768,233.50145795522258,0.04670029159104452
2016-12-02,000729.SZ,buy,1616.8478861211313,60.79629,98298.35297050727,19.659670594101456
2016-12-02,300146.SZ,buy,288.3600812681768,340.88752,98298.35297050726,19.659670594101453
2016-12-02,601988.SH,buy,208.56737224432226,5.50368,1147.8880752736316,0.22957761505472632
2016-12-02,600600.SH,buy,1934.3927404646372,50.81613,98298.35297050727,19.659670594101456
2016-12-02,600373.SH,buy,1103.6499986583888,89.06660000000001,98298.35297050726,19.659670594101453
2016-12-02,601258.SH,buy,6749.498961157614,14.5638,98298.35297050726,19.659670594101453
2016-12-02,601328.SH,buy,70.60101236460282,9.38026,662.2558522431892,0.13245117044863786
2016-12-02,002385.SZ,buy,1391.5751942470108,70.63819,98298.35297050724,19.65967059410145
2016-12-02,600867.SH,buy,190.89526011460288,514.93344,98298.35297050726,19.659670594101453
2016-12-02,600027.SH,sell,110.83502654905759,8.6814,962.2031994829886,0.1924406398965977
2016-12-02,002236.SZ,buy,166.28063365267064,591.1593600000001,98298.35297050726,19.659670594101453
2016-12-02,600642.SH,buy,13.716430085630703,49.92064,684.7329683899395,0.13694659367798792
2016-12-02,601098.SH,buy,4881.767004021863,20.090980000000002,98079.48324246317,19.615896648492637
2017-01-04,600000.SH,sell,620.4371838265401,150.95942999999997,93660.8436212597,18.73216872425194
2017-01-04,600027.SH,sell,11325.133347282854,8.14086,92196.32506156109,18.43926501231222
2017-01-04,601988.SH,sell,17864.00791170386,5.42528,96917.24484320871,19.383448968641744
2017-01-04,600642.SH,sell,1969.483478066541,47.8136,94168.09522688236,18.833619045376473
2017-01-04,601328.SH,sell,10481.359811980788,9.2684,97145.43528136273,19.429087056272547
2017-01-04,600016.SH,sell,537.7355427568859,176.4035,94858.43181671434,18.97168636334287
2017-01-04,000559.SZ,sell,257.8733907807938,351.46151999999995,90632.57389137175,18.126514778274352
2017-01-04,000729.SZ,sell,1616.8478861211313,56.00289,90548.15431317425,18.10963086263485
2017-01-04,300146.SZ,sell,288.3600812681768,309.85072,89348.5788002031,17.86971576004062
2017-01-04,600600.SH,sell,1934.3927404646372,48.12195,93086.75073700225,18.61735014740045
2017-01-04,600373.SH,sell,1103.6499986583888,79.56879,87816.09497674962,17.563218995349924
2017-01-04,601258.SH,sell,6749.498961157614,14.0616,94908.75459221391,18.98175091844278
2017-01-04,002385.SZ,sell,1391.5751942470108,67.43164999999999,93836.21144714643,18.767242289429287
2017-01-04,600867.SH,sell,190.89526011460288,492.21247999999997,93961.02940125376,18.792205880250755
2017-01-04,002236.SZ,sell,166.28063365267064,567.91152,94432.68740425134,18.88653748085027
2017-01-04,601098.SH,sell,4881.767004021863,18.094829999999998,88334.74403738491,17.666948807476984
2017-01-04,600009.SH,buy,1183.3761239574912,78.76219,93205.29511660348,18.641059023320697
2017-01-04,601288.SH,sell,481.8796202434371,4.23384,2040.2012113714736,0.40804024227429475
2017-01-04,600637.SH,buy,1184.8664929207418,78.66312,93205.29511660348,18.641059023320697
2017-01-04,600690.SH,buy,268.35208821661087,347.32464999999996,93205.29511660348,18.641059023320697
2017-01-04,600900.SH,sell,2.1513120372068824,34.3176,73.8278659680509,0.01476557319361018
2017-01-04,600177.SH,buy,408.9906802664584,227.891,93205.29511660348,18.641059023320697
2017-01-04,601928.SH,buy,8136.008093349581,11.4559,93205.29511660346,18.641059023320693
2017-01-04,600018.SH,buy,13943.078240849023,6.6847,93205.29511660348,18.641059023320697
2017-01-04,600352.SH,buy,584.8702726426437,159.36063000000001,93205.29511660348,18.641059023320697
2017-01-04,600958.SH,buy,5787.6317584213,16.104219999999998,93205.29511660346,18.641059023320693
2017-01-04,000001.SZ,sell,0.5064178860766025,958.5357,485.4196229229565,0.0970839245845913
2017-01-04,600030.SH,buy,1116.8136948640927,83.45644,93205.29511660346,18.641059023320693
2017-01-04,600369.SH,buy,2890.0275255329184,32.25066,93205.29511660348,18.641059023320697
2017-01-04,000963.SZ,buy,386.7503822329145,240.99600000000004,93205.29511660348,18.641059023320697
2017-01-04,601398.SH,sell,454.75035548905714,6.88636,3131.5746580256236,0.6263149316051247
2017-01-04,600089.SH,buy,298.79861606589105,311.93349,93205.29511660346,18.641059023320693
2017-01-04,601888.SH,buy,2042.9045892077966,45.623909999999995,93205.29511660348,18.641059023320697
2017-01-04,000540.SZ,buy,261.43461871058537,356.51474,93205.29511660348,18.641059023320697
2017-01-04,601018.SH,buy,16069.656817941042,5.8000799999999995,93205.29511660348,18.641059023320697
2017-01-04,600999.SH,buy,3759.0641882282794,24.715470000000003,92907.0381722304,18.58140763444608
2017-02-06,600637.SH,sell,1184.8664929207418,78.32522,92804.92872864555,18.560985745729113
2017-02-06,600177.SH,sell,408.9906802664584,228.53979999999999,93470.64826996035,18.69412965399207
2017-02-06,601928.SH,sell,8136.008093349581,11.357800000000001,92407.15272264589,18.48143054452918
2017-02-06,600018.SH,sell,13943.078240849023,6.93132,96643.93707236166,19.328787414472334
2017-02-06,600352.SH,sell,584.8702726426437,165.76274,96949.69893779168,19.389939787558337
2017-02-06,000963.SZ,sell,386.7503822329145,256.02500000000003,99017.76661118194,19.80355332223639
2017-02-06,600089.SH,sell,298.79861606589105,319.38466999999997,95431.6973886613,19.08633947773226
2017-02-06,601888.SH,sell,2042.9045892077966,47.631319999999995,97306.2422180251,19.461248443605022
2017-02-06,000540.SZ,sell,261.43461871058537,328.7744,85953.00990580147,17.190601981160295
2017-02-06,601018.SH,sell,16069.656817941042,5.925919999999999,95227.50073057316,19.045500146114634
2017-02-06,600999.SH,sell,3759.0641882282794,24.7005,92850.76498133263,18.570152996266525
2017-02-06,000001.SZ,sell,0.050313182008284475,970.0590799999999,48.80675905082899,0.009761351810165797
2017-02-06,600009.SH,sell,25.627407821613534,81.44760000000001,2087.290861291651,0.4174581722583302
2017-02-06,601288.SH,sell,235.5473682000153,4.32883,1019.6445138852723,0.20392890277705447
2017-02-06,601398.SH,sell,293.78826646581325,7.1200600000000005,2091.7900845325785,0.4183580169065157
2017-02-06,600900.SH,sell,32.46817768274971,35.132099999999994,1140.6752651681309,0.2281350530336262
2017-02-06,600895.SH,buy,282.54408458155683,333.67181999999997,94276.998932562,18.8553997865124
2017-02-06,600886.SH,buy,318.30164035416067,296.18760000000003,94276.99893256201,18.855399786512404
2017-02-06,600030.SH,sell,2.768830879845873,84.64278,234.36154302000065,0.046872308604000136
2017-02-06,600016.SH,buy,528.0564039802762,178.53585000000004,94276.99893256201,18.855399786512404
2017-02-06,600252.SH,buy,569.9054640885382,165.42568,94276.99893256201,18.855399786512404
2017-02-06,601328.SH,buy,9865.697394795543,9.556040000000001,94276.99893256201,18.855399786512404
2017-02-06,601988.SH,buy,16936.799175869863,5.5664,94276.998932562,18.8553997865124
2017-02-06,600674.SH,buy,619.1537848363046,152.2675,94276.99893256201,18.855399786512404
2017-02-06,600048.SH,buy,554.9157395462449,169.89426,94276.99893256203,18.855399786512407
2017-02-06,600690.SH,sell,2.9940207759223307,355.35326,1063.9350432317297,0.21278700864634595
2017-02-06,600008.SH,buy,3141.2263744989473,30.012800000000002,94276.99893256201,18.855399786512404
2017-02-06,601939.SH,buy,10663.974451407921,8.8407,94276.99893256201,18.855399786512404
2017-02-06,002252.SZ,buy,175.68023460013848,536.63976,94276.99893256201,18.855399786512404
2017-02-06,600369.SH,buy,148.1966913466644,31.036200000000004,4599.462151973346,0.9198924303946693
2017-02-06,601211.SH,buy,187.0870675058503,19.6977,3685.184929609988,0.7370369859219976
2017-03-02,601288.SH,sell,21783.21956102423,4.42382,96365.04235845021,19.273008471690044
2017-03-02,600009.SH,sell,1157.7487161358777,81.47711,94330.01949696167,18.866003899392336
2017-03-02,600690.SH,sell,265.35806744068856,377.69374,100224.08093084588,20.04481618616918
2017-03-02,600030.SH,sell,1114.0448639842468,85.67438,95445.10301403467,19.089020602806936
2017-03-02,600895.SH,sell,282.54408458155683,355.81392000000005,100533.11830777531,20.106623661555062
2017-03-02,600886.SH,sell,318.30164035416067,306.64128,97604.42242429948,19.5208844848599
2017-03-02,601328.SH,sell,9865.697394795543,10.09936,99637.22964110233,19.927445928220468
2017-03-02,601988.SH,sell,16936.799175869863,5.77024,97729.39607657133,19.545879215314265
2017-03-02,600048.SH,sell,554.9157395462449,176.55678,97974.13614560367,19.594827229120735
2017-03-02,601939.SH,sell,10663.974451407921,9.1509,97584.96380738875,19.516992761477752
2017-03-02,601211.SH,sell,187.0870675058503,19.8528,3714.202133780145,0.742840426756029
2017-03-02,600837.SH,buy,287.6040664836711,334.8524,96304.91191181682,19.260982382363363
2017-03-02,600177.SH,buy,418.4226570691437,230.16179999999997,96304.91191181683,19.260982382363366
2017-03-02,600016.SH,buy,21.608031698799927,175.2404,3786.6001181103784,0.7573200236220757
2017-03-02,000008.SZ,buy,500.953202963228,192.24333000000001,96304.91191181683,19.260982382363366
2017-03-02,601398.SH,sell,33.10521862561536,7.29144,241.38471529555684,0.04827694305911137
2017-03-02,600900.SH,buy,36.70086270687115,35.4036,1299.3426629289834,0.2598685325857967
2017-03-02,002252.SZ,buy,15.27615713917765,504.42214,7705.631875120268,1.5411263750240536
2017-03-02,600637.SH,buy,1201.05392920799,80.18367,96304.91191181685,19.26098238236337
2017-03-02,600085.SH,buy,290.2781431459929,331.76770000000005,96304.91191181683,19.260982382363366
2017-03-02,600000.SH,buy,625.2853532903904,154.01754,96304.91191181683,19.260982382363366
2017-03-02,600252.SH,buy,8.672517578591805,166.48384,1443.8340289514654,0.28876680579029307
2017-03-02,000876.SZ,buy,711.8562061109393,135.28703000000002,96304.91191181685,19.26098238236337
2017-03-02,601169.SH,buy,3823.1406078529903,25.19,96304.91191181683,19.260982382363366
2017-03-02,600674.SH,buy,4.8853476113131835,154.35574,754.0814457014789,0.15081628914029577
2017-03-02,000001.SZ,sell,0.5194143838783786,996.24858,517.4658423704095,0.10349316847408191
2017-03-02,601857.SH,buy,9239.121983941906,10.423599999999999,96304.91191181685,19.26098238236337
2017-03-02,600100.SH,buy,335.1215497005385,287.37308,96304.91191181683,19.260982382363366
2017-03-02,601928.SH,buy,297.7380863431297,11.6521,3469.2739558787816,0.6938547911757563
2017-04-06,600958.SH,sell,5787.6317584213,15.372209999999999,88968.6907931215,17.7937381586243
2017-04-06,600369.SH,sell,3038.224216879583,28.337400000000002,86095.37492340349,17.2190749846807
2017-04-06,600674.SH,sell,624.0391324476177,157.83614,98495.92787448074,19.69918557489615
2017-04-06,600008.SH,sell,3141.2263744989473,37.31712,117221.52156434217,23.444304312868436
2017-04-06,002252.SZ,sell,190.95639173931613,491.67934999999994,93889.31456873231,18.777862913746464
2017-04-06,600837.SH,sell,287.6040664836711,316.0116,90886.22121601127,18.177244243202253
2017-04-06,000008.SZ,sell,500.953202963228,195.98690000000002,98180.26529383389,19.636053058766777
2017-04-06,600085.SH,sell,290.2781431459929,343.03610000000003,99575.88214004313,19.91517642800863
2017-04-06,000876.SZ,sell,711.8562061109393,134.62467,95833.4068351372,19.16668136702744
2017-04-06,601169.SH,sell,3823.1406078529903,24.686200000000003,94378.8136735805,18.8757627347161
2017-04-06,601857.SH,sell,9239.121983941906,10.0441,92798.66511891091,18.559733023782183
2017-04-06,600100.SH,sell,335.1215497005385,295.06686,98883.26338847184,19.77665267769437
2017-04-06,601928.SH,sell,297.7380863431297,11.063500000000001,3294.0253182572155,0.6588050636514431
2017-04-06,600900.SH,sell,77.44971685323183,36.2181,2805.0815899620357,0.5610163179924071
2017-04-06,601288.SH,buy,21055.165418383367,4.54595,95715.72923369988,19.143145846739976
2017-04-06,600016.SH,buy,29.97813039158977,165.1602,4951.194011101044,0.990238802220209
2017-04-06,600637.SH,buy,44.8609807187851,76.83846,3447.04867252114,0.689409734504228
2017-04-06,601398.SH,sell,541.039333132107,7.556299999999999,4088.25551294614,0.817651102589228
2017-04-06,601166.SH,buy,1597.966979335353,59.898439999999994,95715.72923369987,19.143145846739973
2017-04-06,600023.SH,buy,11539.940589766451,8.2943,95715.72923369987,19.143145846739973
2017-04-06,600157.SH,buy,472.7076175584237,202.484,95715.72923369987,19.143145846739973
2017-04-06,600177.SH,buy,1.0706090016573468,228.2154,244.32946155683206,0.04886589231136641
2017-04-06,601318.SH,buy,1151.4480265439122,83.1264,95715.72923369987,19.143145846739973
2017-04-06,600252.SH,buy,17.9434719442207,160.4876,2879.704747995314,0.5759409495990628
2017-04-06,601988.SH,buy,16633.023069305014,5.75456,95715.72923369987,19.143145846739973
2017-04-06,600221.SH,buy,8832.756966875671,10.836450000000001,95715.72923369988,19.143145846739976
2017-04-06,600871.SH,buy,10498.829549151003,9.1168,95715.72923369987,19.143145846739973
2017-04-06,600959.SH,buy,6925.634328258736,13.820500000000001,95715.72923369987,19.143145846739973
2017-04-06,000001.SZ,buy,2.6459473013394437,963.7735999999999,2550.0941560222,0.51001883120444
2017-04-06,300251.SZ,buy,406.2998353788245,235.57904999999997,95715.72923369987,19.143145846739973
2017-04-06,601939.SH,buy,10268.264394255853,9.32151,95715.72923369988,19.143145846739976
2017-04-06,600795.SH,buy,120.80638100425465,792.3068999999999,95715.72923369988,19.143145846739976
2017-04-06,600000.SH,buy,15.207455303108091,149.10603,2267.523286648894,0.45350465732977885
2017-05-03,600016.SH,sell,579.6425660706658,152.17225000000002,88205.51347474688,17.641102694949378
2017-05-03,600637.SH,sell,1245.9149099267752,72.41197,90219.15308017035,18.04383061603407
2017-05-03,600000.SH,sell,640.4928085934985,140.48772,89981.374355697,17.996274871139402
2017-05-03,600023.SH,sell,11539.940589766451,7.84635,90546.412846514,18.1092825693028
2017-05-03,600157.SH,sell,472.7076175584237,183.75423,86862.02427958263,17.37240485591653
2017-05-03,601318.SH,sell,1151.4480265439122,85.00800000000001,97882.2938404449,19.57645876808898
2017-05-03,600221.SH,sell,8832.756966875671,10.39671,91831.61268508597,18.366322537017197
2017-05-03,600871.SH,sell,10498.829549151003,7.8848,82781.17122914584,16.55623424582917
2017-05-03,300251.SZ,sell,406.2998353788245,212.39507999999998,86296.08603927225,17.25921720785445
2017-05-03,601939.SH,sell,10268.264394255853,9.166409999999999,94123.12142615078,18.824624285230158
2017-05-03,600795.SH,sell,120.80638100425465,797.10876,96295.82456238897,19.259164912477793
2017-05-03,601818.SH,buy,18722.747395834052,4.91764,92071.73150364937,18.414346300729875
2017-05-03,000001.SZ,sell,0.7818168537990007,934.4413599999999,730.5620041348593,0.14611240082697186
2017-05-03,600030.SH,buy,1106.6508078585198,83.19854,92071.73150364937,18.414346300729875
2017-05-03,601988.SH,sell,89.09057254766829,5.5664,495.9137630293407,0.09918275260586815
2017-05-03,601377.SH,buy,5439.199991472388,16.92744,92071.73150364937,18.414346300729875
2017-05-03,000166.SZ,buy,11404.557712101876,8.07324,92071.73150364935,18.41434630072987
2017-05-03,600816.SH,buy,328.4761430399806,280.2996,92071.73150364935,18.41434630072987
2017-05-03,601288.SH,sell,675.8740009637197,4.51881,3054.1461942948663,0.6108292388589733
2017-05-03,601928.SH,buy,8584.296589808437,10.7256,92071.73150364937,18.414346300729875
2017-05-03,600900.SH,sell,213.55869101997112,37.9014,8094.173371824334,1.618834674364867
2017-05-03,601211.SH,buy,4854.629158211922,18.965760000000003,92071.73150364935,18.41434630072987
2017-05-03,601166.SH,buy,21.794128647762587,56.854,1239.0833901398942,0.24781667802797885
2017-05-03,600177.SH,sell,9.560590139450612,224.647,2147.7578930571617,0.42955157861143234
2017-05-03,600959.SH,sell,53.902044827271425,13.4013,722.3574733437126,0.14447149466874254
2017-05-03,601328.SH,buy,9716.164124173909,9.476140000000001,92071.73150364935,18.41434630072987
2017-05-03,600252.SH,sell,5.829839110172969,155.90223999999998,908.8849761155725,0.1817769952231145
2017-05-03,000156.SZ,buy,5904.206515964808,15.594259999999998,92071.73150364937,18.414346300729875
2017-05-03,601398.SH,sell,406.4888037740497,7.5095600000000005,3052.5520612694527,0.6105104122538906
2017-05-03,600061.SH,buy,1048.2107719436965,87.83704,92071.73150364935,18.41434630072987
2017-06-02,601398.SH,sell,12263.054806133792,8.27298,101452.00715004874,20.290401430009748
2017-06-02,000001.SZ,sell,98.55101645966323,961.6784399999999,94774.38776934324,18.95487755386865
2017-06-02,600252.SH,sell,590.6916145011778,140.38255999999998,82922.80101420845,16.58456020284169
2017-06-02,601166.SH,sell,1619.7611079831156,60.742079999999994,98387.65880199903,19.677531760399805
2017-06-02,601818.SH,sell,18722.747395834052,5.10874,95649.64853099326,19.129929706198652
2017-06-02,600030.SH,sell,1106.6508078585198,84.48804,93498.75772038293,18.699751544076587
2017-06-02,000166.SZ,sell,11404.557712101876,7.75745,88470.2862237447,17.69405724474894
2017-06-02,600816.SH,sell,328.4761430399806,267.9516,88015.70808939167,17.603141617878336
2017-06-02,601928.SH,sell,8584.296589808437,10.376800000000001,89077.5288531242,17.81550577062484
2017-06-02,601328.SH,sell,9716.164124173909,9.955540000000001,96729.66058477832,19.345932116955666
2017-06-02,000156.SZ,sell,5904.206515964808,13.64255,80548.43260437569,16.109686520875137
2017-06-02,600061.SH,sell,1048.2107719436965,88.53231999999998,92800.53148916634,18.56010629783327
2017-06-02,000876.SZ,buy,715.1401587213036,130.8161,93551.84651730192,18.710369303460386
2017-06-02,601988.SH,sell,588.0233910800669,5.86432,3448.357332778658,0.6896714665557316
2017-06-02,600177.SH,sell,1.9525996176625438,229.3508,447.83028439059854,0.08956605687811971
2017-06-02,600886.SH,buy,272.56380698336324,343.22916000000004,93551.8465173019,18.710369303460382
2017-06-02,601288.SH,sell,1118.4019087257723,4.85806,5433.263576704326,1.0866527153408652
2017-06-02,600663.SH,buy,415.9816992888384,224.89414,93551.84651730192,18.710369303460386
2017-06-02,600115.SH,buy,10116.44731195479,9.2475,93551.84651730192,18.710369303460386
2017-06-02,601899.SH,buy,15850.871995476435,5.902,93551.84651730192,18.710369303460386
2017-06-02,600705.SH,buy,324.4951226702696,288.2997,93551.84651730192,18.710369303460386
2017-06-02,601766.SH,buy,8021.00308292824,11.66336,93551.84651730192,18.710369303460386
2017-06-02,600959.SH,sell,318.7133824856442,14.279000000000002,4550.908388512515,0.910181677702503
2017-06-02,600999.SH,buy,3643.8999093347793,25.67355,93551.84651730192,18.710369303460386
2017-06-02,002465.SZ,buy,1351.87032759271,69.20179,93551.84651730194,18.71036930346039
2017-06-02,600221.SH,buy,9164.337326897552,10.20825,93551.84651730194,18.71036930346039
2017-06-02,600900.SH,sell,130.5770634486084,40.697849999999995,5314.205741671947,1.0628411483343896
2017-06-02,601788.SH,buy,5275.668483496699,17.7327,93551.84651730192,18.710369303460386
2017-06-02,601211.SH,sell,280.10763522821117,20.454720000000002,5729.523248455196,1.1459046496910392
2017-06-02,600023.SH,buy,11239.88928744977,8.3232,93551.84651730194,18.71036930346039
2017-06-02,600018.SH,buy,11314.574834040284,8.26826,93551.84651730192,18.710369303460386
2017-07-04,600900.SH,sell,2299.152335727941,41.5938,95630.48242180084,19.12609648436017
2017-07-04,600177.SH,sell,407.98007631368796,238.2754,97211.61587567451,19.442323175134902
2017-07-04,601377.SH,sell,5439.199991472388,16.702640000000002,90848.99934556638,18.169799869113277
2017-07-04,601211.SH,sell,4574.52152298371,21.3312,97580.03351107011,19.516006702214025
2017-07-04,000876.SZ,sell,715.1401587213036,137.10852,98051.80875484302,19.610361750968604
2017-07-04,600886.SH,sell,272.56380698336324,344.1003,93789.28775211738,18.757857550423477
2017-07-04,600663.SH,sell,415.9816992888384,224.94823999999997,93574.35112723344,18.71487022544669
2017-07-04,600115.SH,sell,10116.44731195479,9.166500000000001,92732.41428503359,18.54648285700672
2017-07-04,601899.SH,sell,15850.871995476435,6.19256,98157.47588430755,19.631495176861513
2017-07-04,600705.SH,sell,324.4951226702696,271.9899,88259.39596557435,17.651879193114873
2017-07-04,002465.SZ,sell,1351.87032759271,70.38025,95144.97162355683,19.028994324711366
2017-07-04,601788.SH,sell,5275.668483496699,17.222739999999998,90861.46661745793,18.172293323491587
2017-07-04,600018.SH,sell,11314.574834040284,8.22932,93111.25697326439,18.622251394652878
2017-07-04,601818.SH,buy,18256.18313572886,5.13422,93731.26057912184,18.74625211582437
2017-07-04,601988.SH,buy,291.1916703862512,5.77024,1680.2458241295622,0.33604916482591246
2017-07-04,601857.SH,buy,9520.426090382582,9.84528,93731.26057912182,18.746252115824365
2017-07-04,601766.SH,buy,120.32290370446306,11.51529,1385.5531297989664,0.2771106259597933
2017-07-04,600221.SH,sell,37.40662037701567,10.2718,384.2333231886296,0.07684666463772592
2017-07-04,600688.SH,buy,4403.9815526314915,21.2833,93731.26057912182,18.746252115824365
2017-07-04,601998.SH,buy,11421.935790296644,8.206249999999999,93731.26057912182,18.746252115824365
2017-07-04,601328.SH,buy,9475.825049801935,9.891620000000001,93731.26057912184,18.74625211582437
2017-07-04,000001.SZ,buy,95.18519540184596,984.7252,93731.26057912184,18.74625211582437
2017-07-04,600023.SH,buy,210.8706235385815,8.1872,1726.4399690350747,0.34528799380701497
2017-07-04,600837.SH,buy,296.6070251190837,316.0116,93731.26057912182,18.746252115824365
2017-07-04,600016.SH,buy,586.8018046377681,159.7324,93731.26057912184,18.74625211582437
2017-07-04,601939.SH,buy,9417.444551973771,9.95294,93731.26057912182,18.746252115824365
2017-07-04,601288.SH,buy,365.80569270645134,4.7766399999999996,1747.3221040093435,0.34946442080186874
2017-07-04,600208.SH,buy,3145.519534951337,29.798340000000003,93731.26057912184,18.74625211582437
2017-07-04,600919.SH,buy,9880.08299654806,9.486889999999999,93731.26057912182,18.746252115824365
2017-07-04,600999.SH,buy,14.114502828147744,25.628640000000004,361.7355117615805,0.0723471023523161
2017-07-04,601169.SH,buy,4066.635019930358,23.04885,93731.26057912184,18.74625211582437
2017-07-04,601198.SH,buy,5312.503433505435,17.643520000000002,93731.26057912182,18.746252115824365
2017-07-04,600674.SH,buy,11.385180631022825,170.01754,1935.6804033421483,0.3871360806684297
2017-08-02,600999.SH,sell,3658.014412162927,27.216,99556.52024142622,19.911304048285245
2017-08-02,601818.SH,sell,18256.18313572886,5.576619999999999,101807.79599836827,20.361559199673653
2017-08-02,600688.SH,sell,4403.9815526314915,23.046,101494.15886194535,20.29883177238907
2017-08-02,601998.SH,sell,11421.935790296644,9.112420000000002,104081.47613421497,20.816295226842996
2017-08-02,000001.SZ,sell,95.18519540184596,1174.71445,111815.424464622,22.3630848929244
2017-08-02,600837.SH,sell,296.6070251190837,326.80415999999997,96932.40969414104,19.386481938828208
2017-08-02,601939.SH,sell,9417.444551973771,11.0228,103806.60780749649,20.761321561499297
2017-08-02,600208.SH,sell,3145.519534951337,29.00898,91248.31327901264,18.249662655802528
2017-08-02,600919.SH,sell,9880.08299654806,9.069099999999999,89603.460703994,17.920692140798803
2017-08-02,601169.SH,sell,4066.635019930358,24.452090000000002,99437.72550448892,19.887545100897785
2017-08-02,601198.SH,sell,5312.503433505435,18.5344,98464.06363796315,19.69281272759263
2017-08-02,600674.SH,sell,11.385180631022825,182.14175,2073.7167242006017,0.4147433448401204
2017-08-02,600023.SH,buy,475.71680373316826,8.3377,3966.383994486037,0.7932767988972075
2017-08-02,600221.SH,buy,376.79565668283766,10.463199999999999,3942.4883150038663,0.7884976630007733
2017-08-02,600415.SH,buy,349.8802313830732,284.15522,99420.29412230806,19.88405882446161
2017-08-02,601985.SH,buy,12363.539991407984,8.041409999999999,99420.29412230807,19.884058824461615
2017-08-02,601766.SH,buy,494.0657680702047,11.51529,5689.310598401147,1.1378621196802294
2017-08-02,000876.SZ,buy,724.2465030172699,137.27411,99420.29412230804,19.884058824461608
2017-08-02,601618.SH,buy,17792.545142912273,5.58775,99420.29412230806,19.88405882446161
2017-08-02,600021.SH,buy,4239.8015684195025,23.449279999999998,99420.29412230806,19.88405882446161
2017-08-02,600276.SH,buy,68.68460128700556,1447.4903,99420.29412230807,19.884058824461615
2017-08-02,600895.SH,buy,304.5740941913219,326.42400000000004,99420.29412230806,19.88405882446161
2017-08-02,601328.SH,sell,235.2377028853615,10.76124,2531.449377798068,0.5062898755596136
2017-08-02,601988.SH,sell,944.7509245421429,6.49836,6139.33161800768,1.2278663236015361
2017-08-02,601166.SH,buy,1443.2432567889437,68.88672,99420.29412230806,19.88405882446161
2017-08-02,601390.SH,buy,10066.053254377997,9.87679,99420.29412230806,19.88405882446161
2017-08-02,601857.SH,buy,24.8974659529857,10.417679999999999,259.3738331091001,0.051874766621820015
2017-08-02,601288.SH,sell,955.1481956898693,5.32576,5086.890054677278,1.0173780109354558
2017-08-02,600016.SH,sell,8.687114533008105,172.0077,1494.250590459298,0.29885011809185963
2017-08-02,002411.SZ,buy,890.3689989361463,111.66189999999999,99420.29412230807,19.884058824461615
2017-08-02,600028.SH,buy,6137.346906137394,16.19923,99420.29412230807,19.884058824461615
2017-09-04,601288.SH,sell,18671.547005710458,5.25456,98110.76403432594,19.622152806865188
2017-09-04,601988.SH,sell,15302.349851521387,6.892200000000001,105466.85564665572,21.093371129331146
2017-09-04,601328.SH,sell,9240.587346916574,10.76124,99440.17818113252,19.888035636226505
2017-09-04,600016.SH,sell,578.11469010476,164.89014,95325.4121874305,19.0650824374861
2017-09-04,000876.SZ,sell,724.2465030172699,132.99325,96319.89623740152,19.263979247480307
2017-09-04,600276.SH,sell,68.68460128700556,1577.4332,108345.3703988853,21.66907407977706
2017-09-04,600895.SH,sell,304.5740941913219,333.61310000000003,101609.9077428589,20.32198154857178
2017-09-04,601166.SH,sell,1443.2432567889437,66.56384,96067.81322597816,19.213562645195633
2017-09-04,002411.SZ,sell,890.3689989361463,113.28079,100861.7035909958,20.172340718199163
2017-09-04,000961.SZ,buy,2985.7107920883955,33.240750000000006,99247.26601211235,19.84945320242247
2017-09-04,600376.SH,buy,1125.9720754876143,88.14362999999999,99247.26601211233,19.849453202422467
2017-09-04,600535.SH,buy,328.0277831886908,302.5575,99247.26601211232,19.849453202422463
2017-09-04,600023.SH,buy,22.47101137024449,8.307599999999999,186.6801740594431,0.03733603481188862
2017-09-04,600170.SH,buy,1837.1366536372113,54.0228,99247.26601211233,19.849453202422467
2017-09-04,601985.SH,buy,205.64730149573762,7.8976299999999995,1624.1262977117822,0.32482525954235647
2017-09-04,600415.SH,buy,3.8390935859397746,280.63748,1077.3935494423017,0.21547870988846035
2017-09-04,601618.SH,buy,181.96247250876516,5.52265,1004.9150488005318,0.20098300976010638
2017-09-04,601857.SH,buy,101.15622654040467,10.29048,1040.9461260895037,0.20818922521790073
2017-09-04,600085.SH,buy,283.6788718505414,349.8578,99247.26601211233,19.849453202422467
2017-09-04,600028.SH,buy,184.55704764953182,15.702,2897.9147621929487,0.5795829524385898
2017-09-04,600221.SH,sell,73.96332859572047,10.527,778.6119601271494,0.15572239202542987
2017-09-04,601766.SH,sell,22.439633998792385,11.52533,258.62418691530183,0.05172483738306037
2017-09-04,600021.SH,buy,41.69113649271052,23.18512,966.6140025198725,0.19332280050397452
2017-09-04,600208.SH,buy,3452.575988754984,28.74586,99247.26601211235,19.84945320242247
2017-09-04,600900.SH,buy,2327.8595114412424,42.63456,99247.26601211233,19.849453202422467
2017-09-04,600919.SH,buy,11067.810020085682,8.9672,99247.26601211233,19.849453202422467
2017-09-04,601390.SH,buy,33.639212111573315,9.82872,330.63039686526287,0.06612607937305258
2017-09-04,002465.SZ,buy,1346.2875219259286,73.71921999999999,99247.26601211235,19.84945320242247
2017-10-10,600415.SH,sell,353.719324969013,275.94716,97607.84316231622,19.521568632463243
2017-10-10,601985.SH,sell,12569.187292903722,7.7025,96814.16512359091,19.36283302471818
2017-10-10,601618.SH,sell,17974.50761542104,5.58775,100437.05492806892,20.087410985613783
2017-10-10,600021.SH,sell,4281.492704912213,22.758399999999998,97439.92357547411,19.48798471509482
2017-10-10,601390.SH,sell,10099.69246648957,9.7614,98587.13804239129,19.71742760847826
2017-10-10,000961.SZ,sell,2985.7107920883955,34.32175,102474.8193783599,20.49496387567198
2017-10-10,600376.SH,sell,1125.9720754876143,87.51347,98537.72344902308,19.707544689804617
2017-10-10,600535.SH,sell,328.0277831886908,284.5227,93331.35054786091,18.666270109572185
2017-10-10,600085.SH,sell,283.6788718505414,354.22420000000005,100485.92143816056,20.09718428763211
2017-10-10,600208.SH,sell,3452.575988754984,28.54852,98565.93466649143,19.71318693329829
2017-10-10,600900.SH,sell,2327.8595114412424,43.28959999999999,100772.10710648679,20.154421421297357
2017-10-10,600919.SH,sell,11067.810020085682,8.56979,94848.80763203008,18.969761526406018
2017-10-10,002465.SZ,sell,1346.2875219259286,76.46896,102949.20666265294,20.58984133253059
2017-10-10,600023.SH,buy,238.8535242682302,8.08185,1930.378355107196,0.38607567102143925
2017-10-10,000876.SZ,buy,754.4841933390688,130.52714999999998,98480.67147659762,19.696134295319524
2017-10-10,600016.SH,buy,604.413511008485,162.93591999999998,98480.67147659762,19.696134295319524
2017-10-10,600221.SH,buy,41.96421219190165,10.3994,436.402628268462,0.0872805256536924
2017-10-10,600028.SH,sell,18.259653930858057,15.62594,285.32425674435217,0.05706485134887044
2017-10-10,600895.SH,buy,301.15777825054346,327.0069,98480.67147659764,19.696134295319528
2017-10-10,600170.SH,buy,14.660688457701442,53.19168,779.8266490217486,0.15596532980434974
2017-10-10,601766.SH,buy,29.396187056643488,11.397400000000001,335.0401023593885,0.0670080204718777
2017-10-10,600705.SH,buy,343.90932797613334,286.3565,98480.67147659762,19.696134295319524
2017-10-10,600837.SH,buy,305.81800970287856,322.02378,98480.67147659762,19.696134295319524
2017-10-10,600926.SH,buy,4975.015040456964,19.79505,98480.67147659762,19.696134295319524
2017-10-10,601857.SH,sell,25.743646852656422,10.238339999999999,263.5722093174263,0.05271444186348526
2017-10-10,600518.SH,buy,110.80682240042039,888.76,98480.67147659762,19.696134295319524
2017-10-10,601166.SH,buy,1476.9572170734014,66.67808000000001,98480.67147659764,19.696134295319528
2017-10-10,600977.SH,buy,5602.355583123282,17.57844,98480.67147659762,19.696134295319524
2017-10-10,600015.SH,buy,2498.9335319829243,39.409079999999996,98480.6714765976,19.69613429531952
2017-10-10,601818.SH,buy,18436.7563430392,5.34154,98480.6714765976,19.69613429531952
2017-10-10,600674.SH,buy,580.118081479866,169.7597,98480.6714765976,19.69613429531952
2017-10-10,601998.SH,buy,11418.075343548346,8.62498,98480.67147659762,19.696134295319524
2017-10-10,600177.SH,buy,28.716835545611197,232.38915,6673.481003134372,1.3346962006268746
2017-11-02,600959.SH,sell,6553.01890094582,13.24644,86804.17169024475,17.36083433804895
2017-11-02,601766.SH,sell,8642.348307760758,13.20005,114079.42977985738,22.815885955971478
2017-11-02,601857.SH,sell,9620.736136023315,10.725879999999998,103190.86130664973,20.63817226132995
2017-11-02,600028.SH,sell,6303.644299856069,16.211579999999998,102192.03385866064,20.43840677173213
2017-11-02,600170.SH,sell,1851.797342094913,53.46872,99013.23358121711,19.802646716243423
2017-11-02,000876.SZ,sell,754.4841933390688,132.46479999999997,99942.59777382106,19.988519554764213
2017-11-02,600895.SH,sell,301.15777825054346,332.0587,100002.06034076372,20.000412068152745
2017-11-02,600705.SH,sell,343.90932797613334,304.31444999999997,104656.57799292661,20.931315598585325
2017-11-02,600926.SH,sell,4975.015040456964,18.390240000000002,91491.72059761328,18.298344119522657
2017-11-02,600518.SH,sell,110.80682240042039,936.7530399999999,103798.62773633389,20.75972554726678
2017-11-02,601166.SH,sell,1476.9572170734014,65.76415999999999,97130.85073676988,19.426170147353975
2017-11-02,600977.SH,sell,5602.355583123282,16.981360000000002,95135.61700502638,19.027123401005277
2017-11-02,600015.SH,sell,2498.9335319829243,37.81764,94503.7686964587,18.90075373929174
2017-11-02,002252.SZ,buy,204.78426079818948,485.17169999999993,99355.52794470094,19.87110558894019
2017-11-02,601169.SH,buy,4350.74312972029,22.83645,99355.52794470092,19.871105588940186
2017-11-02,601818.SH,buy,397.67488159546485,5.2762400000000005,2098.2281172692556,0.41964562345385115
2017-11-02,600177.SH,buy,404.09037443397426,229.56375000000003,92764.50169396726,18.552900338793453
2017-11-02,600016.SH,sell,2.660540947657351,165.14318,439.3701926163485,0.0878740385232697
2017-11-02,600023.SH,buy,223.83922275789274,8.0066,1792.191120933344,0.3584382241866688
2017-11-02,600221.SH,buy,84.13405880880941,10.3994,874.9437311763326,0.17498874623526653
2017-11-02,600157.SH,buy,559.2563623886597,177.6565,99355.52794470091,19.871105588940182
2017-11-02,601788.SH,buy,5702.824904874076,17.422159999999998,99355.52794470092,19.871105588940186
2017-11-02,601328.SH,buy,9636.746204894916,10.31007,99355.52794470092,19.871105588940186
2017-11-02,002411.SZ,buy,900.1625995929057,110.37509,99355.52794470094,19.87110558894019
2017-11-02,601985.SH,buy,12466.940034619518,7.969519999999999,99355.52794470094,19.87110558894019
2017-11-02,600688.SH,buy,4662.564898949794,21.309199999999997,99355.52794470094,19.87110558894019
2017-11-02,600837.SH,buy,11.116673442580634,313.54947,3485.627066084233,0.6971254132168466
2017-11-02,601229.SH,buy,4312.755145705322,23.037599999999998,99355.52794470092,19.871105588940186
2017-11-02,601998.SH,buy,515.7959962124164,8.327100000000002,4295.084840060414,0.8590169680120827
2017-11-02,600674.SH,sell,30.189929890726045,180.70615,5455.505999323024,1.091101199864605
2017-11-02,601997.SH,buy,6578.768871587124,15.102449999999997,99355.52794470094,19.87110558894019
2017-11-02,600000.SH,buy,650.4175922880472,152.75652,99355.52794470092,19.871105588940186
2017-11-02,600871.SH,buy,13405.84585529208,7.3919999999999995,99096.01256231905,19.81920251246381
2017-12-04,600221.SH,sell,9555.861305608365,10.1442,96936.56825635237,19.387313651270475
2017-12-04,600016.SH,sell,601.7529700608277,176.38013999999998,106137.27310474458,21.22745462094892
2017-12-04,600837.SH,sell,316.9346831454592,308.98638,97928.50044156244,19.58570008831249
2017-12-04,601818.SH,sell,18834.431224634664,5.44602,102572.68913798487,20.514537827596975
2017-12-04,600674.SH,sell,549.9281515891399,178.91165,98388.55298226315,19.67771059645263
2017-12-04,601998.SH,sell,11933.871339760763,8.62498,102929.40162800979,20.58588032560196
2017-12-04,601788.SH,sell,5702.824904874076,17.56304,100158.9419172996,20.031788383459922
2017-12-04,601985.SH,sell,12466.940034619518,7.53818,93978.03803016816,18.79560760603363
2017-12-04,600688.SH,sell,4662.564898949794,21.1422,98576.87960657633,19.715375921315268
2017-12-04,601229.SH,sell,4312.755145705322,20.09832,86679.1330000322,17.335826600006442
2017-12-04,601997.SH,sell,6578.768871587124,14.583779999999999,95943.31789407486,19.188663578814975
2017-12-04,600000.SH,sell,650.4175922880472,157.02687,102133.0387099282,20.42660774198564
2017-12-04,600871.SH,sell,13405.84585529208,7.2934399999999995,97774.73239482146,19.554946478964293
2017-12-04,002252.SZ,buy,1.526922410369976,477.22596,728.6870131343256,0.14573740262686513
2017-12-04,600820.SH,buy,642.426089767958,153.22776000000002,98437.51070070315,19.68750214014063
2017-12-04,600023.SH,sell,137.70703014252868,8.02165,1104.6375983428152,0.22092751966856305
2017-12-04,002411.SZ,sell,10.14718973128601,110.62414999999999,1122.5242389122432,0.22450484778244864
2017-12-04,600649.SH,buy,807.6228156811363,121.88550000000001,98437.51070070315,19.68750214014063
2017-12-04,300070.SZ,buy,317.7854209142803,309.76094000000006,98437.51070070313,19.687502140140626
2017-12-04,600177.SH,buy,12.047888260943324,221.32300000000004,2666.4747735767596,0.5332949547153519
2017-12-04,600895.SH,buy,319.43657381885356,308.15979999999996,98437.51070070313,19.687502140140626
2017-12-04,601169.SH,sell,39.33753897202237,22.83645,898.3297418576403,0.17966594837152808
2017-12-04,600170.SH,buy,1865.190368308681,52.77612,98437.51070070315,19.68750214014063
2017-12-04,000157.SZ,buy,344.3460292887037,285.868,98437.51070070315,19.68750214014063
2017-12-04,002131.SZ,buy,757.4077893920921,129.96633,98437.51070070315,19.68750214014063
2017-12-04,600489.SH,buy,875.152566142218,112.4804,98437.51070070315,19.68750214014063
2017-12-04,600015.SH,buy,2530.1031986593293,38.90651999999999,98437.51070070315,19.68750214014063
2017-12-04,000625.SZ,buy,1008.2183622336589,97.63511000000001,98437.51070070315,19.68750214014063
2017-12-04,601328.SH,sell,299.00864557514285,10.54401,3152.750149030762,0.6305500298061524
2017-12-04,000415.SZ,buy,802.2448321844832,122.70258000000001,98437.51070070313,19.687502140140626
2018-01-03,600177.SH,sell,444.85509824052883,221.55845000000002,98561.4060407693,19.71228120815386
2018-01-03,601169.SH,sell,4311.405590748268,22.339330000000004,96313.91225557053,19.262782451114106
2018-01-03,601328.SH,sell,9337.737559319774,10.47717,97833.06382437835,19.56661276487567
2018-01-03,600820.SH,sell,642.426089767958,145.66944,93581.84873788818,18.716369747577637
2018-01-03,300070.SZ,sell,317.7854209142803,314.25544,99865.79727500236,19.973159455000474
2018-01-03,600895.SH,sell,319.43657381885356,283.4837,90555.06186149173,18.111012372298347
2018-01-03,000157.SZ,sell,344.3460292887037,294.9638,101569.61331390734,20.31392266278147
2018-01-03,002131.SZ,sell,757.4077893920921,115.62222,87573.17005480613,17.514634010961228
2018-01-03,600489.SH,sell,875.152566142218,118.42496000000001,103639.90763928954,20.72798152785791
2018-01-03,600015.SH,sell,2530.1031986593293,38.1108,96424.25698346597,19.284851396693195
2018-01-03,000625.SZ,sell,1008.2183622336589,93.79178999999999,94562.60490476326,18.912520980952653
2018-01-03,000415.SZ,sell,802.2448321844832,122.70258000000001,98437.51070070313,19.687502140140626
2018-01-03,002411.SZ,sell,6.73986636728324,110.08452,741.9549539065192,0.14839099078130386
2018-01-03,002252.SZ,sell,1.4237015647584867,474.57738,675.656558504983,0.1351313117009966
2018-01-03,600170.SH,buy,1.7139112025245868,52.08352,89.26652839491337,0.017853305678982676
2018-01-03,002468.SZ,buy,1793.9769482918387,54.18995,97215.52112908733,19.443104225817468
2018-01-03,601988.SH,buy,14922.325903920986,6.51477,97215.52112908733,19.443104225817468
2018-01-03,601618.SH,buy,18436.123177843645,5.2731,97215.52112908733,19.443104225817468
2018-01-03,601006.SH,buy,6651.963598567958,14.61456,97215.52112908734,19.443104225817468
2018-01-03,600649.SH,sell,9.866197926660666,121.88550000000001,1202.5464673899987,0.24050929347799976
2018-01-03,002426.SZ,buy,3167.224625901589,30.69423,97215.52112908734,19.443104225817468
2018-01-03,600739.SH,buy,182.35668804942796,533.1064200000001,97215.52112908734,19.443104225817468
2018-01-03,600023.SH,sell,242.6579016929599,8.08185,1961.124762797248,0.3922249525594496
2018-01-03,600221.SH,buy,9583.360060831543,10.1442,97215.52112908733,19.443104225817468
2018-01-03,000723.SZ,buy,2222.7722124916168,43.73616,97215.52112908734,19.443104225817468
2018-01-03,601991.SH,buy,9568.645163200785,10.1598,97215.52112908734,19.443104225817468
2018-01-03,601985.SH,buy,12809.162244445617,7.589529999999999,97215.52112908733,19.443104225817468
2018-01-03,601009.SH,buy,2682.027960618206,36.24702,97215.52112908733,19.443104225817468
2018-01-03,601818.SH,buy,18244.51271827751,5.32848,97215.52112908734,19.443104225817468
2018-01-03,601390.SH,buy,10169.583273610935,9.55944,97215.52112908733,19.443104225817468
2018-01-03,000876.SZ,buy,731.9503371861556,132.81709999999998,97215.52112908733,19.443104225817468
2018-02-02,600023.SH,sell,12031.2755412824,8.80425,105926.35768433557,21.185271536867116
2018-02-02,600649.SH,sell,797.7566177544757,121.74855000000001,97125.71146451167,19.425142292902333
2018-02-02,601988.SH,sell,14922.325903920986,7.51578,112152.91858217127,22.430583716434256
2018-02-02,601618.SH,sell,18436.123177843645,4.89335,90214.4033523012,18.042880670460242
2018-02-02,601006.SH,sell,6651.963598567958,15.378720000000001,102298.68563256903,20.459737126513808
2018-02-02,002426.SZ,sell,3167.224625901589,26.45874,83800.77289832741,16.760154579665482
2018-02-02,000723.SZ,sell,2222.7722124916168,39.47697,87748.31194936519,17.54966238987304
2018-02-02,601991.SH,sell,9568.645163200785,9.50667,90965.951913646,18.193190382729203
2018-02-02,601009.SH,sell,2682.027960618206,46.31046,124205.94858909101,24.841189717818203
2018-02-02,601818.SH,sell,18244.51271827751,6.1382,111988.46796733102,22.397693593466204
2018-02-02,000876.SZ,sell,731.9503371861556,141.80075,103791.10677574975,20.758221355149953
2018-02-02,600074.SH,buy,3606.305649565964,27.491730000000004,99143.58121534211,19.828716243068424
2018-02-02,002411.SZ,buy,28.862295287967807,108.71469,3137.755484919881,0.6275510969839763
2018-02-02,002252.SZ,buy,4.487516611558438,473.61426,2125.351859220957,0.42507037184419144
2018-02-02,600900.SH,buy,2158.1928523021807,45.93823999999999,99143.58121534211,19.828716243068424
2018-02-02,601985.SH,sell,170.8916332024314,7.846279999999999,1340.8636037635733,0.2681727207527147
2018-02-02,600170.SH,buy,16.98159593703539,52.6376,893.870454295294,0.17877409085905882
2018-02-02,002468.SZ,buy,130.49110085898286,51.527,6723.81495396081,1.344762990792162
2018-02-02,601866.SH,buy,28928.44923416845,3.4272,99143.58121534211,19.828716243068424
2018-02-02,600233.SH,buy,1276.4259974578245,77.67280000000001,99143.58121534211,19.828716243068424
2018-02-02,002352.SZ,buy,589.6414504949659,168.14215,99143.58121534211,19.828716243068424
2018-02-02,002007.SZ,buy,180.9235923713918,547.98592,99143.58121534211,19.828716243068424
2018-02-02,000008.SZ,buy,549.6209959352694,180.38536,99143.58121534211,19.828716243068424
2018-02-02,600739.SH,buy,8.501783054997333,519.56052,4417.190824981602,0.8834381649963206
2018-02-02,601018.SH,buy,16109.670037541637,6.15429,99143.58121534211,19.828716243068424
2018-02-02,600886.SH,buy,315.9087654261789,313.83612,99143.58121534213,19.828716243068428
2018-02-02,601390.SH,buy,155.26134793971318,9.604320000000001,1491.1796692443463,0.29823593384886926
2018-02-02,000625.SZ,buy,1070.5583149254358,92.60923,99143.58121534211,19.828716243068424
2018-03-02,002411.SZ,sell,912.1378387823042,107.92599999999999,98443.38838841896,19.688677677683792
2018-03-02,600170.SH,sell,1883.8858754482408,52.49908,98902.27528602723,19.780455057205447
2018-03-02,600739.SH,sell,190.8584711044253,524.67786,100139.2141819417,20.02784283638834
2018-03-02,601390.SH,sell,10324.844621550648,8.48232,87578.63603027149,17.515727206054297
2018-03-02,600074.SH,sell,3606.305649565964,22.79802,82216.62832491784,16.44332566498357
2018-03-02,601866.SH,sell,28928.44923416845,3.1752,91853.61200833165,18.37072240166633
2018-03-02,600233.SH,sell,1276.4259974578245,76.6896,97888.59917464157,19.577719834928313
2018-03-02,002352.SZ,sell,589.6414504949659,171.01579,100837.99847314248,20.167599694628496
2018-03-02,002007.SZ,sell,180.9235923713918,554.79448,100375.4103494183,20.07508206988366
2018-03-02,000008.SZ,sell,549.6209959352694,165.83104,91144.2213617815,18.2288442723563
2018-03-02,000625.SZ,sell,1070.5583149254358,87.9529,94158.70841680536,18.831741683361074
2018-03-02,600518.SH,buy,103.43772452773025,933.1980000000001,96527.87765382882,19.305575530765765
2018-03-02,601985.SH,buy,473.0632002087715,7.363589999999999,3483.443450425307,0.6966886900850615
2018-03-02,600900.SH,sell,96.14941486711746,46.82112,4501.82329142309,0.9003646582846181
2018-03-02,601669.SH,buy,11712.89935565246,8.24116,96527.87765382884,19.30557553076577
2018-03-02,600816.SH,buy,305.6015809121762,315.86184,96527.87765382884,19.30557553076577
2018-03-02,601018.SH,sell,451.37256348122855,6.1658800000000005,2783.109061717638,0.5566218123435276
2018-03-02,600795.SH,buy,129.05949041148173,747.9331999999999,96527.87765382884,19.30557553076577
2018-03-02,002468.SZ,sell,87.79004637794498,52.5662,4614.789135912331,0.9229578271824663
2018-03-02,600649.SH,buy,840.0956967219083,114.90105000000001,96527.87765382884,19.30557553076577
2018-03-02,002602.SZ,buy,932.1356675300241,103.55561,96527.87765382884,19.30557553076577
2018-03-02,600482.SH,buy,1323.5688695163697,72.92999999999999,96527.87765382884,19.30557553076577
2018-03-02,600886.SH,sell,1.5561653161682591,307.13022,477.945395911127,0.0955890791822254
2018-03-02,600085.SH,buy,275.0478492165219,350.94939999999997,96527.87765382882,19.305575530765765
2018-03-02,000166.SZ,buy,13809.424557057058,6.989999999999999,96527.87765382882,19.305575530765765
2018-03-02,600061.SH,buy,1347.3229885158717,71.64420000000001,96527.87765382882,19.305575530765765
2018-04-03,002468.SZ,sell,1836.6780027728767,52.06825,95632.60941787883,19.12652188357577
2018-04-03,601985.SH,sell,13111.333811451957,6.829549999999999,89544.50983200171,17.908901966400343
2018-04-03,600886.SH,sell,314.35260011001066,312.942,98374.13138362695,19.67482627672539
2018-04-03,600518.SH,sell,103.43772452773025,976.74724,101032.51194434083,20.206502388868167
2018-04-03,601669.SH,sell,11712.89935565246,7.608110000000001,89113.02671673305,17.82260534334661
2018-04-03,600816.SH,sell,305.6015809121762,286.47360000000003,87546.7850496024,17.509357009920482
2018-04-03,600795.SH,sell,129.05949041148173,725.6438,93651.21904825118,18.730243809650236
2018-04-03,600649.SH,sell,840.0956967219083,108.1905,90890.37347619163,18.178074695238326
2018-04-03,002602.SZ,sell,932.1356675300241,106.16098,98956.43595794153,19.791287191588307
2018-04-03,600482.SH,sell,1323.5688695163697,72.64399999999999,96149.33695714714,19.22986739142943
2018-04-03,600085.SH,sell,275.0478492165219,370.0524,101782.11671741205,20.356423343482412
2018-04-03,600061.SH,sell,1347.3229885158717,73.7394,99350.78877936727,19.870157755873453
2018-04-03,000157.SZ,buy,351.54371928140347,271.5746,95470.34494635943,19.094068989271886
2018-04-03,600919.SH,buy,12940.639580885743,7.37756,95470.34494635943,19.094068989271886
2018-04-03,601390.SH,buy,11529.733604137915,8.28036,95470.34494635943,19.094068989271886
2018-04-03,601328.SH,buy,9305.15626274222,10.25994,95470.34494635943,19.094068989271886
2018-04-03,601229.SH,buy,4935.4901635038395,19.34364,95470.34494635942,19.094068989271882
2018-04-03,601018.SH,sell,113.10740856010801,6.1427,694.7848785621754,0.1389569757124351
2018-04-03,000166.SZ,sell,10.572081608914752,6.9201,73.15986194185098,0.014631972388370195
2018-04-03,601668.SH,buy,8987.812783261417,10.6222,95470.34494635942,19.094068989271882
2018-04-03,600015.SH,buy,2584.5993667892344,36.938159999999996,95470.34494635942,19.094068989271882
2018-04-03,600900.SH,buy,44.01529467457389,45.34016,1995.6605029923278,0.3991321005984656
2018-04-03,601166.SH,buy,1519.4541785453182,62.831999999999994,95470.34494635943,19.094068989271886
2018-04-03,601818.SH,buy,18094.390123716777,5.2762400000000005,95470.34494635942,19.094068989271882
2018-04-03,600170.SH,buy,1852.7339894700858,51.52944,95470.34494635942,19.094068989271882
2018-04-03,000008.SZ,buy,633.869425536974,150.61516,95470.34494635942,19.094068989271882
2018-04-03,601006.SH,buy,7349.118828391298,12.990720000000001,95470.34494635942,19.094068989271882
2018-04-03,601169.SH,buy,4479.22752002482,21.314020000000003,95470.34494635942,19.094068989271882
2018-04-03,600016.SH,buy,557.3711695878189,158.72206,88467.10022158797,17.693420044317595
2018-05-03,600157.SH,sell,559.2563623886597,108.62426,60748.80851475999,12.149761702951999
2018-05-03,000166.SZ,sell,13798.852475448144,6.6544799999999995,91824.18782082015,18.36483756416403
2018-05-03,601229.SH,sell,4935.4901635038395,20.1248,99325.75244248207,19.865150488496415
2018-05-03,601668.SH,sell,8987.812783261417,10.290640000000002,92490.34573994129,18.498069147988257
2018-05-03,600015.SH,sell,2584.5993667892344,35.47236,91681.83919451977,18.336367838903953
2018-05-03,601166.SH,sell,1519.4541785453182,61.08031999999999,92808.74745088516,18.561749490177032
2018-05-03,000008.SZ,sell,633.869425536974,127.90159999999999,81072.91371725981,16.214582743451963
2018-05-03,601006.SH,sell,7349.118828391298,13.484240000000002,99097.28207054708,19.819456414109418
2018-05-03,600016.SH,sell,557.3711695878189,154.70886,86230.25824379813,17.24605164875963
2018-05-03,000157.SZ,sell,12.856819049461238,272.2243,3499.938565966251,0.6999877131932503
2018-05-03,601018.SH,buy,22.379964299221754,5.922490000000001,132.54511476249786,0.026509022952499572
2018-05-03,600919.SH,sell,268.41405979070487,7.275659999999999,1952.8894382568396,0.39057788765136797
2018-05-03,600795.SH,buy,130.5983560670445,705.831,92180.36826115809,18.43607365223162
2018-05-03,600170.SH,sell,8.968829508178864,50.00572,448.49277711372997,0.089698555422746
2018-05-03,600900.SH,sell,64.87489356250212,45.16927999999999,2930.3522322948556,0.5860704464589711
2018-05-03,000876.SZ,buy,740.1783491965556,124.53805,92180.3682611581,18.43607365223162
2018-05-03,600674.SH,buy,586.3958255320869,157.19819999999999,92180.36826115809,18.43607365223162
2018-05-03,601169.SH,sell,115.3241739367487,21.1276,2436.523017266052,0.48730460345321047
2018-05-03,601328.SH,sell,333.477327017999,10.27665,3427.0297726995195,0.6854059545399039
2018-05-03,601727.SH,buy,14823.092971385997,6.2187,92180.3682611581,18.43607365223162
2018-05-03,000630.SZ,buy,1371.82925007401,67.19521999999999,92180.3682611581,18.43607365223162
2018-05-03,600663.SH,buy,525.6857797441161,175.3526,92180.36826115809,18.43607365223162
2018-05-03,600688.SH,buy,4783.173770024498,19.2718,92180.3682611581,18.43607365223162
2018-05-03,601866.SH,buy,31425.696919884256,2.9332800000000003,92180.3682611581,18.43607365223162
2018-05-03,601390.SH,sell,470.0266859963636,8.33646,3918.3586667412455,0.7836717333482491
2018-05-03,000783.SZ,buy,2127.268026455004,35.72316000000001,75992.73607193635,15.19854721438727
2018-05-03,601818.SH,sell,489.3208033709481,5.23706,2562.6024065018573,0.5125204813003715
2018-06-04,600900.SH,sell,2041.183838547135,48.13119999999999,98244.62756987986,19.64892551397597
2018-06-04,601018.SH,sell,15567.57002979952,5.85295,91116.20900591511,18.223241801183022
2018-06-04,000157.SZ,sell,338.6869002319422,272.874,92418.84921389101,18.4837698427782
2018-06-04,600919.SH,sell,12672.225521095039,7.275659999999999,92198.80433481032,18.439760866962065
2018-06-04,000876.SZ,sell,740.1783491965556,125.77109999999999,93093.0451746349,18.61860903492698
2018-06-04,600674.SH,sell,586.3958255320869,166.88850000000002,97862.71972931169,19.57254394586234
2018-06-04,601727.SH,sell,14823.092971385997,6.927849999999999,102692.16464181647,20.538432928363296
2018-06-04,000630.SZ,sell,1371.82925007401,65.36500000000001,89669.61893108767,17.933923786217534
2018-06-04,600663.SH,sell,525.6857797441161,155.7628,81882.28897312681,16.376457794625363
2018-06-04,600688.SH,sell,4783.173770024498,18.9712,90742.54622588874,18.14850924517775
2018-06-04,601866.SH,sell,31425.696919884256,2.9433599999999998,92497.13928611051,18.499427857222102
2018-06-04,000783.SZ,sell,2127.268026455004,33.05178,70309.99481142497,14.061998962284996
2018-06-04,002468.SZ,buy,1818.1528705773612,50.509449999999994,91833.90150878369,18.366780301756737
2018-06-04,600023.SH,buy,11556.667359909354,7.9464,91833.90150878369,18.366780301756737
2018-06-04,601328.SH,buy,129.0308577060778,10.09284,1302.2878018902104,0.2604575603780421
2018-06-04,002385.SZ,buy,1745.3713704504758,52.615680000000005,91833.9015087837,18.36678030175674
2018-06-04,601818.SH,buy,110.52228774314088,5.18482,573.0381679363917,0.11460763358727834
2018-06-04,601169.SH,buy,81.64555534191084,20.661550000000002,1686.923723974658,0.33738474479493163
2018-06-04,601166.SH,buy,1513.8760555104477,60.66144,91833.90150878369,18.366780301756737
2018-06-04,601988.SH,buy,14844.073777357033,6.18657,91833.90150878369,18.366780301756737
2018-06-04,600015.SH,buy,2632.396841509775,34.88604,91833.90150878367,18.366780301756737
2018-06-04,600016.SH,buy,591.2909975168745,155.31083999999998,91833.90150878369,18.366780301756737
2018-06-04,600000.SH,buy,699.5122703756662,131.28276,91833.90150878369,18.366780301756737
2018-06-04,601997.SH,buy,6779.190806498512,13.546439999999999,91833.90150878369,18.366780301756737
2018-06-04,002174.SZ,buy,1426.5894776568528,64.37304,91833.90150878369,18.366780301756737
2018-06-04,601099.SH,buy,11970.195246638856,7.67188,91833.9015087837,18.36678030175674
2018-06-04,600170.SH,buy,95.09745414685038,47.37384,4505.131577160227,0.9010263154320454
2018-06-04,600795.SH,sell,0.0066255125964794215,703.3543999999999,4.6600834369892254,0.0009320166873978452
2018-06-04,600177.SH,buy,387.3885974082046,197.77800000000002,76616.9420181999,15.323388403639981
2018-07-03,600170.SH,sell,1938.8626141087573,43.05002,83468.07431463429,16.693614862926857
2018-07-03,600795.SH,sell,130.59173055444802,651.3457999999999,85060.37521137139,17.01207504227428
2018-07-03,002468.SZ,sell,1818.1528705773612,36.254400000000004,65916.04143105989,13.183208286211977
2018-07-03,600023.SH,sell,11556.667359909354,6.96815,80528.59166395236,16.105718332790474
2018-07-03,002385.SZ,sell,1745.3713704504758,39.94536,69719.48772633761,13.943897545267523
2018-07-03,601166.SH,sell,1513.8760555104477,55.0242,83299.81885361798,16.659963770723596
2018-07-03,600000.SH,sell,699.5122703756662,113.34729,79287.82016882904,15.85756403376581
2018-07-03,601997.SH,sell,6779.190806498512,12.16332,82457.46712049948,16.491493424099897
2018-07-03,002174.SZ,sell,1426.5894776568528,61.50585,87743.59842434074,17.54871968486815
2018-07-03,601099.SH,sell,11970.195246638856,6.445519999999999,77154.13286611567,15.430826573223136
2018-07-03,600177.SH,sell,387.3885974082046,187.28663999999998,72552.70878289534,14.510541756579068
2018-07-03,002558.SZ,buy,868.7960889503686,95.14528000000001,82661.84714608773,16.532369429217546
2018-07-03,601669.SH,buy,13280.291617840712,6.2244,82661.84714608773,16.532369429217546
2018-07-03,601633.SH,buy,2399.7900200487356,34.44545,82661.84714608772,16.532369429217546
2018-07-03,601998.SH,buy,9949.141733717488,8.308440000000001,82661.84714608773,16.532369429217546
2018-07-03,601328.SH,sell,265.28409501222717,9.3576,2482.422447486417,0.49648448949728335
2018-07-03,600688.SH,buy,4459.289375092396,18.537,82661.84714608773,16.532369429217546
2018-07-03,600900.SH,buy,1749.6829674537396,47.243900000000004,82661.84714608773,16.532369429217546
2018-07-03,600015.SH,buy,17.530727001940555,31.2002,546.9621886059457,0.10939243772118915
2018-07-03,601229.SH,buy,4067.3237325490686,20.3234,82661.84714608773,16.532369429217546
2018-07-03,000776.SZ,buy,1201.9163805079247,68.77503999999999,82661.84714608773,16.532369429217546
2018-07-03,600518.SH,buy,81.19429437683016,1018.0745800000001,82661.84714608773,16.532369429217546
2018-07-03,600016.SH,buy,11.974823252212143,137.05078,1641.158867077811,0.3282317734155622
2018-07-03,002352.SZ,buy,544.2891551926089,151.87120000000002,82661.84714608775,16.53236942921755
2018-07-03,601988.SH,sell,282.53483213524873,5.67786,1604.1932219874434,0.3208386443974887
2018-07-03,601169.SH,buy,49.43396547155338,18.393440000000002,909.2606778630889,0.18185213557261778
2018-07-03,601818.SH,buy,269.17538281180725,4.59712,1237.4315358318154,0.24748630716636308
2018-07-03,600919.SH,buy,6256.408509142796,6.389129999999999,39973.007298019504,7.994601459603901
2018-08-02,600221.SH,sell,9583.360060831543,7.704,73830.20590864621,14.766041181729243
2018-08-02,601328.SH,sell,8835.425698418074,9.85116,87039.1922232282,17.40783844464564
2018-08-02,601818.SH,sell,17984.76699090078,4.94931,89012.18711573513,17.802437423147026
2018-08-02,601988.SH,sell,14561.538945221784,6.11665,89067.83718929082,17.813567437858165
2018-08-02,600015.SH,sell,2649.927568511716,31.8413,84377.1386872521,16.87542773745042
2018-08-02,002558.SZ,sell,868.7960889503686,96.89022,84177.84419354078,16.835568838708156
2018-08-02,601669.SH,sell,13280.291617840712,6.5286,86701.71185623488,17.340342371246976
2018-08-02,601633.SH,sell,2399.7900200487356,29.619590000000002,71080.79647993534,14.216159295987067
2018-08-02,601998.SH,sell,9949.141733717488,8.36496,83224.17263687744,16.64483452737549
2018-08-02,601229.SH,sell,4067.3237325490686,21.313950000000002,86690.73466936423,17.338146933872846
2018-08-02,600518.SH,sell,81.19429437683016,935.0795299999999,75923.12262456797,15.184624524913595
2018-08-02,002352.SZ,sell,544.2891551926089,146.40796,79688.26486187328,15.937652972374657
2018-08-02,600919.SH,sell,6256.408509142796,6.54576,40952.948562806545,8.190589712561309
2018-08-02,600688.SH,sell,73.09854822889001,18.80424,1374.5626445476228,0.27491252890952456
2018-08-02,000157.SZ,buy,309.5706179423925,266.37699999999995,82462.49249564068,16.492498499128136
2018-08-02,600900.SH,sell,82.27534527460406,49.4654,4069.7828641464002,0.8139565728292801
2018-08-02,601333.SH,buy,15195.97768319771,5.4266,82462.49249564069,16.49249849912814
2018-08-02,000776.SZ,sell,10.829410822676966,69.24682,749.9022619439638,0.14998045238879276
2018-08-02,600415.SH,buy,481.6244873222038,171.2174,82462.49249564069,16.49249849912814
2018-08-02,601198.SH,buy,6494.336921594686,12.697600000000001,82462.49249564069,16.49249849912814
2018-08-02,600018.SH,buy,10042.586843420353,8.21128,82462.49249564068,16.492498499128136
2018-08-02,600660.SH,buy,44.55796099317562,1850.67922,82462.49249564068,16.492498499128136
2018-08-02,601985.SH,buy,13915.32470285971,5.926019999999999,82462.49249564069,16.49249849912814
2018-08-02,600177.SH,buy,466.7806270704242,176.66219999999998,82462.49249564069,16.49249849912814
2018-08-02,000166.SZ,buy,13314.747582175745,6.19332,82462.49249564069,16.49249849912814
2018-08-02,600663.SH,buy,523.8498029374258,157.41629,82462.49249564068,16.492498499128136
2018-08-02,000423.SZ,buy,168.98941705667835,487.9743,82462.49249564068,16.492498499128136
2018-08-02,600547.SH,buy,308.23781400597125,267.5288,82462.49249564068,16.492498499128136
2018-08-02,601169.SH,sell,166.90411073888873,19.05672,3180.6449051999953,0.636128981039999
2018-08-02,000623.SZ,buy,145.09349703788953,352.70199999999994,51174.76659225771,10.234953318451542
2018-08-02,600016.SH,sell,33.44458922199246,144.74536999999998,4840.94944143531,0.9681898882870621
2018-09-04,601390.SH,sell,11059.706918141552,8.200800000000001,90698.44449429525,18.139688898859053
2018-09-04,600688.SH,sell,4386.190826863506,19.5804,85883.3708663182,17.176674173263642
2018-09-04,600900.SH,sell,1667.4076221791356,47.36238,78972.39341654466,15.794478683308931
2018-09-04,000157.SZ,sell,309.5706179423925,260.78376,80730.98973254058,16.146197946508117
2018-09-04,601333.SH,sell,15195.97768319771,4.77106,72500.92128519727,14.500184257039455
2018-09-04,600415.SH,sell,481.6244873222038,162.05926,78051.70801331573,15.610341602663146
2018-09-04,601198.SH,sell,6494.336921594686,10.54585,68488.30302459931,13.697660604919863
2018-09-04,600018.SH,sell,10042.586843420353,7.420160000000001,74517.60119207398,14.903520238414798
2018-09-04,600660.SH,sell,44.55796099317562,1937.8840000000002,86348.15968129915,17.26963193625983
2018-09-04,601985.SH,sell,13915.32470285971,6.10401,84939.2811395027,16.98785622790054
2018-09-04,000166.SZ,sell,13314.747582175745,6.2640199999999995,83403.8451497005,16.6807690299401
2018-09-04,600663.SH,sell,523.8498029374258,150.91066999999998,79054.52474065489,15.810904948130979
2018-09-04,000423.SZ,sell,168.98941705667835,453.468,76631.29297385782,15.326258594771566
2018-09-04,600547.SH,sell,308.23781400597125,247.86409999999998,76401.08835455745,15.28021767091149
2018-09-04,600739.SH,buy,194.15667759763576,412.50964,80091.50117939679,16.01830023587936
2018-09-04,000627.SZ,buy,470.57131409789014,170.20056,80091.5011793968,16.018300235879362
2018-09-04,601212.SH,buy,20559.89987970715,3.89552,80091.5011793968,16.018300235879362
2018-09-04,600177.SH,sell,6.898454473885686,174.1914,1201.651442642411,0.2403302885284822
2018-09-04,601988.SH,buy,13094.014072964252,6.11665,80091.50117939679,16.01830023587936
2018-09-04,600919.SH,buy,12157.696620286957,6.58772,80091.5011793968,16.018300235879362
2018-09-04,600674.SH,buy,536.810985480415,149.1987,80091.50117939679,16.01830023587936
2018-09-04,601328.SH,buy,8086.913881827332,9.903839999999999,80091.5011793968,16.018300235879362
2018-09-04,600518.SH,buy,86.44053794578564,926.55024,80091.50117939679,16.01830023587936
2018-09-04,601009.SH,buy,2247.01183550119,35.64356,80091.5011793968,16.018300235879362
2018-09-04,600795.SH,buy,123.02076626476662,651.0405,80091.50117939679,16.01830023587936
2018-09-04,000623.SZ,buy,91.71958542761719,338.24699999999996,31023.874612135227,6.204774922427045
2018-09-04,601169.SH,sell,80.95658839147809,18.8616,1526.9707876047032,0.3053941575209407
2018-09-04,000776.SZ,sell,92.42109281846032,72.91345,6738.740730164166,1.3477481460328333
2018-09-04,601229.SH,buy,3532.3680923804245,22.6736,80091.5011793968,16.018300235879362
2018-09-04,001965.SZ,buy,9485.041553792973,8.44398,80091.50117939679,16.01830023587936
2018-09-04,601377.SH,buy,7606.969633420726,10.5287,80091.5011793968,16.018300235879362
2018-09-04,600025.SH,buy,20460.937239693598,2.8475999999999995,58264.564883751475,11.652912976750295
2018-09-04,600016.SH,sell,21.927320117748014,146.20991,3205.991500957127,0.6411983001914254
2018-10-09,601169.SH,sell,4247.122167771168,19.05672,80936.21795700818,16.187243591401636
2018-10-09,600016.SH,sell,547.8939114293462,148.16263,81177.40287835899,16.235480575671797
2018-10-09,000623.SZ,sell,236.81308246550674,327.30249999999995,77509.51392366651,15.501902784733304
2018-10-09,600739.SH,sell,194.15667759763576,407.02576,79026.76925825267,15.805353851650533
2018-10-09,000627.SZ,sell,470.57131409789014,165.05118,77668.35066600739,15.533670133201479
2018-10-09,601988.SH,sell,13094.014072964252,6.22003,81445.16035425985,16.28903207085197
2018-10-09,601328.SH,sell,8086.913881827332,9.95652,80517.51980269146,16.103503960538294
2018-10-09,601009.SH,sell,2247.01183550119,36.277440000000006,81515.83704168431,16.30316740833686
2018-10-09,601229.SH,sell,3532.3680923804245,22.61615,79888.56663248954,15.97771332649791
2018-10-09,601377.SH,sell,7606.969633420726,10.43406,79371.57757328986,15.874315514657972
2018-10-09,600674.SH,sell,13.55741098470205,153.64685999999998,2083.053627528978,0.4166107255057956
2018-10-09,000776.SZ,buy,1.5132060193578254,73.0756,110.5784377881847,0.022115687557636942
2018-10-09,601212.SH,buy,185.13170681669834,3.8754399999999998,717.4668218657054,0.14349336437314109
2018-10-09,601018.SH,buy,17017.0832362674,4.7235,80380.19266650906,16.076038533301812
2018-10-09,600795.SH,buy,3.443071048229247,635.7219,2188.835668615289,0.43776713372305776
2018-10-09,601727.SH,buy,13702.539458464435,5.86608,80380.19266650906,16.076038533301812
2018-10-09,600518.SH,sell,4.137148263569312,976.82816,4041.282925949606,0.8082565851899213
2018-10-09,600919.SH,buy,7.518742374355606,6.6087,49.68911272940389,0.009937822545880779
2018-10-09,600177.SH,sell,13.537071944142905,180.12132,2438.3152675139863,0.48766305350279726
2018-10-09,600208.SH,buy,3956.4346627001864,20.31632,80380.19266650906,16.076038533301812
2018-10-09,600415.SH,buy,509.77016553163526,157.67927999999998,80380.19266650906,16.076038533301812
2018-10-09,600900.SH,buy,1706.738024760362,47.095800000000004,80380.19266650906,16.076038533301812
2018-10-09,600025.SH,buy,8179.592883171053,2.8069199999999994,22959.462855630485,4.591892571126097
2018-10-09,000630.SZ,buy,1424.9720283254446,56.408260000000006,80380.19266650906,16.076038533301812
2018-10-09,002493.SZ,buy,750.2245643776072,107.14151000000001,80380.19266650906,16.076038533301812
2018-10-09,001965.SZ,sell,123.16146302948233,8.58762,1057.663843141243,0.2115327686282486
2018-10-09,600219.SH,buy,4723.017968725743,17.01882,80380.19266650906,16.076038533301812
2018-10-09,000157.SZ,buy,324.3584661170465,247.81284,80380.19266650906,16.076038533301812
2018-10-09,300024.SZ,buy,163.93589946975848,378.87228000000005,62110.7680059582,12.42215360119164
2018-11-02,000776.SZ,sell,1100.1790828861454,70.265,77304.083258995,15.460816651799
2018-11-02,600177.SH,sell,446.3451006523956,184.0746,82160.79586454947,16.432159172909895
2018-11-02,601212.SH,sell,20745.031586523848,3.39352,70398.67958950042,14.079735917900084
2018-11-02,600518.SH,sell,82.30338968221632,561.1374999999999,46183.51832780465,9.236703665560931
2018-11-02,001965.SZ,sell,9361.88009076349,8.618400000000001,80684.42737423608,16.13688547484722
2018-11-02,600025.SH,sell,28640.53012286465,3.04083,87090.98321351051,17.418196642702103
2018-11-02,601018.SH,sell,17017.0832362674,4.5355,77180.9810180908,15.43619620361816
2018-11-02,601727.SH,sell,13702.539458464435,5.97718,81902.54480034445,16.38050896006889
2018-11-02,600415.SH,sell,509.77016553163526,147.72477999999998,75305.6855537244,15.06113711074488
2018-11-02,000630.SZ,sell,1424.9720283254446,55.09031,78502.15078177753,15.700430156355507
2018-11-02,002493.SZ,sell,750.2245643776072,101.48709000000001,76138.10788520103,15.227621577040205
2018-11-02,600219.SH,sell,4723.017968725743,16.3176,77068.31800647918,15.413663601295838
2018-11-02,000157.SZ,sell,324.3584661170465,234.15924,75951.53191353336,15.190306382706671
2018-11-02,300024.SZ,sell,163.93589946975848,354.91104,58182.660574147434,11.636532114829487
2018-11-02,600900.SH,sell,29.350954811383414,46.08872,1352.747938034503,0.2705495876069006
2018-11-02,601988.SH,buy,12124.227755741205,6.375100000000001,77293.16436562577,15.458632873125154
2018-11-02,601328.SH,buy,7372.96623260816,10.483319999999999,77293.16436562577,15.458632873125154
2018-11-02,600674.SH,sell,11.45252705248706,151.0521,1729.9282615849806,0.34598565231699613
2018-11-02,000876.SZ,buy,712.9024091926037,108.42039999999999,77293.16436562577,15.458632873125154
2018-11-02,600926.SH,buy,4719.662912114045,16.376839999999998,77293.16436562577,15.458632873125154
2018-11-02,600170.SH,buy,1777.591542920921,43.48196,77293.16436562577,15.458632873125154
2018-11-02,600016.SH,buy,497.8906659443442,155.24124,77293.16436562577,15.458632873125154
2018-11-02,601989.SH,buy,10967.334087108731,7.047580000000001,77293.16436562577,15.458632873125154
2018-11-02,601998.SH,buy,9240.111652132917,8.36496,77293.16436562577,15.458632873125154
2018-11-02,601288.SH,buy,13394.070800011395,5.770700000000001,77293.16436562577,15.458632873125154
2018-11-02,600795.SH,sell,3.3732043116057273,628.0626,2118.583470278303,0.42371669405566065
2018-11-02,601169.SH,buy,3858.4230067024573,20.03232,77293.16436562577,15.458632873125154
2018-11-02,600919.SH,sell,896.4924201036876,6.86046,6150.350388424544,1.2300700776849087
2018-11-02,601398.SH,buy,8071.0191753911095,9.57663,77293.16436562577,15.458632873125154
2018-11-02,600000.SH,buy,564.7484299308488,136.863,77293.16436562577,15.458632873125154
2018-11-02,600208.SH,sell,272.373526568158,20.98462,5715.6549530926995,1.14313099061854
2018-12-04,600674.SH,sell,511.8010474432258,151.42278,77498.33741076513,15.499667482153027
2018-12-04,600208.SH,sell,3684.0611361320284,20.85096,76816.21138704348,15.363242277408698
2018-12-04,600900.SH,sell,1677.3870699489785,43.5414,73035.78136747646,14.607156273495294
2018-12-04,000876.SZ,sell,712.9024091926037,133.496,95169.62001757583,19.033924003515168
2018-12-04,600170.SH,sell,1777.591542920921,43.62593999999999,77549.1019959755,15.509820399195101
2018-12-04,601989.SH,sell,10967.334087108731,7.21578,79137.86995907743,15.827573991815488
2018-12-04,601288.SH,sell,13394.070800011395,5.39695,72287.1304041215,14.457426080824302
2018-12-04,600000.SH,sell,564.7484299308488,135.63,76596.82955152102,15.319365910304205
2018-12-04,601009.SH,buy,2248.435534907659,34.327040000000004,77182.13654419662,15.436427308839324
2018-12-04,601988.SH,buy,150.85524337452796,6.28895,948.7210828202376,0.18974421656404752
2018-12-04,600016.SH,buy,14.694466447982542,150.60352999999998,2213.038518532732,0.4426077037065464
2018-12-04,600919.SH,buy,123.13869784339995,6.77654,834.4543114837135,0.16689086229674271
2018-12-04,601328.SH,buy,53.06561982086928,10.39552,551.644712160243,0.1103289424320486
2018-12-04,601006.SH,buy,5848.970437235692,13.19585,77182.1365441966,15.436427308839322
2018-12-04,601169.SH,buy,52.355825863616,19.739639999999998,1033.4851544504688,0.20669703089009378
2018-12-04,601618.SH,buy,22255.261341909725,3.4680400000000002,77182.1365441966,15.436427308839322
2018-12-04,601998.SH,buy,294.5257088240148,8.096490000000001,2384.624456236548,0.4769248912473097
2018-12-04,601398.SH,buy,317.7603007886657,9.20241,2924.160569580625,0.5848321139161251
2018-12-04,601766.SH,buy,7361.729275960548,10.48424,77182.13654419662,15.436427308839324
2018-12-04,600015.SH,buy,2300.4490652768363,33.5509,77182.1365441966,15.436427308839322
2018-12-04,601985.SH,buy,13676.700909604191,5.64333,77182.13654419662,15.436427308839324
2018-12-04,600926.SH,buy,108.52533471711178,15.988859999999999,1735.1963832450397,0.34703927664900797
2018-12-04,000338.SZ,buy,532.4917318368919,144.94523,77182.13654419662,15.436427308839324
2018-12-04,601390.SH,buy,9385.46673640879,8.22358,77182.1365441966,15.436427308839322
2018-12-04,601933.SH,buy,1184.275511265828,65.17245,77182.13654419662,15.436427308839324
2018-12-04,601991.SH,buy,6764.734090620626,7.94629,53754.53885695778,10.750907771391557
2018-12-04,600795.SH,sell,3.103333137008889,643.3812,1996.6261976885435,0.3993252395377087
2019-01-03,002252.SZ,sell,209.3749982553594,187.52134,39262.28023534266,7.852456047068532
2019-01-03,600795.SH,sell,119.98729986438124,648.4874,77810.25212207294,15.562050424414588
2019-01-03,601328.SH,sell,7426.031852429029,9.95652,73937.43465934666,14.787486931869333
2019-01-03,601998.SH,sell,9534.637360956931,7.5171600000000005,71673.394584291,14.334678916858202
2019-01-03,601618.SH,sell,22255.261341909725,3.40156,75702.60677018644,15.140521354037288
2019-01-03,601766.SH,sell,7361.729275960548,10.48424,77182.13654419662,15.436427308839324
2019-01-03,000338.SZ,sell,532.4917318368919,142.13258000000002,75684.42367464559,15.136884734929119
2019-01-03,601390.SH,sell,9385.46673640879,7.83632,73547.52069585494,14.709504139170988
2019-01-03,601933.SH,sell,1184.275511265828,70.04930000000002,82957.67057131339,16.59153411426268
2019-01-03,601238.SH,buy,4359.669267733876,16.43652,71657.79111249321,14.331558222498643
2019-01-03,600016.SH,buy,8.958194184889951,137.42266999999998,1231.0589632660506,0.24621179265321014
2019-01-03,601988.SH,sell,524.4374179431447,6.09942,3198.764075750776,0.6397528151501553
2019-01-03,601009.SH,buy,59.08148869334409,31.06012,1835.0781285939108,0.36701562571878216
2019-01-03,601006.SH,sell,617.4859154811331,13.70015,8459.649664978846,1.6919299329957693
2019-01-03,000630.SZ,buy,1387.0062409945024,51.66364,71657.79111249321,14.331558222498643
2019-01-03,600926.SH,sell,72.22853156212337,15.069959999999998,1088.4810814999364,0.21769621629998728
2019-01-03,601166.SH,buy,1224.5469090173112,58.5178,71657.79111249321,14.331558222498643
2019-01-03,600919.SH,buy,149.36442395102094,6.21008,927.565021889756,0.1855130043779512
2019-01-03,601997.SH,buy,6493.635851529234,11.03508,71657.79111249323,14.331558222498646
2019-01-03,601288.SH,buy,13655.73585503306,5.24745,71657.79111249323,14.331558222498646
2019-01-03,600015.SH,sell,9.556788979319144,31.285680000000003,298.99064183450537,0.05979812836690108
2019-01-03,601398.SH,sell,254.55424519871337,8.81118,2242.9232742099994,0.4485846548419999
2019-01-03,601985.SH,sell,711.7862416648196,5.52816,3934.868229721789,0.7869736459443578
2019-01-03,601727.SH,buy,13082.852301709665,5.47723,71657.79111249323,14.331558222498646
2019-01-03,601991.SH,buy,2368.896833384927,7.84665,18587.90433767984,3.7175808675359683
2019-01-03,601838.SH,buy,8796.209278223767,8.14644,71657.79111249323,14.331558222498646
2019-01-03,601857.SH,buy,7657.28491539895,9.35812,71657.79111249321,14.331558222498643
2019-01-03,601169.SH,buy,74.63085522784218,17.98356,1342.1284628412134,0.26842569256824267
2019-01-03,603260.SH,buy,1640.8454765762478,43.58998,71524.4215070491,14.304884301409821
2019-02-11,601398.SH,sell,8134.225230981063,9.55962,77760.1022025912,15.55202044051824
2019-02-11,601009.SH,sell,2307.517023601003,33.93696,78310.1129292663,15.66202258585326
2019-02-11,601006.SH,sell,5231.484521754559,14.57427,76245.06792087182,15.249013584174365
2019-02-11,601238.SH,sell,4359.669267733876,16.61274,72426.05203085327,14.485210406170655
2019-02-11,000630.SZ,sell,1387.0062409945024,52.98159,73485.79598781191,14.697159197562383
2019-02-11,601166.SH,sell,1224.5469090173112,64.71100000000001,79241.65502941924,15.84833100588385
2019-02-11,601727.SH,sell,13082.852301709665,5.54389,72529.8940469252,14.50597880938504
2019-02-11,601838.SH,sell,8796.209278223767,7.97202,70123.55629018543,14.024711258037087
2019-02-11,603260.SH,sell,1640.8454765762478,48.78094,80041.98474213736,16.00839694842747
2019-02-11,601857.SH,buy,183.78179861204796,9.56724,1758.2845749531298,0.35165691499062596
2019-02-11,600688.SH,buy,4112.045236462823,18.23976,75002.71822222514,15.00054364444503
2019-02-11,600919.SH,sell,62.32484590666031,6.53527,407.3096957084199,0.08146193914168398
2019-02-11,600023.SH,buy,10711.61357072624,7.002000000000001,75002.71822222514,15.00054364444503
2019-02-11,600926.SH,sell,46.0399052619029,15.927599999999998,733.3051950494846,0.14666103900989694
2019-02-11,600016.SH,sell,1.5157372011199521,144.25719,218.65598941202916,0.043731197882405835
2019-02-11,601988.SH,buy,145.23046359311596,6.30618,915.849444901636,0.1831698889803272
2019-02-11,601898.SH,buy,14007.26076880736,5.354559999999999,75002.71822222513,15.000543644445026
2019-02-11,601997.SH,sell,72.18344243812692,11.68236,843.2729606014764,0.1686545921202953
2019-02-11,601991.SH,buy,644.0010934035872,7.672280000000001,4940.956708898475,0.988191341779695
2019-02-11,600015.SH,buy,27.742881392584287,32.35418,897.5981782943227,0.17951963565886456
2019-02-11,601169.SH,sell,108.40477984485386,19.3494,2097.5674471300154,0.4195134894260031
2019-02-11,000157.SZ,buy,292.97364591404516,256.005,75002.71822222513,15.000543644445026
2019-02-11,600998.SH,buy,4933.48055767524,15.2028,75002.71822222513,15.000543644445026
2019-02-11,000709.SZ,buy,2486.6263545729435,30.16244,75002.71822222513,15.000543644445026
2019-02-11,601985.SH,buy,230.28074735541142,5.68521,1309.1944076724585,0.2618388815344917
2019-02-11,601117.SH,buy,12363.465835579305,6.066479999999999,75002.71822222514,15.00054364444503
2019-02-11,600606.SH,buy,93.50011181862175,802.1671500000001,75002.71822222513,15.000543644445026
2019-02-11,600208.SH,buy,3862.7743480894915,19.24704,74346.97238865236,14.869394477730472
2019-02-11,601288.SH,sell,93.82339622991752,5.5315,518.9841162457888,0.10379682324915776
2019-03-04,600919.SH,sell,11478.901218445386,7.7206399999999995,88624.46390317818,17.72489278063564
2019-03-04,600926.SH,sell,4709.919810007131,18.541359999999997,87328.31876847381,17.465663753694763
2019-03-04,600016.SH,sell,520.0275893760968,164.27257,85426.26857771611,17.085253715543224
2019-03-04,601169.SH,sell,3877.004907949062,21.49572,83339.0119398988,16.667802387979762
2019-03-04,600015.SH,sell,2318.6351576901016,36.92736,85621.07517667915,17.12421503533583
2019-03-04,601985.SH,sell,13195.195415294782,6.386699999999999,84273.75455886318,16.854750911772637
2019-03-04,601997.SH,sell,6421.452409091107,14.3028,91844.74951674828,18.36894990334966
2019-03-04,601288.SH,sell,13561.91245880314,5.78565,78464.4788172744,15.692895763454882
2019-03-04,000709.SZ,sell,2486.6263545729435,33.68792,83769.26970274495,16.75385394054899
2019-03-04,601117.SH,sell,12363.465835579305,6.80281,84106.30902093726,16.821261804187454
2019-03-04,600606.SH,sell,93.50011181862175,876.7873500000001,81979.71526615304,16.39594305323061
2019-03-04,600208.SH,sell,3862.7743480894915,24.79393,95773.35679232648,19.154671358465297
2019-03-04,600900.SH,buy,1746.4539685840161,48.16212000000001,84112.92560941963,16.82258512188393
2019-03-04,600023.SH,buy,505.70470007966964,7.49992,3792.7447942215163,0.7585489588443033
2019-03-04,600688.SH,buy,207.8951607109929,19.47456,4048.666780975874,0.8097333561951748
2019-03-04,600998.SH,buy,315.7729444946337,16.0268,5060.829826826595,1.0121659653653192
2019-03-04,601857.SH,buy,327.47068709173084,10.299159999999999,3372.67300166767,0.6745346003335341
2019-03-04,601991.SH,buy,244.12444540713165,8.394670000000001,2049.344158125886,0.4098688316251773
2019-03-04,600170.SH,buy,1636.4108617914103,51.400859999999994,84112.92560941962,16.822585121883925
2019-03-04,600674.SH,buy,489.5689278098634,171.81017999999997,84112.92560941962,16.822585121883925
2019-03-04,601390.SH,buy,9794.17069855353,8.58806,84112.92560941963,16.82258512188393
2019-03-04,002493.SZ,buy,753.5241604394281,111.62605,84112.92560941963,16.82258512188393
2019-03-04,600028.SH,buy,4786.976735192793,17.5712,84112.92560941962,16.822585121883925
2019-03-04,000157.SZ,sell,2.3261720757074578,289.45632,673.3252087210421,0.13466504174420843
2019-03-04,601898.SH,buy,12.492131136880387,6.0008,74.96278052619182,0.014992556105238366
2019-03-04,000898.SZ,buy,6688.4325875739605,12.575880000000002,84112.92560941963,16.82258512188393
2019-03-04,601988.SH,buy,560.0017736788635,6.754160000000001,3782.3415797108332,0.7564683159421667
2019-03-04,600025.SH,buy,23167.2011682131,3.6306899999999995,84112.92560941962,16.822585121883925
2019-03-04,600153.SH,buy,676.0608796074757,124.4162,84112.92560941962,16.822585121883925
2019-03-04,001965.SZ,buy,9129.332848111637,9.21348,84112.9256094196,16.82258512188392
2019-03-04,601006.SH,buy,5615.873562074551,14.97771,84112.92560941963,16.82258512188393
2019-03-04,600352.SH,buy,419.88902521882306,199.83070999999998,83906.72203068531,16.781344406137062
2019-04-02,601991.SH,sell,10021.75646281627,8.743409999999999,87624.3256745524,17.52486513491048
2019-04-02,600688.SH,sell,4319.940397173816,19.404,83824.12346676072,16.764824693352146
2019-04-02,601898.SH,sell,14019.75289994424,6.0584999999999996,84938.67294431217,16.987734588862434
2019-04-02,000157.SZ,sell,290.6474738383377,320.17692000000005,93058.61297933955,18.61172259586791
2019-04-02,600998.SH,sell,5249.253502169873,16.459400000000002,86399.56309361482,17.279912618722964
2019-04-02,600170.SH,sell,1636.4108617914103,56.00822,91652.45955760291,18.330491911520582
2019-04-02,601390.SH,sell,9794.17069855353,8.417209999999999,82439.59154557175,16.48791830911435
2019-04-02,002493.SZ,sell,753.5241604394281,131.90397000000002,99392.82825287752,19.878565650575503
2019-04-02,000898.SZ,sell,6688.4325875739605,12.749640000000001,85275.10765583647,17.055021531167295
2019-04-02,600025.SH,sell,23167.2011682131,4.332419999999999,100370.04568518978,20.074009137037955
2019-04-02,600153.SH,sell,676.0608796074757,133.38574000000003,90176.88071149407,18.035376142298816
2019-04-02,001965.SZ,sell,9129.332848111637,9.4392,86173.59861989536,17.234719723979072
2019-04-02,600352.SH,sell,419.88902521882306,368.30836,154648.63826034337,30.929727652068678
2019-04-02,601288.SH,buy,16027.001310214515,5.6511000000000005,90570.18710415326,18.114037420830652
2019-04-02,601398.SH,buy,9407.28973646278,9.62766,90570.18710415326,18.114037420830652
2019-04-02,601857.SH,buy,809.2930120375037,10.090039999999998,8165.798863178892,1.6331597726357785
2019-04-02,601988.SH,buy,1235.5195479214833,6.61632,8174.592695303869,1.634918539060774
2019-04-02,600000.SH,buy,638.7403441881115,141.795,90570.18710415327,18.114037420830655
2019-04-02,600660.SH,buy,47.89955293798167,1890.83575,90570.18710415327,18.114037420830655
2019-04-02,600016.SH,buy,572.6117713117939,158.17032,90570.18710415326,18.114037420830652
2019-04-02,601006.SH,buy,731.3924940257059,14.271690000000001,10438.206943061728,2.087641388612346
2019-04-02,601169.SH,buy,4413.725996931464,20.52012,90570.18710415326,18.114037420830652
2019-04-02,600900.SH,buy,61.06876269559496,50.11704000000001,3060.5856227656413,0.6121171245531283
2019-04-02,600023.SH,buy,473.08962796433946,7.748880000000001,3665.914756340311,0.7331829512680623
2019-04-02,601328.SH,buy,8148.113001341666,11.11548,90570.18710415326,18.114037420830652
2019-04-02,601229.SH,buy,3863.981770343916,23.439600000000002,90570.18710415327,18.114037420830655
2019-04-02,601818.SH,buy,15842.063697690124,5.71707,90570.18710415327,18.114037420830655
2019-04-02,600886.SH,buy,235.83554171016027,384.0396,90570.18710415327,18.114037420830655
2019-04-02,600028.SH,buy,561.9608591473044,16.9354,9517.03193400326,1.903406386800652
2019-04-02,600015.SH,buy,2507.8065834744075,36.1153,90570.18710415326,18.114037420830652
2019-04-02,600674.SH,buy,30.39118111984628,174.21959999999999,5294.739418227171,1.0589478836454342
2019-04-02,601766.SH,buy,8264.72875321694,10.958639999999999,90570.18710415327,18.114037420830655
2019-04-02,601939.SH,buy,7451.405330166295,12.12188,90325.04124363622,18.065008248727246
2019-05-07,600000.SH,sell,638.7403441881115,145.7406,93090.40100618188,18.618080201236378
2019-05-07,600660.SH,sell,47.89955293798167,1792.3152499999999,85851.09919892684,17.170219839785368
2019-05-07,601229.SH,sell,3863.981770343916,23.6311,91310.13961317412,18.262027922634825
2019-05-07,601818.SH,sell,15842.063697690124,5.56626,88181.04547790463,17.636209095580927
2019-05-07,600886.SH,sell,235.83554171016027,357.97977000000003,84424.35297922858,16.88487059584572
2019-05-07,600015.SH,sell,2507.8065834744075,32.95254,82638.59675420375,16.52771935084075
2019-05-07,601766.SH,sell,8264.72875321694,9.7845,80866.23848585114,16.17324769717023
2019-05-07,601939.SH,sell,7451.405330166295,12.13881,90451.19353587592,18.090238707175185
2019-05-07,601857.SH,buy,169.07209901392804,9.5411,1613.1338039017887,0.32262676078035774
2019-05-07,600900.SH,sell,59.96521176443079,49.93932,2994.621899171674,0.5989243798343349
2019-05-07,601328.SH,sell,80.05744918331042,10.81696,865.9782255179015,0.1731956451035803
2019-05-07,600023.SH,buy,528.9410046120228,7.14204,3777.717812579251,0.7555435625158503
2019-05-07,601006.SH,sell,39.050065829837834,13.83463,540.2432122314494,0.1080486424462899
2019-05-07,601169.SH,sell,113.02769955850286,20.292479999999998,2293.612332736928,0.4587224665473856
2019-05-07,601288.SH,sell,120.78637296230431,5.48665,662.712553213627,0.1325425106427254
2019-05-07,600016.SH,sell,0.5484557447499557,152.55625,83.67035171001044,0.016734070342002087
2019-05-07,601988.SH,sell,326.99273593914944,6.53017,2135.3181544477557,0.4270636308895511
2019-05-07,601398.SH,sell,406.2032563246946,9.6957,3938.424912347342,0.7876849824694684
2019-05-07,600919.SH,buy,11363.200876819074,7.67868,87254.38330881308,17.450876661762617
2019-05-07,600028.SH,buy,161.589668048246,15.837200000000001,2559.127890813682,0.5118255781627364
2019-05-07,600893.SH,buy,1146.9596685987167,76.0745,87254.38330881308,17.450876661762617
2019-05-07,600011.SH,buy,2874.2518939895103,30.357250000000004,87254.38330881308,17.450876661762617
2019-05-07,600674.SH,buy,26.292467525102865,159.76307999999997,4200.56559261041,0.840113118522082
2019-05-07,601985.SH,buy,14723.943440760087,5.926019999999999,87254.38330881308,17.450876661762617
2019-05-07,600398.SH,buy,1292.8933159338108,67.48769,87254.38330881308,17.450876661762617
2019-05-07,601333.SH,buy,20812.7124838547,4.19236,87254.38330881308,17.450876661762617
2019-05-07,601088.SH,buy,2849.2715801907393,30.623399999999997,87254.38330881308,17.450876661762617
2019-05-07,001965.SZ,buy,10639.701860218105,8.18748,87112.34618649854,17.42246923729971
2019-06-04,601988.SH,sell,13364.404630426901,6.682200000000001,89303.62462143865,17.86072492428773
2019-06-04,600023.SH,sell,12219.348903382273,7.235400000000001,88411.87705553211,17.682375411106424
2019-06-04,600674.SH,sell,546.2525764548126,168.10338,91826.90443576241,18.365380887152483
2019-06-04,600919.SH,sell,11363.200876819074,7.626229999999999,86658.38342282391,17.331676684564783
2019-06-04,600893.SH,sell,1146.9596685987167,75.43347999999999,86519.1592220479,17.303831844409583
2019-06-04,600011.SH,sell,2874.2518939895103,30.037700000000005,86335.91611608873,17.267183223217746
2019-06-04,601985.SH,sell,14723.943440760087,5.72709,84325.34924014268,16.865069848028536
2019-06-04,600398.SH,sell,1292.8933159338108,70.63185,91319.44675703954,18.263889351407908
2019-06-04,601333.SH,sell,20812.7124838547,4.0380400000000005,84042.56551830463,16.80851310366093
2019-06-04,001965.SZ,sell,10639.701860218105,8.351640000000002,88858.95964387195,17.77179192877439
2019-06-04,601857.SH,buy,206.04591245377665,9.318909999999999,1920.1233140246236,0.38402466280492475
2019-06-04,601328.SH,buy,204.4613221134751,10.536,2154.2044897875735,0.43084089795751473
2019-06-04,600016.SH,buy,7.610563001722771,150.35944,1144.319991023755,0.228863998204751
2019-06-04,600028.SH,buy,43.6177688754693,15.6927,684.4805616320772,0.13689611232641544
2019-06-04,600015.SH,buy,2714.9026747736734,32.09774,87142.24018018994,17.428448036037988
2019-06-04,601939.SH,buy,7342.665501076425,11.86793,87142.24018018994,17.428448036037988
2019-06-04,601288.SH,sell,275.97855893557903,5.576350000000001,1538.9530371204162,0.30779060742408326
2019-06-04,601991.SH,buy,10966.405728986725,7.94629,87142.24018018993,17.428448036037985
2019-06-04,601818.SH,buy,16339.609160781805,5.33319,87142.24018018991,17.428448036037985
2019-06-04,601006.SH,sell,142.94939040906357,14.137210000000001,2020.9055515849177,0.40418111031698356
2019-06-04,601398.SH,sell,11.568587853264459,9.6957,112.16555724889622,0.022433111449779244
2019-06-04,601390.SH,buy,11898.549542133345,7.32377,87142.24018018993,17.428448036037985
2019-06-04,601169.SH,buy,320.2490531337748,18.8616,6040.409540588006,1.2080819081176013
2019-06-04,601998.SH,buy,10578.351739992147,8.23779,87142.24018018991,17.428448036037985
2019-06-04,601898.SH,buy,16100.896885994009,5.41226,87142.24018018993,17.428448036037985
2019-06-04,600900.SH,sell,85.07437848156137,52.4274,4460.22847040421,0.8920456940808421
2019-06-04,601088.SH,buy,73.48495468007144,29.820899999999998,2191.3874850189422,0.4382774970037885
2019-06-04,600795.SH,buy,135.98379999283728,640.8281,87142.24018018993,17.428448036037985
2019-06-04,600926.SH,buy,5210.616144015356,16.723979999999997,87142.24018018993,17.428448036037985
2019-06-04,000898.SZ,buy,7835.458649558053,11.098920000000001,86965.12871475288,17.393025742950577
2019-07-02,600900.SH,sell,1662.4831410336192,52.75322,87701.33888523754,17.540267777047507
2019-07-02,601006.SH,sell,6165.266599861356,14.5796,89887.12091933862,17.977424183867726
2019-07-02,601991.SH,sell,10966.405728986725,7.771920000000001,85230.02801322652,17.046005602645305
2019-07-02,601390.SH,sell,11898.549542133345,7.49462,89175.10736946341,17.835021473892684
2019-07-02,601898.SH,sell,16100.896885994009,5.631519999999999,90672.52283141296,18.134504566282594
2019-07-02,000898.SZ,sell,7835.458649558053,11.31648,88669.81109855072,17.733962219710147
2019-07-02,600016.SH,sell,6.096517518008955,156.70578,955.3595329432574,0.19107190658865147
2019-07-02,601988.SH,buy,13269.090405440596,6.7725,89864.91477084644,17.97298295416929
2019-07-02,601857.SH,buy,471.4692146248703,9.14884,4313.396409528598,0.8626792819057197
2019-07-02,601818.SH,buy,9.2717659411843,5.4978,50.97431479144304,0.010194862958288609
2019-07-02,601288.SH,buy,235.2290383755802,5.6653,1332.6430711091746,0.26652861422183494
2019-07-02,601398.SH,sell,48.53585287527868,10.05291,487.9265607284178,0.09758531214568357
2019-07-02,600015.SH,sell,11.797760086535114,33.25172,392.29581502464134,0.07845916300492828
2019-07-02,600028.SH,sell,134.6291450313641,16.58504,2232.829755510975,0.446565951102195
2019-07-02,601169.SH,buy,24.302306164377555,19.3494,470.235042897007,0.0940470085794014
2019-07-02,600919.SH,buy,11687.206131591114,7.68917,89864.91477084644,17.97298295416929
2019-07-02,601088.SH,sell,185.62069794257178,32.838300000000004,6095.468165247556,1.2190936330495112
2019-07-02,600795.SH,sell,0.6112202439598173,663.9667200000001,405.8299005795998,0.08116598011591997
2019-07-02,601229.SH,buy,3865.4735127105628,23.2481,89864.91477084644,17.97298295416929
2019-07-02,600926.SH,sell,13.79381933884004,17.29574,238.5743128915492,0.04771486257830984
2019-07-02,600674.SH,buy,536.9492718290951,167.36201999999997,89864.91477084643,17.972982954169286
2019-07-02,601838.SH,buy,9808.245938286134,9.16218,89864.91477084644,17.97298295416929
2019-07-02,601998.SH,sell,98.71656207835274,8.57691,846.6830684554444,0.16933661369108888
2019-07-02,601328.SH,buy,23.451653758786023,10.83452,254.08741168264234,0.05081748233652847
2019-07-02,601985.SH,buy,14763.967963353656,5.894609999999999,87027.83319646408,17.405566639292818
2019-07-02,601939.SH,sell,216.370670502796,12.61285,2729.0508114511904,0.5458101622902382
2019-08-02,601088.SH,sell,2737.135836928239,31.6953,86754.34149219161,17.350868298438325
2019-08-02,601939.SH,sell,7126.294830573629,12.810749999999999,91293.18150077111,18.258636300154222
2019-08-02,601998.SH,sell,10479.635177913795,8.599499999999999,90119.62271246967,18.023924542493937
2019-08-02,600926.SH,sell,5196.8223246765165,17.5684,91299.85332884692,18.259970665769384
2019-08-02,601229.SH,sell,3865.4735127105628,23.584319999999998,91164.56427528997,18.232912855057997
2019-08-02,600674.SH,sell,536.9492718290951,179.95935,96629.04194133726,19.325808388267454
2019-08-02,601838.SH,sell,9808.245938286134,8.83236,86629.95909548091,17.32599181909618
2019-08-02,601985.SH,sell,14763.967963353656,5.9385,87675.8237503757,17.53516475007514
2019-08-02,601288.SH,buy,119.0234058099535,5.55575,661.2642868286491,0.13225285736572984
2019-08-02,601988.SH,buy,202.85070321755333,6.5919,1337.1715505397897,0.26743431010795793
2019-08-02,601328.SH,buy,114.3643890128776,10.55912,1207.587307313656,0.24151746146273123
2019-08-02,600016.SH,buy,4.626144946366248,153.5892,710.525901396435,0.142105180279287
2019-08-02,600015.SH,buy,9.453922291212155,32.73879,309.5099765683136,0.06190199531366273
2019-08-02,601169.SH,buy,41.86359687219418,18.9468,793.1811972180886,0.15863623944361774
2019-08-02,601398.SH,buy,52.41640170510294,9.874559999999999,517.5889036211413,0.10351778072422826
2019-08-02,601006.SH,buy,6361.41649092561,13.9573,88788.19838879601,17.7576396777592
2019-08-02,000898.SZ,buy,8783.770656604484,10.108210000000001,88788.19838879602,17.757639677759204
2019-08-02,601857.SH,buy,688.6084189839703,8.44712,5816.757948167875,1.163351589633575
2019-08-02,600023.SH,buy,12783.53906175299,6.94551,88788.19838879601,17.7576396777592
2019-08-02,601898.SH,buy,16455.057338818344,5.3957999999999995,88788.19838879601,17.7576396777592
2019-08-02,600221.SH,buy,14481.609888730572,6.1311,88788.19838879601,17.7576396777592
2019-08-02,601228.SH,buy,21793.00724291535,4.07416,88788.19838879601,17.7576396777592
2019-08-02,600028.SH,buy,234.79301113624012,15.70576,3687.6026825831145,0.737520536516623
2019-08-02,600068.SH,buy,2492.0540732198815,35.62852,88788.19838879602,17.757639677759204
2019-08-02,600795.SH,sell,1.0974542131189553,661.3731,725.8266950385441,0.14516533900770884
2019-08-02,601818.SH,sell,320.7765870666005,5.54064,1777.3075893646892,0.35546151787293784
2019-08-02,600919.SH,buy,174.42965999916072,7.4868,1305.9199784817165,0.2611839956963433
2019-08-02,601390.SH,buy,12195.138564582488,7.26875,88643.41344130896,17.728682688261795
2019-09-03,601006.SH,sell,6361.41649092561,13.92174,88561.9864183787,17.71239728367574
2019-09-03,000898.SZ,sell,8783.770656604484,9.312520000000001,81799.03991504239,16.35980798300848
2019-09-03,601898.SH,sell,16455.057338818344,5.94711,97860.03605025997,19.572007210051993
2019-09-03,600221.SH,sell,14481.609888730572,6.0668999999999995,87858.4790339395,17.5716958067879
2019-09-03,601228.SH,sell,21793.00724291535,3.9319200000000003,85688.36103856373,17.137672207712747
2019-09-03,600068.SH,sell,2492.0540732198815,34.998,87216.90845454941,17.443381690909884
2019-09-03,601390.SH,sell,12195.138564582488,7.105930000000001,86657.80098022365,17.33156019604473
2019-09-03,601328.SH,buy,199.10829327507153,10.0607,2003.1688061525124,0.4006337612305025
2019-09-03,600919.SH,sell,154.55594285789508,7.39872,1143.5161455415655,0.22870322910831312
2019-09-03,601288.SH,buy,198.6834839251709,5.3523,1063.4136110126922,0.21268272220253845
2019-09-03,600028.SH,buy,36.469860915355746,15.22064,555.0946238427002,0.11101892476854006
2019-09-03,601988.SH,buy,76.32365651920418,6.3932400000000005,487.95545380483696,0.09759109076096739
2019-09-03,601857.SH,buy,107.2449235491401,8.155840000000001,874.6724372790189,0.17493448745580378
2019-09-03,600016.SH,sell,8.513314285481727,152.043,1294.3898439074983,0.25887796878149966
2019-09-03,601398.SH,buy,71.84031994629508,9.55488,686.425636248456,0.13728512724969122
2019-09-03,600795.SH,buy,0.9325273299444162,640.6241400000001,597.399518772138,0.1194799037544276
2019-09-03,600015.SH,sell,1.6994632358774797,31.95201,54.3012663073896,0.01086025326147792
2019-09-03,601939.SH,buy,7123.498456954122,12.15696,86600.08580125298,17.320017160250597
2019-09-03,601169.SH,buy,100.52767069368,18.0918,1818.7265126559196,0.3637453025311839
2019-09-03,600926.SH,buy,5113.010757460086,16.9372,86600.08580125298,17.320017160250597
2019-09-03,601229.SH,buy,3700.3365252444305,23.4033,86600.085801253,17.3200171602506
2019-09-03,601998.SH,buy,10426.83592815038,8.3055,86600.08580125298,17.320017160250597
2019-09-03,600208.SH,buy,4349.8919962695945,19.908559999999998,86600.085801253,17.3200171602506
2019-09-03,601838.SH,buy,9864.503973278495,8.778960000000001,86600.085801253,17.3200171602506
2019-09-03,600023.SH,buy,558.1347209124093,6.49219,3623.5166537603345,0.7247033307520669
2019-09-03,601818.SH,buy,18.57095449924183,5.3978399999999995,100.2430410341875,0.0200486082068375
2019-09-03,600177.SH,buy,376.5214014527122,229.67216000000002,86476.48355787156,17.295296711574313
2019-10-09,601857.SH,sell,10620.27098176592,8.16669,86732.4608240779,17.346492164815583
2019-10-09,600028.SH,sell,5690.778758284045,15.44796,87910.92262682159,17.58218452536432
2019-10-09,601818.SH,sell,16046.675294155631,5.81196,93262.63494262076,18.65252698852415
2019-10-09,601939.SH,sell,7123.498456954122,12.457349999999998,88739.91350273741,17.747982700547485
2019-10-09,600926.SH,sell,5113.010757460086,17.884,91441.08438641619,18.288216877283237
2019-10-09,601998.SH,sell,10426.83592815038,8.4084,87673.00721825966,17.534601443651933
2019-10-09,600208.SH,sell,4349.8919962695945,19.772199999999998,86006.93452864166,17.201386905728334
2019-10-09,601838.SH,sell,9864.503973278495,8.72556,86073.3212890799,17.214664257815983
2019-10-09,600795.SH,buy,7.582006854656615,614.68794,4660.5681745547545,0.9321136349109509
2019-10-09,600221.SH,buy,15187.688301807219,5.7780000000000005,87754.46300784212,17.550892601568425
2019-10-09,601988.SH,buy,27.212803646017697,6.46548,175.9438377172545,0.0351887675434509
2019-10-09,601398.SH,sell,128.31669994022388,9.82128,1260.234238788922,0.2520468477577844
2019-10-09,601985.SH,buy,15474.24845844509,5.671,87754.46300784212,17.550892601568425
2019-10-09,601006.SH,buy,6537.180924160796,13.4239,87754.4630078421,17.55089260156842
2019-10-09,600023.SH,buy,594.8963778599598,6.29791,3746.6038470880194,0.749320769417604
2019-10-09,601288.SH,sell,20.534286255592548,5.43055,111.51246822530811,0.022302493645061622
2019-10-09,600016.SH,sell,6.7188726338262,155.9085,1047.5293540308921,0.20950587080617844
2019-10-09,601229.SH,sell,81.86879180177958,24.25668,1985.8650847223907,0.39717301694447815
2019-10-09,600089.SH,buy,356.17165589212755,246.3825,87754.46300784212,17.550892601568425
2019-10-09,000709.SZ,buy,3438.309597777108,25.522560000000002,87754.46300784212,17.550892601568425
2019-10-09,600177.SH,sell,1.5247599798826355,234.06080000000003,356.8865406993136,0.07137730813986273
2019-10-09,601328.SH,buy,82.888913442643,10.09762,836.9807501567008,0.16739615003134017
2019-10-09,600015.SH,sell,0.9357636017907144,32.38911,30.308550232395646,0.006061710046479129
2019-10-09,600011.SH,buy,3273.4870733806524,26.80764,87754.46300784212,17.550892601568425
2019-10-09,601169.SH,buy,0.48053746099449207,18.3312,8.808828304982233,0.0017617656609964468
2019-10-09,600000.SH,buy,583.9417531112173,150.27948,87754.46300784212,17.550892601568425
2019-10-09,601225.SH,buy,8650.276795552565,10.1447,87754.4630078421,17.55089260156842
2019-10-09,600919.SH,buy,119.16898561526621,7.409730000000001,883.0100077830066,0.17660200155660133
2019-11-04,600016.SH,sell,562.971319077816,159.5163,89803.10182541262,17.960620365082526
2019-11-04,601169.SH,sell,4788.1214616979805,19.2546,92193.36349640993,18.438672699281987
2019-11-04,601328.SH,sell,8692.330123761209,10.448360000000001,90820.59437190166,18.164118874380335
2019-11-04,600015.SH,sell,2709.9236101406823,33.00105,89430.32455443316,17.88606491088663
2019-11-04,600919.SH,sell,11826.248834347647,7.97124,94269.86775830534,18.853973551661067
2019-11-04,601229.SH,sell,3618.467733442651,24.1791,87491.2931736832,17.49825863473664
2019-11-04,600221.SH,sell,15187.688301807219,5.521199999999999,83854.264651938,16.7708529303876
2019-11-04,600011.SH,sell,3273.4870733806524,26.529359999999997,86843.51702506174,17.368703405012347
2019-11-04,600000.SH,sell,583.9417531112173,162.1035,94659.00197546421,18.931800395092843
2019-11-04,601225.SH,sell,8650.276795552565,9.69815,83891.68190478811,16.778336380957622
2019-11-04,600023.SH,buy,214.92173366789336,6.29791,1353.5577356843623,0.27071154713687245
2019-11-04,600795.SH,buy,4.060827042736374,606.9070800000001,2464.544682892168,0.49290893657843365
2019-11-04,600089.SH,buy,8.365488584101742,244.48725000000002,2045.2552988334287,0.40905105976668577
2019-11-04,601988.SH,sell,237.79042583068244,6.682200000000001,1588.9631834857864,0.3177926366971573
2019-11-04,601288.SH,sell,602.81801163358,5.7279,3452.881288835983,0.6905762577671967
2019-11-04,600028.SH,buy,5850.457924956847,15.23082,89107.27157259124,17.82145431451825
2019-11-04,000709.SZ,buy,110.00346381775664,25.11744,2763.005402234673,0.5526010804469347
2019-11-04,601006.SH,sell,35.67651394560217,13.70838,489.06721024161385,0.09781344204832278
2019-11-04,601985.SH,buy,954.4520642382928,5.424900000000001,5177.807003286315,1.035561400657263
2019-11-04,601766.SH,buy,10177.256153835488,8.75553,89107.27157259123,17.821454314518245
2019-11-04,600688.SH,buy,6037.961623963347,14.75784,89107.27157259124,17.82145431451825
2019-11-04,600019.SH,buy,6275.867109856832,14.1984,89107.27157259124,17.82145431451825
2019-11-04,601390.SH,buy,13119.59969678548,6.79192,89107.27157259124,17.82145431451825
2019-11-04,600170.SH,buy,1739.0585176192894,51.2388,89107.27157259124,17.82145431451825
2019-11-04,601857.SH,buy,11243.379952656898,7.92531,89107.27157259124,17.82145431451825
2019-11-04,601618.SH,buy,28470.232207586094,3.1298399999999993,89107.27157259124,17.82145431451825
2019-11-04,000898.SZ,buy,10078.867953013374,8.841000000000001,89107.27157259126,17.821454314518252
2019-11-04,601398.SH,sell,488.59750295405206,10.54944,5154.430041563595,1.0308860083127191
2019-11-04,603993.SH,buy,7641.606929234203,11.4912,87811.23354521606,17.56224670904321
2019-11-04,600177.SH,sell,4.635519177758422,240.64376000000001,1115.508764487895,0.223101752897579
2019-12-03,601398.SH,sell,8448.324558166667,10.3008,87024.50160876321,17.404900321752642
2019-12-03,600795.SH,sell,146.8504867630959,591.34536,86839.35396109818,17.367870792219637
2019-12-03,600023.SH,sell,14151.491894193252,6.3141,89353.9349691256,17.87078699382512
2019-12-03,600177.SH,sell,370.3611222950712,246.86100000000002,91427.71701088357,18.285543402176714
2019-12-03,601985.SH,sell,16428.700522683383,5.1467,84553.59298009456,16.910718596018913
2019-12-03,000709.SZ,sell,3548.313061594865,25.42128,90202.65986646031,18.04053197329206
2019-12-03,601766.SH,sell,10177.256153835488,8.31957,84670.39497976511,16.934078995953023
2019-12-03,600688.SH,sell,6037.961623963347,14.201640000000001,85748.95731734284,17.149791463468567
2019-12-03,600019.SH,sell,6275.867109856832,13.317120000000001,83576.47540601662,16.715295081203323
2019-12-03,601390.SH,sell,13119.59969678548,6.48954,85140.16701627725,17.02803340325545
2019-12-03,600170.SH,sell,1739.0585176192894,51.536699999999996,89625.33710499003,17.92506742099801
2019-12-03,601857.SH,sell,11243.379952656898,7.4693700000000005,83980.96491697687,16.796192983395375
2019-12-03,601618.SH,sell,28470.232207586094,3.01644,85878.74724025099,17.175749448050198
2019-12-03,000898.SZ,sell,10078.867953013374,9.1357,92077.51395834428,18.415502791668857
2019-12-03,603993.SH,sell,7641.606929234203,11.6928,89351.78150214968,17.870356300429936
2019-12-03,601228.SH,buy,23044.3935780203,3.81,87799.13953225734,17.559827906451467
2019-12-03,601988.SH,buy,94.60663187529704,6.53772,618.511669343767,0.12370233386875341
2019-12-03,600089.SH,sell,5.905926704883059,244.8663,1446.1624202959065,0.28923248405918134
2019-12-03,601328.SH,buy,8663.357146181015,10.134540000000001,87799.13953225735,17.55982790645147
2019-12-03,600028.SH,sell,131.32596316199354,15.3549,2016.4970317560947,0.40329940635121897
2019-12-03,600016.SH,buy,553.0891372497049,158.7432,87799.13953225735,17.55982790645147
2019-12-03,600015.SH,buy,2703.46430275209,32.476530000000004,87799.13953225735,17.55982790645147
2019-12-03,601288.SH,sell,59.01698660397073,5.6653,334.3489342074754,0.06686978684149508
2019-12-03,601006.SH,sell,249.51459374071788,14.0462,3504.731886600872,0.7009463773201744
2019-12-03,601318.SH,buy,438.70816832776467,200.13108000000003,87799.13953225735,17.55982790645147
2019-12-03,601169.SH,buy,4633.982494788426,18.9468,87799.13953225735,17.55982790645147
2019-12-03,601828.SH,buy,7918.907029700463,11.08728,87799.13953225735,17.55982790645147
2019-12-03,600415.SH,buy,561.6456938705261,156.32478,87799.13953225734,17.559827906451467
2019-12-03,601229.SH,buy,3678.409182717229,23.86878,87799.13953225735,17.55982790645147
2019-12-03,000630.SZ,buy,1544.5238797035847,56.845439999999996,87799.13953225734,17.559827906451467
2019-12-03,600900.SH,buy,1586.47033871758,55.342439999999996,87799.13953225734,17.559827906451467
2019-12-03,600919.SH,buy,11441.162727018394,7.67397,87799.13953225735,17.55982790645147
2019-12-03,601939.SH,buy,6988.5022515660485,12.563369999999999,87799.13953225734,17.559827906451467
2019-12-03,002736.SZ,buy,7117.050653328741,12.33645,87799.13953225734,17.559827906451467
2019-12-03,600000.SH,buy,582.9802014664341,150.15234,87535.84142385652,17.507168284771303
2020-01-03,601228.SH,sell,23044.3935780203,3.940916,90816.01936191745,18.16320387238349
2020-01-03,601318.SH,sell,438.70816832776467,208.830136,91615.48645619799,18.3230972912396
2020-01-03,601828.SH,sell,7918.907029700463,11.85416,93871.99095519404,18.77439819103881
2020-01-03,600415.SH,sell,561.6456938705261,165.61580999999998,93017.4065233792,18.603481304675842
2020-01-03,000630.SZ,sell,1544.5238797035847,62.717034999999996,96867.9582217055,19.3735916443411
2020-01-03,600900.SH,sell,1586.47033871758,56.943,90338.38049759515,18.06767609951903
2020-01-03,002736.SZ,sell,7117.050653328741,13.93968,99209.40865119357,19.841881730238715
2020-01-03,600000.SH,sell,582.9802014664341,159.809952,93166.03801330116,18.633207602660235
2020-01-03,600919.SH,buy,79.46104177998455,7.990356,634.9220119529502,0.12698440239059006
2020-01-03,600023.SH,buy,14243.897553897636,6.461406,92035.60511813952,18.407121023627905
2020-01-03,601988.SH,buy,230.59530489824616,6.737499,1553.6356361566286,0.31072712723132573
2020-01-03,601328.SH,buy,84.7038658247101,10.522770000000001,891.3192981842849,0.17826385963685698
2020-01-03,600016.SH,buy,7.6846194007349125,164.1549,1261.4679292656995,0.2522935858531399
2020-01-03,601288.SH,buy,230.56608692481777,5.851604,1349.1814365136113,0.26983628730272224
2020-01-03,600028.SH,sell,0.9025789700178939,16.098342000000002,14.530024941355805,0.0029060049882711613
2020-01-03,002024.SZ,buy,102.03633870916991,901.9885100000001,92035.6051181395,18.4071210236279
2020-01-03,600015.SH,buy,28.069914357986967,33.700410000000005,945.9676225290477,0.18919352450580956
2020-01-03,601939.SH,buy,136.9658179606021,12.918963,1769.456334497754,0.3538912668995508
2020-01-03,600089.SH,buy,2.758910464129705,254.7216,702.7540876798611,0.14055081753597223
2020-01-03,601169.SH,buy,46.70676716718783,19.666725,918.569145516112,0.18371382910322243
2020-01-03,601857.SH,buy,11696.366076394681,7.868735,92035.6051181395,18.4071210236279
2020-01-03,600104.SH,buy,410.5560569208265,224.17305399999998,92035.6051181395,18.4071210236279
2020-01-03,601398.SH,buy,8678.422239371774,10.605108,92035.6051181395,18.4071210236279
2020-01-03,601006.SH,buy,84.71275028646699,14.527077,1230.628646293278,0.2461257292586556
2020-01-03,600170.SH,buy,1721.21647636921,53.471255,92035.6051181395,18.4071210236279
2020-01-03,601989.SH,buy,10267.018263552744,8.9642,92035.6051181395,18.4071210236279
2020-01-03,601998.SH,buy,10065.796653120231,9.1434,92035.60511813952,18.407121023627905
2020-01-03,601229.SH,buy,43.534251141849424,24.69248,1074.968625635094,0.2149937251270188
2020-02-04,600089.SH,sell,361.3901282354759,215.67945000000003,77944.42409325692,15.588884818651385
2020-02-04,600023.SH,sell,14243.897553897636,5.489766,78195.6644988704,15.639132899774083
2020-02-04,002024.SZ,sell,102.03633870916991,803.9082060000001,82027.84999849714,16.40556999969943
2020-02-04,601857.SH,sell,11696.366076394681,6.796335000000001,79492.42213781386,15.898484427562773
2020-02-04,600104.SH,sell,410.5560569208265,191.407876,78583.6628341505,15.7167325668301
2020-02-04,600170.SH,sell,1721.21647636921,44.38561,76397.24324569797,15.279448649139596
2020-02-04,601989.SH,sell,10267.018263552744,6.89165,70756.69641601326,14.151339283202653
2020-02-04,600900.SH,buy,1537.488676871468,52.29521999999999,80403.30860450232,16.080661720900466
2020-02-04,601288.SH,sell,388.28599453992194,5.24141,2035.1660946414922,0.40703321892829847
2020-02-04,600025.SH,buy,20350.116073020075,3.9510000000000005,80403.30860450232,16.080661720900466
2020-02-04,601988.SH,sell,644.8736305533521,6.1775459999999995,3983.7365169303375,0.7967473033860676
2020-02-04,600015.SH,sell,95.66085319542387,30.509580000000003,2918.5724534340407,0.5837144906868081
2020-02-04,600085.SH,buy,249.2264567934657,322.61145,80403.30860450232,16.080661720900466
2020-02-04,601398.SH,sell,279.3514637413347,9.574796,2674.7332776246767,0.5349466555249354
2020-02-04,601169.SH,sell,61.36140015927806,17.409327,1068.260680550724,0.2136521361101448
2020-02-04,002352.SZ,buy,598.2718082567632,134.392608,80403.30860450234,16.08066172090047
2020-02-04,601229.SH,buy,43.51952959511162,21.357056,929.4490306564562,0.18588980613129125
2020-02-04,600196.SH,buy,216.65580595101395,371.110796,80403.30860450232,16.080661720900466
2020-02-04,601328.SH,sell,256.4873139708672,9.470493,2429.0613115499,0.48581226230998004
2020-02-04,601006.SH,sell,81.14116427059942,12.855663000000002,1043.123463290467,0.2086246926580934
2020-02-04,600919.SH,sell,192.14624121677585,7.098870000000001,1364.0211873865337,0.27280423747730675
2020-02-04,600016.SH,sell,13.28967502265815,146.889,1952.1070744032331,0.39042141488064663
2020-02-04,600036.SH,buy,467.506412043046,171.983328,80403.30860450232,16.080661720900466
2020-02-04,002179.SZ,buy,289.342139230983,274.04353599999996,79292.34294866289,15.858468589732578
2020-02-04,600028.SH,sell,57.38128911173013,14.206244,815.1725941557816,0.16303451883115633
2020-02-04,601939.SH,sell,48.62573213899874,11.363739,552.5701287114935,0.1105140257422987
2020-03-03,600025.SH,sell,20350.116073020075,3.9931440000000005,81260.94389628369,16.252188779256738
2020-03-03,600085.SH,sell,249.2264567934657,301.67000499999995,75184.14646701707,15.036829293403414
2020-03-03,002352.SZ,sell,598.2718082567632,175.76811,105157.10500357366,21.031421000714733
2020-03-03,600196.SH,sell,216.65580595101395,387.66333900000006,83989.51314870614,16.79790262974123
2020-03-03,002179.SZ,sell,289.342139230983,307.67897,89024.49137618543,17.804898275237086
2020-03-03,601398.SH,buy,368.19310904844923,9.539268,3512.2927429663823,0.7024585485932765
2020-03-03,601288.SH,buy,61.48862527534829,5.429162000000001,333.83170777716055,0.06676634155543211
2020-03-03,601988.SH,sell,192.17914785556255,6.5207429999999995,1253.1508331251243,0.25063016662502485
2020-03-03,600015.SH,buy,55.23128560027767,31.077810000000003,1716.4673999411657,0.3432934799882332
2020-03-03,601328.SH,buy,40.068333802933346,9.802791,392.78150198839074,0.07855630039767815
2020-03-03,600028.SH,buy,27.553146360264662,14.702532,405.10101606247474,0.08102020321249495
2020-03-03,601229.SH,sell,85.59223629999877,22.727423999999996,1945.291045498263,0.3890582090996526
2020-03-03,601169.SH,buy,47.11993769199101,17.922372000000003,844.5010519326845,0.1689002103865369
2020-03-03,600900.SH,buy,31.300340452212357,53.31096,1668.6511978342749,0.333730239566855
2020-03-03,600016.SH,buy,9.186626883588374,150.2391,1380.1905550261222,0.27603811100522446
2020-03-03,601006.SH,buy,241.01882365238464,12.873444000000001,3102.7423292348494,0.6205484658469699
2020-03-03,601857.SH,buy,11926.895636164369,7.010815000000001,83617.2588294557,16.72345176589114
2020-03-03,600674.SH,buy,470.16272070964374,177.847488,83617.25882945572,16.723451765891145
2020-03-03,600919.SH,buy,290.6454129360998,7.197924,2092.0435932626633,0.4184087186525327
2020-03-03,600795.SH,buy,148.56933387317972,562.8164079999999,83617.25882945572,16.723451765891145
2020-03-03,601998.SH,buy,166.87959280107629,8.1732,1363.9402878817566,0.27278805757635133
2020-03-03,600023.SH,buy,14586.077920582937,5.732676,83617.2588294557,16.72345176589114
2020-03-03,601939.SH,buy,60.85666962587503,11.717199,713.0697084836333,0.14261394169672667
2020-03-03,600036.SH,buy,20.31215152352836,171.443426,3482.3848466248214,0.6964769693249643
2020-03-03,600027.SH,buy,14274.974482551388,5.851479,83529.71341018532,16.705942682037065
2020-04-02,600028.SH,sell,5688.401240073369,13.523848000000001,76929.07373376375,15.385814746752752
2020-04-02,600919.SH,sell,11619.122940517702,6.559576,76216.51998166935,15.243303996333871
2020-04-02,601939.SH,sell,7137.699007013527,11.222355,80101.79213985329,16.02035842797066
2020-04-02,600036.SH,sell,487.81856356657437,155.83535,76019.37658989437,15.203875317978873
2020-04-02,600674.SH,sell,470.16272070964374,177.27255,83346.94441513636,16.66938888302727
2020-04-02,600027.SH,sell,14274.974482551388,5.799696,82790.51240655535,16.55810248131107
2020-04-02,600795.SH,buy,1.863743619702335,523.9120479999999,976.4377367451833,0.19528754734903667
2020-04-02,601988.SH,sell,251.54708151248124,6.267861000000001,1576.6621418759023,0.3153324283751805
2020-04-02,601857.SH,buy,1080.4995111872397,6.05906,6546.811368254156,1.3093622736508312
2020-04-02,600023.SH,sell,101.38175816940924,5.441184,551.6368004432588,0.11032736008865177
2020-04-02,601229.SH,buy,51.068865428244635,21.124352,1078.7966895468703,0.21575933790937407
2020-04-02,601288.SH,sell,457.03686965756737,5.272702,2409.8192167171946,0.48196384334343895
2020-04-02,601328.SH,sell,241.9126991237076,9.507415000000002,2299.964424339225,0.459992884867845
2020-04-02,600177.SH,buy,339.8408707377044,231.867748,78798.13737631062,15.759627475262125
2020-04-02,601998.SH,buy,238.93532657251325,7.5264,1798.3228419153636,0.35966456838307276
2020-04-02,601600.SH,buy,26930.64933323215,2.925965,78798.13737631061,15.759627475262123
2020-04-02,601169.SH,buy,124.16724441643014,16.451643,2042.755177432852,0.4085510354865704
2020-04-02,600016.SH,sell,18.227321153363654,146.37359999999998,2667.99861557399,0.533599723114798
2020-04-02,600900.SH,sell,59.02754432092864,52.20288,3081.4078128801193,0.6162815625760238
2020-04-02,601006.SH,buy,79.7811466598368,11.984394,956.1286953432683,0.19122573906865367
2020-04-02,000709.SZ,buy,3687.3477032690575,21.369868999999998,78798.13737631062,15.759627475262125
2020-04-02,600010.SH,buy,8368.579804239702,9.415951,78798.13737631062,15.759627475262125
2020-04-02,601398.SH,sell,135.51259170123274,9.130695999999999,1237.3242789960786,0.24746485579921573
2020-04-02,600015.SH,buy,104.39239417421871,28.192950000000003,2943.12954933404,0.588625909866808
2020-04-02,601898.SH,buy,17085.99628052283,4.611855,78798.13737631062,15.759627475262125
2020-04-02,002294.SZ,buy,407.78273926763256,192.99568999999997,78700.31113504682,15.740062227009366
2020-05-07,601006.SH,sell,6576.361372802565,12.464481,81970.93138043149,16.394186276086298
2020-05-07,601857.SH,sell,13007.395147351608,5.992035,77940.76698176099,15.588153396352197
2020-05-07,601600.SH,sell,26930.64933323215,2.9055750000000002,78249.02143640601,15.649804287281203
2020-05-07,000709.SZ,sell,3687.3477032690575,20.863474,76930.8829361137,15.38617658722274
2020-05-07,600010.SH,sell,8368.579804239702,9.415951,78798.13737631062,15.759627475262125
2020-05-07,002294.SZ,sell,407.78273926763256,207.21067,84496.93461808145,16.89938692361629
2020-05-07,601328.SH,buy,106.54770562009935,9.470493,1009.0593002412115,0.2018118600482423
2020-05-07,601288.SH,sell,43.53820893975698,5.335286,232.28879662136023,0.04645775932427205
2020-05-07,601229.SH,buy,61.13486263023022,20.969216,1281.9501396236255,0.2563900279247251
2020-05-07,601398.SH,buy,145.28857582795223,9.05964,1316.262193113949,0.2632524386227898
2020-05-07,601998.SH,buy,52.35751203551756,7.5558,395.60288943796354,0.0791205778875927
2020-05-07,600900.SH,sell,6.035592132301117,52.880039999999994,319.1623533797683,0.06383247067595367
2020-05-07,601988.SH,buy,222.78276426693853,6.213672,1384.2990244080763,0.27685980488161527
2020-05-07,600015.SH,sell,1.0321731271450545,28.45521,29.370703089269227,0.005874140617853846
2020-05-07,600795.SH,buy,4.407852250720731,513.537552,2263.597654412815,0.452719530882563
2020-05-07,600085.SH,buy,271.5877402862904,292.727442,79501.18449256613,15.900236898513226
2020-05-07,600016.SH,sell,10.07943058640308,150.4968,1516.922049075787,0.3033844098151574
2020-05-07,601939.SH,buy,7117.807584315319,11.169336000000001,79501.18449256614,15.90023689851323
2020-05-07,600177.SH,sell,9.909243651582562,241.01079800000002,2388.2347200443473,0.4776469440088695
2020-05-07,601838.SH,buy,9576.762145269504,8.301468,79501.18449256614,15.90023689851323
2020-05-07,601169.SH,sell,93.93419102519465,16.930485,1590.3514121391927,0.3180702824278386
2020-05-07,000898.SZ,buy,10336.010839332179,7.69167,79501.18449256614,15.90023689851323
2020-05-07,601577.SH,buy,9875.077104268843,8.050690000000001,79501.18449256614,15.90023689851323
2020-05-07,600023.SH,sell,495.29262167956585,5.684093999999999,2815.2898191330896,0.563057963826618
2020-05-07,601668.SH,buy,8382.412894064131,9.484284,79501.18449256614,15.90023689851323
2020-05-07,601898.SH,buy,538.2634042102083,4.50624,2425.5440825882088,0.48510881651764176
2020-06-02,600900.SH,sell,1503.7258808704505,54.480599999999995,81923.88822535066,16.384777645070134
2020-06-02,600795.SH,sell,154.8409297436028,474.633192,73492.64473645393,14.698528947290788
2020-06-02,600177.SH,sell,329.9316270861218,231.50202600000003,76379.84011191368,15.275968022382738
2020-06-02,601898.SH,sell,17624.25968473304,4.494505,79212.32327433107,15.842464654866214
2020-06-02,000898.SZ,sell,10336.010839332179,7.39697,76455.16209821495,15.29103241964299
2020-06-02,601229.SH,sell,36.213145223443746,20.995071999999997,760.2975913126575,0.1520595182625315
2020-06-02,600015.SH,buy,19.9457680104615,28.018110000000004,558.8427221515915,0.1117685444303183
2020-06-02,601988.SH,sell,216.29225315761994,6.267861000000001,1355.689778168773,0.27113795563375465
2020-06-02,601288.SH,sell,167.39028565202767,5.350932,895.6940359845757,0.17913880719691516
2020-06-02,601328.SH,sell,86.13256664235676,9.488954,817.3079627712577,0.16346159255425155
2020-06-02,601766.SH,buy,11054.837372401278,7.1316120000000005,78838.81086306543,15.767762172613088
2020-06-02,601169.SH,sell,10.731263921453003,16.827876,180.58437859348487,0.03611687571869698
2020-06-02,601838.SH,sell,350.9831035671885,8.5472,2999.9227828094736,0.5999845565618948
2020-06-02,601398.SH,sell,157.60243067525067,9.14846,1441.8195329353039,0.2883639065870608
2020-06-02,600016.SH,buy,3.7982545092356097,148.1775,562.8158575422596,0.11256317150845191
2020-06-02,600170.SH,buy,1696.5221817179424,46.47084,78838.81086306543,15.767762172613088
2020-06-02,601998.SH,buy,77.31396915098283,7.438199999999999,575.0767653388405,0.1150153530677681
2020-06-02,600919.SH,buy,11978.69129198993,6.581588000000001,78838.81086306543,15.767762172613088
2020-06-02,601668.SH,buy,195.20574694512095,9.19302,1794.530335781436,0.3589060671562872
2020-06-02,600050.SH,buy,9957.11088668948,7.91784,78838.81086306543,15.767762172613088
2020-06-02,601939.SH,sell,135.2298419896181,11.293047,1527.1569613913307,0.30543139227826616
2020-06-02,601577.SH,sell,105.3034592908428,8.07128,849.9337049049936,0.16998674098099872
2020-06-02,600023.SH,sell,37.05382097889291,5.651706,209.41730234933493,0.04188346046986699
2020-06-02,600085.SH,buy,2.561168586131275,287.633577,736.6780817289712,0.14733561634579423
2020-06-02,600219.SH,buy,5502.833366226537,14.312468,78759.12646344959,15.751825292689919
2020-07-02,601998.SH,sell,10601.283053680321,7.7322,81971.24082766697,16.394248165533394
2020-07-02,600023.SH,sell,13952.349719755068,5.748869999999999,80210.24473340831,16.042048946681664
2020-07-02,600085.SH,sell,274.14890887242166,312.763311,85743.72044597587,17.148744089195173
2020-07-02,601668.SH,sell,8577.618641009252,9.196508000000001,78884.13845299072,15.776827690598145
2020-07-02,601766.SH,sell,11054.837372401278,6.828912,75492.51159043955,15.098502318087911
2020-07-02,600050.SH,sell,9957.11088668948,7.760664,77273.79200233912,15.454758400467824
2020-07-02,600219.SH,sell,5502.833366226537,14.668642,80719.09263483196,16.143818526966392
2020-07-02,601328.SH,buy,17.489774863657967,9.562797999999999,167.25118408663866,0.033450236817327735
2020-07-02,601988.SH,sell,20.19641517900773,6.340113,128.04755442982423,0.02560951088596485
2020-07-02,600170.SH,buy,39.391758189166296,45.875060000000005,1807.0992704334953,0.3614198540866991
2020-07-02,601288.SH,buy,277.5929426912067,5.303994,1472.3513024765043,0.2944702604953009
2020-07-02,601989.SH,buy,11754.224965557858,6.7737,79619.59364919926,15.923918729839853
2020-07-02,600015.SH,buy,12.852222952960497,28.166976000000002,362.0082554626875,0.0724016510925375
2020-07-02,601577.SH,sell,136.69932884452365,8.266885,1130.07763113486,0.22601552622697202
2020-07-02,600016.SH,buy,6.2061070018236455,147.9198,918.0061064883533,0.18360122129767067
2020-07-02,601169.SH,buy,8.241639584394463,16.964688,139.81684415770172,0.027963368831540346
2020-07-02,601006.SH,buy,6378.628205729616,12.482244,79619.59364919926,15.923918729839853
2020-07-02,601916.SH,buy,20055.313261763036,3.97,79619.59364919926,15.923918729839853
2020-07-02,601939.SH,buy,102.3945890883679,11.240028,1150.9180484017497,0.23018360968034995
2020-07-02,600919.SH,sell,9.50188079039773,6.653376,63.21958560569328,0.012643917121138657
2020-07-02,600177.SH,buy,347.86312711113413,228.881958,79619.59364919926,15.923918729839853
2020-07-02,601838.SH,buy,10.547821579201502,8.621988,90.9431910820164,0.01818863821640328
2020-07-02,601077.SH,buy,15959.169343084859,4.988956,79619.59364919926,15.923918729839853
2020-07-02,601229.SH,sell,62.86037806478518,21.563903999999997,1355.5151579927333,0.27110303159854665
2020-07-02,601857.SH,buy,13777.113755935034,5.77912,79619.59364919928,15.923918729839857
2020-07-02,601398.SH,sell,63.03111102632797,9.307122000000001,586.6382401175797,0.11732764802351595
2020-07-02,600482.SH,buy,1747.5627746251373,45.495879,79506.90453924952,15.901380907849905
2020-08-04,601838.SH,sell,9236.326863281516,9.455742,87336.32384685929,17.46726476937186
2020-08-04,601577.SH,sell,9633.074316133478,9.265899999999998,89259.10330586118,17.851820661172237
2020-08-04,600919.SH,sell,11969.189411199532,7.057661,84474.48130903591,16.894896261807183
2020-08-04,601989.SH,sell,11754.224965557858,8.391300000000001,98633.22795348566,19.726645590697135
2020-08-04,601916.SH,sell,20055.313261763036,4.357500000000001,87391.02753813245,17.47820550762649
2020-08-04,600177.SH,sell,347.86312711113413,253.432003,88159.64907361833,17.631929814723666
2020-08-04,601077.SH,sell,15959.169343084859,5.533968000000001,88317.53245121264,17.66350649024253
2020-08-04,600482.SH,sell,1747.5627746251373,58.973997000000004,103060.76182805453,20.612152365610907
2020-08-04,601288.SH,buy,1018.8828738861738,5.31658,5416.972309645754,1.083394461929151
2020-08-04,601398.SH,buy,583.9417207353042,9.325811,5445.730122592228,1.0891460245184457
2020-08-04,601988.SH,buy,797.148492503051,6.3814150000000005,5086.935347286358,1.0173870694572715
2020-08-04,601006.SH,buy,460.81801366761437,12.463158000000002,5743.247713585638,1.1486495427171277
2020-08-04,601328.SH,buy,781.8876424460733,9.357328,7316.379129514631,1.4632758259029264
2020-08-04,600028.SH,buy,6548.301608092959,13.014856,85225.2024738983,17.045040494779663
2020-08-04,600016.SH,buy,19.44523382443287,152.81388,2971.5016282188258,0.5943003256437652
2020-08-04,600795.SH,buy,155.2922597647355,548.8052180000001,85225.2024738983,17.045040494779663
2020-08-04,601229.SH,buy,92.9170655185907,22.515498,2092.074002849698,0.4184148005699396
2020-08-04,601169.SH,buy,137.9435061597056,17.640601,2433.406352704409,0.48668127054088184
2020-08-04,600170.SH,buy,4.545844570199039,48.97683,222.6410567210614,0.04452821134421228
2020-08-04,601939.SH,buy,395.7719512672414,11.394768000000001,4509.729565597522,0.9019459131195044
2020-08-04,600015.SH,buy,86.08120431378131,29.259071999999996,2518.6561548636378,0.5037312309727275
2020-08-04,601857.SH,buy,151.62360793694015,6.119870000000001,927.916769505042,0.1855833539010084
2020-08-04,601658.SH,buy,17478.177703353074,4.876092,85225.2024738983,17.045040494779663
2020-08-04,601166.SH,buy,1249.0275996837186,68.233242,85225.2024738983,17.045040494779663
2020-08-04,600674.SH,buy,447.4158480847566,190.48319999999998,85225.2024738983,17.045040494779663
2020-08-04,600900.SH,buy,1450.505581882795,58.755515,85225.20247389829,17.04504049477966
2020-08-04,600000.SH,buy,607.7761045146372,140.224668,85225.2024738983,17.045040494779663
2020-08-04,003816.SZ,buy,26952.23516006936,3.156692,85079.90511190967,17.015981022381936
2020-09-02,601229.SH,sell,3785.9179974430285,22.650483,85752.87124047737,17.150574248095474
2020-09-02,600170.SH,sell,1740.4597844773077,49.287794,85783.42332260194,17.15668466452039
2020-09-02,600795.SH,sell,155.2922597647355,540.812909,83984.05874855026,16.796811749710052
2020-09-02,601166.SH,sell,1249.0275996837186,70.60544700000001,88188.15199100602,17.637630398201203
2020-09-02,600674.SH,sell,447.4158480847566,202.98366,90818.10638624788,18.163621277249575
2020-09-02,600900.SH,sell,1450.505581882795,62.5534,90734.05586574723,18.146811173149448
2020-09-02,600028.SH,sell,16.97339425133131,13.079768000000001,222.00805897994726,0.044401611795989455
2020-09-02,601288.SH,buy,135.27739536179044,5.283659999999999,714.7597627772776,0.14295195255545554
2020-09-02,601328.SH,buy,136.0614189580995,9.239872,1257.1900953112126,0.25143801906224256
2020-09-02,601398.SH,buy,75.45315256288634,9.269744,699.4314082509003,0.13988628165018008
2020-09-02,601988.SH,buy,441.12887405085223,6.190925,2730.9957745832726,0.5461991549166545
2020-09-02,601816.SH,buy,13646.009014101981,6.259059,85411.17553379612,17.082235106759224
2020-09-02,601857.SH,buy,315.88994184920085,5.9972,1894.4551592580274,0.3788910318516055
2020-09-02,601006.SH,sell,57.6818792889095,12.59676,726.6047897513636,0.14532095795027272
2020-09-02,600016.SH,buy,4.242083711895746,151.9923,644.7640601635718,0.12895281203271436
2020-09-02,601939.SH,sell,7.859278328273957,11.431764,89.8454150591424,0.01796908301182848
2020-09-02,002468.SZ,buy,2256.0374594213004,37.858934999999995,85411.17553379614,17.082235106759228
2020-09-02,601169.SH,buy,10.56991447465789,17.640601,186.45964385156446,0.03729192877031289
2020-09-02,003816.SZ,buy,739.5683228379138,3.0849489999999995,2281.530557970499,0.45630611159409984
2020-09-02,000709.SZ,buy,3781.7292405822855,22.585217,85411.17553379612,17.082235106759224
2020-09-02,600000.SH,buy,12.112997920726993,137.811624,1669.3119149640102,0.333862382992802
2020-09-02,600015.SH,buy,24.646439104789536,29.077056,716.6458900505552,0.14332917801011105
2020-09-02,600019.SH,buy,6552.735757052371,13.034429999999999,85411.17553379612,17.082235106759224
2020-09-02,600968.SH,buy,33532.08197317005,2.5471479999999995,85411.17553379612,17.082235106759224
2020-09-02,601898.SH,buy,17108.431537128876,4.992344,85411.17553379612,17.082235106759224
2020-09-02,601658.SH,buy,170.86878614647685,4.834416,826.050793647106,0.1652101587294212
2020-10-12,002468.SZ,sell,2256.0374594213004,34.47427,77775.24450620395,15.55504890124079
2020-10-12,000709.SZ,sell,3781.7292405822855,21.673706000000003,81964.08773198373,16.392817546396746
2020-10-12,600019.SH,sell,6552.735757052371,13.112324999999998,85921.60088559172,17.184320177118344
2020-10-12,600968.SH,sell,33532.08197317005,2.4050759999999998,80647.20558370392,16.129441116740786
2020-10-12,601898.SH,sell,17108.431537128876,4.8352,82722.68816832555,16.54453763366511
2020-10-12,601328.SH,buy,12.94637434040854,8.90708,115.3143919599661,0.02306287839199322
2020-10-12,600028.SH,sell,82.41873158594126,12.787664,1053.943046827204,0.2107886093654408
2020-10-12,601398.SH,sell,247.16658929672383,9.194988,2272.693822584304,0.45453876451686087
2020-10-12,601857.SH,buy,94.7954217633321,5.751025,545.170840446467,0.10903416808929339
2020-10-12,600016.SH,buy,5.036469506815712,145.41966,732.4016832815086,0.14648033665630172
2020-10-12,601288.SH,sell,363.58141833636824,5.21782,1897.102396223869,0.3794204792447738
2020-10-12,600000.SH,buy,31.062661963334428,126.68480999999998,3935.1674289192483,0.7870334857838497
2020-10-12,601006.SH,sell,82.87407633287799,12.31047,1020.2188304736046,0.20404376609472094
2020-10-12,601169.SH,buy,1.1957264570760044,17.024810000000002,20.357015743692134,0.004071403148738427
2020-10-12,601658.SH,sell,137.96275091193243,4.709388,649.7201235916436,0.12994402471832872
2020-10-12,601988.SH,sell,312.3287975145808,6.114729,1909.805955697535,0.381961191139507
2020-10-12,600015.SH,buy,8.822291901254617,27.98496,246.89148596493442,0.049378297192986885
2020-10-12,601939.SH,sell,200.2423620198787,11.339274,2270.603009350598,0.4541206018701196
2020-10-12,601998.SH,buy,10554.096836302113,7.812131999999999,82449.99762597449,16.489999525194897
2020-10-12,601816.SH,buy,292.6222001711582,5.916373,1731.2620842932358,0.34625241685864716
2020-10-12,600170.SH,buy,1705.1011214121477,48.354901999999996,82449.9976259745,16.4899995251949
2020-10-12,601077.SH,buy,15639.39474041629,5.271943,82449.99762597449,16.489999525194897
2020-10-12,003816.SZ,buy,150.021157638658,2.961961,444.35681810055706,0.08887136362011142
2020-10-12,601916.SH,buy,18563.547816272538,4.4415000000000004,82449.99762597449,16.489999525194897
2020-10-12,601229.SH,buy,3734.3100883097627,22.056549,82365.99344399861,16.473198688799723
2020-11-03,600016.SH,sell,567.0921053258069,140.49017999999998,79670.87195380156,15.934174390760312
2020-11-03,600015.SH,sell,2946.8127968452513,27.757439999999995,81795.97939966424,16.359195879932848
2020-11-03,601939.SH,sell,7272.642642333158,11.598246,84349.89843586997,16.869979687173995
2020-11-03,601658.SH,sell,17511.083738587622,4.907349,85932.99927347423,17.186599854694848
2020-11-03,600000.SH,sell,650.9517643986986,124.807998,81243.98650916925,16.24879730183385
2020-11-03,601816.SH,sell,13938.631214273139,5.583766,77830.05506079707,15.566011012159414
2020-11-03,601998.SH,sell,10554.096836302113,7.796784,82288.01334773093,16.457602669546187
2020-11-03,601077.SH,sell,15639.39474041629,4.61164,72123.25836069339,14.42465167213868
2020-11-03,601916.SH,sell,18563.547816272538,4.168500000000001,77382.14907213209,15.47642981442642
2020-11-03,601229.SH,sell,3734.3100883097627,21.192645,79139.90802146745,15.82798160429349
2020-11-03,600028.SH,sell,207.31763630726596,12.954032,2685.599294888685,0.5371198589777371
2020-11-03,601857.SH,sell,73.14356377317011,5.6674750000000005,414.5393190953473,0.08290786381906946
2020-11-03,600170.SH,buy,22.536226828016158,46.800081999999996,1054.697263521756,0.21093945270435122
2020-11-03,601006.SH,sell,27.57159070304792,12.11961,334.1569264005666,0.06683138528011331
2020-11-03,601328.SH,sell,140.97928006913833,8.867928000000001,1250.194105144954,0.2500388210289908
2020-11-03,600674.SH,buy,403.37284837722353,200.40419999999997,80837.61298075877,16.167522596151755
2020-11-03,601288.SH,sell,406.22853530483496,5.2507399999999995,2133.000419466509,0.4266000838933018
2020-11-03,601988.SH,sell,180.83988157205778,6.076631,1098.897230397095,0.21977944607941902
2020-11-03,601992.SH,buy,12044.984515056416,6.711309000000001,80837.61298075877,16.167522596151755
2020-11-03,000709.SZ,buy,3874.599838011578,20.863474,80837.61298075877,16.167522596151755
2020-11-03,601169.SH,sell,94.72664016465414,17.024810000000002,1612.7030507416057,0.32254061014832114
2020-11-03,601398.SH,sell,228.68219450491011,9.251055000000001,2115.5515588856215,0.4231103117771243
2020-11-03,003816.SZ,buy,1376.2088608492286,2.76723,3808.286446007811,0.7616572892015622
2020-11-03,601668.SH,buy,8377.194309470276,9.649724,80837.61298075876,16.167522596151752
2020-11-03,601186.SH,buy,7875.489259319614,10.264456000000001,80837.61298075877,16.167522596151755
2020-11-03,601298.SH,buy,13314.361451900988,6.07146,80837.61298075877,16.167522596151755
2020-11-03,601088.SH,buy,2664.6178756494087,30.337413000000005,80837.61298075877,16.167522596151755
2020-11-03,601766.SH,buy,12192.436993941426,6.630144,80837.61298075879,16.16752259615176
2020-11-03,601390.SH,buy,12538.032894658612,6.447392,80837.61298075877,16.167522596151755
2020-11-03,601828.SH,buy,7362.140844687293,10.958085,80674.96515805516,16.13499303161103
2020-12-02,601398.SH,sell,8739.952416600583,10.166816,88857.48806833348,17.771497613666696
2020-12-02,600028.SH,sell,6241.591845948421,13.945412,87041.56982759126,17.408313965518253
2020-12-02,000709.SZ,sell,3874.599838011578,23.091611999999998,89470.7561146262,17.89415122292524
2020-12-02,601668.SH,sell,8377.194309470276,10.3862,87007.2155370202,17.401443107404038
2020-12-02,601186.SH,sell,7875.489259319614,10.800752000000001,85061.20636857484,17.01224127371497
2020-12-02,601298.SH,sell,13314.361451900988,6.60971,88004.06803224448,17.6008136064489
2020-12-02,601088.SH,sell,2664.6178756494087,35.80869,95416.47547758822,19.083295095517645
2020-12-02,601766.SH,sell,12192.436993941426,7.064704000000001,86135.95840084598,17.227191680169195
2020-12-02,601390.SH,sell,12538.032894658612,6.83088,85645.79813946562,17.129159627893127
2020-12-02,601828.SH,buy,512.9701974512535,10.934595000000002,5609.12135619949,1.121824271239898
2020-12-02,600177.SH,buy,312.688372254999,275.33819700000004,86095.05263955626,17.219010527911255
2020-12-02,600170.SH,buy,70.5328852685056,47.888456,3377.7109727338784,0.6755421945467757
2020-12-02,600068.SH,buy,2007.6508868883325,42.883478,86095.05263955629,17.21901052791126
2020-12-02,601006.SH,sell,55.77178358927802,13.016652,725.961898400943,0.1451923796801886
2020-12-02,601988.SH,buy,148.34535315326895,6.4004639999999995,949.4790924247843,0.18989581848495687
2020-12-02,601229.SH,buy,3884.36052779069,22.164537000000003,86095.05263955629,17.21901052791126
2020-12-02,600637.SH,buy,1854.922038157148,46.41437799999999,86095.05263955628,17.219010527911255
2020-12-02,601816.SH,buy,14551.998773497933,5.916373,86095.05263955629,17.21901052791126
2020-12-02,601857.SH,buy,148.62152090743888,5.973825000000001,887.8389571348812,0.17756779142697623
2020-12-02,601328.SH,buy,85.08868550184347,9.357328,796.202739329594,0.15924054786591882
2020-12-02,600674.SH,buy,11.926085342457593,207.3489,2472.860677064705,0.4945721354129411
2020-12-02,003816.SZ,buy,789.0120644941526,2.8697199999999996,2264.243701720159,0.45284874034403183
2020-12-02,600016.SH,buy,580.0297983991354,148.43212,86095.05263955628,17.219010527911255
2020-12-02,601169.SH,sell,22.967757353269963,18.220169000000002,418.47642052757146,0.0836952841055143
2020-12-02,600050.SH,buy,10914.842178230254,7.887888,86095.05263955628,17.219010527911255
2020-12-02,601992.SH,buy,208.29653573129383,7.027667,1463.8386903731346,0.2927677380746269
2020-12-02,600795.SH,buy,148.924945714311,578.110351,86095.05263955629,17.21901052791126
2020-12-02,601288.SH,buy,171.67865323308752,5.5305599999999995,949.4790924247844,0.1898958184849569
2020-12-02,600015.SH,buy,2827.1623745437964,30.396672,85936.32738974893,17.187265477949786
2021-01-05,601169.SH,sell,4726.20597811602,17.459486000000002,82517.12710803296,16.503425421606593
2021-01-05,601857.SH,sell,14414.900684618775,5.806725,83703.36417789296,16.740672835578593
2021-01-05,003816.SZ,sell,30007.045565889308,2.8697199999999996,86111.81880134385,17.22236376026877
2021-01-05,600170.SH,sell,1798.1702335086695,46.6446,83874.93127391848,16.7749862547837
2021-01-05,600674.SH,sell,415.29893371968114,199.4121,82815.63250080243,16.563126500160486
2021-01-05,601992.SH,sell,12253.28105078771,6.6661150000000005,81681.78061187171,16.336356122374344
2021-01-05,601828.SH,sell,7875.1110421385465,10.041975000000003,79081.66820737925,15.81633364147585
2021-01-05,600068.SH,sell,2007.6508868883325,41.059987,82434.1193161734,16.48682386323468
2021-01-05,600637.SH,sell,1854.922038157148,43.66139199999999,80988.47823741818,16.197695647483638
2021-01-05,600050.SH,sell,10914.842178230254,6.806484,74291.69864864937,14.858339729729874
2021-01-05,600795.SH,sell,148.924945714311,588.766763,87682.0582181656,17.536411643633123
2021-01-05,601288.SH,buy,331.71017130215597,5.151979999999999,1708.9641683452812,0.3417928336690563
2021-01-05,601988.SH,buy,156.2027636198927,6.019484,940.2600363657261,0.18805200727314525
2021-01-05,601328.SH,buy,180.87605763025653,8.730896,1579.210048059776,0.3158420096119552
2021-01-05,601229.SH,buy,11.225810754628776,21.030663,236.08624288237348,0.0472172485764747
2021-01-05,601916.SH,buy,19309.38911006085,4.242,81910.42860487812,16.382085720975624
2021-01-05,601668.SH,buy,8852.157382437794,9.253160000000001,81910.4286048781,16.38208572097562
2021-01-05,600015.SH,buy,81.43356217162585,28.166976000000002,2293.7371912826934,0.4587474382565387
2021-01-05,601998.SH,buy,10526.389808369318,7.781436,81910.42860487812,16.382085720975624
2021-01-05,600208.SH,buy,3902.2598642252265,20.990510999999998,81910.42860487812,16.382085720975624
2021-01-05,601766.SH,buy,12566.032861573103,6.5184,81910.4286048781,16.38208572097562
2021-01-05,601398.SH,buy,8783.196293049272,9.325811,81910.42860487812,16.382085720975624
2021-01-05,601186.SH,buy,8387.669975112385,9.765576000000001,81910.42860487812,16.382085720975624
2021-01-05,601077.SH,buy,17641.38797537716,4.643083,81910.42860487812,16.382085720975624
2021-01-05,688009.SH,buy,13572.87966993072,6.03486,81910.4286048781,16.38208572097562
2021-01-05,600016.SH,sell,3.621682677665138,142.13334,514.7618553966895,0.1029523710793379
2021-01-05,600000.SH,buy,631.2059807596394,129.76814399999998,81910.42860487809,16.38208572097562
2021-01-05,600177.SH,sell,9.312476978083911,270.050495,2514.8390176076646,0.5029678035215329
2021-01-05,601390.SH,buy,12969.605996622653,6.315567999999999,81910.42860487812,16.382085720975624
2021-01-05,601816.SH,sell,62.75423483658703,5.654319,354.83246236697596,0.07096649247339519
2021-01-05,601006.SH,buy,35.04763361750053,12.291384,430.78392308400817,0.08615678461680164
2021-02-02,600177.SH,sell,303.3758952769151,279.49060000000003,84790.71099648219,16.95814219929644
2021-02-02,601229.SH,sell,3895.5863385453185,22.355999999999998,87089.72818451913,17.417945636903827
2021-02-02,601668.SH,sell,8852.157382437794,9.10016,80556.04852536511,16.111209705073023
2021-02-02,601766.SH,sell,12566.032861573103,7.7625,97543.83008796122,19.508766017592244
2021-02-02,601186.SH,sell,8387.669975112385,9.57696,80328.3798448523,16.06567596897046
2021-02-02,688009.SH,sell,13572.87966993072,5.9856,81241.82855233732,16.248365710467464
2021-02-02,600000.SH,sell,631.2059807596394,138.7521,87581.15536295957,17.516231072591914
2021-02-02,601390.SH,sell,12969.605996622653,6.37336,82659.96807463495,16.53199361492699
2021-02-02,601288.SH,sell,42.814566520250544,5.23428,224.103429245617,0.0448206858491234
2021-02-02,601988.SH,buy,92.6903842535858,6.0579,561.5090787697975,0.1123018157539595
2021-02-02,601328.SH,buy,58.75830873582746,8.79142,516.5689705863283,0.10331379411726567
2021-02-02,600016.SH,buy,13.30727157890927,140.76404,1873.1853088244477,0.37463706176488953
2021-02-02,601169.SH,buy,4813.864856247709,17.24072,82994.49610440701,16.598899220881403
2021-02-02,601006.SH,buy,143.7631016058587,12.217600000000001,1756.4400701797395,0.3512880140359479
2021-02-02,600208.SH,buy,144.86122952408525,20.511,2971.2486787685125,0.5942497357537025
2021-02-02,601998.SH,sell,284.1759346614056,8.1048,2303.18911524376,0.46063782304875206
2021-02-02,601398.SH,sell,142.20192001765773,9.60666,1366.0854969568318,0.27321709939136635
2021-02-02,600919.SH,buy,12223.354061059996,6.789830000000001,82994.49610440701,16.598899220881403
2021-02-02,601916.SH,buy,504.59160513712766,4.189500000000001,2113.9865297219967,0.42279730594439935
2021-02-02,601857.SH,buy,14567.159251445317,5.69737,82994.49610440701,16.598899220881403
2021-02-02,600068.SH,buy,2011.7029759764196,41.25583999999999,82994.496104407,16.5988992208814
2021-02-02,601077.SH,buy,1583.795294196407,4.317760000000001,6838.447969469479,1.367689593893896
2021-02-02,601319.SH,buy,13523.273974347581,6.13716,82994.496104407,16.5988992208814
2021-02-02,600027.SH,buy,14615.515328713644,5.67852,82994.496104407,16.5988992208814
2021-02-02,003816.SZ,buy,29659.428608740105,2.79825,82994.496104407,16.5988992208814
2021-02-02,600795.SH,buy,149.77365733341716,554.1328000000001,82994.496104407,16.5988992208814
2021-02-02,600015.SH,sell,17.281086621279492,28.710499999999996,496.1486374402448,0.09922972748804897
2021-02-02,601816.SH,buy,993.8203000134833,5.35248,5319.403279416169,1.0638806558832339
2021-03-02,601816.SH,sell,15483.064838674829,5.76576,89271.63592423778,17.854327184847556
2021-03-02,600015.SH,sell,2891.314850094143,28.482999999999997,82353.32087523147,16.470664175046295
2021-03-02,600208.SH,sell,4047.1210937493115,21.60492,87437.72746076637,17.487545492153274
2021-03-02,600919.SH,sell,12223.354061059996,7.045820000000001,86123.55251049776,17.22471050209955
2021-03-02,601857.SH,sell,14567.159251445317,6.0456199999999995,88067.50931372283,17.613501862744567
2021-03-02,600068.SH,sell,2011.7029759764196,42.89098,86283.91210854509,17.25678242170902
2021-03-02,601988.SH,buy,88.95075581903043,6.1722,549.0218550662197,0.10980437101324395
2021-03-02,601328.SH,buy,50.332074881091714,8.96764,451.35992798667326,0.09027198559733465
2021-03-02,601006.SH,sell,7.124569564540074,12.54213,89.357277672505,0.017871455534501
2021-03-02,601288.SH,buy,5.018579025386594,5.365959999999999,26.929494307063447,0.0053858988614126895
2021-03-02,601916.SH,buy,8.19934661795528,4.2945,35.21209405080895,0.00704241881016179
2021-03-02,600016.SH,buy,10.357765712980767,141.85948,1469.3472580052808,0.29386945160105615
2021-03-02,601169.SH,buy,123.62806925088397,17.24072,2131.4369260951003,0.4262873852190201
2021-03-02,600837.SH,buy,307.0332387457147,277.1991,85109.33745039724,17.02186749007945
2021-03-02,003816.SZ,buy,540.5020732443002,2.8187499999999996,1523.5402189573708,0.3047080437914742
2021-03-02,601989.SH,buy,12171.082542690248,6.992750000000001,85109.33745039724,17.02186749007945
2021-03-02,600705.SH,buy,400.097298301617,212.7216,85109.33745039724,17.02186749007945
2021-03-02,600795.SH,buy,0.9485097623299759,564.7892,535.7080698585372,0.10714161397170745
2021-03-02,000166.SZ,buy,12236.792249021919,6.9552000000000005,85109.33745039726,17.02186749007945
2021-03-02,601211.SH,buy,4554.7942887967165,18.68566,85109.33745039724,17.02186749007945
2021-03-02,601319.SH,buy,7.401428884249024,6.29136,46.56505362520894,0.009313010725041789
2021-03-02,600027.SH,buy,141.89371730713975,5.76837,818.4954621029857,0.16369909242059716
2021-03-02,601077.SH,sell,112.8439525804584,4.454000000000001,502.60696479336184,0.10052139295867238
2021-03-02,600369.SH,buy,3750.0269853530262,22.695659999999997,85109.33745039724,17.02186749007945
2021-03-02,601398.SH,sell,127.63480567965406,9.999149999999998,1276.2395672117127,0.25524791344234254
2021-03-02,601998.SH,buy,368.6273415411936,8.012699999999999,2953.7002995671214,0.5907400599134243
2021-04-02,601328.SH,sell,9492.605528979946,9.63336,91445.68639865424,18.28913727973085
2021-04-02,600016.SH,sell,600.0731530133603,137.20386,82332.35287580366,16.46647057516073
2021-04-02,601998.SH,sell,10610.841215249107,8.335049999999999,88441.89207116206,17.688378414232414
2021-04-02,601398.SH,sell,8513.35956735196,10.2795,87513.07967259447,17.502615934518893
2021-04-02,600027.SH,sell,14757.409046020783,6.57702,97059.77444385961,19.411954888771923
2021-04-02,003816.SZ,sell,30199.930681984406,2.90075,87602.44892576626,17.520489785153252
2021-04-02,600795.SH,sell,150.72216709574712,618.0712,93157.03068346894,18.63140613669379
2021-04-02,600837.SH,sell,307.0332387457147,255.59319999999997,78475.6079973812,15.695121599476241
2021-04-02,600705.SH,sell,400.097298301617,204.54,81835.90139461274,16.367180278922547
2021-04-02,601169.SH,buy,29.81309264031251,17.34938,517.2386731919851,0.10344773463839702
2021-04-02,601989.SH,buy,364.45042233574566,6.8748000000000005,2505.5237634737846,0.501104752694757
2021-04-02,601319.SH,buy,606.2141236748363,6.0960399999999995,3695.5055464867487,0.7391011092973497
2021-04-02,600233.SH,buy,1525.5203829160387,56.480760000000004,86162.55062258888,17.232510124517777
2021-04-02,601988.SH,sell,206.6766645141251,6.34365,1311.0844228450296,0.26221688456900594
2021-04-02,601211.SH,buy,110.73011886041367,18.47153,2045.354712433697,0.4090709424867394
2021-04-02,600208.SH,buy,4118.428591764194,20.921219999999998,86162.55062258888,17.232510124517777
2021-04-02,002958.SZ,buy,18477.525813855354,4.6631,86162.55062258891,17.232510124517784
2021-04-02,601006.SH,sell,291.70199381460674,13.26755,3870.1707880349854,0.7740341576069971
2021-04-02,601916.SH,buy,543.9602617440074,4.2315000000000005,2301.7678475697676,0.46035356951395356
2021-04-02,600369.SH,buy,128.4498504674747,22.21986,2854.1376944082226,0.5708275388816445
2021-04-02,600482.SH,buy,1768.155078833842,48.7302,86162.5506225889,17.23251012451778
2021-04-02,000166.SZ,buy,553.4950472806895,6.737850000000001,3729.3666043201943,0.7458733208640389
2021-04-02,601288.SH,sell,373.87682171670576,5.563479999999999,2080.056220084458,0.4160112440168916
2021-04-02,601077.SH,buy,420.26487066152913,4.4120800000000004,1854.2422305483196,0.37084844610966394
2021-04-02,600637.SH,buy,1856.2994168554774,46.4163,86162.5506225889,17.23251012451778
2021-04-02,000783.SZ,buy,2191.014680395929,39.32541,86162.55062258887,17.232510124517773
2021-04-02,600015.SH,buy,2945.0737655765006,29.2565,86162.55062258888,17.232510124517777
2021-04-02,002024.SZ,buy,141.00184115622554,611.07394,86162.5506225889,17.23251012451778
2021-04-02,601933.SH,buy,1390.4007374001153,61.85523,86003.55740405373,17.200711480810746
2021-05-07,601319.SH,sell,14136.889526906665,6.20912,87777.64349930672,17.555528699861345
2021-05-07,601989.SH,sell,12535.532965025994,7.060150000000001,88502.74306302828,17.700548612605655
2021-05-07,601211.SH,sell,4665.52440765713,18.71947,87336.14418340541,17.467228836681084
2021-05-07,600369.SH,sell,3878.476835820501,21.36342,82857.52960390442,16.571505920780883
2021-05-07,600233.SH,sell,1525.5203829160387,58.7076,89559.64043208164,17.911928086416328
2021-05-07,600208.SH,sell,4118.428591764194,21.60492,88978.32025077807,17.795664050155615
2021-05-07,002958.SZ,sell,18477.525813855354,4.589249999999999,84797.98534123566,16.959597068247135
2021-05-07,600482.SH,sell,1768.155078833842,49.39536,87338.656654826,17.4677313309652
2021-05-07,600637.SH,sell,1856.2994168554774,42.938700000000004,79707.08377053229,15.94141675410646
2021-05-07,000783.SZ,sell,2191.014680395929,39.38072,86283.73564456157,17.256747128912316
2021-05-07,002024.SZ,sell,141.00184115622554,601.38833,84796.86177986774,16.95937235597355
2021-05-07,601933.SH,sell,1390.4007374001153,48.1399,66933.7524583678,13.386750491673562
2021-05-07,601169.SH,sell,114.1868498213943,17.421819999999997,1989.3427439553634,0.3978685487910727
2021-05-07,601916.SH,sell,31.804443575005514,4.158,132.24287638487294,0.02644857527697459
2021-05-07,601988.SH,buy,71.17827581335244,6.19125,440.6825001294183,0.08813650002588366
2021-05-07,600015.SH,buy,18.631381343415917,28.528499999999998,531.525362655641,0.1063050725311282
2021-05-07,601077.SH,sell,185.44788468693255,4.37016,810.4369277434453,0.16208738554868907
2021-05-07,601288.SH,buy,511.8290586474193,5.283659999999999,2704.330724013023,0.5408661448026046
2021-05-07,601818.SH,buy,14829.772419510415,5.70024,84533.26193659005,16.90665238731801
2021-05-07,601398.SH,buy,8833.816330652886,9.569280000000001,84533.26193659006,16.90665238731801
2021-05-07,688009.SH,buy,14549.214124325328,5.81016,84533.26193659005,16.90665238731801
2021-05-07,600016.SH,buy,656.7516399635009,128.7142,84533.26193659005,16.90665238731801
2021-05-07,600705.SH,buy,429.3867490388444,196.86975,84533.26193659005,16.90665238731801
2021-05-07,601006.SH,sell,95.19975957010897,13.210280000000001,1257.6154798538191,0.25152309597076383
2021-05-07,600050.SH,buy,12421.862977809622,6.805200000000001,84533.26193659005,16.90665238731801
2021-05-07,000166.SZ,buy,119.13643392316733,6.54948,780.2816912511059,0.1560563382502212
2021-05-07,601669.SH,buy,18316.47117354583,4.615150000000001,84533.26193659005,16.90665238731801
2021-05-07,601800.SH,buy,9706.269727733168,8.70914,84533.26193659005,16.90665238731801
2021-05-07,601668.SH,buy,9027.010782936166,9.364479999999999,84533.26193659006,16.90665238731801
2021-05-07,601998.SH,buy,10590.4863363305,7.982,84533.26193659005,16.90665238731801
2021-05-07,601328.SH,buy,8920.09703110254,9.47672,84533.26193659006,16.90665238731801
2021-05-07,000728.SZ,buy,4190.060396455064,20.12608,84329.49074388633,16.865898148777266
2021-06-02,000166.SZ,sell,12909.423730225777,6.86826,88665.2786293605,17.733055725872102
2021-06-02,601818.SH,sell,14829.772419510415,5.76072,85430.16657252204,17.08603331450441
2021-06-02,601398.SH,sell,8833.816330652886,9.68142,85523.88609990946,17.104777219981894
2021-06-02,600705.SH,sell,429.3867490388444,203.51729999999998,87387.6318201632,17.47752636403264
2021-06-02,601998.SH,sell,10590.4863363305,8.02805,85020.95383237807,17.004190766475617
2021-06-02,000728.SZ,sell,4190.060396455064,21.23742,88986.0724648827,17.79721449297654
2021-06-02,601988.SH,sell,175.49140391968123,6.3627,1116.5991557197558,0.22331983114395118
2021-06-02,600015.SH,sell,13.529971420527957,29.074499999999997,393.37715406614006,0.07867543081322802
2021-06-02,601186.SH,buy,8977.966607768578,9.55202,85757.71659673762,17.151543319347525
2021-06-02,601916.SH,sell,13.35314128392314,4.221,56.36360935943957,0.011272721871887915
2021-06-02,601077.SH,buy,1.8381816997754052,4.433040000000001,8.148733002372364,0.0016297466004744727
2021-06-02,601288.SH,buy,32.08303131879032,5.3495,171.6281760398688,0.03432563520797376
2021-06-02,003816.SZ,buy,30424.023626337075,2.8187499999999996,85757.71659673762,17.151543319347525
2021-06-02,601800.SH,buy,200.6286685642636,8.658059999999999,1737.055050149508,0.3474110100299016
2021-06-02,600016.SH,buy,9.644296681178453,128.7142,1241.3579318805396,0.24827158637610794
2021-06-02,688009.SH,sell,18.58784700771513,5.90304,109.72480440042271,0.021944960880084543
2021-06-02,601169.SH,sell,10.249806010084306,17.711579999999998,181.54025913208898,0.036308051826417796
2021-06-02,601669.SH,sell,64.55753591268811,4.6995000000000005,303.3881400216778,0.06067762800433557
2021-06-02,600050.SH,buy,8.194818646316994,6.9006,56.54916555077505,0.01130983311015501
2021-06-02,600068.SH,buy,1920.771800740995,44.64753,85757.7165967376,17.15154331934752
2021-06-02,601006.SH,buy,178.23223866719943,13.03847,2323.8756968951197,0.464775139379024
2021-06-02,601328.SH,buy,93.75031845429397,9.515880000000001,892.1167803728471,0.1784233560745694
2021-06-02,601668.SH,buy,225.8165359851579,9.27008,2093.3373539052927,0.4186674707810586
2021-06-02,600011.SH,buy,4305.086804162913,19.920090000000002,85757.7165967376,17.15154331934752
2021-06-02,601989.SH,buy,12263.804168136656,6.992750000000001,85757.7165967376,17.15154331934752
2021-06-02,600027.SH,buy,13936.987656985795,6.14574,85653.10252304388,17.13062050460878
2021-07-02,601006.SH,sell,6578.563540424419,12.5994,82885.95347122343,16.57719069424469
2021-07-02,600050.SH,sell,12430.05779645594,6.96496,86574.85535000375,17.31497107000075
2021-07-02,601186.SH,sell,8977.966607768578,9.277680000000002,83294.7012375624,16.658940247512483
2021-07-02,600068.SH,sell,1920.771800740995,48.14058,92467.06853531594,18.493413707063187
2021-07-02,600011.SH,sell,4305.086804162913,20.11117,86580.33258327705,17.31606651665541
2021-07-02,600027.SH,sell,13936.987656985795,6.19965,86404.445527632,17.2808891055264
2021-07-02,601916.SH,buy,152.28274749399804,4.168500000000001,634.7906329287309,0.12695812658574618
2021-07-02,601328.SH,sell,100.39343312667663,9.57462,961.2289726833405,0.19224579453666812
2021-07-02,601988.SH,buy,195.64632813467068,6.24008,1220.8487392665959,0.24416974785331919
2021-07-02,600015.SH,buy,75.08219860787706,28.21,2118.068822728212,0.4236137645456424
2021-07-02,601989.SH,sell,29.83663171404163,6.975899999999999,208.137359173983,0.0416274718347966
2021-07-02,600016.SH,buy,8.198556392870586,126.50967000000001,1037.1966637384483,0.20743933274768966
2021-07-02,003816.SZ,buy,643.5339200025161,2.747,1767.7876782469116,0.35355753564938236
2021-07-02,601169.SH,sell,14.513156983715108,17.675359999999998,256.52527442367864,0.05130505488473573
2021-07-02,601998.SH,buy,10856.813538723765,7.8591999999999995,85325.86896353781,17.06517379270756
2021-07-02,600000.SH,buy,635.8393878502357,134.19406,85325.8689635378,17.06517379270756
2021-07-02,601818.SH,buy,14929.22037518858,5.7153599999999996,85325.8689635378,17.06517379270756
2021-07-02,601077.SH,buy,56.37729481579985,4.3979,247.94170487040614,0.049588340974081234
2021-07-02,688009.SH,buy,28.63588387540115,5.86176,167.85667866547143,0.03357133573309429
2021-07-02,601319.SH,buy,14091.989483517173,6.05492,85325.8689635378,17.06517379270756
2021-07-02,601800.SH,buy,46.90946664565414,8.57389,402.1966069785076,0.08043932139570152
2021-07-02,601288.SH,buy,26.076541071251842,5.31392,138.56865312934661,0.027713730625869324
2021-07-02,601398.SH,buy,8762.614283920992,9.73749,85325.86896353781,17.06517379270756
2021-07-02,601668.SH,buy,29.444726362503,9.194180000000001,270.7201142275979,0.05414402284551958
2021-07-02,601669.SH,sell,91.91062937045231,4.6995000000000005,431.93400272644067,0.08638680054528813
2021-07-02,600705.SH,buy,434.0118717891491,196.3584,85221.87672552245,17.04437534510449
2021-08-03,601669.SH,sell,18160.003008262687,6.880140000000001,124943.36309726846,24.988672619453695
2021-08-03,601800.SH,sell,9953.807862943087,8.74458,87041.86916213486,17.40837383242697
2021-08-03,601668.SH,sell,9282.272045283826,8.89823,82595.7915815059,16.51915831630118
2021-08-03,601989.SH,sell,12233.967536422615,6.5715,80395.51766560122,16.079103533120243
2021-08-03,600000.SH,sell,635.8393878502357,128.56866000000002,81749.01807112509,16.349803614225017
2021-08-03,601319.SH,sell,14091.989483517173,5.35468,75458.09424759973,15.091618849519946
2021-08-03,600705.SH,sell,434.0118717891491,205.56269999999998,89216.6521970313,17.843330439406262
2021-08-03,601988.SH,buy,84.14180263861175,6.077999999999999,511.41387643748214,0.10228277528749644
2021-08-03,601288.SH,buy,269.912698102422,5.12164,1382.3956711092885,0.2764791342218577
2021-08-03,003816.SZ,sell,158.47195589930308,2.70592,428.8124349070422,0.08576248698140844
2021-08-03,601006.SH,buy,6886.7905917494,12.142199999999999,83620.78872313956,16.724157744627913
2021-08-03,601077.SH,buy,460.6927501497691,4.21005,1939.5395127680354,0.3879079025536071
2021-08-03,601328.SH,buy,318.97412903662484,9.059040000000001,2889.5993939079463,0.5779198787815892
2021-08-03,601398.SH,buy,482.18038411466995,9.04689,4362.232895243166,0.8724465790486333
2021-08-03,601169.SH,buy,173.11689688777292,16.72246,2894.9403835299076,0.5789880767059815
2021-08-03,601916.SH,buy,491.36133600823257,3.9894400000000005,1960.2565683246837,0.3920513136649368
2021-08-03,600015.SH,buy,141.88050146181223,26.407679999999996,3746.734880843069,0.7493469761686138
2021-08-03,601818.SH,buy,766.5901398510824,5.3286,4084.852219210478,0.8169704438420956
2021-08-03,600028.SH,buy,6196.87289291187,13.49403,83620.78872313956,16.724157744627913
2021-08-03,600016.SH,buy,54.27457048600903,114.748,6227.898414128565,1.245579682825713
2021-08-03,601998.SH,buy,418.8949880989769,7.41744,3107.1284405248753,0.6214256881049751
2021-08-03,601186.SH,buy,8976.916886808347,9.31509,83620.78872313956,16.724157744627913
2021-08-03,601939.SH,buy,7411.508445170206,11.28256,83620.78872313956,16.724157744627913
2021-08-03,601816.SH,buy,17471.66548054766,4.78608,83620.78872313956,16.724157744627913
2021-08-03,601229.SH,buy,4073.901926346942,20.52597,83620.78872313954,16.72415774462791
2021-08-03,688009.SH,buy,589.0502397429151,5.5212,3252.264183668583,0.6504528367337167
2021-08-03,000166.SZ,buy,12863.101166453966,6.49116,83496.44776763931,16.699289553527862
2021-09-02,601998.SH,sell,11275.708526822742,7.5467200000000005,85094.61505354373,17.018923010708747
2021-09-02,600028.SH,sell,6196.87289291187,14.47974,89729.10830241171,17.94582166048234
2021-09-02,601186.SH,sell,8976.916886808347,10.673800000000002,95817.81546641495,19.163563093282992
2021-09-02,601816.SH,sell,17471.66548054766,4.94832,86455.3917307036,17.291078346140722
2021-09-02,000166.SZ,sell,12863.101166453966,7.069139999999999,90931.06297982637,18.186212595965273
2021-09-02,601328.SH,buy,29.21334314133651,9.35262,273.2212973305267,0.054644259466105335
2021-09-02,601988.SH,buy,257.1459373059663,6.179299999999999,1588.981890394757,0.31779637807895145
2021-09-02,601006.SH,sell,98.12424420060995,12.759599999999999,1252.0261063021026,0.25040522126042053
2021-09-02,601288.SH,buy,298.6851627084951,5.20904,1555.8629599550593,0.3111725919910119
2021-09-02,601169.SH,buy,107.60927409825,16.95418,1824.4270027310683,0.3648854005462137
2021-09-02,600016.SH,buy,20.384783546182053,115.60861000000001,2356.6564909249782,0.4713312981849957
2021-09-02,601916.SH,buy,1298.0587516595472,3.8908,5050.486990956966,1.0100973981913932
2021-09-02,601398.SH,buy,145.6833273659235,9.22428,1343.823802954941,0.2687647605909882
2021-09-02,600015.SH,buy,26.212568132646435,27.12528,711.0232501171117,0.14220465002342236
2021-09-02,601077.SH,sell,20.559717631560144,4.36475,89.73802753235213,0.017947605506470427
2021-09-02,601229.SH,buy,77.23612390791604,20.86665,1611.6591649431161,0.3223318329886232
2021-09-02,600000.SH,buy,668.4709007095997,129.5544,86603.34645889176,17.32066929177835
2021-09-02,002252.SZ,buy,510.71755673488207,169.5719,86603.34645889174,17.320669291778348
2021-09-02,002024.SZ,buy,184.53263038115136,469.31183000000004,86603.34645889176,17.32066929177835
2021-09-02,601607.SH,buy,446.75627476869516,193.84920000000002,86603.34645889176,17.32066929177835
2021-09-02,600029.SH,buy,8763.660019479878,9.8658,86460.51702018458,17.292103404036915
2021-09-02,003816.SZ,sell,669.4017647470413,2.86447,1917.4812730649573,0.38349625461299147
2021-09-02,601939.SH,buy,59.07599661489325,11.59488,684.9790916300934,0.1369958183260187
2021-10-11,688009.SH,sell,15148.312400935929,5.596100000000001,84771.47102687757,16.954294205375515
2021-10-11,003816.SZ,sell,30239.683825693246,3.5092399999999997,106118.30806847576,21.223661613695153
2021-10-11,002024.SZ,sell,184.53263038115136,453.46265000000005,83678.65558410742,16.735731116821484
2021-10-11,600029.SH,sell,8763.660019479878,10.32507,90485.40315733111,18.097080631466223
2021-10-11,601916.SH,buy,138.25210514459312,3.9236800000000005,542.4570199137372,0.10849140398274745
2021-10-11,601988.SH,buy,67.59248589950366,6.24008,421.7825194117748,0.08435650388235497
2021-10-11,601288.SH,buy,358.48641527473933,5.17408,1854.8373915447232,0.37096747830894466
2021-10-11,601328.SH,sell,69.91598684665566,9.56232,668.5590393435123,0.13371180786870246
2021-10-11,601398.SH,buy,57.332305863733914,9.30312,533.3693213270202,0.10667386426540404
2021-10-11,600000.SH,buy,15.911947560375099,128.42784,2043.5370553722437,0.40870741107444875
2021-10-11,601077.SH,buy,497.68982410219127,4.32055,2150.2937695247224,0.4300587539049445
2021-10-11,600015.SH,buy,41.2429892067052,27.173119999999997,1120.700694872505,0.224140138974501
2021-10-11,601229.SH,buy,4.508047564564978,21.15055,95.3476854167098,0.01906953708334196
2021-10-11,601169.SH,sell,6.227861712424883,17.224520000000002,107.27192862289667,0.021454385724579333
2021-10-11,601998.SH,buy,11770.370472079621,7.465920000000001,87876.6443149087,17.575328862981742
2021-10-11,600016.SH,buy,24.45444261319564,113.60052,2778.0373971691834,0.5556074794338367
2021-10-11,600050.SH,buy,13009.356837561689,6.75488,87876.6443149087,17.575328862981742
2021-10-11,601006.SH,sell,9.529595595770502,12.965399999999999,123.55501873740286,0.024711003747480573
2021-10-11,600848.SH,buy,2088.4955179267085,42.076530000000005,87876.6443149087,17.575328862981742
2021-10-11,601319.SH,buy,16064.025357361197,5.470400000000001,87876.6443149087,17.575328862981742
2021-10-11,601818.SH,buy,177.41593572446186,5.53725,982.3963900902764,0.1964792780180553
2021-10-11,601607.SH,buy,3.1617522898414676,195.35580000000002,617.6666479838118,0.12353332959676236
2021-10-11,601939.SH,sell,15.654564823138793,11.79008,184.56857162999222,0.036913714325998444
2021-10-11,002252.SZ,buy,15.43396632556319,166.91100000000003,2576.098753366078,0.5152197506732157
2021-11-02,601328.SH,sell,9191.725401761463,9.8559,90592.72638722081,18.118545277444163
2021-11-02,002252.SZ,sell,526.1515230604452,161.34730000000002,84893.12763669058,16.978625527338117
2021-11-02,601607.SH,sell,449.9180270585366,184.91004,83194.36038011509,16.63887207602302
2021-11-02,601319.SH,sell,16064.025357361197,5.22844,83989.79273944157,16.797958547888317
2021-11-02,601988.SH,sell,160.91131725528183,6.2198199999999995,1000.8394292907469,0.2001678858581494
2021-11-02,601288.SH,sell,248.53179452788535,5.17408,1285.923387430841,0.25718467748616824
2021-11-02,601916.SH,buy,637.3691454500382,3.7592800000000004,2396.04908110742,0.47920981622148406
2021-11-02,601998.SH,sell,17.297407649561055,7.3689599999999995,127.46390507330942,0.025492781014661885
2021-11-02,601006.SH,sell,99.20977022761684,12.965399999999999,1286.2943549091433,0.25725887098182865
2021-11-02,600016.SH,sell,3.538578940901341,112.45304,397.9239591843361,0.07958479183686723
2021-11-02,601398.SH,sell,157.93530742090456,9.322830000000002,1472.404022082832,0.2944808044165664
2021-11-02,688009.SH,buy,16414.969795345878,5.2751,86590.60716742904,17.31812143348581
2021-11-02,600000.SH,buy,21.72732306607736,122.65422000000002,2664.947863357728,0.5329895726715456
2021-11-02,601939.SH,sell,35.39573233518754,11.67296,413.1729677193507,0.08263459354387015
2021-11-02,600050.SH,buy,94.29500607794422,6.60944,623.2371849718077,0.12464743699436154
2021-11-02,601229.SH,sell,10.742556650679719,20.89504,224.46615091821877,0.04489323018364376
2021-11-02,601169.SH,sell,97.12531196922345,17.30176,1680.4388376166316,0.33608776752332636
2021-11-02,601077.SH,buy,14.779792638388754,4.25425,62.87693283186535,0.012575386566373071
2021-11-02,600015.SH,sell,30.405235936867882,27.029600000000002,821.8413652791642,0.16436827305583285
2021-11-02,601818.SH,sell,322.4125696357137,5.56935,1795.628444700662,0.3591256889401324
2021-11-02,600848.SH,buy,24.303389376695637,40.99194,996.243079126145,0.199248615825229
2021-11-02,601766.SH,buy,11359.363067758088,7.622839999999999,86590.60716742906,17.318121433485814
2021-11-02,601901.SH,buy,10213.276242171612,8.47824,86590.60716742904,17.31812143348581
2021-11-02,000728.SZ,buy,4363.375979180998,19.82868,86519.98601086666,17.303997202173335
2021-12-02,600000.SH,sell,706.1101713360522,120.54192000000002,85115.87578437671,17.023175156875343
2021-12-02,600848.SH,sell,2112.798907303404,39.62925,83728.63609725343,16.745727219450686
2021-12-02,601766.SH,sell,11359.363067758088,7.776319999999999,88334.04221106856,17.666808442213714
2021-12-02,000728.SZ,sell,4363.375979180998,20.17806,88044.46231047293,17.608892462094587
2021-12-02,601988.SH,sell,136.01920468843448,6.199559999999999,843.2592206182308,0.16865184412364617
2021-12-02,601229.SH,buy,42.86167520697428,20.41241,874.910087611594,0.17498201752231882
2021-12-02,000703.SZ,buy,855.6165087784026,99.88758,85465.4624699234,17.09309249398468
2021-12-02,601169.SH,buy,13.377248607892511,17.03142,227.83353948543268,0.045566707897086535
2021-12-02,601939.SH,buy,170.083971787788,11.263039999999998,1915.6625776047274,0.3831325155209455
2021-12-02,601077.SH,sell,159.59876568255126,4.23215,675.4459161834093,0.13508918323668187
2021-12-02,601288.SH,sell,48.34129299772299,5.12164,247.58669986885798,0.0495173399737716
2021-12-02,601916.SH,sell,431.0510425846394,3.7812000000000006,1629.8902022210386,0.32597804044420775
2021-12-02,601398.SH,buy,138.38969386847654,9.0666,1254.7239984279292,0.25094479968558586
2021-12-02,600016.SH,sell,8.063314825892734,112.16617000000001,904.4311415246049,0.180886228304921
2021-12-02,601998.SH,sell,75.8940321237952,7.320480000000001,555.5807442816003,0.11111614885632007
2021-12-02,600050.SH,buy,259.71074944665645,6.39676,1661.307333630394,0.3322614667260788
2021-12-02,601607.SH,buy,463.2066510506921,184.50828,85465.4624699234,17.09309249398468
2021-12-02,600015.SH,sell,52.790107719861346,27.12528,1431.9464531314006,0.28638929062628016
2021-12-02,601328.SH,buy,8898.703540920736,9.60426,85465.4624699234,17.09309249398468
2021-12-02,688009.SH,sell,144.045387325365,5.2537,756.7712513912701,0.15135425027825403
2021-12-02,600705.SH,buy,423.3713306361528,201.8688,85465.4624699234,17.09309249398468
2021-12-02,601901.SH,buy,348.1271052615758,8.09381,2817.674645837195,0.563534929167439
2021-12-02,601818.SH,buy,67.98754450652119,5.47305,372.0992304614158,0.07441984609228317
2021-12-02,601006.SH,buy,90.44303646342982,12.61554,1140.9877442258573,0.2281975488451715
2022-01-05,601077.SH,sell,20198.375663059524,4.27635,86375.32376672458,17.275064753344918
2022-01-05,601006.SH,sell,6770.370018188833,13.29468,90009.9028734147,18.00198057468294
2022-01-05,601901.SH,sell,10561.403347433188,8.23927,87018.25375840584,17.40365075168117
2022-01-05,000703.SZ,sell,855.6165087784026,101.78478000000001,87088.73811037779,17.41774762207556
2022-01-05,601607.SH,sell,463.2066510506921,205.3998,95142.55348448195,19.02851069689639
2022-01-05,600705.SH,sell,423.3713306361528,210.28,89026.5234061702,17.80530468123404
2022-01-05,601229.SH,buy,89.37062573007675,20.355629999999998,1819.1953902299222,0.3638390780459845
2022-01-05,601288.SH,buy,250.9370636952613,5.13912,1289.5956827775913,0.2579191365555183
2022-01-05,601988.SH,buy,209.32885260472216,6.2198199999999995,1301.9877840079027,0.26039755680158055
2022-01-05,600016.SH,buy,14.097714854384765,112.16617000000001,1581.286680968447,0.3162573361936894
2022-01-05,601169.SH,buy,24.244572577295443,17.26314,418.53745064201206,0.08370749012840242
2022-01-05,601328.SH,buy,87.95314243133608,9.68814,852.1023573147244,0.1704204714629449
2022-01-05,601398.SH,buy,50.819930444898176,9.18486,466.7739463461275,0.09335478926922551
2022-01-05,600015.SH,buy,86.84606945971366,26.88608,2334.950371179418,0.4669900742358837
2022-01-05,600050.SH,sell,25.5929702636428,6.52764,167.0616964117653,0.033412339282353064
2022-01-05,688009.SH,sell,94.30961068824271,5.3821,507.58375568519114,0.10151675113703823
2022-01-05,601939.SH,sell,42.65699703489671,11.53632,492.1047680336196,0.09842095360672393
2022-01-05,601818.SH,buy,671.0288191680645,5.34465,3586.414178366596,0.7172828356733192
2022-01-05,600000.SH,buy,721.2858205812349,120.68274000000001,87046.74915089183,17.409349830178368
2022-01-05,601998.SH,sell,40.82142844183123,7.482080000000001,305.4291933160566,0.06108583866321133
2022-01-05,600837.SH,buy,300.0949347285235,290.06404,87046.74915089183,17.409349830178368
2022-01-05,000800.SZ,buy,3382.2610259179787,25.736259999999998,87046.74915089183,17.409349830178368
2022-01-05,601916.SH,buy,24.676838835420728,3.84696,94.93081192631013,0.018986162385262028
2022-01-05,601336.SH,buy,1961.7424337893813,44.37216,87046.74915089183,17.409349830178368
2022-01-05,601628.SH,buy,2293.0790721887684,37.96064,87046.74915089185,17.40934983017837
2022-01-05,601319.SH,buy,17405.732249219134,4.994880000000001,86939.54389697968,17.387908779395936
2022-02-08,600050.SH,sell,13337.769622822647,6.1513599999999995,82045.42254704631,16.409084509409265
2022-02-08,601328.SH,sell,8986.656683352072,10.212390000000001,91775.24284649787,18.355048569299576
2022-02-08,600837.SH,sell,300.0949347285235,272.19948,81685.68518373804,16.33713703674761
2022-02-08,000800.SZ,sell,3382.2610259179787,23.695279999999997,80143.62204221376,16.028724408442752
2022-02-08,601336.SH,sell,1961.7424337893813,43.53151999999999,85397.62999135112,17.079525998270224
2022-02-08,601628.SH,sell,2293.0790721887684,35.369,81103.91370424455,16.22078274084891
2022-02-08,601319.SH,sell,17405.732249219134,4.8681600000000005,84733.88950635862,16.946777901271727
2022-02-08,601916.SH,buy,191.88984111064866,3.7921600000000004,727.6769798661575,0.1455353959732315
2022-02-08,601988.SH,sell,305.34854225623684,6.32112,1930.1447774267438,0.38602895548534877
2022-02-08,601229.SH,buy,4.702650965760098,20.21368,95.05788177356557,0.019011576354713115
2022-02-08,601398.SH,sell,214.82327999847163,9.342540000000001,2006.9950863169215,0.40139901726338434
2022-02-08,600016.SH,sell,6.534103430512851,112.45304,734.7797944355989,0.1469559588871198
2022-02-08,601288.SH,sell,436.49556768914556,5.244,2288.982756961879,0.45779655139237585
2022-02-08,601006.SH,buy,6229.307507264121,13.891499999999999,86534.42523715954,17.30688504743191
2022-02-08,601728.SH,buy,20554.49530573861,4.21,86534.42523715954,17.30688504743191
2022-02-08,000703.SZ,buy,896.1031730056487,96.56748,86534.42523715952,17.306885047431905
2022-02-08,601818.SH,sell,475.66225397394317,5.47305,2603.3232991120894,0.5206646598224179
2022-02-08,688009.SH,buy,331.3738815833727,5.243,1737.393261141623,0.34747865222832464
2022-02-08,601169.SH,sell,139.38678933159096,17.649340000000002,2460.0848364216217,0.49201696728432437
2022-02-08,601989.SH,buy,12618.118422729754,6.857950000000001,86534.42523715952,17.306885047431905
2022-02-08,600015.SH,sell,91.82376747224905,27.508,2525.888195626627,0.5051776391253254
2022-02-08,600000.SH,sell,0.7386908971108815,120.11946,88.73115166787466,0.017746230333574933
2022-02-08,601998.SH,sell,408.00536599587605,7.70832,3145.035922813331,0.6290071845626662
2022-02-08,601816.SH,buy,16379.97502094658,5.28294,86534.42523715952,17.306885047431905
2022-02-08,601939.SH,sell,313.67780747912786,11.96576,3753.393361621449,0.7506786723242899
2022-02-08,600999.SH,buy,2600.1305628818873,33.280800000000006,86534.42523715954,17.30688504743191
2022-02-08,000725.SZ,buy,3541.7564277564948,24.398279999999996,86412.76501620271,17.282553003240544
2022-03-02,601939.SH,sell,7233.283311900536,11.86816,85845.76367096546,17.169152734193094
2022-03-02,601006.SH,sell,6229.307507264121,13.973819999999998,87047.22183115751,17.409444366231504
2022-03-02,601728.SH,sell,20554.49530573861,4.12,84684.52065964307,16.936904131928614
2022-03-02,601816.SH,sell,16379.97502094658,5.140980000000001,84209.12398318596,16.84182479663719
2022-03-02,000725.SZ,sell,3541.7564277564948,23.15853,82021.87248489162,16.404374496978324
2022-03-02,601138.SH,buy,7290.599200304391,11.67405,85110.81959431348,17.022163918862695
2022-03-02,600016.SH,sell,10.72600703910112,112.16617000000001,1203.0951289690129,0.2406190257938026
2022-03-02,601988.SH,sell,225.25918887390648,6.32112,1423.8903639746277,0.28477807279492556
2022-03-02,601229.SH,sell,4.35627910396981,19.90139,86.69600939695374,0.01733920187939075
2022-03-02,000703.SZ,buy,18.679061066103706,93.05766000000001,1738.2297138087165,0.3476459427617433
2022-03-02,601169.SH,sell,38.086956342142514,17.494860000000003,666.3259690318955,0.1332651938063791
2022-03-02,601288.SH,sell,217.2352904483226,5.226520000000001,1135.3845902339672,0.22707691804679345
2022-03-02,601818.SH,buy,18.411533863255165,5.37675,98.99421469925721,0.019798842939851444
2022-03-02,601989.SH,sell,385.4369851438293,6.95905,2682.2752514651656,0.5364550502930332
2022-03-02,688009.SH,sell,36.20180206877225,5.168100000000001,187.0945332716219,0.03741890665432438
2022-03-02,600000.SH,sell,1.7418024506808825,118.42962000000001,206.28100234920566,0.04125620046984114
2022-03-02,601916.SH,sell,244.9304660222111,3.7702400000000003,923.4466402155813,0.18468932804311627
2022-03-02,601398.SH,sell,15.829118269380018,9.20457,145.70022714878723,0.029140045429757448
2022-03-02,600848.SH,buy,2150.6952886129848,39.57363,85110.81959431348,17.022163918862695
2022-03-02,600015.SH,buy,8.592305898649766,26.981759999999998,231.83553560395228,0.04636710712079046
2022-03-02,601998.SH,buy,198.53211208564994,7.449760000000001,1479.0165873311917,0.29580331746623834
2022-03-02,601607.SH,buy,457.0548679355253,186.21576,85110.81959431346,17.022163918862695
2022-03-02,601766.SH,buy,11414.205136451945,7.456569999999999,85110.81959431346,17.022163918862695
2022-03-02,600332.SH,buy,1868.3828928442674,45.5532,85110.81959431348,17.022163918862695
2022-03-02,600999.SH,buy,101.45359634364387,31.47809,3193.565436528893,0.6387130873057786
2022-04-06,601998.SH,sell,11426.884349954207,8.419360000000001,96207.05302063047,19.241410604126095
2022-04-06,000703.SZ,sell,914.7822340717524,80.72586,73846.58255816351,14.769316511632704
2022-04-06,600999.SH,sell,2701.584159225531,28.98203,78297.39315019912,15.659478630039825
2022-04-06,600848.SH,sell,2150.6952886129848,39.796110000000006,85589.3062821241,17.11786125642482
2022-04-06,601607.SH,sell,457.0548679355253,244.06920000000002,111553.01597312932,22.310603194625866
2022-04-06,600332.SH,sell,1868.3828928442674,48.602399999999996,90807.89271117421,18.161578542234842
2022-04-06,601288.SH,sell,441.93939112120717,5.366359999999999,2371.605870937201,0.47432117418744024
2022-04-06,601398.SH,sell,222.80074188944224,9.421380000000001,2099.0904536223534,0.4198180907244707
2022-04-06,601988.SH,sell,671.0730338832997,6.645279999999999,4459.468210604013,0.8918936421208026
2022-04-06,601728.SH,buy,21201.22207334202,4.01,85016.90051410151,17.0033801028203
2022-04-06,601989.SH,buy,909.1223793520794,6.4704,5882.385443359694,1.176477088671939
2022-04-06,601169.SH,sell,89.71666237256865,17.80382,1597.2993078819852,0.31945986157639705
2022-04-06,601939.SH,buy,6935.308919979305,12.258560000000001,85016.90051410151,17.0033801028203
2022-04-06,601229.SH,buy,186.27515937529782,19.04969,3548.484040800017,0.7096968081600034
2022-04-06,601818.SH,buy,77.50271628246293,5.34465,414.22489257906545,0.0828449785158131
2022-04-06,601916.SH,buy,375.37575023316066,3.70448,1390.571959223739,0.2781143918447478
2022-04-06,600028.SH,buy,5539.57076952809,15.3472,85016.90051410151,17.0033801028203
2022-04-06,600015.SH,buy,13.370629241747057,26.83824,358.84415654102554,0.0717688313082051
2022-04-06,600000.SH,buy,35.99772650740364,112.656,4055.3598774180646,0.811071975483613
2022-04-06,600016.SH,buy,8.980748008018285,110.73182,994.4545718892392,0.19889091437784787
2022-04-06,600104.SH,buy,503.0855828422361,168.99093,85016.90051410151,17.0033801028203
2022-04-06,601138.SH,buy,710.9057260924009,10.62705,7554.830696470249,1.5109661392940499
2022-04-06,002736.SZ,buy,7546.258289390428,11.2661,85016.90051410151,17.0033801028203
2022-04-06,688009.SH,buy,1267.0084310389154,4.7936000000000005,6073.531615028146,1.2147063230056292
2022-04-06,601766.SH,buy,920.4305496982054,6.893809999999999,6345.273327814984,1.2690546655629968
2022-04-06,601319.SH,buy,17403.654368639403,4.87872,84907.55664136844,16.98151132827369
2022-05-06,601989.SH,sell,13141.803816938005,5.9312000000000005,77946.6667990227,15.58933335980454
2022-05-06,601138.SH,sell,8001.504926396792,9.873209999999998,79000.53845435005,15.800107690870012
2022-05-06,601766.SH,sell,12334.63568615015,6.36942,78564.47523207849,15.7128950464157
2022-05-06,600104.SH,sell,503.0855828422361,163.86390000000003,82437.56563830191,16.48751312766038
2022-05-06,002736.SZ,sell,7546.258289390428,10.249099999999999,77342.35583379143,15.468471166758286
2022-05-06,601319.SH,sell,17403.654368639403,4.8048,83621.0785104386,16.724215702087722
2022-05-06,601288.SH,sell,613.4476347800976,5.366359999999999,3291.980849378524,0.6583961698757048
2022-05-06,601988.SH,sell,227.14568866677774,6.50346,1477.2329004168423,0.2954465800833685
2022-05-06,601728.SH,buy,141.2883229948925,3.83,541.1342770704383,0.10822685541408766
2022-05-06,601398.SH,sell,276.19898482136193,9.342540000000001,2580.400063652967,0.5160800127305935
2022-05-06,601939.SH,buy,20.83062924479056,11.75104,244.78155748070367,0.048956311496140735
2022-05-06,601328.SH,buy,7825.826714510876,10.443060000000001,81725.57792923995,16.345115585847992
2022-05-06,600050.SH,buy,14272.717067628355,5.726,81725.57792923995,16.345115585847992
2022-05-06,601818.SH,buy,309.45684486239776,5.0397,1559.569661053026,0.3119139322106052
2022-05-06,600016.SH,buy,12.741557199871325,104.70755,1334.1372375833866,0.26682744751667736
2022-05-06,600015.SH,buy,37.335730975308735,25.49872,952.0133501347243,0.19040267002694486
2022-05-06,600000.SH,sell,23.73129372541903,111.81108000000002,2653.4215812363254,0.5306843162472651
2022-05-06,601169.SH,sell,62.19684768196977,17.34038,1078.516973607475,0.215703394721495
2022-05-06,601006.SH,buy,6062.773309092794,13.479899999999999,81725.57792923995,16.345115585847992
2022-05-06,601229.SH,buy,14.078920586559825,18.25477,257.0074571559147,0.051401491431182944
2022-05-06,600900.SH,buy,1075.734573492718,75.97188,81725.57792923995,16.345115585847992
2022-05-06,600028.SH,sell,151.60389513280077,15.171199999999999,2300.0130138387467,0.46000260276774935
2022-05-06,601916.SH,sell,557.2567629228434,3.6496800000000005,2033.8088625042435,0.4067617725008487
2022-05-06,600887.SH,buy,27.58272385284776,2962.9263,81725.57792923997,16.345115585847996
2022-05-06,600837.SH,buy,386.6403743993209,208.49821999999998,80613.82984239196,16.122765968478394
2022-05-06,688009.SH,sell,217.16214214245548,4.6652000000000005,1013.1048255229834,0.2026209651045967
2022-06-02,688009.SH,sell,17521.63316574333,4.8257,84554.14516792759,16.910829033585518
2022-06-02,600000.SH,sell,731.0717600154277,111.10698000000001,81227.17541859893,16.245435083719787
2022-06-02,600900.SH,sell,1075.734573492718,79.50930000000001,85530.90292420458,17.106180584840917
2022-06-02,600887.SH,sell,27.58272385284776,2881.77946,79487.32704998874,15.89746540999775
2022-06-02,601988.SH,buy,99.59743449071837,6.46294,643.6922432674434,0.12873844865348869
2022-06-02,601728.SH,sell,294.58017632210203,3.89,1145.916885892977,0.2291833771785954
2022-06-02,601939.SH,buy,69.79321308929836,11.65344,813.331021143353,0.16266620422867062
2022-06-02,601169.SH,buy,71.69467833234208,17.10866,1226.5998753974077,0.24531997507948156
2022-06-02,601288.SH,buy,329.13575205110794,5.26148,1731.7411767018634,0.3463482353403727
2022-06-02,601229.SH,buy,28.3908869466223,18.1696,515.8510594653485,0.1031702118930697
2022-06-02,601398.SH,buy,203.23428091519338,9.145439999999999,1858.666922053046,0.3717333844106092
2022-06-02,601818.SH,buy,183.43502658006318,4.99155,915.6251069257144,0.1831250213851429
2022-06-02,600050.SH,buy,191.61713672558645,5.660559999999999,1084.6602994633854,0.21693205989267708
2022-06-02,601916.SH,buy,588.9600951316322,3.5620000000000003,2097.875858858874,0.4195751717717748
2022-06-02,600015.SH,sell,6.720504708289896,25.594399999999997,172.00728570585488,0.03440145714117098
2022-06-02,600016.SH,sell,25.605263019582882,108.43686,2776.554321317686,0.5553108642635373
2022-06-02,600028.SH,sell,89.48060939104096,15.452799999999998,1382.7259607978776,0.2765451921595755
2022-06-02,601006.SH,sell,115.91613167312,13.76802,1595.9356191981497,0.31918712383962994
2022-06-02,601328.SH,buy,110.03806115009735,10.31724,1135.2890860202303,0.22705781720404608
2022-06-02,601766.SH,buy,12623.902818022203,6.48453,81860.07654054952,16.372015308109905
2022-06-02,601211.SH,buy,4877.012915227844,16.784879999999998,81860.07654054952,16.372015308109905
2022-06-02,600837.SH,sell,3.0264027680379546,213.43448,645.9387010667415,0.1291877402133483
2022-06-02,000166.SZ,buy,13706.257813455348,5.97246,81860.07654054952,16.372015308109905
2022-06-02,601628.SH,buy,2649.2044635386337,30.87432,81792.38635272012,16.358477270544025
