date,self_built,rqalpha_align,rqalpha_full
2011-06-01,1000000.0,1000000.0,1000000.0
2011-06-02,986912.2542259602,987000.8872,987000.8872
2011-06-03,996548.600814545,996496.8872,996496.8872
2011-06-07,1001962.5136356939,1001873.8872,1001873.8872
2011-06-08,1004982.998924569,1004880.8872,1004880.8872
2011-06-09,995645.69519799,995621.3272,995621.3272
2011-06-10,997772.9601820363,997709.6072,997709.6072
2011-06-13,989430.7446160759,989454.2472,989454.2472
2011-06-14,996944.0576598936,996923.9472,996923.9472
2011-06-15,989781.9594888054,989872.3072,989872.3072
2011-06-16,972447.5564841316,972693.3272,972693.3272
2011-06-17,968993.2237867411,969291.6072,969291.6072
2011-06-20,960365.1668505956,960772.2672,960772.2672
2011-06-21,966235.9775193182,966560.8272,966560.8272
2011-06-22,964440.1820071946,964776.4172,964776.4172
2011-06-23,975105.7126248697,975341.3472,975341.3472
2011-06-24,994707.3220565487,994774.7972,994774.7972
2011-06-27,993887.7593062962,993931.3972,993931.3972
2011-06-28,990343.2219270056,990434.2572,990434.2572
2011-06-29,984382.435160967,984532.1672,984532.1672
2011-06-30,992100.5367213135,992176.0772,992176.0772
2011-07-01,994694.1023047342,994757.2672,994757.2672
2011-07-04,1010275.5320199343,1010074.1901,1009413.0805
2011-07-05,1009143.4865549203,1008894.0101,1008232.9005
2011-07-06,1004736.7729003258,1004495.2901,1003834.1805
2011-07-07,1002230.3098583949,1001806.9601,1001145.8505
2011-07-08,1005836.8324919367,1005404.0501,1004742.9405
2011-07-11,1005354.0203369072,1004841.5701,1004180.4605
2011-07-12,993734.9045567213,993363.4501,992702.3405
2011-07-13,1004906.7669529603,1004319.2101,1003658.1005
2011-07-14,1008335.714244158,1007624.2001,1006963.0905
2011-07-15,1014052.8930388226,1013197.9901,1012536.8805
2011-07-18,1009805.479085698,1008932.9901,1008271.8805
2011-07-19,1002054.5232226751,1001232.6201,1000571.5105
2011-07-20,999123.5467712648,998450.9501,997789.8405
2011-07-21,994151.710467181,993516.8101,992855.7005
2011-07-22,994323.137171099,993692.0701,993030.9605
2011-07-25,969329.4175319978,968879.3801,968218.2705
2011-07-26,973109.7391930714,972560.1901,971899.0805
2011-07-27,974184.3252761343,973565.1901,972904.0805
2011-07-28,965810.0687648964,965342.4401,964681.3305
2011-07-29,969117.1054756319,968777.4101,968116.3005
2011-08-01,966440.4506446566,966106.8901,965445.7805
2011-08-02,955015.5326821412,954771.2922,953651.1639
2011-08-03,953386.7273425913,953146.1122,952023.9839
2011-08-04,952306.1735425303,952071.3522,950950.2239
2011-08-05,928854.6069717869,928721.2722,927609.1439
2011-08-08,893325.257945728,893354.1922,892257.0639
2011-08-09,889146.5286319739,889179.2122,888083.0839
2011-08-10,896264.2219534848,896272.6922,895171.5639
2011-08-11,905282.2156722714,905253.3722,904151.2439
2011-08-12,912524.9847925971,912472.0122,911366.8839
2011-08-15,921451.9333216592,921349.0322,920240.9039
2011-08-16,915654.384401984,915574.7122,914466.5839
2011-08-17,913726.7373573857,913651.7922,912547.6639
2011-08-18,900587.052922265,900568.6122,899467.4839
2011-08-19,890806.2079715496,890833.8122,889737.6839
2011-08-22,886800.596741603,886849.6722,885753.5439
2011-08-23,899862.8188727952,899853.3322,898752.2039
2011-08-24,894378.2834821593,894397.6122,893297.4839
2011-08-25,919228.2779532957,919141.0522,918031.9239
2011-08-26,915596.4448314245,915518.0922,914410.9639
2011-08-29,902412.2431656589,902396.8122,901294.6839
2011-08-30,901388.2509519225,901373.5922,900274.4639
2011-08-31,902662.7285768726,902637.7722,901538.6439
2011-09-01,899860.9511083083,899848.5122,898749.3839
2011-09-02,891901.231406299,891989.4981,890326.0207
2011-09-05,877789.9579270411,878126.5781,876463.1007
2011-09-06,870267.206768277,870784.7981,869121.3207
2011-09-07,880366.1940449206,880669.3381,879005.8607
2011-09-08,878742.4708595197,879101.3581,877437.8807
2011-09-09,880608.0952870586,880984.1381,879320.6607
2011-09-13,873678.7477666488,874280.1581,872616.6807
2011-09-14,874343.2512767066,874906.9781,873243.5007
2011-09-15,875509.6958486249,876080.1381,874416.6607
2011-09-16,874905.6101464621,875484.7781,873821.3007
2011-09-19,862960.5992027812,863693.3381,862029.8607
2011-09-20,864896.0233223824,865647.8981,863984.4207
2011-09-21,880127.0736966378,880656.2781,878992.8007
2011-09-22,860009.4602617162,860938.2581,859274.7807
2011-09-23,853666.0895287999,854772.9781,853109.5007
2011-09-26,843202.0040319974,844479.6181,842816.1407
2011-09-27,848086.3116400765,849249.4781,847586.0007
2011-09-28,843088.2439708147,844283.8781,842620.4007
2011-09-29,836074.7647008392,837309.0981,835645.6207
2011-09-30,833004.9476137465,834233.6581,832570.1807
2011-10-10,830606.4723506069,831858.2581,830194.7807
2011-10-11,836757.059095309,837860.6331,835692.0558
2011-10-12,854870.6533204387,855974.2731,853764.6958
2011-10-13,860183.3431512638,861270.3931,859052.8158
2011-10-14,856998.575109962,858097.9731,855880.3958
2011-10-17,857557.6469315201,858668.4331,856450.8558
2011-10-18,846334.6483015929,847474.1731,845275.5958
2011-10-19,845921.8817615877,847059.3931,844863.8158
2011-10-20,831470.929707403,832648.6731,830484.0958
2011-10-21,828725.4013517189,829923.0131,827757.4358
2011-10-24,843587.022363897,844777.4131,842581.8358
2011-10-25,854849.9729370676,856010.8731,853792.2958
2011-10-26,860695.9050282876,861815.3931,859592.8158
2011-10-27,865859.5076379959,866982.1531,864738.5758
2011-10-28,873200.5980145435,874303.1731,872047.5958
2011-10-31,869899.2814254712,871016.2131,868756.6358
2011-11-01,870284.9856847489,871404.9731,869141.3958
2011-11-02,880469.3901959511,881398.1191,878701.3822
2011-11-03,881578.9456525819,882416.1191,879666.3822
2011-11-04,888291.5018423351,889114.8791,886354.1422
2011-11-07,885440.2628666514,886208.1991,883418.4622
2011-11-08,887714.888538762,888489.8591,885691.1222
2011-11-09,890951.0913676784,891687.4191,888887.6822
2011-11-10,879851.2964867338,880588.1791,877815.4422
2011-11-11,880407.3145281641,881214.4591,878433.7222
2011-11-14,892074.2373579163,892803.8391,889960.1022
2011-11-15,892021.1943420093,892779.9191,889899.1822
2011-11-16,872244.6022475585,873127.8191,870361.0822
2011-11-17,872478.9040748075,873332.2391,870576.5022
2011-11-18,860103.799790049,861008.0991,858351.3622
2011-11-21,860788.1732265567,861664.2191,858991.4822
2011-11-22,859409.2186862302,860316.6991,857660.9622
2011-11-23,857269.3181125162,858208.0191,855550.2822
2011-11-24,857944.1346931752,858886.6791,856123.9422
2011-11-25,853600.5973963431,854554.2191,851794.4822
2011-11-28,857275.4929375285,858072.7191,855252.9822
2011-11-29,863685.465695575,864423.0591,861598.3222
2011-11-30,844268.0217456244,845105.5991,842381.8622
2011-12-01,857222.679094009,858017.7391,855208.0022
2011-12-02,849133.1959921257,849944.3411,846814.483
2011-12-05,845650.2491386874,846489.5611,843362.703
2011-12-06,841985.0059384161,842825.0611,839704.203
2011-12-07,843958.268857713,844786.7011,841647.843
2011-12-08,842761.8099954526,843594.3611,840453.503
2011-12-09,836907.043289306,837792.8411,834654.983
2011-12-12,831513.2919379888,832415.1211,829291.263
2011-12-13,821457.809416617,822387.7011,819302.843
2011-12-14,815916.3898524888,816852.4211,813782.563
2011-12-15,802588.6461144525,803576.3611,800546.503
2011-12-16,813636.0833200808,814590.7411,811535.883
2011-12-19,809351.6436411105,810319.5611,807271.703
2011-12-20,808142.3107968954,809095.1811,806056.323
2011-12-21,803912.1309566277,804880.7011,801847.843
2011-12-22,800835.524149678,801809.1411,798795.283
2011-12-23,804626.1874309646,805583.4011,802563.543
2011-12-26,801163.3417993787,802161.9211,799143.063
2011-12-27,792689.5161316457,793730.6411,790731.783
2011-12-28,794681.8477028465,795715.6611,792717.803
2011-12-29,795980.8242917964,797001.5411,793999.683
2011-12-30,803355.2779776137,804349.9211,801330.063
2012-01-04,795296.504049195,796309.5011,793317.643
2012-01-05,799574.5404644158,800598.2377,797147.057
2012-01-06,806143.832907247,807155.3977,803679.217
2012-01-09,821097.8656980946,822046.0777,818527.897
2012-01-10,834816.3415191782,835715.0977,832155.917
2012-01-11,828465.6803365889,829384.8377,825850.657
2012-01-12,830358.9270537051,831248.3577,827710.177
2012-01-13,826184.1566258386,827119.9977,823578.817
2012-01-16,823069.3860434878,823995.4577,820475.277
2012-01-17,846484.915675494,847335.6577,843737.477
2012-01-18,837723.309389013,838594.5177,835030.337
2012-01-19,848342.475395243,849166.0977,845570.917
2012-01-20,856294.9425578518,857085.4577,853467.277
2012-01-30,839609.0477538455,840447.8577,836871.677
2012-01-31,841878.32338598,842722.1177,839139.937
2012-02-01,832214.8522584165,833102.4777,829545.297
2012-02-02,847009.1861849816,847893.1205,843888.7698
2012-02-03,850707.7084893035,851600.2405,847578.8898
2012-02-06,849594.3071621524,850479.4605,846467.1098
2012-02-07,836738.8169928987,837654.2805,833706.9298
2012-02-08,853102.3276909223,853993.9205,849951.5698
2012-02-09,851521.114948382,852428.3805,848395.0298
2012-02-10,848634.6809012205,849520.7205,845499.3698
2012-02-13,846008.4273072311,846876.7405,842877.3898
2012-02-14,842035.6301993907,842916.0405,838935.6898
2012-02-15,845095.816087979,845965.8005,841971.4498
2012-02-16,842083.6829124978,842972.5405,838991.1898
2012-02-17,843845.200622891,844741.4805,840746.1298
2012-02-20,845014.0859241387,845920.0205,841911.6698
2012-02-21,847444.4339301025,848323.6405,844303.2898
2012-02-22,848869.5953436653,849735.0405,845710.6898
2012-02-23,851475.000550858,852265.9005,848232.5498
2012-02-24,859338.0025565092,860149.3805,856065.0298
2012-02-27,861071.8532607801,861878.3205,857780.9698
2012-02-28,868957.2640228834,869689.3005,865539.9498
2012-02-29,864119.1884349482,864860.2205,860731.8698
2012-03-01,864010.4061499387,864729.9605,860610.6098
2012-03-02,870316.0245984466,871191.4183,866775.5998
2012-03-05,861100.3042998189,862404.7583,858033.9398
2012-03-06,852042.153858934,852971.9983,848633.1798
2012-03-07,846661.791255997,848223.7783,843979.9598
2012-03-08,850178.2188431945,851894.7583,847642.9398
2012-03-09,853187.2549370587,855187.5783,850938.7598
2012-03-12,848540.1546006546,850854.7783,846666.9598
2012-03-13,854182.2207386136,856603.9783,852367.1598
2012-03-14,842499.7749435045,843496.7183,839253.8998
2012-03-15,837190.3177544303,836763.3383,832489.5198
2012-03-16,842561.0669012595,842301.4783,838032.6598
2012-03-19,840098.3854785278,840362.2583,836126.4398
2012-03-20,832976.9523766589,832786.0983,828534.2798
2012-03-21,831824.9160320924,831781.5583,827523.7398
2012-03-22,832885.5581360131,832436.7583,828179.9398
2012-03-23,830158.9642672791,828781.4583,824514.6398
2012-03-26,831921.9089774197,830252.0383,825980.2198
2012-03-27,831729.7895837945,830722.6983,826493.8798
2012-03-28,817532.4407474921,815364.1783,811164.3598
2012-03-29,811358.621105724,807827.8383,803608.0198
2012-03-30,818687.2272585693,814690.3983,810424.5798
2012-04-05,820078.5019406173,817280.0383,813068.2198
2012-04-06,819954.726111926,817461.8395,812858.2648
2012-04-09,811859.7245164608,809443.8195,804896.2448
2012-04-10,817821.3548284867,815347.0395,810760.4648
2012-04-11,816360.5204052002,813900.2595,809325.6848
2012-04-12,828943.7231137122,826359.0195,821694.4448
2012-04-13,828743.5292792998,826159.1595,821500.5848
2012-04-16,826604.4657736203,824044.2795,819399.7048
2012-04-17,824180.5397809725,821650.4595,817032.8848
2012-04-18,836636.5090756471,833995.5995,829293.0248
2012-04-19,836104.1552170261,833472.5395,828763.9648
2012-04-20,846490.5198597761,843758.7995,838984.2248
2012-04-23,842590.9827418888,839902.1995,835150.6248
2012-04-24,848214.1092792335,845470.1395,840672.5648
2012-04-25,850828.6736546545,848073.3395,843243.7648
2012-04-26,846366.3457585266,843645.5795,838867.0048
2012-04-27,845630.4213220702,842915.0995,838143.5248
2012-05-02,856622.7842059466,853785.4195,848962.8448
2012-05-03,855244.1099278068,852390.6621,847235.2262
2012-05-04,858493.0732726587,855534.3821,850380.9462
2012-05-07,858850.5799143832,855882.1421,850715.7062
2012-05-08,856740.9781057589,853837.1621,848675.7262
2012-05-09,845956.1954000861,843122.6021,838007.1662
2012-05-10,847774.9284664171,844931.6421,839809.2062
2012-05-11,843319.6305320315,840510.4621,835401.0262
2012-05-14,836590.4411533613,833897.1621,828819.7262
2012-05-15,832946.6046158718,830318.1821,825250.7462
2012-05-16,825938.8023682472,823419.7421,818377.3062
2012-05-17,835743.024496723,833133.7621,828051.3262
2012-05-18,831715.8783145869,829168.8021,824089.3662
2012-05-21,830904.5510128137,828344.7421,823276.3062
2012-05-22,834536.502384938,831895.6021,826815.1662
2012-05-23,830148.533362727,827536.6021,822476.1662
2012-05-24,827034.0011966219,824492.9821,819438.5462
2012-05-25,822046.17213484,819583.7021,814527.2662
2012-05-28,830390.8895112296,827805.5221,822720.7462
2012-05-29,834172.5843790607,831555.9321,826455.1262
2012-05-30,830187.6074172658,827634.2321,822545.4862
2012-05-31,826672.895244288,824102.7021,819031.2262
2012-06-01,828109.676748223,825499.7421,820426.2062
2012-06-04,811571.1124558232,809101.6779,803809.1594
2012-06-05,815982.5085190553,813489.7079,808187.1594
2012-06-06,816933.6682087035,814431.3279,809117.7794
2012-06-07,814268.6876997144,811785.8479,806489.3594
2012-06-08,808869.7219198749,806435.0879,801170.6894
2012-06-11,813774.826467337,811303.6879,806027.0794
2012-06-12,806640.6250817232,804224.9179,798967.1894
2012-06-13,813928.4824747742,811491.5679,806208.1994
2012-06-14,810355.5463230596,807946.3279,802678.2294
2012-06-15,818903.8866800864,816437.5079,811126.8794
2012-06-18,819227.2997944964,816758.7679,811449.3494
2012-06-19,817209.4084336355,814765.5679,809458.3494
2012-06-20,817354.3168307795,814892.1379,809582.1894
2012-06-21,810653.5656582459,808244.0679,802962.5294
2012-06-25,807120.0524315451,804730.4979,799465.9494
2012-06-26,805806.2272146314,803421.5779,798158.9594
2012-06-27,803539.5113652044,801178.2479,795920.4994
2012-06-28,798421.756744803,796096.1979,790860.0394
2012-06-29,801515.5103327367,799158.6679,793900.5994
2012-07-02,797916.3211797167,795570.8079,790319.2794
2012-07-03,797515.0196657702,795164.887,789640.1591
2012-07-04,798799.0049847512,796459.747,790922.8991
2012-07-05,791258.5406269054,788984.527,783495.0791
2012-07-06,794111.6529921612,791812.757,786303.7491
2012-07-09,777412.7117155016,775217.837,769811.4191
2012-07-10,775690.1913779652,773516.387,768123.0491
2012-07-11,777994.7589286542,775786.517,770388.4891
2012-07-12,775545.9386720677,773321.607,767943.2091
2012-07-13,777681.459103215,775440.147,770049.2991
2012-07-16,768634.2749537019,766452.527,761117.9091
2012-07-17,770979.4333922977,768774.707,763422.7891
2012-07-18,773444.5579327036,771229.807,765849.5091
2012-07-19,776190.9400032918,773960.077,768576.5891
2012-07-20,772837.0204293912,770623.687,765250.5991
2012-07-23,763917.1865138209,761737.837,756431.6491
2012-07-24,764342.1013148132,762132.417,756833.4791
2012-07-25,759645.8900944326,757464.237,752178.3091
2012-07-26,761607.7022786592,759418.867,754106.9391
2012-07-27,765318.3885260321,763129.097,757791.5291
2012-07-30,767511.0090537756,765312.807,759960.3591
2012-07-31,767711.1844237559,765552.217,760198.5491
2012-08-01,770442.1231936703,768257.817,762893.9691
2012-08-02,770730.4486737796,768653.7441,762952.3161
2012-08-03,773025.4967025388,770994.2041,765276.6261
2012-08-06,773920.3929903553,771867.5741,766143.2461
2012-08-07,775631.2626687147,773570.7041,767828.5761
2012-08-08,777206.7110132282,775158.2341,769402.6561
2012-08-09,778541.8706745018,776444.0341,770685.5561
2012-08-10,779311.6127037362,777198.6941,771431.0161
2012-08-13,776785.6021427755,774679.2441,768932.4661
2012-08-14,777006.6692924253,774917.1841,769175.2061
2012-08-15,769366.2613933869,767299.5441,761628.9661
2012-08-16,767454.7482410393,765497.5941,759827.9161
2012-08-17,768505.2727344551,766547.4941,760867.7161
2012-08-20,765413.5068873906,763440.9141,757791.0861
2012-08-21,765626.7340805801,763650.7141,757997.1361
2012-08-22,763463.7281616986,761529.7241,755886.9461
2012-08-23,763889.2049104935,761952.7941,756302.2161
2012-08-24,758985.6382522663,757067.6941,751451.1161
2012-08-27,754820.2444100623,752918.6241,747329.9961
2012-08-28,762615.258357785,760735.9341,755032.1561
2012-08-29,757816.9890983354,755932.9141,750277.1361
2012-08-30,759963.1165959759,758100.9641,752425.0361
2012-08-31,755891.0825655103,754024.1941,748388.5661
2012-09-03,753210.4983650021,751284.9941,745681.5761
2012-09-04,746146.8115619266,744272.1515,738350.5092
2012-09-05,741289.9004270975,739414.0315,733534.6192
2012-09-06,745891.9975161157,743990.5415,738086.3992
2012-09-07,765835.6177559919,763860.2215,757790.6792
2012-09-10,764133.0647813235,762143.6715,756103.3892
2012-09-11,758962.2709732788,756982.6715,751001.6492
2012-09-12,759693.4920976368,757583.7815,751722.1192
2012-09-13,756015.8563605682,753916.1915,748085.8292
2012-09-14,759054.1454431834,756996.9715,751101.0492
2012-09-17,749297.1918404697,747315.3015,741456.0492
2012-09-18,744449.9426487106,742438.1315,736660.8292
2012-09-19,743745.3836732893,741739.8415,735965.6492
2012-09-20,730879.7345682031,728959.2615,723272.6192
2012-09-21,728948.2783614922,727079.3115,721361.7692
2012-09-24,726728.9964875132,724858.2215,719174.7592
2012-09-25,724442.6720907949,722604.4515,716921.0692
2012-09-26,718588.3797210522,716820.5615,711146.6292
2012-09-27,733824.0493664048,731987.1115,726209.4892
2012-09-28,743267.4759235403,741401.2415,735538.0592
2012-10-08,739555.9562161285,737723.7315,731878.5992
2012-10-09,751656.818775889,749742.3184,743502.2218
2012-10-10,750884.8447214057,748969.7184,742735.7018
2012-10-11,750461.8881588633,748562.3684,742329.1818
2012-10-12,751995.4502256023,750089.7884,743834.4218
2012-10-15,751934.290738885,750018.5684,743777.1918
2012-10-16,752328.8529558381,750403.6384,744143.3518
2012-10-17,753576.1893893295,751670.1384,745394.5018
2012-10-18,758654.1440603308,756728.5684,750415.6618
2012-10-19,756969.5265635678,755051.1384,748750.2318
2012-10-22,758490.4483548101,756535.1184,750231.3018
2012-10-23,753265.90255068,751375.6784,745102.9718
2012-10-24,753325.5420191783,751444.8184,745169.1118
2012-10-25,751779.8923137796,749908.7184,743645.2818
2012-10-26,742532.6383601201,740705.7484,734521.8018
2012-10-29,740049.0211002255,738229.9484,732068.1218
2012-10-30,741442.1738088932,739608.2584,733433.3018
2012-10-31,746877.027276105,744926.4884,738746.4418
2012-11-01,757878.3530930608,755854.5984,749599.8918
2012-11-02,763673.1268726549,761616.214,755042.0368
2012-11-05,763431.2097170879,761365.824,754799.7368
2012-11-06,761029.6343969345,758986.354,752458.1768
2012-11-07,761878.0408251409,759830.714,753293.4468
2012-11-08,753354.1704257878,751386.664,744924.4968
2012-11-09,754174.1169873389,752200.944,745746.6568
2012-11-12,760810.7131939639,758781.154,752276.7068
2012-11-13,752193.3249374644,750236.034,743810.9568
2012-11-14,753012.5652677723,751049.474,744617.2668
2012-11-15,746003.6735006175,744084.084,737707.1768
2012-11-16,742506.6641499931,740606.944,734263.4268
2012-11-19,744705.222084445,742788.164,736422.6068
2012-11-20,742336.1861735929,740442.194,734093.6068
2012-11-21,748869.0101398013,746924.074,740504.4868
2012-11-22,746343.640649495,744410.674,738019.1168
2012-11-23,750006.3494082594,748041.724,741626.1068
2012-11-26,749056.0663282701,747105.994,740702.3368
2012-11-27,747014.4973044436,745091.204,738704.3968
2012-11-28,746228.8267451491,744316.124,737948.1568
2012-11-29,744068.3843964946,742175.744,735824.6968
2012-11-30,746720.6527134429,744803.694,738409.8768
2012-12-03,740650.99387856,738801.424,732428.7568
2012-12-04,743501.0381021433,741628.7891,734960.687
2012-12-05,761676.4692864754,759717.9691,752846.107
2012-12-06,758502.5464073686,756582.3891,749727.447
2012-12-07,768693.2986999082,766726.6891,759745.557
2012-12-10,775315.3113094018,773334.4291,766282.727
2012-12-11,773241.5648091715,771262.4991,764227.787
2012-12-12,776626.3881452108,774621.1991,767563.147
2012-12-13,771385.979924287,769396.6191,762398.917
2012-12-14,804065.8008076932,801965.8691,794596.197
2012-12-17,804847.9285884727,802724.8691,795345.637
2012-12-18,807857.8385828962,805719.0891,798302.507
2012-12-19,806757.0118427973,804611.0791,797213.757
2012-12-20,807378.8506725103,805211.2891,797803.267
2012-12-21,800727.9224194996,798571.1691,791238.777
2012-12-24,806221.2287241726,804032.1291,796623.557
2012-12-25,826544.2693929657,824305.2791,816652.287
2012-12-26,826569.4448524471,824306.7791,816657.397
2012-12-27,822383.2308245518,820135.2091,812537.267
2012-12-28,829649.4581223743,827359.9991,819665.557
2012-12-31,843092.7004394771,840736.8591,832850.747
2013-01-04,847649.248252371,845324.5791,837399.457
2013-01-07,848011.0453668615,845653.1831,837196.7702
2013-01-08,849331.5411503431,846918.2531,838459.9202
2013-01-09,851140.6028044857,848661.5231,840172.2402
2013-01-10,854121.3590700761,851638.8931,843125.5802
2013-01-11,842005.5137037586,839681.4031,831307.2302
2013-01-14,860922.3073553735,858283.2731,849716.7302
2013-01-15,865790.6301401043,863149.7031,854526.2102
2013-01-16,862036.0959393255,859430.5831,850854.2502
2013-01-17,860229.6112168567,857637.6931,849110.4202
2013-01-18,874222.3856655551,871388.5231,862742.0602
2013-01-21,874821.8901452873,872000.9731,863327.4502
2013-01-22,866524.42784953,863871.9031,855265.3802
2013-01-23,867978.937837339,865327.8231,856702.3202
2013-01-24,860908.8747310775,858375.5131,849807.9102
2013-01-25,862626.0109201344,860044.2131,851478.8002
2013-01-28,874408.2245687763,871671.4531,862984.6702
2013-01-29,871542.9042991502,868925.2831,860252.4502
2013-01-30,877867.9118084781,875159.3531,866404.8402
2013-01-31,881371.2323198488,878650.1231,869862.6502
2013-02-01,884409.9009329185,881626.6531,872824.9002
2013-02-04,892209.1615521429,889264.7635,879983.6144
2013-02-05,899086.1142044741,895184.0435,885807.2344
2013-02-06,891636.0707725843,888212.4635,878899.7544
2013-02-07,894989.738783382,890303.2435,880927.8944
2013-02-08,901658.5117038446,896691.3435,887249.8744
2013-02-18,898006.6743528158,893145.8835,883705.3944
2013-02-19,887710.1750369851,883066.9235,873739.7044
2013-02-20,891991.6386276885,886871.1635,877458.9744
2013-02-21,869216.7537775355,864152.7035,854977.1144
2013-02-22,867150.5426489242,861784.8835,852649.3644
2013-02-25,869158.5693655147,863692.9435,854534.3444
2013-02-26,855731.9355509041,850646.2635,841626.8844
2013-02-27,860373.0412885379,855456.6435,846424.0944
2013-02-28,871263.1063286911,866428.8235,857285.0344
2013-03-01,870437.0600955843,865576.2235,856431.5744
2013-03-04,850268.6344843808,844587.0381,835172.931
2013-03-05,861386.8609006996,855233.2381,845719.811
2013-03-06,876639.2455242119,869492.7981,859874.311
2013-03-07,873688.3469525605,867025.1381,857396.871
2013-03-08,873753.9409699118,866948.1981,857290.851
2013-03-11,872885.2441452659,865903.1981,856241.851
2013-03-12,860890.1427976808,854088.2781,844537.851
2013-03-13,852102.1385583832,845387.8381,835918.661
2013-03-14,856402.5542730757,849079.6581,839606.371
2013-03-15,863905.4053494158,856265.7981,846763.311
2013-03-18,854705.7840143023,846938.3181,837534.161
2013-03-19,861192.6053771487,853254.6181,843785.411
2013-03-20,871917.9934289757,863869.8581,854299.291
2013-03-21,877828.2525760004,869282.3381,859663.791
2013-03-22,875564.782809623,867081.2981,857478.791
2013-03-25,875951.1529723553,867964.6181,858337.021
2013-03-26,870028.5762603289,861608.0181,852027.521
2013-03-27,870200.8282564486,861666.4781,852076.041
2013-03-28,853946.1968199845,846411.3781,836956.451
2013-03-29,855929.3918861882,846924.4181,837463.411
2013-04-01,856566.2076548636,847315.1381,837850.181
2013-04-02,859306.343049344,850051.8155,840074.2176
2013-04-03,858636.5662168851,849315.8355,839351.1976
2013-04-08,853572.3638088059,844629.1355,834753.7576
2013-04-09,856117.4206553603,847316.1355,837397.7576
2013-04-10,860985.0935936825,852242.1755,842257.7576
2013-04-11,854976.9627834745,845822.6555,835930.2576
2013-04-12,853099.2052336022,844118.9355,834241.4876
2013-04-15,840265.828952263,831779.7955,822060.5076
2013-04-16,842587.4699449143,833936.4955,824213.2976
2013-04-17,840007.9151065084,831240.9555,821528.8176
2013-04-18,839344.6861922491,830570.9155,820885.8176
2013-04-19,850792.9216592183,842136.1155,832301.7376
2013-04-22,852906.3822442027,843913.954,834058.9708
2013-04-23,835939.723920974,827016.234,817375.5508
2013-04-24,844742.0443503746,835636.114,825882.2408
2013-04-25,841403.264617618,832253.374,822520.4908
2013-04-26,837897.3187767776,828736.494,819052.8008
2013-05-02,828288.2236539015,818713.1155,809224.5576
2013-05-03,831568.1344777625,821573.2619,811744.3308
2013-05-06,835945.6514110804,825247.5219,815372.6108
2013-05-07,836460.4819577592,825715.2619,815826.3608
2013-05-08,840603.4868491924,829281.6419,819350.7408
2013-05-09,835680.4803171676,823689.0019,813849.4108
2013-05-10,839010.011520535,827164.4819,817252.7408
2013-05-13,837825.1504843081,825787.6819,815896.1108
2013-05-14,831921.4340221124,819914.8819,810128.5508
2013-05-15,834008.8590053178,821841.0419,812048.6808
2013-05-16,839661.8243235499,827590.7619,817708.1408
2013-05-17,849281.0366707116,837494.0619,827433.0508
2013-05-20,852670.4895571765,840299.8019,830208.6908
2013-05-21,853085.6433074691,840693.0219,830599.9408
2013-05-22,852272.4918694424,839743.2019,829669.1908
2013-05-23,843735.6228275427,831003.7219,821066.1008
2013-05-24,844759.1147257695,832093.1619,822134.4308
2013-05-27,843387.2344299075,830715.7819,820797.0108
2013-05-28,852903.0658159541,840130.4419,830068.3508
2013-05-29,852936.2490831809,839840.4219,829804.4708
2013-05-30,848258.9827487413,835308.7219,825341.8908
2013-05-31,846913.4967869223,834012.0019,824083.2608
2013-06-03,848195.6582370484,835320.4619,825370.6408
2013-06-04,839251.8696246089,826611.1452,816744.3737
2013-06-05,838960.3381664925,826084.4052,816386.6237
2013-06-06,831253.9123681729,818362.2152,808846.9337
2013-06-07,824356.3357814628,811659.8052,801891.9337
2013-06-13,804341.4887916123,791929.3752,783084.3237
2013-06-14,805355.8953641902,793262.3252,784525.0537
2013-06-17,800166.9313641253,789180.3852,780347.5737
2013-06-18,798096.8055376296,787370.0652,779162.8437
2013-06-19,793526.057808036,782451.2652,774102.3437
2013-06-20,771642.3328782172,761210.9252,753089.7037
2013-06-21,765181.2418795152,755419.9752,746934.6437
2013-06-24,732083.9274792243,722275.6052,713250.6837
2013-06-25,724407.0608337842,715378.0052,706650.3037
2013-06-26,718874.2976458959,709690.3952,700551.1737
2013-06-27,722311.0450578339,713430.0952,704364.7337
2013-06-28,729834.3397209309,722158.2452,713660.0137
2013-07-01,729263.729258739,722025.6752,713756.8037
2013-07-02,729830.4445130967,720374.7462,711918.3093
2013-07-03,731757.0578162249,721471.0962,712967.0193
2013-07-04,736623.8637339708,725654.6162,717126.4793
2013-07-05,736854.791796667,726102.3362,717575.0193
2013-07-08,722424.186743783,710686.7262,702271.1893
2013-07-09,727137.9946556196,715445.3162,707004.1993
2013-07-10,738655.295069774,726244.1962,717716.2193
2013-07-11,759652.4729131584,747154.5262,738463.3593
2013-07-12,747922.8272935405,736122.0862,727504.2293
2013-07-15,750968.3578101809,739140.4762,730485.3393
2013-07-16,753427.6346793837,741032.9562,732366.5193
2013-07-17,746862.7734805603,734632.1062,726029.8293
2013-07-18,739152.6238178362,726794.1362,718241.3793
2013-07-19,728226.5512168809,717161.9462,708672.8493
2013-07-22,731521.858661612,721746.0062,713212.0093
2013-07-23,745972.5822167768,735537.0462,726891.1693
2013-07-24,742253.2140623596,731894.0562,723270.1893
2013-07-25,744942.4062754957,733631.1062,725021.0493
2013-07-26,744770.2711289395,733931.9662,725348.7993
2013-07-29,735683.663493673,725755.7862,717247.2493
2013-07-30,739439.7091975624,729545.8362,720992.6093
2013-07-31,737745.5767512707,728060.5662,719513.2693
2013-08-01,747929.547652523,737354.4762,728737.1293
2013-08-02,747732.8011352358,737064.9065,728050.0597
2013-08-05,754040.564053736,742894.2865,733832.7897
2013-08-06,755299.1840443221,744151.2965,735069.6797
2013-08-07,749233.9019395687,738421.0065,729386.3697
2013-08-08,748186.4843822755,737465.1365,728445.7497
2013-08-09,750480.107108852,739454.7265,730428.0497
2013-08-12,765156.1367418772,753617.2065,744475.9697
2013-08-13,766560.9861914888,754992.1465,745829.7797
2013-08-14,762725.7518694182,751387.8765,742263.5897
2013-08-15,757198.4483637993,746250.7765,737154.4297
2013-08-16,754532.632439523,743748.4365,734656.6397
2013-08-19,756665.5333956223,745728.5165,736640.1897
2013-08-20,749686.7554729427,739096.4265,730059.0797
2013-08-21,749793.4213839993,739139.7565,730118.9097
2013-08-22,746656.8096942919,736050.7965,727062.6897
2013-08-23,743958.5833647338,733486.4065,724522.0497
2013-08-26,759076.6574251188,748206.4665,739135.3097
2013-08-27,763439.6464012165,752468.4065,743362.5897
2013-08-28,775726.2918000614,764758.0465,755550.1097
2013-08-29,772793.084299395,762008.2465,752826.1397
2013-08-30,789348.218736205,778480.7165,769106.1397
2013-09-02,779204.7708172359,768396.4065,759122.4797
2013-09-03,784040.7914838525,773136.7818,763309.6337
2013-09-04,785667.9748567396,774733.1218,764894.9537
2013-09-05,780709.4298170964,769863.6418,760082.8137
2013-09-06,784471.5596455619,773549.7518,763725.0937
2013-09-09,820784.1960695357,809160.3618,798892.6437
2013-09-10,825601.2069070236,813882.9818,803570.3837
2013-09-11,834319.1496289184,822444.5518,812039.8637
2013-09-12,844158.8709357122,832083.9718,821549.2937
2013-09-13,833851.6671052426,821971.6918,811555.0937
2013-09-16,829291.8212376859,817494.8018,807140.8937
2013-09-17,812115.8138469544,800652.0018,790499.0737
2013-09-18,815410.4075384028,803885.4318,793689.9137
2013-09-23,820154.7779533841,808542.0318,798290.8137
2013-09-24,807849.9434329773,796470.2518,786377.6237
2013-09-25,802619.5405576938,791339.6418,781309.0237
2013-09-26,790588.6919702053,779541.1018,769656.0437
2013-09-27,793773.1066402823,782665.6818,772739.2137
2013-09-30,796638.9846003429,785477.8918,775516.8137
2013-10-08,806154.1309998513,794806.0218,784737.5837
2013-10-09,807314.8348836936,795882.4786,785289.5066
2013-10-10,803957.867320879,792689.3286,782144.6066
2013-10-11,814882.5525271377,803354.0386,792688.0766
2013-10-14,824159.4066813523,812383.6586,801631.7366
2013-10-15,829437.4319713569,817456.5886,806650.7266
2013-10-16,817795.0740250396,806274.2486,795547.6766
2013-10-17,817953.168486806,806442.2486,795709.6766
2013-10-18,816342.1573740757,804898.5586,794173.0066
2013-10-21,828111.6980870846,816327.4486,805502.7466
2013-10-22,826887.8581595186,815166.9986,804343.4366
2013-10-23,816541.5621660969,805188.4686,794475.2366
2013-10-24,811763.8132819795,800541.3686,789896.5466
2013-10-25,804499.4502989346,793566.4586,782985.0066
2013-10-28,810888.3984921015,799938.9086,789247.3166
2013-10-29,809933.7811930605,799091.6886,788383.7966
2013-10-30,828371.4763433828,817088.0186,806172.3166
2013-10-31,819929.3167419946,808787.0386,797969.1166
2013-11-01,821437.5249358409,810178.2986,799363.2766
2013-11-04,820706.108747485,809420.5054,798073.4562
2013-11-05,820425.6800286595,809146.5254,797793.3362
2013-11-06,817222.6025896819,806025.8254,794696.1362
2013-11-07,823004.1153826416,811711.1354,800308.5462
2013-11-08,817083.4137218181,805940.8654,794590.5062
2013-11-11,815709.8484367322,804593.3554,793259.1062
2013-11-12,819192.7886991333,807993.4254,796621.0762
2013-11-13,805299.4873987694,794385.6254,783171.7962
2013-11-14,804782.4313604888,793860.9254,782670.2062
2013-11-15,814048.3934839251,802921.8454,791632.7062
2013-11-18,834180.0949227461,822643.4254,811090.5062
2013-11-19,830126.5273156377,818651.9354,807166.9062
2013-11-20,834295.2886906231,822731.3754,811201.2962
2013-11-21,834872.8551955937,823313.8054,811753.1562
2013-11-22,833994.1087654802,822445.4554,810900.5362
2013-11-25,827526.4115672547,816114.3754,804653.2162
2013-11-26,825312.8426730823,813945.7654,802517.0462
2013-11-27,830914.7970976712,819417.9454,807941.3162
2013-11-28,839479.0508535511,827763.1654,816210.2262
2013-11-29,838069.3610416711,826387.9654,814848.1562
2013-12-02,845772.2166208851,833918.6754,822294.3262
2013-12-03,849161.47546074,837301.5588,825225.5426
2013-12-04,856566.1697897513,844609.5588,832433.5426
2013-12-05,854891.0221617091,842969.5588,830818.5426
2013-12-06,852825.8062072255,841010.5588,828862.5426
2013-12-09,848976.9093810687,837295.5588,825174.5426
2013-12-10,849677.6148522499,837974.5588,825844.5426
2013-12-11,836691.5432375517,825241.5588,813265.5426
2013-12-12,833716.691259135,822323.5588,810391.5426
2013-12-13,826098.5954356224,814855.5588,803018.5426
2013-12-16,814351.5830272492,803364.5588,791670.5426
2013-12-17,813542.6998301141,802550.5588,790873.5426
2013-12-18,812529.4182797899,801548.5588,789882.5426
2013-12-19,807267.8267092899,796403.5588,784805.5426
2013-12-20,786386.5557863493,775905.5588,764581.5426
2013-12-23,788100.7208876429,777602.5588,766272.5426
2013-12-24,789721.8656798179,779197.5588,767846.5426
2013-12-25,793777.7010894925,783165.5588,771763.5426
2013-12-26,785568.905674483,775118.5588,763799.5426
2013-12-27,792589.6697413813,782034.5588,770623.5426
2013-12-30,789109.4080217431,778602.5588,767243.5426
2013-12-31,794906.9269153873,784278.5588,772848.5426
2014-01-02,791812.6584726062,781233.5588,769835.5426
2014-01-03,782814.4741202242,772389.3756,760679.8822
2014-01-06,762914.2953258489,752897.3756,741479.8822
2014-01-07,760353.3180256807,750406.3756,739012.8822
2014-01-08,754206.1551754908,744372.3756,733076.8822
2014-01-09,745245.0210380782,735591.3756,724427.8822
2014-01-10,742964.0866201128,733355.3756,722205.8822
2014-01-13,751143.3571764469,741343.3756,730086.8822
2014-01-14,754853.8268195861,744966.3756,733659.8822
2014-01-15,749503.701771608,739723.3756,728503.8822
2014-01-16,750120.0657756375,740312.3756,729096.8822
2014-01-17,741787.9127340422,732163.3756,721073.8822
2014-01-20,739597.4802991095,730032.3756,718956.8822
2014-01-21,745106.359110339,735438.3756,724288.8822
2014-01-22,757752.4151661104,747839.3756,736496.8822
2014-01-23,752162.384962113,742339.3756,731097.8822
2014-01-24,755977.7251606835,746099.3756,734784.8822
2014-01-27,747195.6179541239,737484.3756,726315.8822
2014-01-28,751781.2456834136,741965.3756,730754.8822
2014-01-29,754017.9763290317,744145.3756,732909.8822
2014-01-30,746850.5712296879,737125.3756,725999.8822
2014-02-07,748089.3866679042,738331.3756,727187.8822
2014-02-10,756399.4318730012,746500.3738,734827.026
2014-02-11,765803.1908124316,755739.3738,743949.026
2014-02-12,763850.9227768683,753815.3738,742050.026
2014-02-13,765747.4717170723,755667.3738,743889.026
2014-02-14,767160.2606621365,757064.3738,745262.026
2014-02-17,767199.0479133658,757115.3738,745310.026
2014-02-18,757261.2334431837,747352.3738,735671.026
2014-02-19,775952.865947152,765675.3738,753774.026
2014-02-20,773969.7406180628,763775.3738,751848.026
2014-02-21,763500.931341691,753475.3738,741689.026
2014-02-24,747309.6862940246,737560.3738,725987.026
2014-02-25,740200.421208573,730581.3738,719098.026
2014-02-26,741953.7813853237,732303.3738,720804.026
2014-02-27,745068.1845649435,735369.3738,723825.026
2014-02-28,744872.0269649079,735175.3738,723635.026
2014-03-03,747226.3162312479,737507.3738,725940.026
2014-03-04,744755.1514051958,735080.3822,723117.3334
2014-03-05,739565.6329199577,729987.3822,718099.3334
2014-03-06,741420.5958581769,731803.3822,719888.3334
2014-03-07,740694.7006661558,731092.3822,719199.3334
2014-03-10,719547.755262534,710314.3822,698784.3334
2014-03-11,721439.1608722695,712171.3822,700618.3334
2014-03-12,723723.9539667881,714404.3822,702821.3334
2014-03-13,729946.8817994315,720523.3822,708819.3334
2014-03-14,726614.9654094375,717244.3822,705603.3334
2014-03-17,732448.9779691339,722970.3822,711248.3334
2014-03-18,730845.8526706799,721396.3822,709695.3334
2014-03-19,731866.7429443318,722411.3822,710680.3334
2014-03-20,726830.2621767931,717468.3822,705827.3334
2014-03-21,745365.5421224628,735676.3822,723713.3334
2014-03-24,759170.8373812839,749249.3822,737070.3334
2014-03-25,757943.5845918538,748043.3822,735894.3334
2014-03-26,754287.8608377991,744448.3822,732345.3334
2014-03-27,752422.0862708326,742618.3822,730552.3334
2014-03-28,755333.1663611856,745481.3822,733347.3334
2014-03-31,754089.6975390837,744249.3822,732151.3334
2014-04-01,757650.354163937,747754.3822,735588.3334
2014-04-02,761222.8633179193,751251.7678,738581.6276
2014-04-03,754290.1198754803,744447.7678,731867.6276
2014-04-04,759095.1806211165,749122.7678,736494.6276
2014-04-08,769959.3966966722,759780.7678,747005.6276
2014-04-09,771147.3839641561,760930.7678,748139.6276
2014-04-10,782963.4946071225,772528.7678,759586.6276
2014-04-11,781413.7327119451,770971.2478,758059.9476
2014-04-14,780201.8990316419,769779.3678,756883.0276
2014-04-15,770450.8829789493,760255.8478,747477.5976
2014-04-16,771070.8101103469,760846.8478,748071.5976
2014-04-17,770977.0247738131,760795.2878,748002.0576
2014-04-18,769089.7680671333,758924.5678,746164.3276
2014-04-21,758299.278708829,748333.5278,735723.4676
2014-04-22,759247.3154555315,749295.6878,736654.6576
2014-04-23,756592.397651177,746696.5678,734102.5776
2014-04-24,754080.9450914194,744185.5678,731637.5776
2014-04-25,750826.0899278113,740994.0478,728498.1476
2014-04-28,740637.0881482558,731016.4078,718644.6376
2014-04-29,742893.9859690504,733200.3678,720809.5276
2014-04-30,745722.8090181352,735994.3678,723542.5276
2014-05-05,746687.7080769897,736939.9278,724480.0676
2014-05-06,747435.4788726859,737673.9874,724835.9411
2014-05-07,743024.9382084155,733343.9874,720580.9411
2014-05-08,744885.0852305875,735175.9874,722380.9411
2014-05-09,746589.9535018837,736857.9874,724022.9411
2014-05-12,760526.3435553027,750574.9874,737471.9411
2014-05-13,757291.9813556921,747390.9874,734356.9411
2014-05-14,757700.737715695,747783.9874,734748.9411
2014-05-15,751759.0765088826,741939.9874,729018.9411
2014-05-16,753577.934143571,743729.9874,730773.9411
2014-05-19,749813.2329670847,740031.9874,727135.9411
2014-05-20,750690.0126957917,740892.9874,727985.9411
2014-05-21,755309.628723677,745440.9874,732446.9411
2014-05-22,754127.8349900068,744274.9874,731310.9411
2014-05-23,757674.1457899717,747764.6874,734739.5911
2014-05-26,756215.7822140874,746333.9874,733328.9411
2014-05-27,754738.9300886646,744881.5874,731905.6411
2014-05-28,758851.4706083669,748928.6874,735878.5911
2014-05-29,756555.0287846604,746669.9874,733663.9411
2014-05-30,754914.3142392605,745053.0874,732073.8911
2014-06-03,756142.4116815155,746270.0874,733267.8911
2014-06-04,750728.599470249,740951.3361,727686.3191
2014-06-05,756815.8463534387,746941.8361,733557.8191
2014-06-06,752541.42206086,742735.7461,729439.7891
2014-06-09,753864.9106422754,744050.7761,730733.7991
2014-06-10,760209.45635862,750294.8661,736853.8291
2014-06-11,759394.4026148892,749492.8661,736066.8291
2014-06-12,758293.9740842,748415.8361,735008.8191
2014-06-13,765193.9697448988,755202.8661,741656.5091
2014-06-16,771316.5971392805,761221.7361,747554.0591
2014-06-17,765526.9980806832,755522.9961,741970.2591
2014-06-18,760549.2544750558,750622.6461,737172.2891
2014-06-19,753477.9680616163,743659.1161,730345.5191
2014-06-20,757068.5345880418,747199.3761,733811.2791
2014-06-23,754165.9148935775,744344.9261,731015.6491
2014-06-24,757133.7246847943,747259.8461,733870.7891
2014-06-25,755392.404538046,745549.4361,732190.9991
2014-06-26,758355.6072171155,748464.2861,735044.5491
2014-06-27,757768.4576611272,747886.0861,734478.6891
2014-06-30,761378.7148899798,751433.8461,737951.3091
2014-07-01,761750.3716489845,751801.7861,738315.1691
2014-07-02,763037.7156510423,753046.5313,739173.1535
2014-07-03,769783.4515875904,759630.2513,745655.6535
2014-07-04,769714.3404429102,759571.8113,745600.3035
2014-07-07,769823.9966394878,759681.2413,745713.4135
2014-07-08,771364.0367479086,761189.6913,747206.1235
2014-07-09,762589.733147971,752639.7913,738796.0035
2014-07-10,763942.8068575262,753977.5513,740097.0135
2014-07-11,767806.0022407257,757762.7513,743828.3935
2014-07-14,772616.6483556549,762461.6013,748458.2935
2014-07-15,776933.3507005273,766651.1313,752603.9335
2014-07-16,787385.6253481822,776928.4313,762686.5535
2014-07-17,781097.2878955407,770757.3513,756618.6635
2014-07-18,783351.9133449893,772968.9413,758784.1135
2014-07-21,780779.3049451751,770422.1213,756301.1435
2014-07-22,785524.8477500153,775056.8013,760864.0935
2014-07-23,786703.133738201,776245.2113,762022.9235
2014-07-24,801571.8282871504,790815.8213,776334.1735
2014-07-25,808195.2330455936,797296.5513,782692.3635
2014-07-28,832551.0876467985,821169.8613,806178.2935
2014-07-29,838425.4999833263,826926.4213,811795.5635
2014-07-30,836917.8223119247,825405.7113,810327.8035
2014-07-31,848348.4354484839,836619.2713,821367.5435
2014-08-01,839660.5881086242,828075.5613,812999.8935
2014-08-04,850398.6847988609,838592.747,822603.7859
2014-08-05,851592.4478661217,839768.477,823763.5859
2014-08-06,855163.1675097509,843268.707,827216.4959
2014-08-07,845640.6915963566,833953.057,818075.2359
2014-08-08,846926.8585938069,835213.427,819298.0259
2014-08-11,856958.2270317222,845024.927,828935.2559
2014-08-12,856193.5866024249,844262.347,828177.1459
2014-08-13,853284.2846661463,841420.157,825382.6359
2014-08-14,848084.3240416605,836333.697,820398.0659
2014-08-15,852930.6838397702,841063.077,825030.1959
2014-08-18,856872.4733977717,844917.857,828821.4259
2014-08-19,858861.4607458967,846853.647,830715.0959
2014-08-20,860204.4041190804,848175.287,832013.7659
2014-08-21,853459.0986531981,841573.647,825535.9959
2014-08-22,858678.4559183144,846680.627,830562.4159
2014-08-25,858076.8586865584,846085.467,829969.9859
2014-08-26,846077.7835910718,834346.507,818458.3959
2014-08-27,845677.4487913363,833950.717,818078.1559
2014-08-28,843677.0421461163,831982.937,816137.0459
2014-08-29,848465.0819472846,836674.227,820740.6259
2014-09-01,856447.8366418565,844465.087,828394.4459
2014-09-02,866995.4191855047,854832.438,838053.5906
2014-09-03,875062.1375015347,862736.618,845824.2906
2014-09-04,881997.1666743987,869538.678,852514.1306
2014-09-05,892431.1435102724,879826.678,862604.8606
2014-09-09,890753.1052057778,878170.618,860974.9306
2014-09-10,885820.880605903,873339.558,856224.2706
2014-09-11,883351.0718477807,870943.528,853836.2606
2014-09-12,889528.8431399906,876996.588,859786.1006
2014-09-15,890133.9348723463,877573.648,860369.2106
2014-09-16,887348.0765169993,874873.558,857682.2706
2014-09-17,891774.0237424172,879213.618,861953.2906
2014-09-18,893026.893576013,880461.558,863173.2706
2014-09-19,898478.7188255647,885785.908,868416.0606
2014-09-22,884230.1671994807,871804.398,854683.8406
2014-09-23,886750.427986668,874265.568,857104.9606
2014-09-24,898698.7418523813,885958.748,868609.3206
2014-09-25,899900.971792577,887149.438,869774.1806
2014-09-26,899269.9347679437,886538.898,869158.7206
2014-09-29,900748.2628261755,887972.158,870568.1406
2014-09-30,905086.2886054317,892257.018,874758.1206
2014-10-08,910548.7420451462,897587.298,880015.1606
2014-10-09,910708.3121293499,897667.477,879686.51
2014-10-10,904688.2591430102,891762.687,873927.11
2014-10-13,897434.867656052,884808.097,867143.93
2014-10-14,894387.1144141846,881177.867,863609.61
2014-10-15,900731.4621679559,887395.037,869674.73
2014-10-16,901040.3041328528,887514.637,869802.29
2014-10-17,897615.956915464,884926.957,867247.81
2014-10-20,900911.5743800744,888467.097,870710.83
2014-10-21,898116.9284170882,885457.847,867797.89
2014-10-22,896882.2595402565,883767.677,866141.77
2014-10-23,892726.5420977979,879246.147,861701.69
2014-10-24,890860.7102608752,877431.177,859939.79
2014-10-27,881974.6046143192,869305.017,852021.15
2014-10-28,897680.424401599,884366.227,866725.61
2014-10-29,912354.6850912031,898431.987,880449.91
2014-10-30,929771.2073791377,914579.607,896289.19
2014-10-31,947859.0887360328,932074.207,913322.61
2014-11-03,946586.9745772027,930663.987,911922.77
2014-11-04,946024.542806774,930331.9352,911147.8158
2014-11-05,938374.6145381277,923685.8552,904602.9958
2014-11-06,939621.0689217906,924742.1952,905648.2358
2014-11-07,936449.1494364579,921729.4852,902698.6558
2014-11-10,959702.2870744524,942747.1752,923242.3758
2014-11-11,972541.1192351694,954667.7752,934936.6958
2014-11-12,972322.768546391,954484.3552,934754.6358
2014-11-13,969225.5018863595,951732.8952,932081.0958
2014-11-14,973476.8928800432,955171.1552,935465.3158
2014-11-17,966494.8045156675,948510.5652,928996.2358
2014-11-18,956797.351314857,940257.1352,920890.9358
2014-11-19,954756.2911885446,938629.6552,919263.6758
2014-11-20,950919.1380191261,935179.7152,915891.8758
2014-11-21,959443.7965755945,942835.2452,923386.8558
2014-11-24,965008.4645793333,947914.3752,928343.4958
2014-11-25,976638.1437474645,958694.7652,938885.4558
2014-11-26,987897.1870512753,968904.7652,948876.3158
2014-11-27,994380.5675073105,974819.8152,954692.0358
2014-11-28,1029145.6451440874,1007067.9452,986227.0958
2014-12-01,1034840.6933697914,1011968.6752,990988.1958
2014-12-02,1046043.4941778721,1022955.6807,1000868.5053
2014-12-03,1064224.7542621188,1040372.6807,1017743.5053
2014-12-04,1091174.7737772074,1066456.9607,1043243.5853
2014-12-05,1076306.8936687366,1052282.4307,1029612.5053
2014-12-08,1092322.2686976437,1067653.8307,1044661.9053
2014-12-09,1072913.8361122885,1049000.8907,1026260.0653
2014-12-10,1107077.0931717772,1081884.8907,1058145.0653
2014-12-11,1101659.6537000726,1076725.3207,1053103.5453
2014-12-12,1107386.3629907903,1082105.3407,1058498.2653
2014-12-15,1110883.3902850607,1085432.3007,1061837.8253
2014-12-16,1104425.2662058976,1079238.9107,1055999.7853
2014-12-17,1093912.5195680293,1069205.6507,1046267.4253
2014-12-18,1094700.153451264,1069961.8207,1047085.5453
2014-12-19,1094716.9183354452,1070044.7507,1047353.0253
2014-12-22,1084304.931089856,1060120.5107,1037883.3853
2014-12-23,1074165.0367480475,1050390.6507,1028103.4253
2014-12-24,1077002.2274280672,1053036.5507,1030701.8253
2014-12-25,1089959.1728761294,1065543.6707,1042978.1453
2014-12-26,1096296.7979557298,1071662.4307,1048970.5053
2014-12-29,1094049.416792675,1069484.0007,1046956.0253
2014-12-30,1087632.751173064,1063282.0407,1040919.4653
2014-12-31,1101273.507499284,1076368.1607,1053754.7853
2015-01-05,1149113.13546794,1122595.5207,1098817.7453
2015-01-06,1183044.7492027315,1153788.9149,1128174.0209
2015-01-07,1175454.7937201727,1146981.9149,1121558.0209
2015-01-08,1177864.0292841673,1149162.9149,1123686.0209
2015-01-09,1172577.9042661586,1144249.9149,1119071.0209
2015-01-12,1182412.1538613485,1153269.9149,1127865.0209
2015-01-13,1191512.0662336906,1161580.9149,1136116.0209
2015-01-14,1186115.2777546744,1156617.9149,1131453.0209
2015-01-15,1185395.7406719832,1156019.9149,1130855.0209
2015-01-16,1193959.7510820958,1164020.9149,1138638.0209
2015-01-19,1167828.8218997908,1139928.9149,1115200.0209
2015-01-20,1194852.7362115076,1164749.9149,1139323.0209
2015-01-21,1213170.7643210206,1181468.9149,1155646.0209
2015-01-22,1217682.2042166407,1185506.9149,1159264.0209
2015-01-23,1207064.2040174247,1175718.9149,1149786.0209
2015-01-26,1232179.53415584,1198670.9149,1171828.0209
2015-01-27,1240364.78898593,1205992.9149,1178973.0209
2015-01-28,1229617.6190647555,1196163.9149,1169468.0209
2015-01-29,1210960.6598785552,1179115.9149,1152995.0209
2015-01-30,1205488.9718936211,1174115.9149,1147974.0209
2015-02-02,1202727.6112633024,1171600.9149,1145018.0209
2015-02-03,1211796.4278809712,1179975.7993,1152610.8055
2015-02-04,1198048.6296465946,1166959.7993,1139904.8055
2015-02-05,1187649.0727566655,1157180.7993,1130427.8055
2015-02-06,1170543.7311448792,1140776.7993,1114542.8055
2015-02-09,1179572.2610777353,1149160.7993,1122695.8055
2015-02-10,1188796.78576529,1158044.7993,1131240.8055
2015-02-11,1201050.2874042664,1169728.7993,1142711.8055
2015-02-12,1216335.447322655,1184363.7993,1156895.8055
2015-02-13,1234934.5959881004,1202392.7993,1174265.8055
2015-02-16,1262045.4378204842,1228488.7993,1199462.8055
2015-02-17,1271884.4804431428,1238006.7993,1208483.8055
2015-02-25,1280459.5543633734,1246082.7993,1216399.8055
2015-02-26,1280891.1637817705,1246353.7993,1216753.8055
2015-02-27,1286631.289276234,1251892.7993,1222086.8055
2015-03-02,1309810.1298816726,1274306.7993,1243826.8055
2015-03-03,1301838.8993356572,1266751.1207,1235871.1199
2015-03-04,1332676.6268138518,1296060.1207,1264508.1199
2015-03-05,1335368.1392806694,1298592.1207,1267032.1199
2015-03-06,1322660.5435657098,1286639.1207,1255328.1199
2015-03-09,1340133.3526810138,1303375.1207,1271675.1199
2015-03-10,1349078.7855414632,1311769.1207,1279948.1199
2015-03-11,1342891.0242853593,1305791.1207,1274226.1199
2015-03-12,1350280.601970543,1312782.1207,1281190.1199
2015-03-13,1358763.1331911967,1320841.1207,1289167.1199
2015-03-16,1385706.018965799,1346467.1207,1314206.1199
2015-03-17,1389704.8092494316,1350398.1207,1318005.1199
2015-03-18,1405120.4936043166,1365021.1207,1332218.1199
2015-03-19,1400362.4476000092,1360635.1207,1327830.1199
2015-03-20,1404394.274510158,1364351.1207,1331511.1199
2015-03-23,1429688.5629548328,1388477.1207,1355107.1199
2015-03-24,1432166.7062241905,1390805.1207,1357274.1199
2015-03-25,1443272.2392423227,1401395.1207,1367640.1199
2015-03-26,1452819.0775216408,1410638.1207,1376593.1199
2015-03-27,1455297.089728924,1412996.1207,1378859.1199
2015-03-30,1483859.1371298314,1440151.1207,1405501.1199
2015-03-31,1467620.4821572301,1424674.1207,1390372.1199
2015-04-01,1495462.8945166245,1451069.1207,1416219.1199
2015-04-02,1501210.1951526587,1456579.4049,1420732.0187
2015-04-03,1513879.0486673838,1468135.4049,1432148.0187
2015-04-07,1554068.4059508496,1504725.4049,1467897.0187
2015-04-08,1548569.1575224649,1499525.4049,1462677.0187
2015-04-09,1540712.0487875016,1492660.4049,1455929.0187
2015-04-10,1581906.2596158723,1530063.4049,1492693.0187
2015-04-13,1600219.1984959384,1546699.4049,1508871.0187
2015-04-14,1602684.1005722508,1548934.4049,1510976.0187
2015-04-15,1556324.6754806011,1506752.4049,1469790.0187
2015-04-16,1612384.3136952803,1557579.4049,1519331.0187
2015-04-17,1620354.7067757857,1564857.4049,1526470.0187
2015-04-20,1593968.5950742383,1540875.4049,1503010.0187
2015-04-21,1646564.976014121,1588416.4049,1549740.0187
2015-04-22,1676166.1750138274,1615486.4049,1576109.0187
2015-04-23,1677969.0090754393,1617176.4049,1577894.0187
2015-04-24,1678904.969165079,1618108.4049,1578939.0187
2015-04-27,1709540.6735468025,1646208.4049,1606456.0187
2015-04-28,1653983.285346984,1595811.4049,1557231.0187
2015-04-29,1672283.9755993679,1612450.4049,1573679.0187
2015-04-30,1673742.6283759007,1613775.4049,1574790.0187
2015-05-04,1711143.0565730378,1647703.4049,1608116.0187
2015-05-05,1656540.44209007,1597837.2225,1558029.0257
2015-05-06,1644490.6218784424,1586826.2225,1547232.0257
2015-05-07,1630015.152561279,1573545.2225,1534340.0257
2015-05-08,1647339.1842284445,1589351.2225,1549776.0257
2015-05-11,1677257.6563767071,1616641.2225,1576353.0257
2015-05-12,1678632.2891475179,1617949.2225,1577547.0257
2015-05-13,1676229.8955471152,1615794.2225,1575435.0257
2015-05-14,1666807.8295876447,1607205.2225,1567042.0257
2015-05-15,1638948.7801549307,1581714.2225,1542237.0257
2015-05-18,1623548.3366321654,1567702.2225,1528488.0257
2015-05-19,1659687.7864796312,1600657.2225,1560699.0257
2015-05-20,1664197.5264551875,1604724.2225,1564659.0257
2015-05-21,1681643.027929516,1620567.2225,1580036.0257
2015-05-22,1718543.5469958521,1654192.7725,1613000.5757
2015-05-25,1754486.2315788264,1686873.7625,1645014.5657
2015-05-26,1785937.5519823397,1715375.469,1672733.6673
2015-05-27,1805282.3838127295,1732753.309,1689697.5073
2015-05-28,1719227.7932475507,1654434.929,1613350.1273
2015-05-29,1734462.7618797421,1668340.269,1626785.4673
2015-06-01,1806571.3053259144,1734045.629,1690963.8273
2015-06-02,1812827.3647765242,1739772.5532,1695533.8597
2015-06-03,1808097.9046773138,1735468.4332,1691348.7397
2015-06-04,1836433.7565836373,1761536.5832,1716730.8897
2015-06-05,1833903.3942507475,1759256.4432,1714524.7497
2015-06-08,1895771.8515985599,1815948.9132,1769872.2197
2015-06-09,1884325.8865223315,1805841.0267,1759788.4181
2015-06-10,1894364.2468337412,1815327.7867,1768835.0281
2015-06-11,1892721.606228767,1814170.6967,1767661.5681
2015-06-12,1914596.429843219,1834548.5067,1787657.7781
2015-06-15,1895064.8449225489,1816058.7367,1770118.9681
2015-06-16,1856520.9707451276,1780556.4267,1735601.1881
2015-06-17,1872156.3704594844,1794980.8167,1749483.8881
2015-06-18,1813505.1662993846,1741236.5967,1697126.6881
2015-06-19,1742994.336661415,1676409.2867,1633844.4681
2015-06-23,1806651.6438926205,1734205.5567,1690290.7681
2015-06-24,1836204.675270739,1761166.2067,1716532.5781
2015-06-25,1791536.2452996587,1720149.2267,1676515.7081
2015-06-26,1706215.7081757262,1642092.8667,1599905.0681
2015-06-29,1723417.3239711877,1658171.7867,1615561.3081
2015-06-30,1821110.2287899272,1747561.2067,1702573.9181
2015-07-01,1762222.676992957,1693821.8367,1649937.0181
2015-07-02,1783395.7710404082,1713472.3549,1668091.8114
2015-07-03,1749594.0348300517,1681727.7249,1637007.2414
2015-07-06,1828411.2227684506,1756550.0449,1710125.9714
2015-07-07,1877450.2792246097,1803142.3749,1755611.7414
2015-07-08,1795827.2860890704,1726126.8749,1680244.2914
2015-07-09,1869225.5762244621,1795118.0549,1747955.0814
2015-07-10,1897558.8379852858,1821551.9749,1774076.8714
2015-07-13,1864881.89265694,1790615.5849,1743930.1414
2015-07-14,1827757.0880913222,1755645.4849,1709657.8314
2015-07-15,1852295.3706442,1779033.1849,1732391.3014
2015-07-16,1845809.0917051053,1772785.3349,1726385.3414
2015-07-17,1857743.992005515,1783888.0249,1737369.4514
2015-07-20,1853843.0321988668,1780282.0449,1733768.6014
2015-07-21,1848345.1195278813,1775085.7149,1728778.1914
2015-07-22,1833941.1169044573,1761630.9549,1715520.4614
2015-07-23,1848928.13508714,1775580.5049,1729269.2414
2015-07-24,1834190.496270371,1761702.0249,1715651.4014
2015-07-27,1737379.943797157,1670627.3149,1626319.6314
2015-07-28,1748656.6931957665,1681337.0549,1636878.8314
2015-07-29,1753813.8528899234,1686183.6849,1641669.4614
2015-07-30,1736087.1110830798,1669430.6249,1625246.8814
2015-07-31,1735059.3478183826,1668552.1449,1624396.5214
2015-08-03,1753292.0437440476,1685790.3949,1641343.9514
2015-08-04,1758775.3488283511,1690932.0764,1645741.0818
2015-08-05,1740405.3251618685,1673650.1064,1628877.8218
2015-08-06,1737265.6538345313,1670787.6164,1626069.7818
2015-08-07,1743873.5804229004,1676985.2464,1632118.2618
2015-08-10,1764915.482525073,1696785.2164,1651436.8918
2015-08-11,1751865.4027170886,1684391.9664,1639354.6118
2015-08-12,1738437.3560813712,1671615.4864,1626904.9418
2015-08-13,1739121.0183924322,1672269.4564,1627535.9118
2015-08-14,1735733.8488794984,1668994.5464,1624344.3418
2015-08-17,1723688.7626547904,1657702.8664,1613317.1318
2015-08-18,1694489.312350937,1630087.8364,1586387.0918
2015-08-19,1696864.2749989738,1632310.4364,1588560.7418
2015-08-20,1683110.533603396,1619569.4464,1576102.0618
2015-08-21,1665068.2491281603,1602862.2464,1559767.1818
2015-08-24,1585720.7689804868,1527937.2064,1486696.6318
2015-08-25,1541306.5876663488,1484933.3664,1444887.9018
2015-08-26,1578624.418065734,1520194.1964,1479285.6918
2015-08-27,1634423.9739806463,1572776.8064,1530591.2118
2015-08-28,1635634.276729999,1574222.9364,1531937.9218
2015-08-31,1659482.47531595,1596868.7764,1553978.3518
2015-09-01,1692377.3151279956,1628437.9164,1584703.9818
2015-09-02,1732098.785575841,1666196.8598,1620365.8246
2015-09-07,1674484.2585464711,1611529.7098,1567512.1246
2015-09-08,1694854.2548637036,1630882.5998,1586113.6346
2015-09-09,1703139.916944642,1638558.9898,1593521.8946
2015-09-10,1702019.178063682,1637377.3598,1592007.0246
2015-09-11,1690044.7706305096,1625963.7398,1580886.5146
2015-09-14,1685528.8755339028,1621005.4998,1576352.2446
2015-09-15,1657625.3862386378,1594461.5298,1551000.8246
2015-09-16,1689549.5497207218,1624518.8598,1579585.4046
2015-09-17,1661033.469103767,1597854.1798,1553685.7146
2015-09-18,1655575.4489355255,1592522.3398,1548429.0346
2015-09-21,1660456.462984718,1597117.7198,1552977.7246
2015-09-22,1669219.8721107126,1605493.5798,1561037.0446
2015-09-23,1646798.5566152125,1584451.7298,1540845.9946
2015-09-24,1654362.095918236,1591745.2198,1547729.1646
2015-09-25,1649590.3654447838,1587251.9298,1543807.2646
2015-09-28,1649152.6550520486,1587033.4398,1543440.0646
2015-09-29,1630647.5322717896,1569451.2898,1526711.9146
2015-09-30,1642455.1311781954,1580739.5098,1537477.9546
2015-10-08,1666912.4341120855,1603428.4398,1559343.6846
2015-10-09,1681410.0039973673,1616490.6527,1571460.1414
2015-10-12,1716119.1654912208,1648007.0327,1602021.6014
2015-10-13,1708968.7294097997,1641453.3827,1595660.1214
2015-10-14,1693486.1360665546,1627497.2527,1582132.0514
2015-10-15,1719642.5689261397,1651327.4527,1605296.2614
2015-10-16,1733297.4121897502,1663819.7327,1617433.0114
2015-10-19,1734279.2041422653,1664270.3727,1617932.0214
2015-10-20,1736958.9115126499,1666908.1727,1620523.4114
2015-10-21,1733900.4234966715,1664630.2127,1618224.2014
2015-10-22,1737429.8069620566,1667577.3727,1621257.6414
2015-10-23,1755128.2966005197,1683000.8927,1636241.8714
2015-10-26,1760860.5937408803,1687782.8127,1640904.5014
2015-10-27,1754848.7896603956,1682389.0127,1635620.2014
2015-10-28,1736785.920894252,1665922.5427,1619694.8214
2015-10-29,1740762.0815657869,1669549.1627,1623230.5214
2015-10-30,1745569.6081492512,1673852.8027,1627397.0314
2015-11-02,1733817.6678152438,1663183.3227,1617347.7014
2015-11-03,1728991.9382790786,1658526.6353,1612237.5302
2015-11-04,1789330.8511213593,1715498.9353,1667650.1302
2015-11-05,1821423.736613142,1745946.4353,1697387.8002
2015-11-06,1841130.2151472582,1764540.3553,1715503.4802
2015-11-09,1891656.1251632792,1812505.8553,1762293.1902
2015-11-10,1880929.2333080964,1802265.8553,1752391.2302
2015-11-11,1863504.292283148,1785811.6153,1736368.6502
2015-11-12,1848796.8573468493,1771793.3953,1722614.6902
2015-11-13,1826339.5462198595,1750728.6553,1702086.8302
2015-11-16,1830784.744568639,1755054.5753,1706149.1302
2015-11-17,1838558.6692566324,1762356.6753,1713312.8402
2015-11-18,1853130.589641423,1776208.7953,1726618.6702
2015-11-19,1854944.110449293,1777915.7953,1728238.9602
2015-11-20,1847152.3048837315,1770600.9953,1721157.5302
2015-11-23,1837595.4736333,1761559.8553,1712344.0702
2015-11-24,1825228.539796323,1749897.0553,1701051.5602
2015-11-25,1833021.1507453744,1757232.7753,1708178.3302
2015-11-26,1827323.2331588974,1751833.4153,1702919.2602
2015-11-27,1763727.876217884,1691717.5753,1644386.8702
2015-11-30,1781717.5520095709,1708569.0953,1660824.9702
2015-12-01,1791156.239013797,1717494.0953,1669397.7602
2015-12-02,1844153.072678705,1767408.7779,1717215.4032
2015-12-03,1850620.2493196079,1773690.4979,1723194.4232
2015-12-04,1821620.4441779132,1746306.4979,1696442.5032
2015-12-07,1826997.0955450037,1751198.4779,1701358.2932
2015-12-08,1795384.1341952356,1721350.5179,1672427.9532
2015-12-09,1804308.7262384784,1729684.0779,1680248.9732
2015-12-10,1793906.6874860504,1719871.7179,1670715.6132
2015-12-11,1782304.6374281095,1708977.9179,1660227.8132
2015-12-14,1808269.6512381895,1733413.4579,1684084.0032
2015-12-15,1801172.840784132,1726592.2579,1677404.8832
2015-12-16,1791328.863754308,1717367.6579,1668441.2832
2015-12-17,1814653.1351266988,1739322.0779,1689780.8932
2015-12-18,1834455.6536820424,1758007.5379,1708130.0832
2015-12-21,1922130.5954036245,1840274.1579,1788325.8932
2015-12-22,1911425.3846307995,1830247.1579,1778459.8932
2015-12-23,1907519.9356192444,1826714.3379,1774986.3432
2015-12-24,1890291.541891605,1810322.9379,1758978.4832
2015-12-25,1891709.1293271845,1811652.1179,1760273.9332
2015-12-28,1845642.5320332285,1768312.2579,1717997.9632
2015-12-29,1854160.3412834194,1776438.7779,1725936.4032
2015-12-30,1857083.6934874838,1779256.1179,1728666.0132
2015-12-31,1855474.166574713,1777869.9979,1727310.8932
2016-01-04,1747929.9178264723,1676609.7379,1628836.6032
2016-01-05,1751497.292543426,1679910.3695,1630844.7234
2016-01-06,1779444.6913064905,1706579.8095,1656766.6234
2016-01-07,1701537.5217699152,1633082.4295,1585347.1334
2016-01-08,1735613.8511956846,1665289.5295,1616617.8834
2016-01-11,1668865.3583450085,1602013.6295,1555104.8734
2016-01-12,1673232.9403225565,1606257.0695,1559092.2334
2016-01-13,1655028.904573499,1588882.9695,1542249.4034
2016-01-14,1669031.7639478513,1601858.4095,1554847.8434
2016-01-15,1627861.408473233,1562952.1895,1516950.9734
2016-01-18,1624770.7741687207,1559871.6695,1513935.4534
2016-01-19,1662620.3606109107,1595253.7895,1548372.4934
2016-01-20,1639050.614457559,1573276.6695,1527018.3734
2016-01-21,1615479.654171339,1551042.0295,1505370.2734
2016-01-22,1627115.9304310821,1562017.7895,1516095.4934
2016-01-25,1634492.386545012,1569007.1295,1522878.1034
2016-01-26,1570614.7027190668,1508254.6695,1463812.6934
2016-01-27,1575362.6645298372,1512692.7895,1468165.8134
2016-01-28,1556249.2781125628,1494657.3895,1450602.4934
2016-01-29,1581746.137314655,1518722.6695,1474079.6134
2016-02-01,1560652.7211048107,1498442.0095,1454405.3034
2016-02-02,1573367.437235354,1509922.6183,1465219.2861
2016-02-03,1563980.2759996797,1501364.6183,1456967.3661
2016-02-04,1577727.432297994,1513931.2383,1469108.7161
2016-02-05,1579161.6315592863,1515251.1783,1470273.9261
2016-02-15,1567944.2253135317,1505110.3983,1460379.9561
2016-02-16,1595062.737516289,1529883.4583,1484485.6661
2016-02-17,1598580.3215243751,1533181.3583,1487642.7561
2016-02-18,1595674.8743607267,1530533.1183,1485042.5161
2016-02-19,1588820.572132818,1524237.0383,1478975.9761
2016-02-22,1614334.709756244,1547520.5783,1501640.1661
2016-02-23,1603175.1392836554,1537222.0583,1491717.1861
2016-02-24,1616607.8525199785,1549584.9383,1503683.0661
2016-02-25,1568599.2483426684,1505677.6183,1461026.3661
2016-02-26,1585144.6941839193,1520769.3783,1475709.4261
2016-02-29,1572084.1772002834,1508633.1983,1463953.1561
2016-03-01,1586962.1695309815,1522329.1183,1477164.1161
2016-03-02,1626277.0430344108,1558062.8997,1511826.5113
2016-03-03,1634751.2754654682,1565772.4397,1519316.9613
2016-03-04,1679811.087410593,1606706.5997,1559129.6213
2016-03-07,1675181.3608170757,1602486.5597,1555084.4413
2016-03-08,1678194.799863009,1605202.7197,1557663.3613
2016-03-09,1677065.897491495,1604104.8197,1556512.5513
2016-03-10,1650060.6793442352,1579603.8197,1532610.7513
2016-03-11,1652681.458687946,1581923.4597,1534925.1713
2016-03-14,1655976.78034469,1584922.6997,1537907.5913
2016-03-15,1667161.8419679692,1595058.3797,1547829.9913
2016-03-16,1693099.113078643,1618446.0997,1570369.5513
2016-03-17,1688833.954329744,1614659.0597,1566829.0713
2016-03-18,1689075.0716641976,1614874.5997,1567057.4813
2016-03-21,1700324.312288852,1625094.1797,1577083.1913
2016-03-22,1691560.9513480898,1617186.5997,1569339.4413
2016-03-23,1689340.5448685908,1615214.7197,1567402.6213
2016-03-24,1674665.4098007893,1602019.0397,1554619.6213
2016-03-25,1683782.466335381,1610334.5597,1562780.1413
2016-03-28,1674646.893718473,1602115.8997,1554930.0713
2016-03-29,1665818.5383069722,1594137.6997,1547082.8513
2016-03-30,1698828.397053843,1624052.5997,1576213.0013
2016-03-31,1697695.6851541153,1623060.7197,1575221.1813
2016-04-01,1707129.4876897004,1631549.2797,1583410.4813
2016-04-05,1707977.602664075,1632942.2953,1583712.4821
2016-04-06,1702702.0230245602,1627905.0753,1578855.0721
2016-04-07,1685106.580082143,1611141.5953,1562596.1321
2016-04-08,1675817.218582582,1602302.5953,1554048.1321
2016-04-11,1691786.7954461114,1617520.3353,1568782.6021
2016-04-12,1682972.8947400474,1609129.5953,1560651.1321
2016-04-13,1700962.973605365,1626270.8153,1577269.5421
2016-04-14,1704062.6612031627,1629227.8153,1580123.5421
2016-04-15,1704273.8250385658,1629429.0753,1580289.0721
2016-04-18,1685185.0494360607,1611219.5953,1562637.1321
2016-04-19,1685774.3182095303,1611770.5953,1563192.1321
2016-04-20,1668825.0013958078,1595618.1153,1547526.1921
2016-04-21,1655141.7042544219,1582610.8953,1534981.7821
2016-04-22,1660152.2007376864,1587377.3753,1539594.7221
2016-04-25,1656771.021619859,1584136.3753,1536475.7221
2016-04-26,1663004.4369343906,1590078.3753,1542176.7221
2016-04-27,1663615.7951043963,1590660.6353,1542722.2521
2016-04-28,1667287.3403403852,1594182.3753,1546153.7221
2016-04-29,1668912.5636129477,1595726.6353,1547586.2521
2016-05-03,1695893.8059033009,1621439.1153,1572419.1921
2016-05-04,1698383.028901876,1623872.9587,1573933.1084
2016-05-05,1696013.4371578959,1621616.9587,1571736.1084
2016-05-06,1668996.15790323,1595952.7387,1546867.6984
2016-05-09,1648108.5261840695,1576035.5187,1527582.2884
2016-05-10,1647338.1686763451,1575327.5187,1526894.2884
2016-05-11,1661051.685737592,1588462.5187,1539614.2884
2016-05-12,1663831.2557445732,1591018.0387,1542068.3484
2016-05-13,1660215.4185694617,1587577.0387,1538734.3484
2016-05-16,1661976.921447129,1589265.7787,1540376.8184
2016-05-17,1653067.2725754196,1580746.7787,1532128.8184
2016-05-18,1658139.9492375175,1585497.7787,1536733.8184
2016-05-19,1652003.580261371,1579655.5187,1531066.2884
2016-05-20,1655952.2014748917,1583409.2587,1534715.7584
2016-05-23,1656238.4250911018,1583710.9987,1534997.2284
2016-05-24,1648252.198028281,1576113.9987,1527641.2284
2016-05-25,1653551.0133992012,1581142.7387,1532510.6984
2016-05-26,1654420.0054382007,1581954.7387,1533300.6984
2016-05-27,1656634.9434748872,1584072.7387,1535355.6984
2016-05-30,1667332.6381304674,1594220.9587,1545183.1084
2016-05-31,1703356.1184936464,1628528.3987,1578417.9284
2016-06-01,1693826.2143885281,1619481.1787,1569654.5184
2016-06-02,1691464.8180399314,1617231.7393,1566879.6774
2016-06-03,1701744.268941958,1626976.9593,1576337.0874
2016-06-06,1697926.1768232551,1623358.9893,1572847.1074
2016-06-07,1697928.4112344934,1623366.2793,1572851.7474
2016-06-08,1699113.6779019022,1624488.5193,1573941.4174
2016-06-13,1675845.851093524,1602336.7493,1552485.3674
2016-06-14,1680297.3645112454,1606596.3093,1556584.1774
2016-06-15,1683229.8291480956,1609372.3293,1559275.0874
2016-06-16,1677873.3140216707,1604221.1893,1554329.8674
2016-06-17,1681923.6540913386,1608045.5493,1558059.8774
2016-06-20,1684965.8390053858,1610965.5793,1560857.8474
2016-06-21,1684841.6093995261,1610824.4093,1560736.7174
2016-06-22,1692200.294266575,1617800.0493,1567509.2874
2016-06-23,1688172.1475505363,1613980.0293,1563805.4674
2016-06-24,1672083.056439977,1598666.9693,1548954.0674
2016-06-27,1680906.6221466027,1607011.3893,1557087.4074
2016-06-28,1684195.6704543373,1610092.1893,1560128.7074
2016-06-29,1691514.6364209594,1617111.4593,1566883.0574
2016-06-30,1694982.7833494027,1620425.3393,1570091.2174
2016-07-01,1703418.1854071124,1628433.2493,1577872.5774
2016-07-04,1725810.9233273007,1649824.6915,1597983.6737
2016-07-05,1729373.4693567446,1653229.6415,1601269.6637
2016-07-06,1728137.0412402975,1652073.2015,1600163.6437
2016-07-07,1730916.5136920884,1654695.9815,1602755.0737
2016-07-08,1720244.189141123,1644517.8815,1592878.2537
2016-07-11,1722605.7081079832,1646803.4115,1595037.7937
2016-07-12,1759940.5735748315,1682496.5515,1629448.1637
2016-07-13,1773736.7850531854,1695663.6215,1642206.9137
2016-07-14,1765042.2508594883,1687348.4915,1634178.8537
2016-07-15,1771529.5370632033,1693564.3215,1640163.1037
2016-07-18,1779482.7726470283,1701200.9315,1647483.2937
2016-07-19,1770021.6243671644,1692159.0915,1638784.3637
2016-07-20,1763770.6486701374,1686191.7315,1632993.4237
2016-07-21,1769873.8566129399,1692017.4515,1638606.8337
2016-07-22,1757575.6734047688,1680250.3215,1627287.5737
2016-07-25,1760169.3223003338,1682734.7815,1629694.2137
2016-07-26,1779422.7572267342,1701176.9415,1647424.3437
2016-07-27,1783285.5301268627,1704872.8015,1650980.6337
2016-07-28,1791958.1877442058,1713161.4815,1658991.9837
2016-07-29,1784664.1372613467,1706213.1015,1652260.1737
2016-08-01,1788702.7817053115,1710075.0915,1656015.8137
2016-08-02,1785276.3233423452,1706803.8108,1652126.8266
2016-08-03,1779234.3207727198,1701044.5208,1646539.7066
2016-08-04,1776598.8191455689,1698532.8408,1644101.4366
2016-08-05,1781244.2900165254,1702961.7308,1648395.7566
2016-08-08,1788325.494599226,1709694.9508,1654929.9166
2016-08-09,1797376.8565554684,1718311.4108,1663278.1766
2016-08-10,1797029.390331066,1717975.3508,1662949.1366
2016-08-11,1808482.361784642,1728862.2008,1673491.1466
2016-08-12,1843224.44536764,1761910.1008,1705491.4166
2016-08-15,1883395.1638904572,1800103.2708,1742488.8966
2016-08-16,1862678.7614376796,1780412.8208,1723413.6866
2016-08-17,1861057.5736064038,1778865.2008,1721898.0966
2016-08-18,1856007.2370864877,1774040.4008,1717231.2866
2016-08-19,1856947.6598753696,1774947.6008,1718084.8266
2016-08-22,1854020.6594280372,1772167.0708,1715381.4766
2016-08-23,1863266.5776308149,1780871.7708,1723769.7466
2016-08-24,1859862.6492597586,1777677.8208,1720698.4066
2016-08-25,1853394.013870578,1771548.9508,1714778.0066
2016-08-26,1852657.0681973342,1770840.8308,1714089.3466
2016-08-29,1850424.5427703145,1768656.3808,1711929.1766
2016-08-30,1862112.1736008036,1779728.4808,1722621.9566
2016-08-31,1867492.7593817823,1784812.9008,1727523.0066
2016-09-01,1861401.7232270918,1778996.9308,1721888.2266
2016-09-02,1863884.7654788932,1781450.7471,1723005.8281
2016-09-05,1863534.9355784464,1781149.2071,1722712.0781
2016-09-06,1886092.3559356476,1802659.5671,1743378.3781
2016-09-07,1886166.2654194916,1802816.9971,1743524.2081
2016-09-08,1889909.684548242,1806395.1971,1746972.9081
2016-09-09,1878229.117678467,1795286.0471,1736224.5981
2016-09-12,1857435.899916181,1775641.6671,1717231.9881
2016-09-13,1860079.6252330928,1778139.0971,1719641.8681
2016-09-14,1850169.546755516,1768703.8671,1710564.7481
2016-09-19,1863719.5862516344,1781620.2371,1723004.5181
2016-09-20,1858859.9846340732,1777018.6871,1718559.4681
2016-09-21,1858605.0796127727,1776755.5071,1718305.0781
2016-09-22,1865163.9792398352,1782901.4771,1724288.1081
2016-09-23,1862198.2777852933,1780093.9871,1721587.7781
2016-09-26,1836918.0743285785,1756119.2171,1698509.6781
2016-09-27,1845285.5211756476,1764052.4771,1706211.1281
2016-09-28,1838748.1649797852,1757842.1471,1700226.1781
2016-09-29,1842021.5215284207,1760922.6171,1703209.6481
2016-09-30,1845191.6748604246,1763892.6171,1706108.2681
2016-10-10,1865582.1288094972,1783210.1871,1724745.4581
2016-10-11,1869684.5542058907,1787096.7109,1727213.4462
2016-10-12,1864328.9218567156,1782030.2309,1722322.3862
2016-10-13,1864456.3668098464,1782159.9109,1722454.9462
2016-10-14,1871375.060548302,1788736.9309,1728825.2862
2016-10-17,1856793.6068061253,1774882.1109,1715421.7762
2016-10-18,1878733.0601296073,1795762.3509,1735634.4662
2016-10-19,1876761.8242983287,1793884.8509,1733783.7062
2016-10-20,1874172.1600976642,1791425.8309,1731406.5262
2016-10-21,1887172.4882574894,1803802.6709,1743384.6862
2016-10-24,1907144.5992497494,1822797.7609,1761772.5462
2016-10-25,1899925.6464764467,1815950.2009,1755156.6362
2016-10-26,1889592.796173854,1806132.9309,1745667.6262
2016-10-27,1886253.5607857793,1802972.1109,1742615.7562
2016-10-28,1882056.9660518246,1798974.4409,1738762.5062
2016-10-31,1874277.7050863754,1791600.6409,1731651.4762
2016-11-01,1881677.5826107836,1798629.1909,1738443.4962
2016-11-02,1867997.097465771,1785602.6313,1724830.4099
2016-11-03,1876257.049218413,1793478.3313,1732443.1199
2016-11-04,1871880.9242347921,1789298.8013,1728426.6099
2016-11-07,1871511.9724803139,1788954.6213,1728088.3399
2016-11-08,1880253.6571669842,1797297.5613,1736152.9999
2016-11-09,1865350.2618226712,1783076.5713,1722452.6999
2016-11-10,1882247.9918083705,1799193.2213,1738020.5299
2016-11-11,1888626.39422958,1805277.2113,1743850.9599
2016-11-14,1892622.7624794813,1809094.7313,1747564.3999
2016-11-15,1891754.1978672815,1808267.8413,1746754.3799
2016-11-16,1895459.1597826285,1811796.4113,1750165.7699
2016-11-17,1894939.8992192105,1811307.8713,1749708.4899
2016-11-18,1888465.2851765584,1805128.3913,1743741.6199
2016-11-21,1904837.4988854637,1820755.7913,1758833.3099
2016-11-22,1917116.98678478,1832471.2113,1770173.0399
2016-11-23,1927303.3567053566,1842183.8013,1779565.4499
2016-11-24,1926248.7568159488,1841176.9913,1778582.2999
2016-11-25,1953995.0324733243,1867607.4313,1804148.5499
2016-11-28,1959410.7436772226,1872785.0213,1809126.4799
2016-11-29,1974146.7223498796,1886824.6213,1822687.1699
2016-11-30,1957129.4385086163,1870590.1813,1807000.4099
2016-12-01,1966312.5480071316,1879355.5113,1815496.3099
2016-12-02,1951929.4382207065,1865673.0392,1801263.1822
2016-12-05,1953270.060225348,1866946.4192,1802479.2222
2016-12-06,1947841.9823418362,1861788.1092,1797473.2422
2016-12-07,1949096.06008929,1862968.4192,1798636.2222
2016-12-08,1943044.189968944,1857228.4192,1793119.2222
2016-12-09,1955118.1540029498,1868764.4892,1804248.2822
2016-12-12,1914930.9540438107,1830636.7992,1767511.2622
2016-12-13,1905284.1997939849,1821396.3492,1758608.1622
2016-12-14,1897469.6743980474,1813989.3492,1751461.1622
2016-12-15,1877013.7856177115,1794471.5892,1732637.0822
2016-12-16,1880275.6586420794,1797545.2092,1735601.0422
2016-12-19,1875905.2262619208,1793401.5192,1731628.0222
2016-12-20,1861972.7298628476,1780113.1392,1718857.9822
2016-12-21,1875062.7570141293,1792568.8292,1730894.0022
2016-12-22,1870494.549540233,1788245.8292,1726692.0022
2016-12-23,1858321.9186788355,1776660.1392,1715544.9822
2016-12-26,1861827.4916306266,1780008.8292,1718728.0022
2016-12-27,1855560.4576069228,1774029.4492,1712953.9622
2016-12-28,1850892.9264014221,1769587.7592,1708647.9422
2016-12-29,1849002.5553054654,1767782.0692,1706909.9222
2016-12-30,1856299.3237187993,1774712.7592,1713580.9422
2017-01-03,1865702.6918006078,1783683.1392,1722211.9822
2017-01-04,1871476.0826074386,1789147.7484,1726073.2058
2017-01-05,1869685.480516796,1787425.4384,1724386.2258
2017-01-06,1859928.5926514135,1778147.4384,1715460.2258
2017-01-09,1867049.7874459557,1784897.4384,1721901.2258
2017-01-10,1866760.456400602,1784625.4384,1721653.2258
2017-01-11,1852952.2726484505,1771541.7484,1709089.2058
2017-01-12,1846537.0377015243,1765447.7484,1703213.2058
2017-01-13,1854387.3307044874,1772884.7484,1710373.2058
2017-01-16,1872190.4922217962,1789814.5084,1726790.2858
2017-01-17,1867597.9578158394,1785406.8184,1722423.2658
2017-01-18,1868713.3656400791,1786445.8184,1723424.2658
2017-01-19,1864975.719286904,1782884.5084,1719972.2858
2017-01-20,1875499.471410389,1792876.5084,1729582.2858
2017-01-23,1879291.635820918,1796507.1984,1733156.3058
2017-01-24,1880174.8885588152,1797300.8884,1733839.3258
2017-01-25,1886569.7119783484,1803327.5784,1739584.3458
2017-01-26,1891675.4280737867,1808186.9584,1744268.3858
2017-02-03,1884645.9548616607,1801489.8884,1737763.3258
2017-02-06,1885757.5665138958,1801987.714,1737161.4709
2017-02-07,1881153.3282019056,1797147.024,1732499.4509
2017-02-08,1889509.9978022953,1805918.714,1740940.4709
2017-02-09,1893074.231152615,1809293.714,1744186.4709
2017-02-10,1899194.9964043067,1815408.094,1750096.5109
2017-02-13,1909499.317529989,1824845.474,1759187.5509
2017-02-14,1906800.2422022924,1822611.474,1757065.5509
2017-02-15,1916370.9283469014,1830799.304,1764946.6909
2017-02-16,1923391.5985690388,1838272.304,1772151.6909
2017-02-17,1908622.3942444068,1824307.234,1758700.6309
2017-02-20,1930627.6282298672,1845632.234,1779253.6309
2017-02-21,1935822.2965857924,1850126.924,1783590.6509
2017-02-22,1935760.1908175151,1849719.924,1783215.6509
2017-02-23,1930355.2679162524,1844328.614,1778021.6709
2017-02-24,1929096.2753797316,1843364.924,1777047.6509
2017-02-27,1918925.1959148268,1833050.544,1767130.6109
2017-02-28,1921180.7219669493,1835202.544,1769213.6109
2017-03-01,1924321.1127256304,1838034.234,1771925.6309
2017-03-02,1914083.7012125198,1828909.1737,1762103.9236
2017-03-03,1908312.6663472748,1823458.1737,1756839.9236
2017-03-06,1913732.3190676963,1828681.1737,1761873.9236
2017-03-07,1915351.3292918578,1829856.1737,1763000.9236
2017-03-08,1915979.573391318,1829909.1737,1763041.9236
2017-03-09,1901878.49777057,1816022.1737,1749635.9236
2017-03-10,1897076.016375111,1811322.1737,1745097.9236
2017-03-13,1907063.6884954267,1820641.1737,1754080.9236
2017-03-14,1905945.3144489187,1819456.1737,1752941.9236
2017-03-15,1910577.491181363,1823640.1737,1756984.9236
2017-03-16,1917328.6223357078,1830387.1737,1763479.9236
2017-03-17,1899661.734797857,1813968.1737,1747655.9236
2017-03-20,1895704.6150365188,1810053.1737,1743906.9236
2017-03-21,1894098.3368929995,1808473.1737,1742388.9236
2017-03-22,1879652.5352861986,1793955.1737,1728382.9236
2017-03-23,1884532.508315556,1798988.1737,1733227.9236
2017-03-24,1893225.9384317494,1806658.1737,1740614.9236
2017-03-27,1890754.0537289898,1804338.1737,1738386.9236
2017-03-28,1880902.0967525602,1795588.1737,1729949.9236
2017-03-29,1872979.2322904188,1787792.1737,1722434.9236
2017-03-30,1869170.9993999803,1783457.1737,1718268.9236
2017-03-31,1876737.3639360287,1790033.1737,1724621.9236
2017-04-05,1905155.643982909,1816834.1737,1750473.9236
2017-04-06,1912232.2114697243,1823001.0315,1755286.3078
2017-04-07,1914110.6950824175,1824800.0315,1757020.3078
2017-04-10,1902296.30695244,1813593.0315,1746222.3078
2017-04-11,1898961.8535915895,1810448.0315,1743202.3078
2017-04-12,1901297.701086776,1812695.0315,1745353.3078
2017-04-13,1906136.5159420094,1817321.0315,1749805.3078
2017-04-14,1894899.7510938023,1806675.0315,1739536.3078
2017-04-17,1889236.9426685895,1801276.0315,1734342.3078
2017-04-18,1869227.0047953597,1782318.0315,1716063.3078
2017-04-19,1853552.3916878856,1767454.0315,1701763.3078
2017-04-20,1849036.636203249,1763143.0315,1697628.3078
2017-04-21,1862906.8798363858,1776277.0315,1710304.3078
2017-04-24,1857119.7885931511,1770760.0315,1705019.3078
2017-04-25,1856349.772102635,1770024.0315,1704312.3078
2017-04-26,1847577.18911805,1761638.0315,1696186.3078
2017-04-27,1847814.9288314811,1761838.0315,1696378.3078
2017-04-28,1851878.6934453652,1765694.0315,1700087.3078
2017-05-02,1843615.1529783409,1757831.0315,1692469.3078
2017-05-03,1834227.4910947173,1748945.2661,1682935.7767
2017-05-04,1829689.2662684491,1744612.2661,1678772.7767
2017-05-05,1824516.7954819268,1739729.2661,1674080.7767
2017-05-08,1830290.5901196771,1745223.2661,1679379.7767
2017-05-09,1824567.0566082462,1739794.2661,1674132.7767
2017-05-10,1817392.463279202,1732991.2661,1667577.7767
2017-05-11,1818758.7131045936,1734275.2661,1668827.7767
2017-05-12,1830622.7454987413,1745596.2661,1679714.7767
2017-05-15,1835452.2411178271,1750165.2661,1684138.7767
2017-05-16,1835453.0541923563,1750145.2661,1684133.7767
2017-05-17,1829545.0005161483,1744519.2661,1678710.7767
2017-05-18,1820218.207602785,1735686.2661,1670205.7767
2017-05-19,1818663.4022614774,1734205.2661,1668791.7767
2017-05-22,1810649.3575689066,1726628.2661,1661510.7767
2017-05-23,1820085.756057329,1735601.2661,1670165.7767
2017-05-24,1821579.9995873158,1737006.2661,1671540.7767
2017-05-25,1850536.8236083027,1764470.2661,1698009.7767
2017-05-26,1855893.7695078624,1769603.2661,1702958.7767
2017-05-31,1869367.2533111414,1782417.2661,1715310.7767
2017-06-01,1873770.7559346731,1786618.2661,1719371.7767
2017-06-02,1857625.3560178485,1771892.0771,1704091.7249
2017-06-05,1848076.6854732418,1763230.7771,1695748.7849
2017-06-06,1848314.2102713468,1763337.2771,1695863.8849
2017-06-07,1861698.6584271917,1775556.4671,1707608.4949
2017-06-08,1865019.4874919632,1778664.0071,1710549.4549
2017-06-09,1858224.5273934365,1772456.6971,1704572.6849
2017-06-12,1853372.4656831059,1768041.5571,1700309.6449
2017-06-13,1856560.7914327176,1770950.2571,1703109.6849
2017-06-14,1848923.402647672,1764013.4671,1696439.7749
2017-06-15,1849807.3843277053,1764836.6171,1697239.9049
2017-06-16,1845791.3459384544,1761207.0771,1693744.1849
2017-06-19,1862267.9257075125,1776156.0771,1708193.7549
2017-06-20,1859289.166851426,1773499.0771,1705639.2449
2017-06-21,1864084.0874864075,1777817.6671,1709800.2349
2017-06-22,1869251.9967015728,1782492.7471,1714300.9549
2017-06-23,1870718.5228577603,1783828.1271,1715582.7949
2017-06-26,1883494.1157319073,1795463.6171,1726802.3349
2017-06-27,1877818.1160229263,1790303.6971,1721835.1949
2017-06-28,1870467.5769911942,1783617.0771,1715410.8049
2017-06-29,1870545.0065897037,1783717.4771,1715503.7049
2017-06-30,1878775.1878058151,1791140.0471,1722662.1549
2017-07-03,1878224.1045090426,1790640.6071,1722164.3249
2017-07-04,1868215.4340604935,1781485.3378,1712206.5694
2017-07-05,1872700.6888613717,1786394.9378,1716921.9194
2017-07-06,1873866.8079705476,1787717.9078,1718182.8594
2017-07-07,1881143.1026551004,1795547.6578,1725693.2994
2017-07-10,1880494.8566025954,1794191.1378,1724402.6194
2017-07-11,1898700.2121080174,1810830.8378,1740439.6594
2017-07-12,1903135.2898217847,1814518.6978,1743998.7594
2017-07-13,1931949.9468239842,1840298.0878,1768797.8494
2017-07-14,1943029.5008715156,1851204.6478,1779288.6294
2017-07-17,1957522.7523370164,1862981.1978,1790639.0494
2017-07-18,1949617.7492562898,1856366.9278,1784295.2894
2017-07-19,1982662.0266965008,1886691.4678,1813421.1394
2017-07-20,1982206.9015029003,1887984.5178,1814639.0194
2017-07-21,1975326.389547799,1883166.5278,1810004.1994
2017-07-24,1982504.536359873,1891609.3678,1818105.1394
2017-07-25,1982640.8814816414,1890346.3378,1816894.2594
2017-07-26,1984607.7340802748,1892034.8878,1818495.2894
2017-07-27,1980749.8465498933,1887736.6478,1814356.8294
2017-07-28,1975257.1875760313,1883748.9878,1810526.3094
2017-07-31,1974753.1004819486,1882576.7478,1809387.9494
2017-08-01,1992745.2227998162,1899904.7178,1826054.6094
2017-08-02,1982243.3574315251,1890752.9242,1816042.0984
2017-08-03,1973029.272413257,1882392.2642,1807981.4884
2017-08-04,1969773.8553092522,1879444.9142,1805154.5084
2017-08-07,1972289.9277986654,1881645.9842,1807319.9184
2017-08-08,1976004.7943611683,1885025.7342,1810576.3484
2017-08-09,1963471.8081512633,1873463.4042,1799589.6984
2017-08-10,1960352.5999044478,1870651.2242,1796843.5484
2017-08-11,1945918.0058200352,1857543.2942,1784234.1784
2017-08-14,1955239.8453374987,1865782.7242,1792329.1084
2017-08-15,1957006.9835826603,1867462.9542,1793904.4184
2017-08-16,1954568.3418969512,1865211.2042,1791720.2084
2017-08-17,1964096.3668377153,1873891.7742,1800054.2084
2017-08-18,1960035.3945466634,1870188.9542,1796506.0584
2017-08-21,1967299.8212697525,1876693.3242,1802839.8484
2017-08-22,1964787.2716496137,1874457.3042,1800652.7084
2017-08-23,1969040.5324699827,1878330.5642,1804386.4984
2017-08-24,1961076.598873489,1871103.1142,1797439.1984
2017-08-25,1990489.0735679609,1897915.0442,1823223.4384
2017-08-28,2005523.4851480804,1911547.5742,1836327.1284
2017-08-29,2006966.6819610712,1912872.9442,1837577.2484
2017-08-30,2003121.7246605076,1909361.9842,1834214.8684
2017-08-31,1992494.6076984408,1899685.3642,1824920.9884
2017-09-01,1987005.49526898,1894621.3842,1820131.5684
2017-09-04,1982494.3614428672,1890522.0964,1815350.7563
2017-09-05,1980444.0005339242,1888664.8464,1813561.8163
2017-09-06,1992627.9928331655,1899733.0364,1824205.0263
2017-09-07,1986006.3436349789,1893741.0764,1818436.1063
2017-09-08,1982982.531027626,1891020.3264,1815823.5163
2017-09-11,1985077.864243105,1892925.7964,1817658.1463
2017-09-12,1979148.4977573284,1887549.2064,1812475.1363
2017-09-13,1981516.8231599468,1889711.5264,1814556.3763
2017-09-14,1991881.0059116047,1899136.5064,1823584.0563
2017-09-15,1992297.2084649662,1899520.5764,1823953.7063
2017-09-18,1993608.4284751366,1900801.3864,1825200.6063
2017-09-19,1990689.8812547347,1898159.6164,1822652.4063
2017-09-20,1992444.5129566113,1899719.8264,1824163.1863
2017-09-21,1979292.3512487423,1887798.1764,1812721.7063
2017-09-22,1982473.99319648,1890697.5964,1815526.5863
2017-09-25,1973465.1240249814,1882482.2964,1807659.2463
2017-09-26,1971103.425023358,1880349.1364,1805594.2763
2017-09-27,1969013.4644526788,1878421.6864,1803742.8263
2017-09-28,1958573.6455098623,1868968.0264,1794663.6163
2017-09-29,1958587.8017212767,1868976.3164,1794668.9663
2017-10-09,1969924.2264833965,1879222.1664,1804512.8963
2017-10-10,1978947.90232006,1887284.8382,1811104.4162
2017-10-11,1985760.1006522127,1893771.2682,1817374.9862
2017-10-12,1981734.8036208302,1889873.6482,1813627.3162
2017-10-13,1983085.4319198225,1891513.5782,1815199.4662
2017-10-16,1977590.2955613632,1886199.0282,1810097.8762
2017-10-17,1976548.2594041317,1884927.9382,1808866.4762
2017-10-18,1981859.6917486973,1889105.3782,1812952.9862
2017-10-19,1972790.8598510374,1880189.6282,1804416.0662
2017-10-20,1980328.047791426,1887359.5582,1811307.5962
2017-10-23,1971650.4563402126,1879476.7082,1803749.2962
2017-10-24,1985794.516691619,1892472.1482,1816282.7962
2017-10-25,1986005.679331141,1893251.4882,1817019.2062
2017-10-26,1991778.9362444752,1898575.0982,1822156.8062
2017-10-27,1988315.3150844583,1895196.4082,1818881.8062
2017-10-30,1987421.835969367,1893600.5082,1817430.2962
2017-10-31,1987049.8835764185,1893110.7082,1816952.1262
2017-11-01,1988978.1829559423,1895404.1882,1819127.1762
2017-11-02,1984075.8745388743,1890822.8098,1813519.5782
2017-11-03,1982686.6224922335,1889532.7698,1812242.5882
2017-11-06,1981717.2012741556,1888633.6398,1811393.8082
2017-11-07,1998871.757319063,1904909.7398,1827046.6582
2017-11-08,2002683.382425847,1908475.1398,1830493.0582
2017-11-09,1998705.0672630977,1904709.1098,1826887.1282
2017-11-10,1990150.4850636078,1896611.9098,1819099.4282
2017-11-13,1998459.7960847018,1904466.7698,1826648.5882
2017-11-14,1982878.3605027962,1889713.2398,1812457.4082
2017-11-15,1979892.170757823,1886847.0998,1809725.5682
2017-11-16,1953754.4520742751,1862102.1398,1785934.5582
2017-11-17,1976174.9205101617,1883369.3398,1806322.7582
2017-11-20,1973545.7699987516,1880870.9198,1803938.2382
2017-11-21,1992935.1623376687,1899233.1498,1821615.8682
2017-11-22,2014586.28425619,1919805.7098,1841345.2282
2017-11-23,1989134.291159058,1895684.9198,1818153.2382
2017-11-24,1992771.9171245368,1899159.3698,1821459.6882
2017-11-27,1985672.542006865,1892425.0498,1814967.0182
2017-11-28,1976500.9484111725,1883701.4198,1806622.9882
2017-11-29,1968114.020767411,1875776.3998,1798963.1182
2017-11-30,1969914.22600459,1877446.2598,1800585.2782
2017-12-01,1973855.1552768138,1881191.2898,1804185.2082
2017-12-04,1958650.5438658835,1867215.9173,1789556.9904
2017-12-05,1955354.9721471805,1864297.2173,1786795.0404
2017-12-06,1951561.2193951418,1860865.2173,1783509.0404
2017-12-07,1949336.530079042,1858845.5173,1781555.5904
2017-12-08,1953852.9557656634,1862920.0173,1785476.3404
2017-12-11,1956041.2455085814,1864856.0173,1787311.3404
2017-12-12,1942261.9703973415,1852403.5173,1775381.0904
2017-12-13,1946801.4760222607,1856484.7173,1779291.7904
2017-12-14,1947191.921685221,1856843.6173,1779642.9404
2017-12-15,1940712.9512228458,1850942.2173,1773990.5404
2017-12-18,1936035.2542648432,1846729.2173,1769956.5404
2017-12-19,1941051.7787292176,1851272.1173,1774318.6904
2017-12-20,1930265.1238430042,1841509.2173,1764997.5404
2017-12-21,1928687.4458556846,1840059.9173,1763621.9904
2017-12-22,1924179.8225225082,1835991.2173,1759725.5404
2017-12-25,1916068.2535174855,1828674.2173,1752715.5404
2017-12-26,1925977.112895453,1837628.8173,1761295.1404
2017-12-27,1921590.8094601755,1833631.8173,1757460.1404
2017-12-28,1918789.9628098635,1831109.7173,1755047.2904
2017-12-29,1924323.2443179127,1836138.6173,1759872.4404
2018-01-02,1943755.25070098,1853706.0173,1776701.8404
2018-01-03,1955823.51687762,1864622.9959,1786074.1005
2018-01-04,1955460.6152412454,1864295.7959,1785754.4005
2018-01-05,1964008.9987917354,1872057.0959,1793198.9505
2018-01-08,1972279.2904855327,1879543.5959,1800379.2005
2018-01-09,1968973.168864943,1876575.5959,1797524.2005
2018-01-10,1966937.7959634073,1874710.4959,1795724.3505
2018-01-11,1969647.146789772,1877149.6959,1798076.0505
2018-01-12,1967674.3817043793,1875386.3959,1796400.0005
2018-01-15,1953576.5554226176,1862569.6959,1784171.0505
2018-01-16,1974358.7729102045,1881373.7959,1802201.4005
2018-01-17,1983279.9931270676,1889467.2959,1809946.6505
2018-01-18,1993526.2712312734,1898735.1959,1818829.8005
2018-01-19,2000329.958428698,1904881.4959,1824703.8505
2018-01-22,2012364.4100831852,1915830.1959,1835174.3005
2018-01-23,2033087.4202656096,1934605.9959,1853138.6005
2018-01-24,2038706.6307372958,1939674.8959,1858002.7505
2018-01-25,2035853.6193836809,1937112.3959,1855532.0005
2018-01-26,2047100.9343042949,1947288.7959,1865299.4005
2018-01-29,2029332.3102718256,1931177.8959,1849909.7505
2018-01-30,2014939.7716997075,1918164.0959,1837428.4505
2018-01-31,2005073.7980515675,1909215.0959,1828875.9505
2018-02-01,1993924.3705282288,1899181.0959,1819291.4505
2018-02-02,1989066.8835431242,1894474.4568,1813103.6245
2018-02-05,1974687.400768683,1882170.4568,1804490.6245
2018-02-06,1945224.70299141,1856913.4568,1784315.6245
2018-02-07,1935744.269045253,1848791.4568,1780105.6245
2018-02-08,1928409.3222952825,1842444.4568,1770498.6245
2018-02-09,1882718.2918237424,1803226.4568,1736701.6245
2018-02-12,1884395.7489440234,1804640.4568,1741911.6245
2018-02-13,1886749.841475316,1806582.4568,1747478.6245
2018-02-14,1888381.8079614523,1807933.4568,1752118.6245
2018-02-22,1904151.0067995095,1821402.4568,1762449.6245
2018-02-23,1910019.5099299185,1826462.4568,1766083.6245
2018-02-26,1939329.833994116,1851476.4568,1789410.6245
2018-02-27,1934985.1522711935,1847774.4568,1786655.6245
2018-02-28,1931180.4714288185,1844559.4568,1783885.6245
2018-03-01,1938184.2068635023,1850565.4568,1786474.6245
2018-03-02,1935608.5639500218,1848144.9882,1782474.4453
2018-03-05,1941342.5534965952,1852699.9882,1786933.4453
2018-03-06,1950168.607284689,1859914.9882,1793940.4453
2018-03-07,1945453.3999106186,1856160.9882,1790282.4453
2018-03-08,1960285.2569183242,1868242.9882,1802032.4453
2018-03-09,1967173.4830593797,1873829.9882,1807508.4453
2018-03-12,1972093.5072573142,1877790.9882,1811336.4453
2018-03-13,1962601.7407437216,1870113.9882,1803869.4453
2018-03-14,1952255.9092469637,1861774.9882,1795772.4453
2018-03-15,1948110.5587456787,1858386.9882,1792504.4453
2018-03-16,1944803.195631213,1855724.9882,1789911.4453
2018-03-19,1945759.226921232,1856449.9882,1790602.4453
2018-03-20,1948175.4980520057,1858445.9882,1792598.4453
2018-03-21,1943971.8215386001,1855001.9882,1789266.4453
2018-03-22,1935691.3129285476,1848311.9882,1782738.4453
2018-03-23,1899651.7780002696,1818971.9882,1754310.4453
2018-03-26,1902163.3379061008,1820872.9882,1756269.4453
2018-03-27,1914212.3333512645,1830671.9882,1765753.4453
2018-03-28,1905550.136588849,1823648.9882,1758900.4453
2018-03-29,1910094.7031261027,1827423.9882,1762477.4453
2018-03-30,1922241.4433975723,1837085.9882,1771928.4453
2018-04-02,1919843.325016564,1835017.9882,1769971.4453
2018-04-03,1903086.4633083267,1821430.2994,1755856.1905
2018-04-04,1890048.2047074647,1809500.2994,1744392.1905
2018-04-09,1880119.6228297858,1800230.2994,1735504.1905
2018-04-10,1893608.6523498704,1810230.2994,1745213.1905
2018-04-11,1897788.2634241267,1813259.2994,1748152.1905
2018-04-12,1880279.1786917695,1798930.2994,1734318.1905
2018-04-13,1873935.0118565506,1793854.2994,1729396.1905
2018-04-16,1848683.8273233906,1772959.2994,1709232.1905
2018-04-17,1838305.1384771601,1764289.2994,1700870.1905
2018-04-18,1843620.8760110403,1768613.2994,1705051.1905
2018-04-19,1850097.2606624365,1774054.2994,1710293.1905
2018-04-20,1835201.6461441184,1761560.2994,1698230.1905
2018-04-23,1836143.219879069,1762062.2994,1698727.1905
2018-04-24,1859068.006359409,1780906.2994,1716931.1905
2018-04-25,1845512.1837202474,1769683.2994,1706088.1905
2018-04-26,1837852.1156281515,1763247.2994,1699868.1905
2018-04-27,1849507.4720358253,1772945.2994,1709238.1905
2018-05-02,1848045.1293656034,1771766.2994,1708103.1905
2018-05-03,1854013.9778836172,1777216.1108,1712645.1019
2018-05-04,1851428.6820725626,1774936.1108,1710452.1019
2018-05-07,1860166.9144083308,1782545.1108,1717798.1019
2018-05-08,1866851.0919301177,1788291.1108,1723337.1019
2018-05-09,1866059.2783543188,1787541.1108,1722619.1019
2018-05-10,1869104.4950057562,1790206.1108,1725195.1019
2018-05-11,1863215.0567426176,1785000.1108,1720172.1019
2018-05-14,1866720.9847724314,1787971.1108,1723017.1019
2018-05-15,1877541.1166112116,1797238.1108,1731958.1019
2018-05-16,1870450.8891296275,1791017.1108,1725973.1019
2018-05-17,1873722.4562185886,1793834.1108,1728702.1019
2018-05-18,1885701.9044963813,1804218.1108,1738720.1019
2018-05-21,1895078.5558457368,1812455.1108,1746650.1019
2018-05-22,1891791.4950471818,1809584.1108,1743885.1019
2018-05-23,1881835.4689006316,1800855.1108,1735472.1019
2018-05-24,1873282.4833223985,1793468.1108,1728366.1019
2018-05-25,1874938.204245912,1794823.1108,1729661.1019
2018-05-28,1862877.3713881592,1784353.1108,1719572.1019
2018-05-29,1864618.8717005537,1785717.1108,1720902.1019
2018-05-30,1825776.1029566545,1751719.1108,1688152.1019
2018-05-31,1841148.8971275536,1764959.184,1700915.6362
2018-06-01,1834995.641961034,1759620.184,1695769.6362
2018-06-04,1833581.6091638277,1759335.876,1694521.7325
2018-06-05,1833373.6184501424,1759467.876,1694640.7325
2018-06-06,1831053.7133507917,1757603.876,1692851.7325
2018-06-07,1831046.4666871997,1757597.276,1692858.4825
2018-06-08,1808137.019355534,1737759.876,1673759.9825
2018-06-11,1809717.0346857465,1738904.676,1674810.7325
2018-06-12,1809433.7173660283,1739751.276,1675621.7325
2018-06-13,1799943.2473697083,1731234.696,1667415.0925
2018-06-14,1800072.9274364696,1731885.496,1668044.5925
2018-06-15,1798068.0350979178,1730210.366,1666432.4225
2018-06-19,1757395.635407708,1692321.346,1629930.1125
2018-06-20,1751682.6613802451,1687934.356,1625694.5425
2018-06-21,1733854.7611296915,1672254.026,1610538.4425
2018-06-22,1727126.3324355362,1666687.746,1605143.6625
2018-06-25,1707233.101280475,1649131.156,1588212.2725
2018-06-26,1689508.6715502725,1634540.656,1574151.1725
2018-06-27,1673517.2131246435,1620651.086,1560784.3325
2018-06-28,1664991.5908825544,1613301.6491,1553688.9493
2018-06-29,1683559.1261745403,1629666.4291,1569421.6293
2018-07-02,1650942.873240969,1601314.2791,1542112.5593
2018-07-03,1657029.5039394456,1606276.3514,1546019.0543
2018-07-04,1652137.5255814248,1602251.1014,1542123.1043
2018-07-05,1647489.7636476553,1598312.6014,1538416.9643
2018-07-06,1646424.5657417742,1597634.1614,1537730.0743
2018-07-09,1676324.82546068,1622602.7014,1561777.2743
2018-07-10,1673562.4204929443,1620277.0114,1559545.8143
2018-07-11,1660796.3291876805,1609463.0714,1549116.3143
2018-07-12,1680536.190597617,1626012.8014,1565052.9743
2018-07-13,1674496.267794559,1620940.9414,1560177.1543
2018-07-16,1662504.538069703,1610848.9214,1550460.1943
2018-07-17,1655033.5038348776,1604894.7514,1544722.0843
2018-07-18,1654607.7252753694,1604504.5995,1544305.8983
2018-07-19,1650349.927243797,1600917.3595,1540824.6483
2018-07-20,1665434.612493997,1613494.2463,1553038.694
2018-07-23,1667925.4888318344,1614856.3263,1554444.914
2018-07-24,1681095.250725546,1625751.6563,1564987.394
2018-07-25,1671414.9075645774,1617348.3163,1556918.584
2018-07-26,1660944.79609592,1608841.2663,1548731.294
2018-07-27,1653117.301203936,1602292.8863,1542461.214
2018-07-30,1662066.4186964133,1609662.6463,1549590.134
2018-07-31,1669306.1575706126,1615788.1763,1555502.574
2018-08-01,1652113.6322433306,1600709.2763,1540998.504
2018-08-02,1617416.0459321092,1570284.6528,1510779.6775
2018-08-03,1607671.6173276827,1561874.9528,1502734.4675
2018-08-06,1580938.244957635,1538713.9328,1480415.0075
2018-08-07,1613268.3985019487,1567051.7028,1507708.2475
2018-08-08,1602400.2500958152,1557413.2428,1498423.5475
2018-08-09,1616557.0699609253,1569998.8928,1510552.7675
2018-08-10,1615316.3758020878,1569035.0128,1509592.8175
2018-08-13,1615215.7809989296,1568804.1228,1509404.3375
2018-08-14,1618093.8450248793,1571339.4328,1511846.1775
2018-08-15,1596738.4319051928,1552640.3628,1493874.9575
2018-08-16,1588251.4171573443,1545263.0282,1486819.9236
2018-08-17,1572494.984312451,1531499.9382,1473569.3736
2018-08-20,1579751.1877087166,1537853.258,1479750.543
2018-08-21,1599339.2591966328,1554883.158,1496129.463
2018-08-22,1592757.6968456202,1549122.438,1490561.303
2018-08-23,1593468.2439729937,1549803.748,1491218.973
2018-08-24,1595860.31871446,1551859.598,1493176.173
2018-08-27,1617694.5407990182,1570948.748,1511543.563
2018-08-28,1621326.43774388,1573952.8047,1514388.4735
2018-08-29,1615452.7104172765,1568844.4747,1509435.7435
2018-08-30,1602777.1117660212,1557416.7647,1498410.5735
2018-08-31,1605728.5627009359,1559818.1047,1500704.5035
2018-09-03,1600941.623585823,1555610.4647,1496672.7135
2018-09-04,1613165.3710840251,1566812.0995,1506443.5159
2018-09-05,1596727.5970308376,1551576.4995,1491799.5059
2018-09-06,1592831.4705339961,1548236.7795,1488579.0259
2018-09-07,1593456.7576188608,1548807.8895,1489134.5959
2018-09-10,1582427.4628326464,1538812.7095,1479500.8859
2018-09-11,1577799.839901453,1534489.5195,1475362.7359
2018-09-12,1580408.1211664102,1537012.7995,1477784.1159
2018-09-13,1590662.6439032883,1546401.2995,1486805.7059
2018-09-14,1588210.5782012958,1544013.1995,1484515.7159
2018-09-17,1578780.701297953,1535177.5695,1476028.5359
2018-09-18,1595673.9264415486,1550837.6095,1491078.5059
2018-09-19,1604262.7974067735,1558822.0095,1498766.3559
2018-09-20,1605460.2609676048,1559788.8295,1499679.0759
2018-09-21,1634625.6443384602,1586674.4695,1525518.4859
2018-09-25,1624773.2491368523,1577510.0395,1516722.1759
2018-09-26,1633045.0676661895,1585134.3395,1524058.6459
2018-09-27,1632143.2966305683,1584086.5695,1523042.4759
2018-09-28,1647571.1584846766,1598318.6795,1536720.9059
2018-10-08,1609268.743366469,1562797.8095,1502574.9159
2018-10-09,1607482.3684326427,1561218.1285,1500299.6275
2018-10-10,1614634.9523263057,1567823.8085,1506649.2475
2018-10-11,1534327.7245035616,1492457.9285,1434310.8275
2018-10-12,1526008.9665440177,1484001.4085,1426178.6475
2018-10-15,1510193.1573822775,1469186.1685,1411951.9875
2018-10-16,1493011.4730742152,1453388.5285,1396749.7275
2018-10-17,1493993.8672445293,1454613.0885,1397842.7675
2018-10-18,1443068.3523661376,1407796.9685,1352837.1875
2018-10-19,1461242.299954085,1424737.0885,1369051.7675
2018-10-22,1517367.7550607861,1476895.8885,1419094.9675
2018-10-23,1496826.7192864076,1457858.3285,1400777.4275
2018-10-24,1501798.4669629098,1462391.4485,1405135.0075
2018-10-25,1509466.266322903,1469184.4085,1411638.6475
2018-10-26,1518388.93839851,1477431.8885,1419544.4675
2018-10-29,1505331.8526808221,1465382.0485,1408001.4075
2018-10-30,1521342.2810460106,1480153.8085,1422195.7475
2018-10-31,1529902.4250054199,1488129.2485,1429855.7075
2018-11-01,1532607.9284187597,1491011.8285,1432610.5475
2018-11-02,1552203.9383343137,1509377.2385,1449267.5991
2018-11-05,1543397.3355890322,1501310.2385,1441506.5991
2018-11-06,1542328.0395728669,1500316.2385,1440562.5991
2018-11-07,1535889.4805241306,1494431.2385,1434890.5991
2018-11-08,1537039.7920568197,1495463.2385,1435896.5991
2018-11-09,1512555.1263167742,1473083.2385,1414342.5991
2018-11-12,1523348.5146296357,1482963.2385,1423859.5991
2018-11-13,1533629.4494750805,1492367.2385,1432916.5991
2018-11-14,1528530.1961703799,1487711.2385,1428446.5991
2018-11-15,1543484.4667540512,1501398.2385,1441629.5991
2018-11-16,1546993.4692255761,1504621.2385,1444721.5991
2018-11-19,1557281.950255925,1514027.2385,1453775.5991
2018-11-20,1534632.2314252001,1493291.2385,1433808.5991
2018-11-21,1536777.350883434,1495255.2385,1435701.5991
2018-11-22,1534746.3479415427,1493387.2385,1433902.5991
2018-11-23,1511290.7025320246,1471921.2385,1413240.5991
2018-11-26,1513630.6396055818,1474067.2385,1415303.5991
2018-11-27,1508150.9546811052,1469065.2385,1410478.5991
2018-11-28,1521156.9632385336,1480925.2385,1421918.5991
2018-11-29,1513051.706107368,1473486.2385,1414765.5991
2018-11-30,1521135.4066788664,1480880.2385,1421881.5991
2018-12-03,1545651.2374496693,1503286.2385,1443464.5991
2018-12-04,1549048.0147387565,1506459.6703,1445883.6013
2018-12-05,1543610.668247848,1501361.6703,1440981.6013
2018-12-06,1526659.529867277,1485803.6703,1426060.6013
2018-12-07,1522080.6798551092,1481839.0973,1422268.9245
2018-12-10,1508015.9075231263,1469431.2973,1410384.8845
2018-12-11,1498849.8794800444,1461177.3973,1402494.5645
2018-12-12,1496356.884432122,1459131.2973,1400556.8845
2018-12-13,1504972.509541471,1467484.8973,1408575.7645
2018-12-14,1482759.20129271,1447282.1473,1389230.1645
2018-12-17,1482161.6310817527,1446950.9473,1388937.0045
2018-12-18,1465416.7846003764,1431772.2973,1374387.2845
2018-12-19,1458879.612949936,1426106.0973,1368971.9245
2018-12-20,1440000.1230218215,1408944.2973,1352527.8845
2018-12-21,1438363.9302644732,1407277.3473,1350913.7245
2018-12-24,1439088.9512911278,1408062.5473,1351670.4845
2018-12-25,1433989.3710447606,1403126.7973,1346923.0845
2018-12-26,1435785.6460460832,1404419.3473,1348147.9245
2018-12-27,1439098.0273329637,1407657.7473,1351263.0445
2018-12-28,1451580.7872579894,1419492.2973,1362608.6845
2019-01-02,1435030.9170538068,1404254.9473,1347994.4045
2019-01-03,1437045.0887762248,1406488.9391,1349545.3714
2019-01-04,1462275.147671002,1431065.9391,1373056.3714
2019-01-07,1466261.5690646968,1434961.9391,1376781.3714
2019-01-08,1459279.0359554486,1428144.9391,1370268.3714
2019-01-09,1463462.2307125614,1432214.9391,1374148.3714
2019-01-10,1456592.681096607,1425499.9391,1367744.3714
2019-01-11,1463030.5790160683,1431785.9391,1373755.3714
2019-01-14,1448801.5675738119,1417926.9391,1360514.3714
2019-01-15,1459172.6510610268,1428028.9391,1370175.3714
2019-01-16,1458192.1189049482,1427085.9391,1369274.3714
2019-01-17,1455793.6731676236,1424772.9391,1367060.3714
2019-01-18,1475423.5244680173,1443889.9391,1385315.3714
2019-01-21,1479470.2200457037,1447815.9391,1389012.3714
2019-01-22,1467516.2759354177,1436157.9391,1377853.3714
2019-01-23,1467829.378949341,1436484.9391,1378152.3714
2019-01-24,1475462.7827178375,1443917.9391,1385241.3714
2019-01-25,1484798.9223914747,1453015.9391,1393960.3714
2019-01-28,1484481.3495687,1452707.9391,1393681.3714
2019-01-29,1490357.8342762503,1458448.9391,1399123.3714
2019-01-30,1487566.5545031517,1455702.9391,1396478.3714
2019-01-31,1493804.790461611,1461773.9391,1402333.3714
2019-02-01,1502927.6185608115,1470673.9391,1410819.3714
2019-02-11,1514734.7360198381,1482212.4981,1421189.7672
2019-02-12,1522286.7889895542,1489590.4981,1428266.7672
2019-02-13,1541414.4673147511,1508277.4981,1446201.7672
2019-02-14,1539839.3552104519,1506731.4981,1444717.7672
2019-02-15,1527531.1186065462,1494702.4981,1433175.7672
2019-02-18,1553385.2726795073,1519958.4981,1457409.7672
2019-02-19,1547428.3993220043,1514157.4981,1451840.7672
2019-02-20,1547957.4072412332,1514680.4981,1452340.7672
2019-02-21,1535923.4132353093,1502941.4981,1441072.7672
2019-02-22,1559000.9696553329,1525548.4981,1462765.7672
2019-02-25,1650208.92267531,1614797.4981,1548391.7672
2019-02-26,1642310.409680274,1607010.4981,1540908.7672
2019-02-27,1659781.7963631707,1624163.4981,1557360.7672
2019-02-28,1650864.2924192634,1615401.4981,1548967.7672
2019-03-01,1673421.824197314,1637478.4981,1570145.7672
2019-03-04,1689303.2503473938,1653011.9755,1584013.9637
2019-03-05,1697812.012693176,1661328.9755,1591989.9637
2019-03-06,1725309.770949598,1688098.9755,1617674.9637
2019-03-07,1732364.3405216422,1694966.9755,1624241.9637
2019-03-08,1660189.3328352773,1624595.9755,1556786.9637
2019-03-11,1694109.000433671,1657628.9755,1588465.9637
2019-03-12,1705727.1529701464,1668977.9755,1599347.9637
2019-03-13,1680800.6087864018,1644710.9755,1576091.9637
2019-03-14,1670492.2516038534,1634605.9755,1566414.9637
2019-03-15,1686540.2187864163,1650314.9755,1581472.9637
2019-03-18,1728527.47368152,1691193.9755,1620653.9637
2019-03-19,1727478.3051691614,1690138.9755,1619675.9637
2019-03-20,1721121.143410991,1683957.9755,1613742.9637
2019-03-21,1722988.9792605813,1685782.9755,1615495.9637
2019-03-22,1738098.980252212,1700520.9755,1629650.9637
2019-03-25,1719276.6424337924,1682205.9755,1612099.9637
2019-03-26,1699695.5962128746,1663128.9755,1593810.9637
2019-03-27,1712385.5844080818,1675555.9755,1605719.9637
2019-03-28,1702088.1187551962,1665505.9755,1596100.9637
2019-03-29,1741986.9491085084,1704423.9755,1633405.9637
2019-04-01,1794563.2431154281,1755678.9755,1682547.9637
2019-04-02,1801953.1939624785,1762946.3573,1688289.5724
2019-04-03,1818184.8286009491,1778734.3573,1703457.5724
2019-04-04,1832609.0277948366,1792796.3573,1716929.5724
2019-04-08,1838038.76153978,1798098.3573,1722005.5724
2019-04-09,1828917.8180133933,1789186.3573,1713487.5724
2019-04-10,1830530.5200331723,1790699.3573,1715015.5724
2019-04-11,1814941.6264175214,1775535.3573,1700440.5724
2019-04-12,1825441.754416024,1785761.3573,1710261.5724
2019-04-15,1823391.2018400822,1783784.3573,1708351.5724
2019-04-16,1866939.3512309212,1826196.3573,1749036.5724
2019-04-17,1865556.6396065068,1824835.3573,1747745.5724
2019-04-18,1847344.5679920672,1807089.3573,1730716.5724
2019-04-19,1853824.3023892974,1813393.3573,1736767.5724
2019-04-22,1826019.1891502223,1786334.3573,1710780.5724
2019-04-23,1820633.432551694,1781100.3573,1705752.5724
2019-04-24,1817740.8282922588,1778268.3573,1703052.5724
2019-04-25,1795688.2705185467,1756826.3573,1682453.5724
2019-04-26,1771519.9689642645,1733312.3573,1659880.5724
2019-04-29,1783664.2317209623,1745165.3573,1671239.5724
2019-04-30,1794380.703451704,1755618.3573,1681221.5724
2019-05-06,1743589.2575972301,1706195.3573,1633772.5724
2019-05-07,1753133.4576150794,1715497.1905,1641922.8432
2019-05-08,1736472.7889911185,1699225.1905,1626328.8432
2019-05-09,1722672.0162072429,1685755.1905,1613412.8432
2019-05-10,1748098.1863287112,1710527.1905,1637186.8432
2019-05-13,1726629.6799420987,1689601.1905,1617106.8432
2019-05-14,1719706.221074402,1682847.1905,1610629.8432
2019-05-15,1735445.1992413418,1698185.4405,1625329.0732
2019-05-16,1744161.8476715717,1706670.6905,1633484.2632
2019-05-17,1718032.1723958107,1681240.9405,1609090.9332
2019-05-20,1719821.6881537912,1683000.6905,1610804.4232
2019-05-21,1730033.2918459985,1692950.1905,1620339.2832
2019-05-22,1727993.7656402711,1690989.6905,1618445.5832
2019-05-23,1717337.9464113114,1680609.6905,1608504.9032
2019-05-24,1718002.0886608793,1681293.1905,1609129.9232
2019-05-27,1730165.2749918199,1693119.6905,1620483.6232
2019-05-28,1743843.492423041,1706465.1905,1633289.7232
2019-05-29,1735737.6556245429,1698567.1905,1625691.4432
2019-05-30,1743609.9004328477,1706288.6905,1633077.5832
2019-05-31,1738104.0290292855,1700923.2505,1627911.9432
2019-06-03,1745266.9075043234,1707935.7405,1634603.4932
2019-06-04,1742628.0291717905,1705348.0459,1631221.9344
2019-06-05,1748870.3231388307,1711424.0459,1637030.9344
2019-06-06,1742849.6385099054,1705550.0459,1631400.9344
2019-06-10,1758260.8964477829,1720618.0459,1645826.9344
2019-06-11,1777380.4313487788,1739266.3459,1663661.0344
2019-06-12,1770751.0197664222,1732772.5059,1657451.5544
2019-06-13,1764303.501456839,1726441.7959,1651392.1844
2019-06-14,1756587.0576494487,1718884.9559,1644174.7044
2019-06-17,1762431.1036571134,1724562.3759,1649600.4444
2019-06-18,1766386.0586350714,1728435.5059,1653311.5544
2019-06-19,1775534.3064546355,1737398.4359,1661888.9144
2019-06-20,1796780.22143166,1758162.8459,1681745.0044
2019-06-21,1795033.3117063555,1756434.2359,1680084.1044
2019-06-24,1798640.6750571828,1759930.9659,1683439.2344
2019-06-25,1783094.0357616374,1744756.8159,1668925.3644
2019-06-26,1785220.709824269,1746849.4759,1670928.7244
2019-06-27,1786708.672658852,1748292.6959,1672298.3644
2019-06-28,1783086.1601663479,1744758.6259,1668912.6144
2019-07-01,1798242.7447320751,1759555.4359,1683060.0344
2019-07-02,1802201.7474441722,1763410.7203,1686205.6423
2019-07-03,1803943.5308018657,1765103.5803,1687837.2723
2019-07-04,1804721.5158751437,1765881.3503,1688565.7923
2019-07-05,1801113.49794718,1762357.3003,1685196.9423
2019-07-08,1773334.630023552,1735150.1103,1659122.1723
2019-07-09,1768024.1642487918,1729939.0603,1654140.3423
2019-07-10,1758931.3814463676,1721042.3903,1645642.2623
2019-07-11,1758447.596753265,1720569.1503,1645186.5923
2019-07-12,1768530.4896833564,1730441.6603,1654624.9923
2019-07-15,1769431.0055655544,1731361.8703,1655465.5123
2019-07-16,1774747.6796006332,1736577.0803,1660453.8923
2019-07-17,1767587.5648717436,1729560.6703,1653739.1823
2019-07-18,1762019.3812996729,1724115.2803,1648528.7123
2019-07-19,1771464.0943101537,1733387.4103,1657406.2323
2019-07-22,1764926.5614364934,1726972.4303,1651275.4823
2019-07-23,1775087.2550402507,1736925.5303,1660768.0123
2019-07-24,1782129.8964306945,1743853.5003,1667386.9423
2019-07-25,1792680.589466328,1754157.2503,1677256.0823
2019-07-26,1796721.1800187528,1758114.1903,1681027.5923
2019-07-29,1801020.516619,1762337.0703,1685034.1423
2019-07-30,1809061.0943813396,1770185.7903,1692576.2723
2019-07-31,1802724.9460916987,1764002.3903,1686652.5123
2019-08-01,1793374.5997702293,1754865.8203,1677895.4723
2019-08-02,1766149.423447161,1728231.1279,1651676.067
2019-08-05,1737035.6895185371,1699805.5979,1624510.507
2019-08-06,1702624.6282018377,1666199.3579,1592402.807
2019-08-07,1697805.5748240435,1661488.1379,1587897.787
2019-08-08,1706428.2737674918,1669910.8979,1595942.537
2019-08-09,1703401.880061156,1666951.7279,1593117.627
2019-08-12,1714528.1867953113,1677811.4779,1603496.027
2019-08-13,1706947.40782268,1670409.6679,1596432.067
2019-08-14,1709085.3955196817,1672505.0079,1598437.707
2019-08-15,1703307.2014948037,1666867.4279,1593052.827
2019-08-16,1699182.28759257,1662838.5879,1589196.377
2019-08-19,1722069.032052944,1685187.2279,1610546.877
2019-08-20,1717524.438928043,1680749.8879,1606297.867
2019-08-21,1715252.2673663548,1678534.3079,1604187.007
2019-08-22,1712756.9282770124,1676091.9579,1601849.757
2019-08-23,1710930.4374669883,1674303.2379,1600142.937
2019-08-26,1695049.6496969052,1658788.4379,1585323.357
2019-08-27,1713411.7646218913,1676721.5579,1602449.307
2019-08-28,1716036.7442313845,1679274.3179,1604900.067
2019-08-29,1715344.7401356208,1678596.0979,1604263.967
2019-08-30,1710850.2428780755,1674205.1379,1600067.157
2019-09-02,1732291.910019594,1695140.7079,1620061.567
2019-09-03,1731364.211956033,1694233.5078,1618545.683
2019-09-04,1753064.0623516776,1715431.7278,1638780.133
2019-09-05,1768262.835574692,1730289.5278,1652959.353
2019-09-06,1775509.6323608088,1737366.3978,1659712.773
2019-09-09,1779910.1716656587,1741667.9678,1663818.013
2019-09-10,1781891.4609968723,1743603.3378,1665666.533
2019-09-11,1790753.7574409551,1752260.0978,1673919.583
2019-09-12,1793489.7255202676,1754929.2578,1676478.023
2019-09-16,1793783.581449075,1755220.2578,1676750.753
2019-09-17,1768555.5988213285,1730574.3478,1653229.803
2019-09-18,1765865.6988397904,1727941.5378,1650723.513
2019-09-19,1770604.8783329446,1732571.8178,1655142.813
2019-09-20,1773933.6806050637,1735821.1578,1658242.903
2019-09-23,1758281.5915160468,1720531.3178,1643649.203
2019-09-24,1756602.0412852045,1718888.1078,1642081.583
2019-09-25,1754044.8003618522,1716383.6178,1639690.633
2019-09-26,1764263.2913642458,1726359.1878,1649223.253
2019-09-27,1760359.3655728176,1722550.6578,1645574.823
2019-09-30,1750602.8770392607,1713018.0878,1636471.513
2019-10-08,1762094.6759607783,1724246.3178,1647197.463
2019-10-09,1770199.2698915086,1732163.7437,1654055.683
2019-10-10,1772764.4030710652,1734666.9937,1656439.143
2019-10-11,1787284.8418273134,1748823.5737,1669987.213
2019-10-14,1811354.3700870185,1772311.8937,1692462.283
2019-10-15,1810628.8175029077,1771610.9637,1691800.833
2019-10-16,1803913.4474825636,1765038.2137,1685522.583
2019-10-17,1799472.9716337877,1760695.1737,1681367.763
2019-10-18,1777267.9124562936,1739025.7937,1660647.883
2019-10-21,1786531.2572054625,1748082.7637,1669320.683
2019-10-22,1786143.0330418928,1747706.3637,1668959.523
2019-10-23,1791733.8409492811,1753159.3037,1674162.723
2019-10-24,1795093.424762106,1756441.0137,1677319.463
2019-10-25,1795222.7841249292,1756581.2637,1677460.533
2019-10-28,1793676.8366861136,1755077.7837,1676010.873
2019-10-29,1780403.3536600552,1742107.3137,1663610.043
2019-10-30,1776717.4031350266,1738514.2837,1660189.243
2019-10-31,1769244.4543593784,1731219.7637,1653216.293
2019-11-01,1783571.8832211876,1745187.1437,1666575.533
2019-11-04,1781657.2584266833,1743325.3121,1663887.7834
2019-11-05,1790602.9077793055,1752097.5521,1672269.8134
2019-11-06,1788674.4857428053,1750227.0321,1670481.0134
2019-11-07,1787962.3984542838,1749537.8821,1669824.5834
2019-11-08,1775574.1179191198,1737404.3421,1658240.6934
2019-11-11,1745372.7660304988,1707863.1821,1630038.6134
2019-11-12,1742028.3867046663,1704605.4721,1626933.3134
2019-11-13,1730927.3571467327,1693777.9121,1616597.4634
2019-11-14,1729990.1693274835,1692854.1021,1615713.1234
2019-11-15,1715278.5241320895,1678477.9621,1601984.1334
2019-11-18,1727351.913421842,1690283.0121,1613257.3634
2019-11-19,1738949.6008553659,1701636.4421,1624100.5434
2019-11-20,1732453.2444692065,1695278.6321,1618031.8534
2019-11-21,1737307.0728043483,1699991.7421,1622532.0934
2019-11-22,1745979.4881272856,1708456.7021,1630611.8834
2019-11-25,1786207.114685756,1747801.9421,1668174.2434
2019-11-26,1778088.5436916393,1739856.4621,1660590.0234
2019-11-27,1776360.8173865178,1738221.2321,1659035.2934
2019-11-28,1769183.797916074,1731186.1321,1652322.3934
2019-11-29,1766122.8622890343,1728184.8421,1649458.3434
2019-12-02,1760421.9784906849,1722605.7421,1644126.2834
2019-12-03,1759698.4666210136,1721851.5518,1642053.0005
2019-12-04,1754562.1652111968,1716842.1118,1637274.5005
2019-12-05,1761820.041082391,1723901.8318,1643990.7505
2019-12-06,1766117.011742941,1728088.1118,1647985.5005
2019-12-09,1766681.0160401952,1728663.1118,1648605.5005
2019-12-10,1760709.1151626143,1722850.1118,1643049.5005
2019-12-11,1764483.6853640452,1726517.1118,1646523.5005
2019-12-12,1761954.3194170361,1724032.1118,1644150.5005
2019-12-13,1784922.300915386,1746351.7118,1665324.7505
2019-12-16,1788579.178572243,1749926.2718,1668811.2505
2019-12-17,1808627.6765842114,1769474.7118,1687454.7505
2019-12-18,1805956.1074431054,1766903.1518,1685002.2505
2019-12-19,1809465.5772390123,1770332.8718,1688293.5005
2019-12-20,1806693.619191833,1767644.3118,1685735.0005
2019-12-23,1784252.4348704054,1745793.8718,1664927.5005
2019-12-24,1792663.0170825855,1754001.1518,1672746.2505
2019-12-25,1785824.1125248699,1747354.4318,1666429.0005
2019-12-26,1798516.1442719055,1759711.3118,1678208.0005
2019-12-27,1804350.7696696357,1765388.7518,1683620.5005
2019-12-30,1819838.467081576,1780442.0318,1697950.2505
2019-12-31,1818468.0859280524,1779116.8718,1696708.5005
2020-01-02,1835830.2349587595,1796060.1918,1712855.8305
2020-01-03,1839703.423643956,1799824.8455,1715658.921
2020-01-06,1834671.0077839633,1794930.7755,1711016.261
2020-01-07,1840571.6156616681,1800671.7155,1716484.791
2020-01-08,1830274.0926438072,1790638.7455,1706908.231
2020-01-09,1837087.7327538098,1797259.1955,1713191.151
2020-01-10,1833238.297299471,1793500.0355,1709600.991
2020-01-13,1833072.9980872655,1793331.0555,1709440.011
2020-01-14,1832429.4725154631,1792705.2655,1708851.221
2020-01-15,1817618.1274884902,1778253.3155,1695082.681
2020-01-16,1809520.9306637733,1770353.5555,1687541.801
2020-01-17,1806962.4017966187,1767856.2455,1685165.021
2020-01-20,1808200.940090119,1769067.2855,1686333.061
2020-01-21,1784356.8993369371,1745816.5455,1664188.201
2020-01-22,1780801.3277040161,1742345.6955,1660873.821
2020-01-23,1748540.913973352,1710872.6455,1630895.121
2020-02-03,1621933.354226512,1587349.4955,1513191.021
2020-02-04,1637024.0370316715,1605396.8919,1529866.2889
2020-02-05,1651836.1180129852,1619797.1119,1543650.5089
2020-02-06,1668316.8156780587,1634775.5719,1557900.4989
2020-02-07,1662350.7085644465,1629869.5519,1553200.8889
2020-02-10,1652157.5238183513,1622024.8619,1545683.6689
2020-02-11,1658361.658053335,1627248.0019,1550654.3989
2020-02-12,1659386.429748851,1628454.5419,1551799.4689
2020-02-13,1643530.002391909,1612240.1819,1536315.0489
2020-02-14,1648893.8632014242,1617088.6119,1540933.5389
2020-02-17,1681716.7049663924,1648721.1519,1571081.1989
2020-02-18,1674122.1213645411,1641721.8919,1564409.8789
2020-02-19,1671534.9612023623,1637754.0219,1560583.5989
2020-02-20,1685463.9287217753,1651458.8019,1573651.9689
2020-02-21,1681204.1808264456,1646518.5619,1568956.6689
2020-02-24,1672225.8042149628,1633690.5019,1556738.0189
2020-02-25,1673117.621100475,1632706.6119,1555865.5389
2020-02-26,1670440.4169097142,1633151.0819,1556234.0689
2020-02-27,1675308.0392158404,1635756.7019,1558700.2189
2020-02-28,1635613.1588743422,1597512.4619,1522202.3289
2020-03-02,1662640.3942362133,1626828.7519,1550173.2689
2020-03-03,1669914.2457389012,1633641.6443,1556217.7932
2020-03-04,1673199.646115905,1636844.4143,1559274.0932
2020-03-05,1698219.3715498764,1661232.1943,1582500.4632
2020-03-06,1679945.476808302,1643410.8943,1565532.1032
2020-03-09,1653084.107971679,1617202.0943,1540585.5932
2020-03-10,1665858.5225560388,1629663.2243,1552443.3132
2020-03-11,1654124.267745622,1618210.3943,1541534.8932
2020-03-12,1643719.4330498998,1608055.8443,1531869.3432
2020-03-13,1625137.2062224997,1589939.9743,1514618.8832
2020-03-16,1605557.715858067,1570859.3143,1496454.6332
2020-03-17,1605557.4720231653,1570852.4243,1496447.3332
2020-03-18,1583561.7564226764,1549397.7543,1476017.5432
2020-03-19,1553755.958370441,1520356.8143,1448361.9532
2020-03-20,1569642.0923675078,1535806.9943,1463102.7232
2020-03-23,1546715.569659913,1513453.8743,1441816.4232
2020-03-24,1577498.0924455088,1543476.5443,1470388.8032
2020-03-25,1592507.882040684,1558096.8743,1484300.1932
2020-03-26,1591202.9550433657,1556830.6943,1483068.0132
2020-03-27,1599567.1582510194,1564994.3043,1490839.6832
2020-03-30,1597122.740001956,1562606.9843,1488577.4232
2020-03-31,1589139.987751575,1554817.1543,1481153.4732
2020-04-01,1582055.4626147524,1547908.9743,1474561.8232
2020-04-02,1596335.9808965675,1561890.8182,1487332.1781
2020-04-03,1587673.2921168003,1553410.6882,1479264.0481
2020-04-07,1604292.9977571343,1569638.1982,1494703.6181
2020-04-08,1601120.3968761766,1566510.8182,1491733.1781
2020-04-09,1600964.8861848193,1566330.7782,1491563.1381
2020-04-10,1594780.4725741453,1560290.4882,1485814.3781
2020-04-13,1589651.273884405,1555282.7482,1481053.1081
2020-04-14,1601215.8811258217,1566593.1882,1491812.6081
2020-04-15,1593380.4204766208,1558940.2082,1484527.6281
2020-04-16,1598526.1817823935,1563972.9282,1489325.8781
2020-04-17,1599025.2776173041,1564477.7182,1489800.1981
2020-04-20,1592851.565054727,1558428.2482,1484044.6681
2020-04-21,1580741.4651864315,1546610.5682,1472808.4581
2020-04-22,1583279.550602182,1549086.1982,1475167.6181
2020-04-23,1580346.4683403592,1546206.6582,1472433.0181
2020-04-24,1573581.6333029582,1539628.5582,1466178.9181
2020-04-27,1577251.9334205927,1543227.1982,1469601.0881
2020-04-28,1566878.0255592768,1533105.5482,1459971.9081
2020-04-29,1582924.3474330525,1548766.7882,1474850.2681
2020-04-30,1594662.0776163326,1560214.2782,1485734.8181
2020-05-06,1589632.3907249796,1555265.3082,1481037.7281
2020-05-07,1584528.8908466715,1550265.3762,1475770.4734
2020-05-08,1592135.2732118904,1557706.1162,1482848.7434
2020-05-11,1592085.1977746494,1557663.1162,1482822.7434
2020-05-12,1584187.807059273,1549951.3662,1475488.4634
2020-05-13,1584796.560639213,1550546.4862,1476049.5834
2020-05-14,1572590.6131961383,1538613.0862,1464707.1234
2020-05-15,1571891.3337403643,1537926.0762,1464052.1134
2020-05-18,1572578.3878840525,1538587.0962,1464669.1334
2020-05-19,1577975.1393616274,1543866.8162,1469678.3834
2020-05-20,1576691.914817793,1542615.5462,1468501.6434
2020-05-21,1569853.432993072,1535921.7662,1462141.3334
2020-05-22,1550294.3173258624,1516772.5662,1443937.5434
2020-05-25,1552935.4861028749,1519374.0162,1446418.0534
2020-05-26,1554940.2240081634,1521325.2962,1448257.8034
2020-05-27,1563934.6034328754,1530100.6862,1456613.2534
2020-05-28,1572275.9935229784,1538288.7762,1464424.9334
2020-05-29,1563270.2012875958,1529470.6562,1456020.2234
2020-06-01,1579088.5865057714,1544976.1262,1470756.7534
2020-06-02,1585206.2242738192,1550945.8342,1475995.5169
2020-06-03,1587752.7223164465,1553393.2842,1478251.4369
2020-06-04,1579087.5125909979,1544934.6042,1470223.2269
2020-06-05,1580844.683613435,1546672.2742,1471901.4269
2020-06-08,1581076.317928458,1546894.6342,1472111.2569
2020-06-09,1586760.6680615316,1552448.2842,1477388.4369
2020-06-10,1578586.6451745906,1544468.8642,1469813.9569
2020-06-11,1570232.5908013803,1536313.3442,1462083.3769
2020-06-12,1568639.7288347061,1534756.3142,1460600.3469
2020-06-15,1559316.6451375857,1525632.6142,1451906.9969
2020-06-16,1568555.902774637,1534671.1942,1460497.6369
2020-06-17,1569513.254364408,1535602.8442,1461363.8169
2020-06-18,1571212.3469281127,1537262.2142,1462949.6569
2020-06-19,1575233.0461804417,1541193.3742,1466686.5669
2020-06-22,1572673.9004491214,1538684.0142,1464289.7369
2020-06-23,1566483.5993217991,1532616.5142,1458486.4569
2020-06-24,1573373.993920426,1539377.4742,1464931.5869
2020-06-29,1570862.386873265,1536912.6742,1462588.9569
2020-06-30,1575153.6324535958,1541110.8442,1466564.7269
2020-07-01,1595021.284669721,1560518.6442,1485015.6269
2020-07-02,1631693.5779874763,1596363.2449,1518542.7569
2020-07-03,1667125.0083320877,1630985.0549,1551483.2469
2020-07-06,1797277.734816017,1758175.5349,1672554.0869
2020-07-07,1787632.4005218905,1748688.1649,1663520.6669
2020-07-08,1821275.0973571674,1781499.4049,1694799.1269
2020-07-09,1815683.0799280326,1776023.2749,1689598.2069
2020-07-10,1758608.682619982,1720300.2949,1636547.0069
2020-07-13,1765728.7223950792,1727229.3349,1643160.7869
2020-07-14,1745432.2849370094,1707362.1649,1624281.5269
2020-07-15,1713994.0564977198,1676675.1749,1595047.1569
2020-07-16,1692104.91430886,1655357.2949,1574711.8269
2020-07-17,1691221.6994271292,1654507.3549,1573913.9569
2020-07-20,1746524.6202729417,1708529.2949,1625370.7569
2020-07-21,1734725.9220715282,1696934.7049,1614381.6869
2020-07-22,1734854.7614149333,1697037.6449,1614484.5769
2020-07-23,1724968.0732714,1687310.4049,1605275.7369
2020-07-24,1689461.1950989559,1652591.9449,1572248.8169
2020-07-27,1672606.8225016727,1636160.4749,1556567.1269
2020-07-28,1680861.7284797106,1644219.8049,1564249.2269
2020-07-29,1699124.745840375,1662084.5349,1581241.8169
2020-07-30,1683963.049111052,1647283.3249,1567132.4169
2020-07-31,1682707.7659560258,1646057.6049,1565964.9569
2020-08-03,1703366.1921120922,1666198.3349,1585173.0569
2020-08-04,1720190.8692295542,1682570.5539,1600025.589
2020-08-05,1704145.1748843824,1666957.9939,1585136.669
2020-08-06,1705216.4504115346,1667998.6139,1586130.059
2020-08-07,1691995.9142853806,1655136.5539,1573867.769
2020-08-10,1704905.6704343425,1667693.3839,1585837.139
2020-08-11,1702077.3918989524,1664945.0339,1583222.199
2020-08-12,1705357.1700256479,1668126.5639,1586263.199
2020-08-13,1707623.7902621264,1670341.9239,1588368.969
2020-08-14,1718185.665697909,1680610.3739,1598165.449
2020-08-17,1745285.8503653384,1706982.7039,1623310.019
2020-08-18,1731899.0195213968,1693959.6739,1610888.579
2020-08-19,1730402.3343064897,1692520.8139,1609506.449
2020-08-20,1714273.851398003,1676814.5739,1594543.249
2020-08-21,1716069.0999124364,1678561.3139,1596208.159
2020-08-24,1711275.928787374,1673888.4439,1591753.279
2020-08-25,1707637.252917463,1670342.6239,1588370.749
2020-08-26,1698958.0165855405,1661884.0139,1580305.779
2020-08-27,1705149.5859346446,1667937.6639,1586068.229
2020-08-28,1711853.5987027457,1674441.5039,1592283.449
2020-08-31,1708452.3683962815,1671104.9439,1589128.499
2020-09-01,1708296.619301678,1670935.1939,1588980.099
2020-09-02,1698873.0722100548,1661731.3768,1579682.6789
2020-09-03,1693369.6945163326,1656384.2168,1574572.2589
2020-09-04,1685018.2018960984,1648246.5568,1566818.1889
2020-09-07,1676640.8173440627,1640084.4768,1559038.0989
2020-09-08,1692369.1623145237,1655436.3568,1573642.4789
2020-09-09,1690394.278000655,1653538.9068,1571814.9089
2020-09-10,1672212.0388745358,1635804.5368,1554935.1089
2020-09-11,1670659.0976132716,1634282.1168,1553490.0489
2020-09-14,1671998.8042643012,1635585.3068,1554729.6689
2020-09-15,1670821.0372558243,1634423.5868,1553636.2489
2020-09-16,1675130.0817803962,1638627.1968,1557631.0189
2020-09-17,1674958.2728883675,1638433.7768,1557477.0689
2020-09-18,1698049.4783498573,1660929.0168,1578918.5789
2020-09-21,1691206.219032601,1654250.9268,1572568.2889
2020-09-22,1669171.7440627373,1632799.3268,1552111.6089
2020-09-23,1662074.9322798213,1625891.6468,1545523.1389
2020-09-24,1648568.56628965,1612682.9868,1532987.7089
2020-09-25,1642228.9087669235,1606513.5268,1527103.7589
2020-09-28,1643752.0643134909,1608017.8268,1528526.2389
2020-09-29,1640267.1937366256,1604620.2068,1525296.8889
2020-09-30,1638973.8800372528,1603360.8668,1524092.9689
2020-10-09,1648087.6065255562,1612249.1768,1532558.9389
2020-10-12,1668485.6282171754,1632180.414,1551031.5873
2020-10-13,1660877.4431964909,1624741.074,1543960.5973
2020-10-14,1655983.4126104955,1619965.684,1539422.7673
2020-10-15,1660289.3520404517,1624166.944,1543422.8273
2020-10-16,1671763.8864931965,1635389.814,1554092.2573
2020-10-19,1672143.5357723318,1635771.714,1554461.5573
2020-10-20,1658547.1758190154,1622484.014,1541831.1773
2020-10-21,1671489.414590658,1635128.124,1553849.5873
2020-10-22,1667321.59483096,1631059.144,1549983.4173
2020-10-23,1674011.0523776617,1637598.194,1556193.0873
2020-10-26,1661980.47864521,1625859.754,1545033.2573
2020-10-27,1650317.0619835344,1614468.144,1534209.4073
2020-10-28,1637311.7133839673,1601765.824,1522136.2073
2020-10-29,1627932.919027806,1592597.184,1513427.9273
2020-10-30,1617778.51601334,1582687.164,1504006.4973
2020-11-02,1612033.8826644374,1577083.344,1498686.1673
2020-11-03,1628071.7492561415,1592754.6117,1512759.2018
2020-11-04,1627576.887578809,1592265.8617,1512318.2018
2020-11-05,1640414.9798576913,1604800.5717,1524224.3018
2020-11-06,1654599.1988296013,1618635.7217,1537386.9418
2020-11-09,1670695.025211237,1634365.1317,1552324.8918
2020-11-10,1665157.276540417,1628967.5917,1547194.8918
2020-11-11,1681540.6107269493,1644982.3217,1562426.8818
2020-11-12,1665745.1338362484,1629551.7617,1547755.8918
2020-11-13,1649837.34618393,1614006.5217,1532975.7018
2020-11-16,1668724.7857204063,1632456.7917,1550516.8918
2020-11-17,1676167.3149244592,1639733.0917,1557435.2618
2020-11-18,1677015.716740395,1640571.7817,1558236.2618
2020-11-19,1672163.2257051053,1635838.2317,1553728.8818
2020-11-20,1673047.3772685542,1636688.8317,1554542.0618
2020-11-23,1694181.353503798,1657343.4117,1574198.4318
2020-11-24,1691154.114964709,1654380.2517,1571383.6918
2020-11-25,1682655.3472510793,1646087.5617,1563498.4518
2020-11-26,1690196.7395821381,1653452.2117,1570535.7118
2020-11-27,1713073.3964168816,1675829.9117,1591844.5618
2020-11-30,1707740.6017377737,1670583.8117,1586858.9218
2020-12-01,1723591.3806586515,1686096.5717,1601619.2318
2020-12-02,1719640.5721718345,1682241.497,1597150.8693
2020-12-03,1722550.1364978454,1685081.947,1599846.3993
2020-12-04,1711108.0824963443,1673911.427,1589246.0793
2020-12-07,1693272.1818891624,1656507.337,1572719.6593
2020-12-08,1686805.8427010817,1650204.997,1566734.8793
2020-12-09,1674633.552879058,1638349.317,1555478.1593
2020-12-10,1672212.5019184435,1635987.607,1553243.3693
2020-12-11,1661757.8762712425,1625765.237,1543532.0493
2020-12-14,1654752.1385790303,1618941.067,1537058.2693
2020-12-15,1648284.396113476,1612611.897,1531053.1793
2020-12-16,1644467.4350154453,1608886.007,1527517.7693
2020-12-17,1656000.3629678893,1620144.767,1538204.9393
2020-12-18,1658709.090915801,1622791.387,1540727.1293
2020-12-21,1655665.6924503474,1619821.867,1537903.3593
2020-12-22,1635312.9656753892,1599959.437,1519035.5593
2020-12-23,1640367.5736626072,1604883.697,1523710.3693
2020-12-24,1629857.0618987305,1594642.627,1513977.2593
2020-12-25,1648266.9220792744,1612593.177,1531022.6993
2020-12-28,1640552.9337742636,1605068.857,1523872.9793
2020-12-29,1639762.6704522506,1604305.177,1523145.5993
2020-12-30,1640227.0723103338,1604762.847,1523579.9293
2020-12-31,1647859.8623617555,1612213.737,1530659.3993
2021-01-04,1642321.2576833584,1606804.197,1525518.1993
2021-01-05,1645048.4394532293,1609472.9177,1527146.0617
2021-01-06,1665468.673395514,1629378.3377,1546044.9717
2021-01-07,1659441.041034229,1623486.9477,1540424.9517
2021-01-08,1660666.5732989372,1624702.3577,1541583.3417
2021-01-11,1653465.3015657738,1617655.4077,1534880.4517
2021-01-12,1663931.587115098,1627860.9577,1544567.9317
2021-01-13,1690729.8502681926,1654008.1577,1569387.3617
2021-01-14,1718208.2666988869,1680791.0977,1594814.1317
2021-01-15,1709531.05693711,1672336.2077,1586786.4917
2021-01-18,1709502.7954044952,1672284.5277,1586732.0317
2021-01-19,1708907.3821820177,1671723.5377,1586205.4417
2021-01-20,1698456.8516101285,1661527.3977,1576521.0617
2021-01-21,1696131.6250806823,1659252.4777,1574361.3317
2021-01-22,1668925.2032457252,1632724.7277,1549186.8617
2021-01-25,1661376.5989253002,1625347.6277,1542178.7917
2021-01-26,1659673.6809673465,1623687.6577,1540602.3817
2021-01-27,1665768.42687817,1629626.1377,1546234.2217
2021-01-28,1649808.5389112637,1614052.1377,1531455.7817
2021-01-29,1645305.3618283875,1609650.3277,1527280.4617
2021-02-01,1661540.5707494358,1625480.2077,1542299.1717
2021-02-02,1652477.435376491,1616649.8759,1533208.2781
2021-02-03,1644928.4114278147,1609285.9159,1526206.9381
2021-02-04,1642120.108415554,1606547.5159,1523610.4181
2021-02-05,1661829.3569304943,1625791.0859,1541871.0481
2021-02-08,1655713.9238537755,1619804.6259,1536202.7581
2021-02-09,1661545.5521907317,1625487.0859,1541603.3681
2021-02-10,1670079.7396515321,1633810.5659,1549519.8381
2021-02-18,1687824.4663085102,1651124.5259,1565951.7381
2021-02-19,1708063.8944086859,1670857.6959,1584716.7081
2021-02-22,1717672.2295288022,1680249.3259,1593623.0381
2021-02-23,1714363.5100302724,1677019.0859,1590560.9481
2021-02-24,1700455.0508187746,1663438.2559,1577669.4181
2021-02-25,1724148.7932433493,1686567.9259,1599625.5681
2021-02-26,1698526.2713956183,1661566.9859,1575888.7681
2021-03-01,1700215.1640600576,1663208.3359,1577451.1681
2021-03-02,1689348.4779528747,1652599.7456,1566855.5349
2021-03-03,1714991.778683495,1677635.5556,1590595.5949
2021-03-04,1715188.3445619657,1677827.7456,1590806.0749
2021-03-05,1727318.6838371183,1689674.2056,1602033.9749
2021-03-08,1722500.5614676229,1684969.4256,1597590.1549
2021-03-09,1709885.3981530215,1672648.6456,1585919.1449
2021-03-10,1701516.4557295202,1664474.7256,1578171.4849
2021-03-11,1719678.1498692376,1682210.0756,1594987.2449
2021-03-12,1731989.7590335081,1694216.9556,1606391.9649
2021-03-15,1735964.103208968,1698100.9056,1610090.0149
2021-03-16,1742164.4448565913,1704156.4756,1615831.6649
2021-03-17,1725931.516408553,1688312.4656,1600791.8749
2021-03-18,1722863.7722501648,1685314.4156,1597947.9449
2021-03-19,1710148.4262304704,1672898.6356,1586176.6449
2021-03-22,1736541.9250327563,1698666.8356,1610619.3649
2021-03-23,1728107.9243371342,1690426.5556,1602788.4849
2021-03-24,1725347.448318283,1687742.6756,1600232.0549
2021-03-25,1704245.5252487927,1667125.5556,1580706.3249
2021-03-26,1713998.2204409728,1676645.1256,1589741.1349
2021-03-29,1725950.0411514798,1688312.1456,1600811.2849
2021-03-30,1726161.7150445047,1688512.5156,1601012.0849
2021-03-31,1728241.491280932,1690554.6556,1602959.8849
2021-04-01,1724488.6905677184,1686892.3656,1599469.3649
2021-04-02,1721066.8525889385,1683543.1374,1595480.868
2021-04-06,1722852.7983937382,1685284.2374,1597107.628
2021-04-07,1727238.0587020968,1689572.1474,1601161.868
2021-04-08,1721077.8855554436,1683565.4174,1595476.748
2021-04-09,1721924.9293864677,1684394.7474,1596288.408
2021-04-12,1713303.893270003,1676021.8474,1588347.048
2021-04-13,1696922.0932270512,1660045.9874,1573213.868
2021-04-14,1703160.0014174848,1666107.4074,1578972.608
2021-04-15,1695510.0369590842,1658656.0474,1571909.368
2021-04-16,1707263.7715270568,1670123.5074,1582770.668
2021-04-19,1715597.144092036,1678246.4674,1590450.628
2021-04-20,1706835.9581046589,1669692.0374,1582347.928
2021-04-21,1698637.6876550608,1661702.8674,1574775.808
2021-04-22,1695718.2386946026,1658849.5474,1572070.848
2021-04-23,1691828.1621219073,1655041.7274,1568452.428
2021-04-26,1682004.6627817932,1645455.0074,1559365.008
2021-04-27,1677805.103326919,1641361.4274,1555489.488
2021-04-28,1679743.3201812743,1643236.8174,1557269.948
2021-04-29,1704813.1865113042,1667653.0274,1580350.388
2021-04-30,1685063.235380385,1648434.0574,1562089.148
2021-05-06,1691003.9952740637,1654240.8374,1567571.288
2021-05-07,1702285.5943532623,1665257.9048,1577002.2123
2021-05-10,1702308.0238008928,1665290.2648,1577042.6323
2021-05-11,1708218.410241479,1671051.6848,1582505.3523
2021-05-12,1713201.721041784,1675915.3448,1587116.4123
2021-05-13,1709360.7306324495,1672165.3148,1583564.3923
2021-05-14,1731219.574020228,1693481.7948,1603798.1123
2021-05-17,1721685.477107296,1684181.3148,1594970.3723
2021-05-18,1719506.879944913,1682051.1948,1592959.3923
2021-05-19,1710616.9249892314,1673371.2248,1584735.1123
2021-05-20,1714832.024526244,1677483.7848,1588637.6323
2021-05-21,1705826.5578580082,1668702.4548,1580304.2323
2021-05-24,1708240.919179337,1671052.1448,1582548.7323
2021-05-25,1730950.2080155343,1693196.5048,1603550.5923
2021-05-26,1730052.267572383,1692323.6148,1602710.0923
2021-05-27,1729979.1896308765,1692253.2048,1602647.2323
2021-05-28,1728883.2582281397,1691186.0548,1601641.8723
2021-05-31,1720848.6593631976,1683340.1248,1594203.1323
2021-06-01,1715293.3781786521,1677926.7248,1589059.9723
2021-06-02,1715738.1091180746,1678368.3075,1588943.3712
2021-06-03,1710825.3663662092,1673571.0175,1584392.6712
2021-06-04,1712230.7194290406,1674942.0175,1585695.1312
2021-06-07,1709833.6888722002,1672600.6175,1583476.5712
2021-06-08,1712159.1595305207,1674870.3475,1585625.4512
2021-06-09,1710721.9364226628,1673473.2675,1584298.3912
2021-06-10,1706208.15841802,1669070.4875,1580122.1512
2021-06-11,1706694.5141260978,1669561.2675,1580573.0312
2021-06-15,1691003.372647298,1654240.8075,1566055.2112
2021-06-16,1697978.8743155627,1661043.6875,1572507.3112
2021-06-17,1692687.8418926331,1655879.6175,1567618.0112
2021-06-18,1688708.8630759604,1651987.4875,1563932.5612
2021-06-21,1688139.0842513565,1651433.4675,1563408.0212
2021-06-22,1695916.259728113,1659021.9875,1570607.6112
2021-06-23,1699121.3848335107,1662147.0575,1573570.6712
2021-06-24,1704610.4654202035,1667507.4875,1578648.2712
2021-06-25,1713968.2834939004,1676648.3575,1587311.4612
2021-06-28,1714077.630464963,1676758.0275,1587412.0512
2021-06-29,1709550.2846088167,1672328.5775,1583225.2112
2021-06-30,1703286.185230203,1666211.3875,1577422.8212
2021-07-01,1706693.1862465255,1669533.3975,1580577.9912
2021-07-02,1700798.102590464,1663790.7496,1574586.5707
2021-07-05,1697862.8356886012,1660931.2896,1571878.4207
2021-07-06,1705266.985035555,1668164.5796,1578714.9307
2021-07-07,1700540.3280597874,1663545.5196,1574343.1007
2021-07-08,1691473.2735307207,1654692.7196,1565969.9907
2021-07-09,1688713.1025703102,1651997.5996,1563419.9907
2021-07-12,1686442.2112939777,1649789.1396,1561329.5207
2021-07-13,1691280.6837284635,1654506.2096,1565795.0807
2021-07-14,1677243.5714046191,1640800.1296,1552827.7707
2021-07-15,1685083.409389234,1648460.3596,1560075.1207
2021-07-16,1682224.3264862178,1645674.9196,1557429.9307
2021-07-19,1675864.8828454395,1639462.9496,1551548.3207
2021-07-20,1673170.9479061274,1636841.9896,1549059.5607
2021-07-21,1668181.436468601,1631963.3196,1544439.4607
2021-07-22,1677577.5104039405,1641142.4396,1553118.1407
2021-07-23,1684508.1376499194,1647951.4796,1559546.7607
2021-07-26,1665756.7184101474,1629682.2096,1542234.3907
2021-07-27,1649980.6055623798,1614278.9996,1527660.0607
2021-07-28,1649011.2637465901,1613319.0296,1526733.0607
2021-07-29,1638949.7703868127,1603497.2096,1517447.6007
2021-07-30,1640260.9624237404,1604845.3296,1518692.3607
2021-08-02,1672083.5319118926,1635985.8696,1548136.5307
2021-08-03,1669838.1242411004,1633826.3479,1545427.9921
2021-08-04,1661951.1668488942,1626131.2179,1538144.2821
2021-08-05,1661317.9967265942,1625513.4079,1537562.9021
2021-08-06,1656945.711125598,1621244.5379,1533523.3921
2021-08-09,1672287.4027138555,1636215.8879,1547691.2921
2021-08-10,1676309.73616299,1640138.8479,1551400.5221
2021-08-11,1686103.1187466164,1649692.4079,1560435.8521
2021-08-12,1678328.5922082262,1642108.8379,1553260.2621
2021-08-13,1672924.2706444163,1636834.8279,1548266.5521
2021-08-16,1682033.2335424505,1645726.2379,1556685.8521
2021-08-17,1674894.6935424132,1638755.1679,1550086.0821
2021-08-18,1697856.003626957,1661160.6679,1571290.6621
2021-08-19,1681410.631077069,1645106.4079,1556097.1721
2021-08-20,1680204.7598141858,1643934.1279,1554984.2321
2021-08-23,1681414.763571756,1645118.8779,1556110.4421
2021-08-24,1681761.743425867,1645458.4079,1556427.9321
2021-08-25,1684473.7252631579,1648107.6279,1558937.2621
2021-08-26,1680393.850539439,1644124.5679,1555168.7221
2021-08-27,1687070.642404196,1650639.7679,1561331.6721
2021-08-30,1676264.7245076923,1640097.2279,1551360.6921
2021-08-31,1702367.0983096955,1665574.2879,1575470.8721
2021-09-01,1736148.857723716,1698526.7779,1606650.3521
2021-09-02,1740352.0069393145,1702639.5324,1610058.117
2021-09-03,1753401.7967240927,1715345.6824,1622088.947
2021-09-06,1759342.717211556,1721121.0824,1627578.247
2021-09-07,1770803.5131508918,1732304.1324,1638167.747
2021-09-08,1786289.5249805127,1747424.6324,1652489.997
2021-09-09,1789465.5043676256,1750525.1524,1655439.587
2021-09-10,1790288.349877506,1751330.8324,1656185.357
2021-09-13,1792214.8483409625,1753222.7624,1657980.597
2021-09-14,1757673.98898809,1719505.5924,1626033.267
2021-09-15,1752017.3633241819,1713998.7824,1620818.377
2021-09-16,1739794.167626078,1702079.7824,1609529.957
2021-09-17,1741149.0366521883,1703400.6924,1610777.997
2021-09-22,1736430.5130996644,1698841.8724,1606467.297
2021-09-23,1752468.8223097771,1714466.8124,1621283.297
2021-09-24,1740211.7349985426,1702501.0124,1609936.667
2021-09-27,1728713.962636341,1691290.9924,1599307.147
2021-09-28,1745120.725442233,1707351.7824,1614504.687
2021-09-29,1733059.0830371976,1695609.2024,1603358.087
2021-09-30,1732864.3834461414,1695413.0324,1603179.107
2021-10-08,1754917.8273135656,1716921.5924,1623552.447
2021-10-11,1767999.4279021062,1729676.1551,1635225.9563
2021-10-12,1761093.577863513,1722944.6851,1628873.9663
2021-10-13,1755648.578540589,1717613.8051,1623824.3663
2021-10-14,1748161.8592418022,1710309.0551,1616931.9763
2021-10-15,1747261.4731025512,1709432.3551,1616117.3663
2021-10-18,1743635.8336646908,1705901.1251,1612794.4063
2021-10-19,1746498.0378545527,1708708.4951,1615442.2863
2021-10-20,1742699.5529033365,1705001.0551,1611946.7663
2021-10-21,1754406.9550599095,1716435.4251,1622752.8363
2021-10-22,1751103.2342701664,1713209.5051,1619706.5463
2021-10-25,1747824.2153680485,1710018.0951,1616684.0363
2021-10-26,1742732.2719149452,1705051.9851,1611982.2563
2021-10-27,1728396.9893587504,1691086.9551,1598797.0963
2021-10-28,1721539.6479995486,1684398.7451,1592484.9963
2021-10-29,1724887.651586886,1687654.6551,1595533.4363
2021-11-01,1732188.1580221327,1694790.9951,1602287.6363
2021-11-02,1708221.733953152,1671373.7571,1579746.135
2021-11-03,1705792.9069764991,1669007.1671,1577505.365
2021-11-04,1705242.837656996,1668465.2271,1576984.705
2021-11-05,1702288.745031413,1665577.3371,1574251.705
2021-11-08,1702419.7926575895,1665698.7771,1574370.625
2021-11-09,1704296.5949440254,1667527.8471,1576098.665
2021-11-10,1701650.0311702276,1664927.9971,1573646.845
2021-11-11,1720072.8097514552,1682937.5471,1590686.125
2021-11-12,1714738.1541387192,1677716.3571,1585743.775
2021-11-15,1721793.461245893,1684610.2471,1592260.105
2021-11-16,1716267.505465113,1679211.0371,1587149.805
2021-11-17,1713914.2703306316,1676909.4371,1584974.995
2021-11-18,1707673.0948407245,1670833.9371,1579231.065
2021-11-19,1718947.5521760783,1681841.4571,1589644.115
2021-11-22,1712342.8547634277,1675381.3571,1583532.875
2021-11-23,1716534.1866463365,1679482.8571,1587407.175
2021-11-24,1716668.5828878665,1679616.9171,1587531.005
2021-11-25,1712803.9462699904,1675845.9271,1583963.915
2021-11-26,1707107.3771180774,1670283.5371,1578705.565
2021-11-29,1699482.7811094306,1662843.7271,1571656.655
2021-11-30,1699794.0215829085,1663134.8171,1571938.735
2021-12-01,1710197.6037385175,1673306.5771,1581563.515
2021-12-02,1711331.6090244888,1674401.1558,1582233.1805
2021-12-03,1717924.4780956402,1680850.2958,1588331.4305
2021-12-06,1715900.8517983237,1678871.1258,1586451.3905
2021-12-07,1723567.976731654,1686368.1558,1593535.2905
2021-12-08,1720600.7764245064,1683464.6758,1590790.4705
2021-12-09,1730674.1038556804,1693300.2158,1600097.5405
2021-12-10,1724084.2067855743,1686874.4258,1594020.4205
2021-12-13,1721429.5512059496,1684262.7858,1591550.6905
2021-12-14,1712069.572636975,1675122.2158,1582900.7405
2021-12-15,1712086.339780203,1675122.4858,1582916.5805
2021-12-16,1716956.668837951,1679889.7058,1587413.0905
2021-12-17,1715353.189356309,1678325.1558,1585931.5005
2021-12-20,1714695.3772225555,1677679.8758,1585325.1705
2021-12-21,1727280.6737181954,1689984.8558,1596961.7005
2021-12-22,1721574.9802609845,1684396.5458,1591687.1605
2021-12-23,1722804.1259044732,1685605.5958,1592828.4105
2021-12-24,1720352.9281942737,1683193.1058,1590565.1205
2021-12-27,1725680.7377094363,1688368.3758,1595485.6405
2021-12-28,1726807.5528327632,1689485.3458,1596533.0805
2021-12-29,1724776.2264007512,1687495.3858,1594658.3205
2021-12-30,1726832.295812879,1689487.8358,1596545.3805
2021-12-31,1728264.0781621502,1690888.1558,1597871.2705
2022-01-04,1742016.3166261325,1704296.0758,1610572.3105
2022-01-05,1751377.276592285,1713420.9624,1618639.4556
2022-01-06,1744140.3830427683,1706378.1524,1612004.5256
2022-01-07,1763677.1523731668,1725401.7824,1629977.6156
2022-01-10,1767681.8745458703,1729314.9024,1633695.7856
2022-01-11,1771180.146877762,1732743.8024,1636927.5756
2022-01-12,1765947.4718742706,1727633.9024,1632098.3356
2022-01-13,1769831.738332534,1731435.3824,1635689.6856
2022-01-14,1741496.1756204837,1703820.9124,1609638.2856
2022-01-17,1738122.833554296,1700539.7224,1606539.5956
2022-01-18,1754174.43205361,1716210.9324,1621346.9956
2022-01-19,1755366.3144763163,1717367.4924,1622434.3856
2022-01-20,1771747.5986007294,1733235.1624,1637423.8156
2022-01-21,1759407.6803130317,1721211.8824,1626070.2656
2022-01-24,1749969.4757371694,1712018.3524,1617402.3656
2022-01-25,1718844.0623716116,1681654.4724,1588756.1156
2022-01-26,1727967.1610937044,1690550.3824,1597162.7156
2022-01-27,1709907.7107685846,1672966.1024,1580594.0356
2022-01-28,1702248.7554816727,1665546.9024,1573582.0856
2022-02-07,1731664.0491396294,1694230.8624,1600665.3956
2022-02-08,1762896.4905196636,1724769.1895,1628881.6868
2022-02-09,1762196.781075115,1724077.1295,1628215.6268
2022-02-10,1773123.0881579847,1734750.4595,1638302.5868
2022-02-11,1772077.9463651832,1733740.1095,1637352.0668
2022-02-14,1750286.5422195105,1712441.3095,1617245.2468
2022-02-15,1741842.2891466068,1704176.5295,1609441.3968
2022-02-16,1748026.057908246,1710225.4995,1615153.2068
2022-02-17,1743454.8313362843,1705766.4495,1610950.8968
2022-02-18,1756359.110766784,1718377.8195,1622850.4568
2022-02-21,1750598.0940439603,1712747.1595,1617539.0968
2022-02-22,1738287.6000867297,1700715.9695,1606187.7768
2022-02-23,1733915.367016033,1696438.3895,1602141.4068
2022-02-24,1707810.2142185606,1670931.8395,1578062.6368
2022-02-25,1706984.4525316285,1670114.4095,1577293.0268
2022-02-28,1702982.8972478122,1666207.1695,1573613.2168
2022-03-01,1707831.4533960563,1670960.4795,1578103.4568
2022-03-02,1709032.4275282393,1672087.9363,1578723.4343
2022-03-03,1717229.742041964,1680082.8863,1586269.8143
2022-03-04,1711767.9183805608,1674745.9463,1581226.2843
2022-03-07,1688301.2980190183,1651881.9463,1559613.0143
2022-03-08,1655843.4883315726,1620325.7063,1529805.1743
2022-03-09,1621797.8427282085,1587195.7163,1498492.2243
2022-03-10,1635002.6879756288,1599963.2763,1510564.2143
2022-03-11,1646684.9511049388,1611356.5163,1521299.7543
2022-03-14,1628979.5395617604,1594103.6663,1505008.8643
2022-03-15,1567619.0568326851,1534356.3763,1448572.1343
2022-03-16,1593952.2420897312,1560018.0763,1472787.9443
2022-03-17,1608845.6524313742,1574368.3263,1486396.8443
2022-03-18,1636111.5916862804,1600822.5163,1511436.8343
2022-03-21,1639153.3279734042,1603597.5063,1514148.1443
2022-03-22,1656726.3897285894,1620739.0863,1530363.0943
2022-03-23,1651983.407157086,1616169.3463,1525993.1643
2022-03-24,1659887.8253896774,1623696.0863,1533201.0943
2022-03-25,1656760.719180967,1620752.0963,1530388.3343
2022-03-28,1667543.3486554022,1631350.4363,1540366.0243
2022-03-29,1665735.7219222747,1629610.1263,1538696.7743
2022-03-30,1683029.3231201693,1646457.3663,1554598.6143
2022-03-31,1690605.850611925,1653869.3363,1561602.1643
2022-04-01,1702102.6633740147,1665131.4563,1572238.6843
2022-04-06,1724449.8730483344,1686906.8759,1592222.0147
2022-04-07,1705250.6633657974,1668187.4859,1574537.1347
2022-04-08,1713138.3926995823,1675877.8659,1581798.9047
2022-04-11,1687428.5851288962,1650820.6759,1558147.1547
2022-04-12,1703552.996660099,1666538.1559,1572981.0047
2022-04-13,1694450.1838601565,1657662.7059,1564613.7347
2022-04-14,1698663.5033553047,1661751.9459,1568475.0047
2022-04-15,1699363.7201368813,1662423.4759,1569105.6947
2022-04-18,1681297.4057837198,1644780.6359,1552436.9747
2022-04-19,1685898.088212443,1649284.9159,1556698.2447
2022-04-20,1677459.1108631701,1641062.1059,1548938.2347
2022-04-21,1666163.791299415,1630060.9359,1538548.3647
2022-04-22,1681308.0867910904,1644861.8159,1552521.7747
2022-04-25,1633217.5845807137,1598001.2359,1508244.0447
2022-04-26,1612936.9886097817,1578239.3559,1489639.9447
2022-04-27,1620133.6733456568,1585217.5559,1496213.9547
2022-04-28,1628178.265930882,1593055.3159,1503638.6147
2022-04-29,1647896.1458078842,1612268.3759,1521755.1147
2022-05-05,1650393.740698206,1614690.9159,1524031.3947
2022-05-06,1620759.6097397178,1585818.0925,1496249.9559
2022-05-09,1623112.364159441,1588153.3025,1498459.5659
2022-05-10,1632031.9026124035,1596744.0925,1506582.5259
2022-05-11,1626382.8519263845,1591276.1025,1501406.8759
2022-05-12,1622498.0615620173,1587491.0725,1497835.4059
2022-05-13,1637707.9128267348,1602324.1325,1511843.7859
2022-05-16,1630521.863593312,1595398.8925,1505287.4659
2022-05-17,1630760.8001443304,1595615.1025,1505494.7259
2022-05-18,1625414.4872360227,1590388.8925,1500555.2059
2022-05-19,1625629.251117636,1590633.9925,1500767.1859
2022-05-20,1636537.4784348586,1601254.0025,1510814.1559
2022-05-23,1632628.883383781,1597502.3925,1507262.9759
2022-05-24,1622346.5550403174,1587429.0625,1497749.4159
2022-05-25,1629833.3881918595,1594725.0125,1504636.8359
2022-05-26,1640547.7650125637,1605159.0525,1514489.2259
2022-05-27,1644501.4308385537,1609018.0225,1518144.2759
2022-05-30,1636027.209112356,1600717.4725,1510298.6059
2022-05-31,1643810.507907857,1608315.9225,1517484.1459
2022-06-01,1640336.9571773503,1604934.9725,1514265.8059
2022-06-02,1641388.6886835222,1605979.8691,1514854.6208
2022-06-06,1642803.491173058,1607371.1391,1516172.2308
2022-06-07,1645704.2194237132,1610209.0991,1518848.5108
2022-06-08,1652647.4298915048,1617003.6091,1525262.8508
2022-06-09,1657750.6093021138,1621982.3091,1529948.8708
2022-06-10,1670286.292335935,1634215.6991,1541494.2908
2022-06-13,1653040.5467532186,1617385.1291,1525616.3608
2022-06-14,1681758.7339290658,1645398.4591,1552038.9808
2022-06-15,1709129.748768945,1672030.5291,1577131.6808
2022-06-16,1684055.9859534677,1647568.2991,1554057.0408
2022-06-17,1687504.6500649694,1650916.0691,1557203.0308
2022-06-20,1679958.1663174513,1643517.2991,1550211.1808
2022-06-21,1691194.563057562,1654438.4891,1560490.6108
2022-06-22,1677450.6889006118,1641017.7691,1547822.0308
2022-06-23,1696576.4332290378,1659650.9991,1565383.6308
2022-06-24,1693678.8944758598,1656801.6991,1562690.4408
2022-06-27,1692296.8335659122,1655467.0191,1561439.8808
2022-06-28,1694504.8719730678,1657663.2591,1563538.6108
2022-06-29,1695572.896290555,1658704.9991,1564510.9708
2022-06-30,1698265.224877362,1661310.0691,1566959.6408
